{"type":"FeatureCollection","features":[{"type":"Feature","properties":{"ageMa":40},"geometry":{"type":"MultiPolygon","coordinates":[[[[-152.42105263157893,-79.57894736842105],[-153.0,-79.75],[-154.66666666666669,-79.0],[-154.30769230769232,-78.69230769230771],[-153.73333333333335,-78.73333333333333],[-152.0,-78.5],[-151.0,-78.7],[-150.4,-78.60000000000001],[-150.0,-78.0],[-149.66666666666669,-78.66666666666667],[-149.0,-79.0],[-150.0,-79.5],[-152.42105263157893,-79.57894736842105]]],[[[-156.4,-78.0],[-156.0,-77.66666666666667],[-155.69230769230768,-77.6923076923077],[-155.0,-78.0],[-155.4,-78.60000000000001],[-156.0,-79.0],[-156.36363636363637,-78.36363636363636],[-156.4,-78.0]]],[[[-158.76470588235293,-77.76470588235294],[-158.38461538461542,-78.0],[-158.6923076923077,-78.30769230769232],[-160.0,-78.54545454545453],[-161.23809523809524,-78.23809523809524],[-161.5,-78.0],[-160.24,-77.75999999999999],[-158.76470588235293,-77.76470588235294]]],[[[-127.55555555555554,-75.44444444444444],[-127.0,-75.41666666666666],[-124.0,-75.55555555555554],[-123.62790697674419,-75.62790697674419],[-123.0,-76.0],[-123.30769230769229,-77.0],[-123.8,-78.0],[-124.0,-78.15],[-124.7037037037037,-78.29629629629629],[-128.0,-78.47619047619048],[-129.0,-78.75],[-131.8181818181818,-78.81818181818181],[-133.51851851851853,-78.51851851851852],[-135.0,-78.46428571428572],[-138.0,-78.66666666666667],[-138.26666666666665,-78.73333333333333],[-138.82758620689657,-79.17241379310344],[-140.0,-79.46428571428572],[-141.078431372549,-79.07843137254902],[-141.5,-78.5],[-142.96491228070175,-77.96491228070175],[-144.0,-77.75862068965517],[-144.53846153846155,-78.0],[-145.0,-78.4],[-145.45000000000002,-78.55000000000001],[-147.23529411764707,-78.76470588235293],[-148.0,-79.0],[-148.47619047619045,-78.47619047619047],[-148.45454545454544,-78.0],[-148.7,-77.7],[-149.0,-77.45454545454547],[-149.47619047619048,-77.47619047619048],[-150.0,-77.0],[-150.0,-76.0],[-149.36363636363637,-76.36363636363637],[-147.8974358974359,-76.1025641025641],[-144.89473684210526,-76.10526315789474],[-144.05405405405403,-75.94594594594595],[-143.0,-75.34782608695652],[-142.4848484848485,-75.48484848484848],[-142.0,-75.8],[-141.0,-75.35],[-140.0,-75.47999999999999],[-139.0,-75.07142857142857],[-138.5,-75.0],[-137.93333333333334,-75.0],[-137.3835616438356,-75.3835616438356],[-137.0,-75.46666666666667],[-132.0,-74.93333333333334],[-131.0,-75.13333333333333],[-129.2162162162162,-75.21621621621622],[-128.57894736842104,-75.42105263157895],[-128.36363636363637,-75.36363636363637],[-128.0,-75.66666666666667],[-127.55555555555554,-75.44444444444444]]],[[[-152.6,-77.0],[-153.0,-77.25],[-154.0,-77.0],[-152.6,-77.0]]],[[[-84.0,-77.0],[-83.0,-76.97058823529412],[-81.0,-76.6086956521739],[-78.83720930232559,-76.83720930232559],[-78.61111111111111,-77.0],[-79.0,-77.25],[-82.0,-77.45833333333333],[-82.45833333333333,-77.45833333333333],[-82.75,-77.25],[-84.0,-77.0]]],[[[-116.0,-76.10810810810811],[-117.38461538461537,-76.61538461538461],[-119.0,-76.81818181818181],[-119.21052631578947,-77.78947368421052],[-120.0,-78.0],[-120.95238095238096,-78.04761904761905],[-122.33333333333334,-77.33333333333334],[-122.71428571428572,-77.0],[-122.69230769230771,-76.6923076923077],[-123.0,-76.0],[-122.0,-75.6],[-121.0,-75.5],[-120.57142857142856,-75.0],[-120.0,-74.71428571428571],[-119.78947368421052,-74.78947368421053],[-119.33333333333334,-75.33333333333334],[-119.0,-75.4375],[-117.0,-74.81818181818181],[-116.0,-75.66666666666667],[-114.0,-75.66666666666667],[-113.74193548387098,-75.74193548387098],[-113.71428571428572,-76.0],[-114.0,-76.12121212121211],[-116.0,-76.10810810810811]]],[[[-87.9090909090909,-75.9090909090909],[-88.0,-76.0625],[-89.0,-76.06896551724138],[-89.09756097560975,-75.90243902439025],[-87.9090909090909,-75.9090909090909]]],[[[-86.0,-75.09090909090908],[-87.0909090909091,-75.0909090909091],[-87.13333333333334,-74.86666666666666],[-87.0,-74.71428571428571],[-86.83333333333334,-74.83333333333334],[-86.16666666666666,-74.83333333333334],[-85.92727272727272,-74.92727272727274],[-86.0,-75.09090909090908]]],[[[-100.0,-75.33333333333334],[-101.0,-75.63636363636363],[-101.77777777777777,-75.0],[-101.42105263157895,-73.57894736842105],[-101.00000000000001,-73.2],[-100.0,-73.2],[-99.0,-73.5],[-97.9090909090909,-73.0909090909091],[-96.23076923076923,-73.23076923076923],[-95.44444444444444,-73.44444444444444],[-95.125,-74.0],[-97.48484848484848,-74.51515151515152],[-99.0,-75.35714285714286],[-100.0,-75.33333333333334]]],[[[-128.11111111111111,-74.0],[-128.25,-74.25],[-128.25,-74.75],[-129.72222222222223,-74.72222222222223],[-130.38297872340425,-74.38297872340425],[-130.45,-74.0],[-130.0,-73.85483870967742],[-128.77142857142857,-73.77142857142857],[-128.11111111111111,-74.0]]],[[[-127.5,-74.0],[-125.0,-74.0],[-127.0,-74.28571428571429],[-127.26666666666667,-74.26666666666667],[-127.5,-74.0]]],[[[-104.52941176470587,-73.52941176470588],[-106.27272727272727,-73.27272727272727],[-106.29999999999998,-73.0],[-105.8,-72.8],[-104.68421052631578,-72.68421052631578],[-104.25,-73.0],[-104.4,-73.4],[-104.0,-73.25],[-103.53846153846155,-73.53846153846155],[-103.4,-74.0],[-103.57142857142858,-74.42857142857143],[-104.0,-74.75],[-104.35294117647058,-74.35294117647058],[-104.52941176470587,-73.52941176470588]]],[[[-93.0,-74.0],[-93.86956521739131,-74.13043478260869],[-94.75,-74.0],[-94.46153846153847,-73.53846153846155],[-94.0,-73.25],[-93.0,-74.0]]],[[[-87.71428571428572,-73.28571428571428],[-88.0,-73.5],[-88.5,-73.0],[-87.16,-72.84],[-83.0,-72.83333333333333],[-82.33333333333334,-73.0],[-82.71428571428571,-73.28571428571428],[-86.0,-73.11764705882352],[-86.83333333333334,-73.16666666666667],[-87.36363636363637,-73.36363636363636],[-87.71428571428572,-73.28571428571428]]],[[[-101.00000000000001,-72.85714285714286],[-101.44444444444443,-72.44444444444444],[-101.54545454545453,-72.0],[-101.21428571428571,-71.78571428571428],[-100.75,-71.75],[-100.14285714285715,-72.0],[-100.28571428571428,-72.28571428571428],[-100.28571428571428,-72.71428571428571],[-100.71428571428571,-72.71428571428571],[-101.00000000000001,-72.85714285714286]]],[[[-175.66666666666669,-62.66666666666667],[-175.03703703703704,-63.00000000000001],[-176.0,-63.327044025157235],[-176.23266219239375,-63.23266219239373],[-176.37410071942446,-63.0],[-176.218487394958,-62.78151260504201],[-175.66666666666669,-62.66666666666667]]],[[[-162.42056074766356,-58.57943925233645],[-162.0,-58.49438202247191],[-161.72972972972974,-58.72972972972973],[-161.72392638036808,-59.0],[-162.0,-59.26470588235294],[-162.95744680851064,-59.0],[-162.42056074766356,-58.57943925233645]]],[[[-167.4,-53.0],[-167.74193548387098,-53.25806451612903],[-169.0,-54.04],[-170.3478260869565,-54.347826086956516],[-170.68421052631578,-54.315789473684205],[-171.0,-54.6],[-171.33333333333334,-54.333333333333336],[-171.33333333333334,-54.0],[-172.0,-53.76923076923077],[-172.66666666666669,-53.0],[-171.53465346534654,-52.46534653465346],[-171.27692307692308,-52.0],[-171.06666666666666,-51.0],[-170.19444444444446,-51.19444444444444],[-168.0,-50.83108108108108],[-167.0,-50.97674418604652],[-166.0,-50.784946236559136],[-164.7,-51.0],[-165.07999999999998,-51.92],[-167.0,-52.0],[-167.4,-53.0]]],[[[-174.34285714285716,-52.65714285714286],[-174.46153846153845,-53.0],[-175.0,-53.58333333333333],[-175.3846153846154,-53.61538461538461],[-175.5,-54.0],[-176.0,-54.25],[-176.37037037037035,-54.629629629629626],[-176.6818181818182,-55.31818181818182],[-177.0,-55.5],[-178.0,-55.72222222222222],[-178.38461538461536,-55.61538461538461],[-178.8,-55.800000000000004],[-179.0,-54.0],[-178.8,-53.2],[-178.0,-53.0],[-178.0,-51.0],[-178.15384615384616,-50.0],[-178.4,-49.400000000000006],[-179.0,-49.3125],[-179.41666666666669,-49.0],[-179.39215686274508,-48.6078431372549],[-178.76923076923077,-48.23076923076923],[-178.76923076923077,-48.0],[-178.0,-47.92481203007519],[-177.86928104575162,-48.130718954248366],[-177.96694214876032,-48.96694214876033],[-177.0,-49.0],[-176.4313725490196,-49.43137254901961],[-175.66153846153847,-49.338461538461544],[-175.08333333333334,-49.0],[-173.8269230769231,-49.0],[-173.65714285714284,-50.0],[-173.925,-51.0],[-173.88732394366195,-52.11267605633803],[-174.0,-52.400000000000006],[-174.34285714285716,-52.65714285714286]],[[-176.33333333333334,-52.66666666666667],[-177.0,-53.0],[-175.8,-53.2],[-176.0,-52.66666666666667],[-176.33333333333334,-52.66666666666667]]],[[[-80.29473684210527,6.294736842105264],[-80.0,6.699999999999999],[-79.67567567567568,6.675675675675676],[-79.0,7.2],[-77.6938775510204,7.306122448979592],[-77.0,7.111111111111111],[-76.23952095808383,7.2395209580838324],[-75.6923076923077,7.0],[-75.82142857142857,6.0],[-76.0,5.864864864864865],[-77.90476190476191,6.095238095238096],[-80.0,5.896296296296296],[-80.29473684210527,6.294736842105264]]],[[[-82.3755868544601,7.624413145539906],[-83.01186943620178,7.98813056379822],[-83.01785714285715,8.982142857142858],[-83.2,9.0],[-83.11764705882354,9.117647058823529],[-82.81818181818181,8.818181818181818],[-82.73333333333333,8.266666666666666],[-82.47904191616766,8.479041916167665],[-81.69811320754718,8.30188679245283],[-81.33333333333334,8.0],[-81.30075187969925,7.6992481203007515],[-80.57377049180329,7.426229508196721],[-80.1875,7.0],[-80.63636363636364,6.636363636363637],[-82.03825136612022,6.961748633879781],[-82.3755868544601,7.624413145539906]]],[[[-75.1358024691358,22.0],[-75.22680412371133,22.22680412371134],[-75.15584415584415,22.844155844155843],[-76.0,23.0],[-75.0,23.146341463414632],[-72.87096774193549,23.12903225806452],[-72.33333333333334,23.0],[-72.81818181818181,22.81818181818182],[-73.0,22.923076923076923],[-73.77142857142857,22.771428571428572],[-74.08333333333333,21.999999999999996],[-74.91164658634538,21.911646586345384],[-75.1358024691358,22.0]]],[[[-174.0,76.0],[-173.0,76.0],[-173.0,77.0],[-171.0,77.0],[-171.0,76.0],[-168.0,76.0],[-168.5,76.5],[-168.5,77.0],[-168.25,77.25],[-168.33333333333334,77.66666666666667],[-168.25,78.0],[-163.15384615384616,78.15384615384616],[-163.0,78.66666666666667],[-162.8,78.2],[-162.0,78.11764705882354],[-158.0,78.15384615384616],[-157.89473684210526,76.89473684210526],[-158.0,75.0],[-157.0,75.0],[-156.0,75.16666666666666],[-155.4,75.4],[-155.0,76.0],[-154.76470588235293,75.23529411764706],[-154.0,75.13333333333333],[-153.21052631578948,75.21052631578948],[-153.0,75.5],[-152.95698924731184,75.04301075268818],[-149.75,75.0],[-149.42857142857142,74.0],[-148.32558139534885,73.67441860465117],[-147.0,73.47826086956522],[-146.53846153846155,73.53846153846155],[-145.4,74.0],[-143.0,74.02222222222223],[-142.70967741935482,73.29032258064515],[-141.9083969465649,73.09160305343512],[-141.05797101449275,72.94202898550724],[-139.0,73.04225352112677],[-138.4,73.0],[-138.0,72.81818181818181],[-137.5,73.0],[-136.0,73.02298850574712],[-134.29213483146066,73.29213483146067],[-132.0,73.25892857142857],[-131.3954802259887,73.3954802259887],[-131.0,73.66037735849056],[-130.0,73.37288135593221],[-128.0,73.11940298507463],[-126.01769911504425,73.01769911504425],[-125.0,73.0909090909091],[-124.42857142857142,73.0],[-123.99999999999999,72.76923076923076],[-123.23529411764707,72.76470588235294],[-122.0,72.5],[-119.7142857142857,72.71428571428571],[-119.0,73.0],[-118.0,73.0],[-117.0,73.33333333333333],[-115.60000000000001,73.60000000000001],[-115.0,74.0],[-114.5,73.5],[-114.0,73.33333333333333],[-113.52941176470588,73.52941176470588],[-113.0,74.0],[-109.0,74.0],[-108.71428571428571,75.71428571428571],[-107.33333333333334,76.33333333333334],[-107.0,77.0],[-106.25,77.25],[-105.0,78.0],[-104.0,78.0],[-103.0,78.44444444444444],[-102.6,78.4],[-102.00000000000001,77.80000000000001],[-101.5,78.0],[-101.0,79.0],[-95.0,79.625],[-94.0,79.55555555555554],[-92.0,79.83333333333334],[-91.0,79.63636363636363],[-90.61904761904762,79.61904761904762],[-90.22222222222223,79.77777777777777],[-89.0,79.625],[-86.0,80.27272727272728],[-85.25,80.0],[-85.0,79.0],[-84.60000000000001,79.6],[-84.5,80.0],[-84.1,80.1],[-79.84615384615385,80.15384615384616],[-79.0,80.0],[-78.28571428571428,79.71428571428571],[-77.0,79.66666666666667],[-75.0,79.8],[-74.0,80.4],[-73.0,80.6],[-72.0,80.53333333333333],[-68.66666666666667,80.66666666666667],[-67.0,81.0],[-65.14285714285714,81.14285714285714],[-63.25,80.75],[-61.0,80.77777777777777],[-56.0,81.33333333333334],[-55.76470588235294,81.23529411764706],[-55.46153846153847,80.53846153846153],[-55.0,80.0],[-54.08,79.92],[-52.58333333333333,80.58333333333334],[-50.0,81.36363636363637],[-47.0,81.47619047619048],[-46.0,81.64],[-44.0,81.6],[-41.0,81.85000000000001],[-38.46153846153847,81.53846153846155],[-38.0,81.33333333333334],[-36.629629629629626,81.37037037037037],[-35.0,81.125],[-33.0,81.25],[-30.0,80.57142857142857],[-29.58974358974359,80.41025641025641],[-29.0,79.83333333333334],[-28.0,80.0],[-26.0,80.0],[-25.19047619047619,79.80952380952381],[-24.523809523809522,79.47619047619047],[-24.000000000000004,78.80000000000001],[-23.31578947368421,78.68421052631578],[-22.759999999999998,78.75999999999999],[-22.285714285714285,79.28571428571428],[-22.0,79.42857142857143],[-21.25,79.0],[-21.0,78.5],[-20.75,79.0],[-20.25,79.25],[-18.571428571428573,79.57142857142858],[-17.0,79.66666666666667],[-16.0,79.5],[-12.999999999999998,79.85],[-11.0,79.69565217391305],[-9.8125,79.8125],[-7.260869565217392,79.73913043478261],[-6.0,79.47999999999999],[-5.527272727272727,79.52727272727272],[-5.021505376344086,80.02150537634408],[-2.0,80.59259259259258],[-1.0,80.3409090909091],[0.2962962962962963,80.29629629629629],[1.0,80.0],[1.3333333333333333,79.33333333333334],[1.2142857142857144,79.0],[1.2857142857142856,78.71428571428571],[1.0,78.4],[0.6842105263157894,78.68421052631578],[0.0,78.83333333333334],[-2.0,78.86666666666667],[-2.553191489361702,79.44680851063829],[-3.0,79.61764705882354],[-3.5294117647058822,79.52941176470588],[-4.0,79.2],[-4.222222222222222,79.22222222222223],[-4.4,79.0],[-4.0,78.75],[-3.454545454545454,78.0],[-3.3703703703703702,77.62962962962962],[-3.0,77.54545454545453],[-1.125,76.0],[-1.25,75.75],[-0.6666666666666667,75.33333333333334],[-0.5,75.0],[-1.0,74.5],[-1.2857142857142856,74.71428571428571],[-1.25,75.0],[-1.625,75.375],[-4.2,75.0],[-5.315789473684211,72.3157894736842],[-5.3,72.0],[-5.575757575757576,71.57575757575758],[-6.32,71.32],[-6.444444444444445,71.0],[-6.4,70.0],[-5.0,69.86206896551724],[-4.612403100775194,69.3875968992248],[-4.642857142857142,69.0],[-4.800796812749004,68.800796812749],[-6.318840579710145,68.68115942028984],[-6.86842105263158,69.0],[-6.795918367346938,69.20408163265307],[-7.0,69.625],[-8.0,69.36363636363636],[-8.666666666666668,69.0],[-8.32,68.68],[-8.0,68.78947368421052],[-7.666666666666668,68.33333333333334],[-7.705882352941177,68.0],[-7.877049180327869,67.87704918032787],[-8.206896551724139,67.79310344827586],[-8.789473684210527,68.0],[-8.68,68.32000000000001],[-9.0,68.66666666666667],[-9.666666666666666,68.0],[-12.0,67.71929824561403],[-12.453038674033149,67.45303867403315],[-12.75925925925926,67.0],[-12.690909090909091,66.0],[-12.803468208092486,65.80346820809248],[-13.5,65.5],[-13.833333333333332,64.83333333333333],[-15.0,64.05882352941177],[-17.10810810810811,64.10810810810811],[-17.57142857142857,64.0],[-19.0,63.125],[-20.434782608695652,63.56521739130435],[-22.0,63.59210526315789],[-22.394736842105264,63.39473684210527],[-22.828220858895705,62.828220858895705],[-24.364963503649633,62.63503649635037],[-24.698924731182796,62.69892473118279],[-25.0,62.54838709677419],[-26.0,62.473684210526315],[-27.202898550724637,62.20289855072463],[-28.30769230769231,61.30769230769231],[-29.166666666666664,60.16666666666667],[-30.0,59.66666666666667],[-30.666666666666664,59.0],[-31.214285714285715,57.785714285714285],[-31.27777777777778,57.27777777777778],[-32.0,56.94736842105264],[-32.85294117647059,56.85294117647058],[-33.714285714285715,57.0],[-33.857142857142854,57.14285714285714],[-33.8125,57.8125],[-33.94285714285714,58.05714285714286],[-35.91111111111111,58.08888888888889],[-37.0,59.2],[-37.3,59.3],[-37.833333333333336,59.166666666666664],[-38.24561403508772,60.75438596491228],[-38.77777777777778,61.0],[-38.625,62.0],[-39.0,62.75],[-39.28571428571428,62.714285714285715],[-39.5,63.0],[-39.875,63.125],[-39.769230769230774,64.23076923076923],[-40.0,65.0],[-39.22222222222222,65.22222222222223],[-38.68,65.68],[-38.0,65.92307692307693],[-37.2,65.80000000000001],[-37.0,65.6],[-36.0,65.80000000000001],[-35.85714285714286,66.0],[-36.0,66.25],[-36.125,66.125],[-36.8,66.2],[-37.99999999999999,66.08333333333333],[-38.63636363636363,66.36363636363637],[-39.0,67.0],[-38.77777777777778,68.0],[-38.73913043478261,69.73913043478261],[-38.214285714285715,71.0],[-38.0,72.0],[-38.5,73.0],[-39.0,73.5],[-39.27272727272727,74.0],[-40.0,74.32],[-45.4,74.4],[-46.0,74.0],[-46.583333333333336,74.41666666666667],[-47.0,74.5],[-47.55555555555556,75.0],[-47.5,76.0],[-47.266666666666666,76.26666666666667],[-46.0,76.33333333333333],[-45.45454545454545,77.0],[-45.755102040816325,77.24489795918367],[-47.0,77.4090909090909],[-47.99999999999999,77.29411764705881],[-48.652173913043484,76.65217391304348],[-52.14814814814815,76.14814814814815],[-54.1578947368421,75.15789473684211],[-56.0,75.16],[-56.58064516129033,74.58064516129032],[-57.28915662650603,74.28915662650601],[-57.54545454545455,74.0],[-57.476190476190474,73.0],[-57.32258064516129,72.67741935483872],[-55.88405797101449,72.1159420289855],[-54.26086956521739,70.73913043478261],[-52.55555555555555,70.44444444444444],[-52.18181818181819,69.81818181818181],[-51.64705882352941,69.6470588235294],[-51.30769230769231,69.6923076923077],[-50.2,69.0],[-49.625,68.375],[-49.666666666666664,68.0],[-49.42857142857143,67.57142857142857],[-48.0,66.3529411764706],[-47.625,66.375],[-47.0,66.0],[-46.0,66.0],[-45.333333333333336,67.0],[-45.5,68.0],[-45.5,69.0],[-45.24,69.24000000000001],[-44.82352941176471,69.17647058823529],[-44.71428571428571,68.71428571428571],[-44.84615384615385,68.15384615384615],[-44.66666666666667,67.33333333333334],[-44.0,66.0],[-45.0,65.0],[-46.0,64.9],[-46.34615384615385,64.34615384615384],[-47.0,64.03846153846155],[-48.0,63.85714285714286],[-48.48,63.480000000000004],[-49.0,63.33333333333334],[-49.48,63.52],[-49.57142857142857,64.0],[-50.0,64.29032258064517],[-50.339622641509436,64.33962264150944],[-50.9,64.0],[-50.38297872340425,63.61702127659574],[-50.0,63.1],[-49.66666666666667,63.333333333333336],[-49.857142857142854,63.0],[-49.5,62.0],[-49.66666666666667,61.66666666666667],[-50.22222222222222,61.22222222222223],[-51.0,61.25],[-51.581395348837205,60.581395348837205],[-53.4,60.0],[-52.85714285714286,59.142857142857146],[-52.0,59.0],[-51.0,59.375],[-50.27586206896552,58.72413793103448],[-50.0,57.85714285714286],[-49.44444444444444,57.55555555555555],[-49.0,56.5],[-48.69230769230769,56.307692307692314],[-48.6,56.0],[-48.714285714285715,55.0],[-48.07407407407407,53.925925925925924],[-46.58620689655172,53.41379310344828],[-46.0,52.875],[-45.42857142857143,52.57142857142857],[-45.08333333333333,51.91666666666667],[-44.54545454545455,51.45454545454545],[-44.285714285714285,51.0],[-44.333333333333336,49.0],[-44.83333333333333,48.0],[-44.0,47.375],[-43.625,47.375],[-43.0,47.0],[-42.333333333333336,46.0],[-42.14285714285714,45.00000000000001],[-42.25,44.75],[-42.0,44.0],[-42.75,44.25],[-43.0,44.142857142857146],[-43.66666666666667,44.333333333333336],[-44.0,44.66666666666667],[-45.0,44.0],[-46.0,44.0],[-46.5,45.0],[-48.37037037037037,45.629629629629626],[-48.55555555555556,46.0],[-48.66666666666667,47.0],[-48.60000000000001,47.6],[-48.400000000000006,47.6],[-47.93939393939394,47.93939393939394],[-47.833333333333336,48.83333333333333],[-47.16666666666667,48.83333333333333],[-46.888888888888886,48.99999999999999],[-47.0,49.11111111111111],[-48.0,49.1],[-48.333333333333336,48.66666666666667],[-48.333333333333336,48.333333333333336],[-48.66666666666667,48.333333333333336],[-49.10526315789473,48.10526315789473],[-49.5,47.5],[-50.142857142857146,47.00000000000001],[-50.18181818181818,45.81818181818182],[-50.0,45.800000000000004],[-49.6,45.4],[-49.42857142857143,45.0],[-49.57894736842105,44.578947368421055],[-50.0,44.333333333333336],[-50.307692307692314,44.30769230769231],[-50.57142857142858,43.57142857142858],[-51.0,43.25],[-53.307692307692314,43.30769230769231],[-54.0,43.0],[-54.0,42.0],[-54.75,42.25],[-55.77777777777778,42.22222222222223],[-56.333333333333336,42.66666666666667],[-56.733333333333334,43.266666666666666],[-57.0,43.285714285714285],[-58.0,43.0],[-59.22222222222222,42.22222222222223],[-60.0,42.166666666666664],[-60.2,42.0],[-60.18181818181818,41.81818181818182],[-59.71428571428571,41.28571428571428],[-59.44444444444444,40.55555555555556],[-59.0,40.0],[-62.0,40.0],[-62.8235294117647,39.8235294117647],[-63.0,39.0],[-63.93650793650794,38.93650793650794],[-63.98947368421052,37.98947368421053],[-64.94117647058823,37.94117647058824],[-65.0,37.714285714285715],[-65.45454545454545,37.45454545454545],[-65.71428571428572,37.0],[-65.93333333333334,36.93333333333334],[-66.0,35.77777777777778],[-66.5,35.5],[-66.77777777777779,35.0],[-66.95402298850576,34.95402298850575],[-67.0,34.0],[-67.93846153846154,33.93846153846154],[-68.0,33.75],[-68.53846153846155,33.53846153846154],[-69.0,33.0],[-69.84,32.84],[-70.53846153846155,32.53846153846154],[-71.0,31.833333333333332],[-71.5,31.5],[-71.84615384615384,30.846153846153847],[-71.89473684210526,30.0],[-71.84210526315789,27.0],[-71.58333333333333,26.0],[-72.0,25.444444444444443],[-72.36363636363636,25.363636363636363],[-72.88235294117646,24.88235294117647],[-75.0,24.97222222222222],[-75.0,27.0],[-76.0,28.5],[-76.06060606060606,28.939393939393938],[-76.33333333333333,29.0],[-76.60000000000001,29.400000000000002],[-77.0,29.5],[-77.56521739130434,30.434782608695652],[-78.0,30.625],[-79.36363636363636,30.363636363636367],[-79.66666666666666,30.0],[-81.13333333333334,29.866666666666667],[-81.92307692307692,29.92307692307692],[-82.0,29.5],[-83.28571428571428,29.285714285714285],[-84.0,29.0],[-85.0,29.0],[-86.0,29.333333333333336],[-86.71428571428571,29.285714285714285],[-88.86666666666667,28.866666666666667],[-89.0,28.666666666666664],[-89.47058823529412,28.47058823529412],[-89.8,28.0],[-89.66666666666667,27.0],[-90.0,26.333333333333336],[-90.28571428571428,26.285714285714285],[-90.81818181818181,25.81818181818182],[-91.0,25.5],[-91.33333333333334,25.333333333333336],[-91.5,25.0],[-91.0,24.0],[-91.5,23.5],[-91.71428571428571,22.71428571428571],[-92.0,22.4],[-92.13333333333334,22.0],[-91.51515151515152,21.484848484848484],[-90.65517241379311,20.344827586206897],[-89.0,19.285714285714285],[-86.28571428571428,19.285714285714285],[-85.57894736842105,19.57894736842105],[-85.19999999999999,20.0],[-84.93333333333334,20.06666666666667],[-84.0,19.75],[-83.80000000000001,20.0],[-83.8,20.200000000000003],[-84.0,20.333333333333336],[-84.11764705882354,20.88235294117647],[-84.0,22.125],[-83.33333333333334,22.333333333333336],[-83.0,23.0],[-81.18181818181819,23.18181818181818],[-81.0,24.0],[-80.0,24.0],[-79.83333333333333,23.166666666666664],[-79.0,22.75],[-79.0,21.823529411764707],[-79.6470588235294,21.647058823529413],[-79.6470588235294,21.352941176470587],[-80.0,20.7],[-80.4516129032258,20.451612903225808],[-80.8048780487805,19.804878048780488],[-80.96610169491525,17.966101694915256],[-81.4578313253012,17.457831325301203],[-81.5223880597015,16.52238805970149],[-82.0,16.0],[-81.0,16.0],[-80.97260273972603,14.972602739726028],[-81.77777777777777,14.777777777777779],[-81.77777777777777,14.222222222222221],[-81.91111111111111,13.911111111111111],[-82.0,13.777777777777779],[-82.6,13.600000000000001],[-82.88888888888889,12.88888888888889],[-83.33333333333334,12.333333333333334],[-83.32,11.68],[-83.0,11.0],[-83.57142857142858,10.571428571428571],[-83.72727272727272,10.0],[-83.67567567567568,9.675675675675675],[-84.0,9.399999999999999],[-84.10714285714286,9.892857142857142],[-85.0392156862745,9.96078431372549],[-85.15584415584415,10.844155844155843],[-85.6,11.0],[-85.63636363636364,11.363636363636363],[-86.0,11.666666666666668],[-86.11363636363636,12.886363636363637],[-87.0,13.0],[-87.08474576271186,13.915254237288135],[-88.0,14.0],[-88.24000000000001,14.760000000000002],[-89.05263157894737,15.0],[-90.0,15.666666666666668],[-90.10404624277457,15.895953757225433],[-91.0,16.200000000000003],[-91.25225225225225,16.747747747747745],[-91.80000000000001,17.0],[-92.08805031446542,17.91194968553459],[-93.0,18.148936170212767],[-93.30188679245283,18.69811320754717],[-93.72727272727272,19.0],[-94.19277108433735,19.80722891566265],[-94.78021978021978,19.78021978021978],[-95.54054054054055,20.0],[-96.20304568527919,20.79695431472081],[-97.00546448087432,20.994535519125684],[-97.32388663967612,21.676113360323885],[-97.85106382978722,22.0],[-98.15642458100558,22.843575418994412],[-98.66666666666669,23.0],[-98.64999999999999,23.349999999999998],[-99.0,23.466666666666665],[-99.09638554216868,23.903614457831324],[-99.53333333333333,24.0],[-99.41025641025641,24.41025641025641],[-99.0,24.4],[-98.56363636363636,24.563636363636363],[-98.53846153846155,25.0],[-99.0,25.75],[-99.75,25.0],[-99.65217391304348,24.65217391304348],[-100.0,24.636363636363633],[-100.05333333333333,24.946666666666665],[-100.36363636363636,25.0],[-101.0,25.7],[-101.04054054054055,25.95945945945946],[-101.3,26.0],[-101.6888888888889,26.311111111111114],[-102.0,26.7],[-102.04225352112677,26.95774647887324],[-102.3,27.0],[-102.57575757575758,27.424242424242426],[-102.76470588235294,28.0],[-102.72413793103448,28.275862068965516],[-103.0,28.36363636363636],[-103.08917197452229,28.910828025477706],[-103.28,29.0],[-103.86885245901638,30.13114754098361],[-104.0,30.129032258064516],[-104.25,30.75],[-104.77142857142857,31.0],[-104.75384615384615,31.246153846153845],[-105.06622516556291,31.933774834437088],[-105.41666666666667,32.0],[-105.4,32.4],[-104.86666666666667,32.86666666666667],[-105.0,33.285714285714285],[-105.16666666666667,33.16666666666667],[-106.0,33.06666666666667],[-107.0,33.583333333333336],[-107.06944444444446,33.93055555555556],[-108.01608579088472,33.983914209115284],[-108.15384615384616,34.84615384615385],[-108.70588235294117,35.0],[-108.99999999999999,35.238095238095234],[-109.17021276595744,35.829787234042556],[-109.69565217391305,36.0],[-109.90243902439025,38.09756097560975],[-110.28292682926829,38.71707317073171],[-111.0,39.166666666666664],[-111.53072625698324,40.469273743016764],[-112.12468827930175,40.87531172069826],[-112.36681222707423,41.633187772925766],[-112.85714285714286,42.0],[-113.28085106382977,42.719148936170214],[-114.0,43.13725490196079],[-114.22916666666666,43.77083333333333],[-114.22976501305483,44.22976501305483],[-114.0,44.86274509803922],[-113.82926829268293,45.0],[-113.69014084507043,45.690140845070424],[-113.25882352941176,46.25882352941176],[-113.30476190476192,46.695238095238096],[-113.0381679389313,48.0],[-113.26277372262774,49.73722627737226],[-113.54074074074074,50.45925925925926],[-114.06,50.940000000000005],[-114.35294117647058,51.64705882352941],[-115.0,51.909090909090914],[-115.6923076923077,52.0],[-115.77142857142857,52.22857142857143],[-116.0,52.15384615384615],[-116.23280423280423,52.767195767195766],[-117.02156334231806,52.97843665768194],[-117.0,53.4],[-116.71428571428571,54.0],[-117.0,54.239999999999995],[-117.26666666666667,54.266666666666666],[-117.42857142857142,54.0],[-117.8857142857143,53.885714285714286],[-118.5,54.0],[-118.48484848484848,54.484848484848484],[-118.0,55.0],[-117.94594594594595,56.05405405405405],[-118.85185185185185,56.148148148148145],[-120.33333333333334,57.0],[-120.0,57.2],[-119.83333333333334,57.83333333333333],[-119.88059701492537,58.11940298507462],[-120.57142857142858,58.42857142857143],[-121.76923076923077,59.230769230769226],[-121.73333333333333,59.733333333333334],[-121.90361445783132,60.096385542168676],[-122.15094339622642,60.15094339622641],[-122.36363636363637,60.0],[-122.15,59.0],[-122.5,58.5],[-122.99999999999999,58.31999999999999],[-124.25,58.25],[-124.57142857142858,58.0],[-124.94782608695652,57.947826086956525],[-125.09160305343512,58.091603053435115],[-125.16352201257861,58.83647798742138],[-125.61904761904762,59.0],[-126.13333333333333,60.0],[-127.33766233766234,60.66233766233766],[-127.54166666666667,61.0],[-128.2716049382716,61.2716049382716],[-130.0,61.46666666666667],[-130.10596026490066,61.89403973509934],[-131.125,62.0],[-131.72549019607845,62.274509803921575],[-132.22857142857143,62.77142857142857],[-132.30769230769232,63.0],[-132.86153846153846,63.13846153846154],[-133.8181818181818,63.0],[-134.27906976744185,62.279069767441854],[-135.0,62.04],[-136.0,62.13333333333333],[-137.95833333333334,62.041666666666664],[-138.85714285714286,62.14285714285714],[-139.33333333333334,62.333333333333336],[-139.8181818181818,61.81818181818181],[-139.875,61.0],[-140.125,61.0],[-140.51724137931035,61.48275862068966],[-142.0,61.5],[-142.38709677419354,61.61290322580645],[-142.89743589743588,62.1025641025641],[-145.0,62.25],[-145.19047619047618,61.80952380952381],[-145.0,61.33333333333333],[-144.0,61.5],[-143.68421052631578,61.315789473684205],[-143.625,61.0],[-145.33333333333331,61.0],[-145.8095238095238,61.19047619047619],[-147.0,61.0],[-148.33333333333331,61.0],[-149.0,61.333333333333336],[-150.22222222222223,61.22222222222223],[-150.33333333333334,61.0],[-154.0,60.96666666666667],[-155.66666666666669,61.0],[-155.5,61.5],[-155.0,62.0],[-156.0,63.0],[-156.4,62.4],[-157.0,62.0],[-157.6,62.4],[-158.0,62.5],[-159.0,62.333333333333336],[-159.33333333333334,62.66666666666667],[-160.0,63.0],[-160.0,64.0],[-161.0,64.0],[-161.0,63.0],[-163.0,63.0],[-163.5,63.5],[-164.0,63.66666666666667],[-165.0,63.0],[-165.5,63.5],[-165.71428571428572,64.28571428571428],[-166.0,64.5],[-166.28571428571428,64.28571428571428],[-166.66666666666669,63.66666666666667],[-167.0,63.5],[-169.0,63.5],[-169.16666666666666,63.83333333333333],[-169.5,64.0],[-169.6,64.4],[-170.0,64.5],[-170.5,65.0],[-170.5,66.0],[-170.60000000000002,66.4],[-171.0,67.0],[-170.4,67.4],[-170.0,68.0],[-169.8181818181818,68.81818181818181],[-170.0,69.14285714285714],[-171.0,69.0],[-174.0,69.0],[-175.0,68.0],[-175.33333333333334,67.33333333333334],[-175.33333333333334,66.0],[-176.66666666666669,66.0],[-176.84615384615384,66.15384615384616],[-178.0,66.41176470588235],[-179.0,66.85714285714286],[-179.68831168831167,66.68831168831169],[-180.0,66.47826086956522],[-180.0,75.19999999999999],[-179.6,75.4],[-179.0,75.0],[-179.44444444444443,75.55555555555556],[-179.36363636363637,76.36363636363637],[-179.0,77.0],[-177.0,77.0],[-177.0,76.0],[-176.0,76.0],[-175.33333333333334,76.33333333333334],[-174.6,76.4],[-174.0,76.0]],[[-179.44444444444443,74.44444444444443],[-179.5,74.0],[-178.5,74.0],[-178.5,74.5],[-178.0,75.0],[-179.0,75.0],[-179.44444444444443,74.44444444444443]],[[-173.0,73.0],[-172.0,73.0],[-171.5,74.0],[-171.5,74.5],[-171.0,75.0],[-172.0,75.0],[-173.0,74.0],[-173.0,73.0]],[[-177.1904761904762,73.19047619047619],[-177.0,72.0],[-176.7142857142857,73.28571428571428],[-177.0,74.0],[-177.1904761904762,73.19047619047619]],[[-64.25,78.25],[-64.4,78.0],[-64.26666666666667,77.73333333333333],[-63.55555555555556,77.44444444444444],[-63.2,77.0],[-63.25,76.0],[-63.125,75.875],[-62.222222222222214,75.77777777777777],[-61.57142857142857,76.0],[-62.0,77.0],[-61.0,78.0],[-62.0,78.57142857142857],[-64.0,78.4],[-64.25,78.25]],[[-58.5,72.0],[-58.79166666666667,72.20833333333333],[-59.333333333333336,72.33333333333334],[-59.72727272727273,72.27272727272727],[-60.0,72.75],[-60.33333333333334,72.0],[-60.150000000000006,71.85],[-59.0,71.75],[-58.5,72.0]],[[-42.0,78.0],[-41.15384615384615,77.84615384615384],[-40.0,77.83333333333333],[-38.875,78.0],[-40.0,78.06666666666666],[-42.0,78.0]],[[-32.0,77.72222222222223],[-31.615384615384617,78.0],[-31.23076923076923,79.0],[-31.705882352941178,79.29411764705883],[-33.32876712328767,79.32876712328766],[-35.16666666666667,79.00000000000001],[-35.0,78.66666666666667],[-32.0,77.72222222222223]],[[-169.0,65.0],[-168.0,65.0],[-168.0,66.0],[-169.0,66.0],[-169.0,65.0]],[[-163.28571428571428,69.71428571428572],[-163.0,69.5],[-162.77777777777777,69.77777777777777],[-162.8181818181818,70.18181818181819],[-163.0,70.33333333333334],[-163.25,70.25],[-163.28571428571428,69.71428571428572]],[[-162.0,74.0],[-162.0,73.0],[-161.0,73.0],[-161.0,74.0],[-162.0,74.0]],[[-153.86206896551724,67.86206896551724],[-154.0,68.66666666666667],[-154.44444444444443,68.44444444444444],[-154.5,68.0],[-154.1818181818182,67.81818181818181],[-153.86206896551724,67.86206896551724]],[[-137.93939393939394,64.06060606060606],[-138.125,64.0],[-138.0,63.900000000000006],[-137.6,64.0],[-137.93939393939394,64.06060606060606]],[[-123.04166666666667,60.958333333333336],[-123.0,60.875],[-123.0,61.05882352941177],[-123.04166666666667,60.958333333333336]],[[-117.82352941176471,67.8235294117647],[-116.0,68.0],[-118.0,68.42857142857142],[-118.75,68.0],[-117.82352941176471,67.8235294117647]],[[-115.0,52.529411764705884],[-114.72413793103449,53.0],[-115.0,53.25806451612903],[-115.19047619047619,53.19047619047619],[-115.31372549019608,52.68627450980392],[-115.0,52.529411764705884]],[[-101.78571428571428,28.785714285714285],[-101.66666666666669,29.0],[-102.00000000000001,29.333333333333336],[-102.29999999999998,28.999999999999996],[-102.24,28.759999999999998],[-101.78571428571428,28.785714285714285]],[[-100.99999999999999,71.7],[-100.76923076923077,71.76923076923077],[-100.66666666666667,72.0],[-101.0,72.33333333333334],[-101.24000000000001,72.24],[-101.375,72.0],[-100.99999999999999,71.7]],[[-100.1,26.9],[-99.92,26.92],[-100.0,27.153846153846153],[-100.1,26.9]],[[-98.0,23.823529411764707],[-97.90625,24.0],[-98.0,24.176470588235297],[-98.3157894736842,24.31578947368421],[-98.25,23.75],[-98.0,23.823529411764707]],[[-76.5,62.0],[-76.60000000000001,62.4],[-77.0,62.5],[-78.0,62.0],[-78.0,61.0],[-77.0,61.0],[-76.5,62.0]],[[-74.0,63.5],[-73.60000000000001,63.400000000000006],[-73.0,63.0],[-72.71428571428571,63.71428571428571],[-72.88888888888889,64.11111111111111],[-73.16666666666667,64.16666666666667],[-75.0,64.33333333333334],[-75.4,64.0],[-75.4,63.60000000000001],[-75.0,63.333333333333336],[-74.0,63.5]],[[-72.5,62.5],[-72.33333333333334,62.0],[-72.55555555555556,61.55555555555555],[-73.36363636363636,61.36363636363636],[-73.66666666666666,61.0],[-73.4,60.60000000000001],[-73.0,60.333333333333336],[-72.0,61.0],[-71.0,61.0],[-71.0,62.0],[-71.4,62.6],[-71.5,63.0],[-72.28571428571428,63.285714285714285],[-73.0,63.0],[-72.5,62.5]],[[-61.00000000000001,66.2],[-61.333333333333336,66.0],[-61.0,65.75],[-60.66666666666667,66.0],[-61.00000000000001,66.2]]],[[[-122.52380952380952,57.476190476190474],[-121.5,57.0],[-121.30769230769232,56.69230769230769],[-121.22222222222223,56.0],[-122.03617571059432,55.96382428940568],[-122.03603603603604,56.96396396396396],[-122.86013986013987,56.86013986013986],[-123.05698005698005,56.94301994301995],[-123.16260162601625,57.162601626016254],[-123.0,57.55555555555556],[-122.52380952380952,57.476190476190474]]],[[[-158.02307692307693,60.97692307692308],[-158.75,61.0],[-158.46153846153848,61.46153846153847],[-157.6,61.6],[-157.0,62.0],[-156.6,61.400000000000006],[-156.5,61.0],[-158.02307692307693,60.97692307692308]]],[[[-112.29629629629628,75.7037037037037],[-112.66666666666667,76.0],[-112.66666666666667,77.0],[-111.76470588235294,77.23529411764706],[-111.65217391304347,76.34782608695653],[-111.8048780487805,75.8048780487805],[-112.29629629629628,75.7037037037037]]],[[[-179.1951219512195,79.8048780487805],[-179.0,80.14814814814815],[-178.85185185185188,80.0],[-179.0,78.0],[-179.1951219512195,78.8048780487805],[-179.1951219512195,79.8048780487805]]],[[[-105.0,80.0],[-103.0377358490566,80.0377358490566],[-102.92307692307692,80.0],[-103.0,79.83333333333334],[-104.19047619047619,79.80952380952381],[-105.0,80.0]]],[[[-99.0,89.26415094339623],[-97.22222222222221,89.0],[-99.0,88.84782608695653],[-110.0,88.91208791208791],[-113.0,88.64],[-115.0,88.0],[-115.65517241379311,88.34482758620689],[-117.0,88.65384615384616],[-118.0,88.58695652173913],[-119.0,88.84482758620689],[-121.0,88.83673469387756],[-122.0,88.67164179104478],[-122.91666666666667,89.0],[-122.0,89.41509433962264],[-121.0,89.2051282051282],[-119.0,89.22500000000001],[-116.0,89.5072463768116],[-110.72277227722773,89.27722772277228],[-109.0,89.07692307692308],[-106.0,89.28301886792453],[-103.0,89.15217391304348],[-99.0,89.26415094339623]]],[[[-134.0,89.37142857142857],[-133.0,89.41666666666667],[-132.0,89.23333333333333],[-129.80769230769232,89.1923076923077],[-124.0,89.48333333333333],[-123.61589403973511,89.3841059602649],[-123.06451612903227,89.0],[-123.67045454545455,88.67045454545455],[-124.42647058823529,88.57352941176471],[-130.0,88.91071428571429],[-133.0,88.75806451612902],[-134.0,88.81428571428572],[-135.0,88.6081081081081],[-137.0,88.87234042553192],[-140.0,88.73076923076923],[-146.0,88.91428571428571],[-149.0,88.79069767441861],[-151.25,89.0],[-151.35294117647058,89.35294117647058],[-151.0,89.5],[-150.76923076923077,89.23076923076923],[-150.37037037037038,89.37037037037037],[-148.61290322580646,89.38709677419354],[-147.0,89.2],[-145.0,89.34285714285714],[-143.0,89.23333333333333],[-140.0,89.38888888888889],[-137.0,89.21428571428572],[-135.0,89.58],[-134.0,89.37142857142857]]],[[[-89.0,88.9764705882353],[-90.0,88.83673469387756],[-94.75,89.0],[-90.0,89.28070175438597],[-89.0,89.04651162790698],[-87.0,89.44444444444446],[-83.79130434782608,89.2086956521739],[-82.78571428571428,89.0],[-87.0,88.72413793103448],[-89.0,88.9764705882353]]],[[[-178.55555555555554,89.44444444444444],[-178.625,89.0],[-179.0,88.91780821917807],[-179.28571428571428,89.0],[-179.0,90.0],[-178.55555555555554,89.44444444444444]]],[[[-177.46153846153848,89.53846153846153],[-178.0,89.9090909090909],[-178.28571428571428,89.71428571428571],[-179.0,90.0],[-176.625,90.0],[-176.875,89.0],[-177.0,88.98484848484848],[-177.46153846153848,89.53846153846153]]],[[[-155.0,89.51724137931035],[-156.25,90.0],[-153.0,90.0],[-153.6764705882353,89.67647058823529],[-155.0,89.51724137931035]]],[[[-151.42857142857142,90.0],[-151.6190476190476,89.61904761904762],[-152.0,89.6923076923077],[-153.0,90.0],[-151.42857142857142,90.0]]],[[[-69.76923076923077,-84.23076923076923],[-70.65714285714286,-84.34285714285714],[-73.0,-84.0],[-71.0,-83.81818181818181],[-69.25,-84.0],[-69.76923076923077,-84.23076923076923]]],[[[-55.0,-83.79166666666667],[-57.0,-83.37837837837837],[-57.45161290322581,-83.0],[-57.0,-82.72],[-53.65116279069768,-82.34883720930233],[-53.0,-82.0],[-52.144578313253014,-81.85542168674698],[-49.75,-81.75],[-49.0,-82.0],[-48.59183673469388,-82.59183673469389],[-48.682539682539684,-83.31746031746032],[-49.0,-83.55555555555556],[-51.0,-83.71739130434783],[-52.34920634920635,-83.65079365079364],[-55.0,-83.79166666666667]]],[[[-46.0,-78.66666666666667],[-45.714285714285715,-79.0],[-46.19047619047619,-79.19047619047619],[-46.66666666666667,-79.0],[-46.30769230769231,-78.69230769230771],[-46.0,-78.66666666666667]]],[[[51.333333333333336,-66.66666666666667],[52.0,-66.66666666666667],[54.0,-67.27777777777777],[54.26315789473685,-67.26315789473685],[54.71428571428571,-67.0],[54.111111111111114,-66.0],[55.0,-65.74193548387098],[56.75,-66.0],[56.75,-66.25],[57.00000000000001,-66.33333333333334],[57.7,-67.3],[58.25,-67.25],[59.0,-67.39285714285714],[60.66666666666667,-68.0],[60.0,-68.5],[59.91489361702128,-68.91489361702128],[60.0,-69.0909090909091],[61.21428571428571,-69.21428571428571],[61.5,-69.0],[61.66666666666667,-68.66666666666667],[62.3,-68.7],[62.55555555555555,-69.44444444444444],[63.0,-69.85714285714286],[63.03333333333334,-70.03333333333333],[62.0,-70.45454545454545],[61.68421052631579,-71.0],[61.28571428571428,-71.28571428571428],[60.0,-71.44444444444444],[59.28571428571429,-72.0],[59.8,-74.0],[59.71428571428571,-74.71428571428571],[59.5,-75.0],[59.77272727272727,-75.22727272727272],[59.99999999999999,-75.23809523809524],[60.833333333333336,-75.0],[60.47619047619047,-74.52380952380952],[60.33333333333334,-74.0],[61.0,-73.0],[62.0,-72.92857142857143],[62.76470588235294,-72.76470588235294],[63.0,-72.6],[64.0,-72.69999999999999],[65.875,-71.875],[65.75,-71.25],[66.0,-70.5],[66.28571428571428,-70.28571428571428],[66.27272727272727,-70.0],[67.90476190476191,-68.90476190476191],[68.4,-69.0],[69.0,-69.33333333333334],[69.3157894736842,-69.3157894736842],[69.94285714285715,-68.94285714285715],[71.65217391304348,-68.65217391304347],[72.0,-68.0],[72.75,-67.75],[74.0,-67.91666666666666],[74.54838709677418,-67.54838709677419],[75.0,-67.0],[76.0,-66.8],[76.125,-66.875],[76.1,-67.1],[75.56521739130434,-67.56521739130434],[75.65517241379311,-68.3448275862069],[76.0,-69.0],[77.0,-68.5],[78.21052631578948,-68.78947368421052],[79.0,-68.81818181818181],[79.57142857142858,-68.57142857142857],[80.0,-67.33333333333334],[80.16666666666666,-67.83333333333333],[81.77777777777777,-68.22222222222223],[82.93548387096774,-67.93548387096774],[83.41025641025641,-67.41025641025641],[83.54166666666666,-66.54166666666666],[84.0,-66.26666666666668],[85.0,-66.5],[86.0,-66.53846153846153],[87.0,-66.25],[88.0,-66.375],[90.0,-66.0],[91.0,-66.2],[93.0,-66.04761904761905],[93.77777777777777,-66.22222222222223],[94.0,-66.44444444444444],[95.0,-65.5],[96.0,-65.0],[97.16666666666667,-65.0],[98.51515151515152,-65.48484848484848],[99.51851851851853,-66.48148148148148],[100.0,-66.65],[101.0,-66.72],[102.0,-66.62962962962962],[103.0,-66.82608695652173],[103.8235294117647,-66.8235294117647],[104.3157894736842,-66.68421052631578],[104.75,-67.0],[104.4,-67.4],[102.0,-67.5],[101.0,-67.31818181818181],[100.35897435897436,-67.35897435897436],[99.53488372093024,-67.53488372093022],[98.66666666666669,-68.0],[99.0,-69.0],[99.52173913043478,-69.47826086956522],[100.0,-69.61111111111111],[101.0,-69.54545454545455],[101.44444444444443,-69.44444444444444],[103.0,-68.6],[104.0,-68.57142857142857],[104.375,-68.625],[104.76470588235293,-69.23529411764706],[105.35294117647058,-69.6470588235294],[106.18181818181819,-69.81818181818181],[106.375,-70.0],[106.21428571428572,-70.21428571428572],[105.0,-70.15789473684211],[104.0,-70.29411764705883],[103.52,-70.52],[103.25,-71.0],[103.0,-71.13793103448276],[96.0,-71.33333333333333],[95.6470588235294,-71.6470588235294],[95.57142857142857,-72.0],[95.71428571428571,-72.28571428571428],[96.42424242424242,-72.57575757575758],[98.18181818181819,-72.81818181818181],[98.66666666666669,-73.0],[99.27586206896552,-73.72413793103448],[101.06060606060605,-73.93939393939394],[101.2,-74.0],[101.81818181818181,-75.18181818181819],[103.0,-75.46153846153845],[105.0,-76.4],[106.28571428571428,-76.71428571428572],[106.66666666666669,-76.66666666666667],[108.33333333333334,-77.0],[108.60000000000001,-77.4],[109.0,-77.5],[109.81818181818181,-78.18181818181819],[110.52380952380952,-78.47619047619047],[114.22857142857143,-78.77142857142857],[115.0,-79.0],[115.0,-80.0],[115.63636363636363,-80.36363636363636],[116.0,-80.5],[118.0,-80.58333333333333],[119.0,-80.5],[119.32258064516128,-80.3225806451613],[119.45454545454545,-80.0],[119.3448275862069,-79.65517241379311],[119.0,-79.375],[118.0,-79.22222222222223],[116.73333333333333,-79.26666666666667],[116.0,-79.0],[119.0,-78.75],[119.5,-78.5],[119.89999999999999,-78.0],[119.46153846153848,-77.53846153846155],[119.16666666666666,-76.83333333333333],[119.0,-76.75],[118.0,-76.8],[117.44444444444444,-76.55555555555556],[117.0,-76.0],[116.42857142857143,-76.42857142857143],[116.0,-76.5],[115.4,-76.0],[115.44444444444443,-75.55555555555556],[115.0,-75.0],[117.0,-74.9090909090909],[118.0,-74.66666666666667],[118.29268292682927,-74.70731707317074],[118.84,-75.16],[120.0,-75.55555555555554],[121.00000000000001,-75.2],[121.0625,-75.0],[121.62025316455697,-74.62025316455697],[122.41095890410958,-74.41095890410958],[122.9375,-74.0],[121.69999999999999,-73.0],[121.72727272727273,-72.0],[121.0,-71.46666666666667],[120.0,-71.57142857142857],[119.65217391304347,-71.34782608695653],[119.33333333333334,-71.0],[119.60000000000001,-70.60000000000001],[120.30769230769232,-70.3076923076923],[120.57142857142857,-70.0],[120.625,-69.625],[122.0,-68.83333333333333],[122.11111111111111,-68.88888888888889],[122.25,-69.75],[124.0,-70.3076923076923],[124.44444444444443,-70.0],[124.60000000000001,-69.6],[125.0,-69.28571428571428],[125.99999999999999,-69.35714285714286],[126.83333333333334,-69.0],[126.0,-68.16666666666667],[124.60000000000001,-68.60000000000001],[124.0,-68.6],[123.625,-68.375],[123.0,-68.27272727272727],[122.68421052631578,-68.3157894736842],[122.45454545454545,-68.0],[122.45454545454545,-67.54545454545455],[122.0,-67.0],[123.0,-66.83333333333333],[123.55000000000001,-67.45],[126.0,-67.875],[126.38888888888889,-67.38888888888889],[126.66666666666667,-66.66666666666667],[127.0,-66.45454545454545],[128.0,-66.83333333333333],[129.4,-66.4],[130.0,-66.0],[130.52,-66.47999999999999],[131.8,-67.0],[131.71428571428572,-67.28571428571428],[132.0,-67.5],[132.16666666666666,-67.0],[133.0,-66.76190476190476],[133.25641025641025,-66.74358974358975],[133.83333333333334,-67.0],[133.84615384615387,-67.15384615384616],[134.5,-67.5],[134.8,-68.2],[135.25,-68.75],[137.0,-68.4],[137.5,-68.5],[138.0,-69.0],[138.0,-70.0],[137.0,-70.57142857142857],[135.76923076923077,-70.76923076923077],[135.75,-71.0],[135.40449438202245,-71.40449438202248],[135.0,-71.48648648648648],[133.78947368421052,-71.21052631578948],[133.57142857142858,-71.0],[133.21428571428572,-70.0],[133.24,-69.75999999999999],[132.5,-68.5],[132.0,-68.16666666666667],[131.5,-68.5],[131.5,-68.0],[131.28571428571428,-67.71428571428571],[130.3111111111111,-68.3111111111111],[130.0,-68.2],[129.63157894736844,-68.36842105263159],[129.30769230769232,-68.3076923076923],[129.3684210526316,-68.63157894736842],[129.2,-69.0],[128.5304347826087,-69.5304347826087],[128.30769230769232,-70.0],[128.53846153846155,-70.46153846153847],[129.61111111111111,-71.0],[129.70833333333331,-71.29166666666666],[132.0,-71.42857142857142],[132.28571428571428,-72.0],[131.66666666666669,-72.66666666666667],[131.38709677419354,-73.38709677419354],[130.75,-74.0],[130.71428571428572,-75.0],[130.4,-75.4],[130.0,-75.625],[129.6153846153846,-75.38461538461539],[129.0,-75.25],[126.95454545454545,-74.04545454545455],[126.91304347826087,-73.91304347826087],[127.4927536231884,-73.4927536231884],[127.73913043478261,-73.0],[127.45945945945945,-72.54054054054053],[127.0,-72.37037037037037],[126.53424657534245,-72.53424657534246],[126.29166666666666,-73.0],[126.29787234042553,-73.29787234042553],[125.0,-73.47368421052632],[124.0909090909091,-74.0],[123.8,-74.8],[124.0,-75.25],[125.0,-75.4],[125.33333333333334,-75.66666666666667],[126.0,-75.70588235294117],[126.62068965517241,-76.37931034482759],[127.32786885245902,-76.67213114754098],[128.0,-76.85714285714286],[128.8181818181818,-76.81818181818181],[130.0,-76.33333333333334],[132.2,-77.0],[132.0,-77.125],[130.0,-77.46153846153845],[129.0,-77.57142857142857],[128.0,-77.5],[127.0,-78.25],[126.0,-78.5],[125.0,-79.0],[126.44444444444444,-79.55555555555554],[126.875,-80.125],[128.28571428571428,-80.71428571428572],[128.6,-81.0],[129.0,-81.66666666666667],[130.0,-82.0],[133.0,-82.0],[135.0,-81.66666666666667],[137.0,-81.0],[138.0,-81.0909090909091],[139.0,-81.0],[138.53846153846155,-80.46153846153847],[138.5,-80.0],[138.60000000000002,-79.6],[139.0,-79.0],[139.75,-79.25],[143.0,-79.0],[143.47619047619045,-78.47619047619047],[143.71428571428572,-78.0],[144.21052631578948,-77.78947368421052],[144.86666666666667,-77.86666666666667],[145.28571428571428,-77.71428571428571],[145.33333333333331,-78.0],[146.0,-78.25],[146.33333333333334,-78.0],[146.0,-77.6],[145.60000000000002,-77.4],[145.57142857142858,-76.0],[144.6,-75.0],[145.0,-74.66666666666667],[146.625,-74.625],[147.46153846153848,-74.46153846153847],[148.0,-74.0],[148.73333333333335,-74.26666666666667],[149.0,-74.2],[150.6153846153846,-75.38461538461539],[152.0,-75.25],[153.0,-75.31578947368422],[154.0,-75.0],[154.125,-74.125],[154.0,-73.88461538461537],[153.72727272727272,-74.0],[153.48484848484847,-74.4848484848485],[153.0,-74.57142857142857],[152.5897435897436,-74.41025641025641],[152.33333333333334,-74.0],[152.47058823529412,-73.0],[152.0,-72.27272727272728],[151.66666666666666,-72.0],[151.5,-71.0],[150.25454545454545,-70.74545454545455],[149.65333333333334,-70.34666666666666],[149.5,-70.0],[149.49056603773585,-69.50943396226414],[148.625,-69.0],[149.0,-68.66666666666667],[149.6,-69.0],[149.55555555555554,-69.44444444444444],[150.1081081081081,-69.10810810810811],[153.0,-69.51219512195121],[154.0,-69.9],[155.91304347826087,-70.08695652173913],[156.55223880597015,-70.44776119402985],[157.5,-70.5],[157.91666666666669,-71.08333333333334],[160.0,-70.9622641509434],[161.0,-71.18604651162791],[162.03174603174602,-70.96825396825398],[164.33333333333334,-71.66666666666667],[165.64102564102564,-72.35897435897436],[165.78125,-73.0],[165.53488372093025,-73.53488372093024],[165.0,-73.83333333333334],[164.0,-73.58620689655173],[163.63636363636363,-73.63636363636363],[161.54054054054052,-74.54054054054053],[159.5,-75.0],[159.22641509433964,-75.22641509433961],[158.0,-75.53571428571428],[157.00000000000003,-75.96551724137932],[156.0,-76.0],[156.91304347826085,-76.08695652173913],[156.72093023255815,-76.72093023255815],[156.85185185185185,-77.14814814814815],[157.48275862068968,-77.51724137931035],[157.93333333333334,-78.0],[158.80392156862746,-78.19607843137254],[160.0,-78.75],[160.31914893617022,-78.31914893617022],[160.2941176470588,-78.0],[160.51351351351352,-77.51351351351352],[161.0,-77.25],[162.0,-77.56666666666666],[163.0,-77.35294117647058],[163.45517241379312,-77.54482758620689],[163.73333333333335,-78.0],[163.45205479452056,-78.45205479452055],[163.0,-78.66],[162.6530612244898,-78.65306122448979],[162.03508771929825,-79.03508771929825],[161.25,-79.25],[160.0,-79.16666666666667],[156.0,-79.75999999999999],[155.68,-79.68],[155.21276595744683,-79.7872340425532],[155.0,-79.54545454545453],[154.73684210526318,-79.73684210526316],[154.2,-79.8],[153.8421052631579,-80.0],[154.0,-80.75],[155.0,-81.0],[155.25,-81.75],[155.66666666666669,-82.33333333333334],[156.0,-82.57142857142857],[156.28571428571428,-82.28571428571428],[157.0,-82.19047619047619],[160.08888888888887,-82.91111111111111],[161.0,-83.38095238095238],[163.0,-83.46428571428572],[164.0,-83.76190476190476],[165.0,-83.88888888888889],[165.78443113772454,-84.21556886227545],[169.74137931034483,-84.25862068965517],[172.0,-84.57692307692307],[173.0,-84.39473684210526],[173.45544554455446,-84.54455445544555],[174.0,-85.01960784313725],[177.22857142857143,-84.77142857142857],[180.0,-84.91666666666666],[180.0,-90.0],[-180.0,-90.0],[-180.0,-84.91666666666666],[-179.04545454545453,-85.04545454545455],[-170.29411764705884,-85.29411764705883],[-167.62264150943398,-85.62264150943398],[-166.00000000000003,-86.02631578947368],[-165.0,-85.93333333333334],[-164.04545454545456,-86.04545454545453],[-162.01600000000002,-86.01599999999999],[-160.0,-85.61904761904762],[-158.0,-85.56521739130434],[-156.68,-85.67999999999999],[-155.0,-86.07317073170732],[-152.0,-86.2],[-149.99999999999997,-86.14634146341463],[-148.0,-85.8],[-147.0,-85.78571428571428],[-145.0,-85.5],[-143.0,-85.55],[-140.0,-85.36842105263158],[-132.75,-85.75],[-130.0,-85.5],[-125.0,-85.35593220338984],[-123.0,-84.9],[-122.0,-85.25757575757576],[-119.19753086419753,-85.19753086419753],[-117.99999999999999,-85.29729729729729],[-117.26666666666667,-85.0],[-117.2,-84.80000000000001],[-117.0,-84.6923076923077],[-116.0,-84.45454545454544],[-114.38709677419354,-83.61290322580645],[-114.0,-83.14285714285715],[-113.10526315789474,-82.89473684210526],[-112.0,-82.66666666666666],[-111.0,-82.66666666666666],[-110.0,-82.5],[-109.0,-82.66666666666666],[-107.0,-82.38461538461539],[-106.0,-82.11764705882352],[-105.24137931034483,-81.75862068965517],[-103.0,-81.46666666666667],[-102.62162162162161,-81.37837837837839],[-102.0,-81.0],[-101.20779220779221,-80.79220779220779],[-93.79661016949152,-79.20338983050848],[-91.81818181818181,-78.0],[-91.23076923076923,-77.76923076923077],[-89.0,-77.46551724137932],[-87.0,-77.3625],[-86.54464285714285,-77.54464285714285],[-86.0,-78.46153846153847],[-85.14035087719299,-79.14035087719299],[-84.45871559633028,-79.45871559633028],[-83.0,-79.47826086956522],[-81.69411764705882,-79.69411764705883],[-81.07142857142858,-80.0],[-81.59375,-80.40625],[-83.58333333333333,-81.0],[-83.6774193548387,-81.32258064516128],[-84.0,-81.55555555555556],[-86.0677966101695,-81.9322033898305],[-88.0,-82.52777777777777],[-90.0,-82.76666666666665],[-90.74358974358975,-82.74358974358975],[-91.44444444444444,-82.44444444444444],[-91.74358974358974,-81.74358974358974],[-92.0,-81.58333333333333],[-94.0,-81.55555555555556],[-95.0,-81.36363636363637],[-95.4375,-81.5625],[-97.00000000000001,-81.86486486486487],[-99.03999999999999,-81.96],[-99.2,-82.00000000000001],[-99.2,-82.19999999999999],[-98.53846153846155,-82.53846153846155],[-98.16666666666666,-83.16666666666666],[-97.625,-83.625],[-96.0,-84.0],[-94.83333333333334,-84.0],[-94.35714285714286,-83.64285714285714],[-93.47368421052632,-82.52631578947368],[-93.0,-82.4],[-92.55,-82.55],[-92.0,-83.13333333333334],[-90.0,-83.31818181818181],[-88.0,-83.70833333333333],[-81.86206896551724,-83.86206896551724],[-81.33333333333334,-84.0],[-80.34285714285714,-85.34285714285714],[-79.33333333333334,-86.0],[-79.21052631578948,-86.21052631578948],[-78.52941176470587,-86.52941176470588],[-77.26666666666668,-86.73333333333333],[-74.55555555555554,-86.44444444444444],[-70.64,-86.36],[-69.34285714285714,-85.65714285714286],[-67.875,-85.125],[-67.66666666666667,-84.66666666666667],[-67.75,-84.25],[-67.5,-84.0],[-64.0,-83.4375],[-60.12903225806451,-84.12903225806451],[-59.65,-84.65],[-58.0,-85.0],[-56.935483870967744,-85.06451612903226],[-55.900000000000006,-84.89999999999999],[-55.11764705882353,-85.11764705882354],[-55.0,-85.33333333333334],[-54.55555555555556,-85.55555555555556],[-54.0,-85.66666666666666],[-53.55555555555555,-85.44444444444444],[-52.7037037037037,-85.29629629629629],[-51.344827586206904,-85.3448275862069],[-50.611111111111114,-85.61111111111111],[-50.36363636363636,-86.0],[-50.0,-86.19047619047619],[-42.77142857142857,-86.77142857142857],[-41.0,-87.625],[-40.0,-87.6],[-38.806451612903224,-87.80645161290323],[-36.0,-88.0],[-34.0,-88.0],[-33.44444444444444,-88.44444444444443],[-31.0,-88.8],[-29.25,-88.75],[-28.0,-88.5],[-27.0,-88.66666666666666],[-25.692307692307693,-88.69230769230771],[-24.0,-89.0],[-22.77777777777778,-88.77777777777777],[-22.0,-89.0],[-21.25,-88.75],[-20.75,-88.75],[-20.0,-89.0],[-19.0,-88.33333333333334],[-18.0,-88.33333333333334],[-17.0,-89.0],[-16.0,-89.0],[-14.0,-89.6],[-13.0,-89.5],[-12.666666666666668,-89.66666666666667],[-11.0,-89.75],[-10.444444444444443,-89.55555555555556],[-10.142857142857142,-89.0],[-10.461538461538463,-88.46153846153847],[-11.0,-88.14285714285715],[-12.285714285714285,-88.28571428571428],[-14.0,-87.71428571428572],[-17.0,-87.66666666666667],[-18.0,-87.83333333333334],[-18.818181818181817,-87.81818181818181],[-24.0,-87.375],[-26.0,-87.5],[-27.0,-87.33333333333334],[-28.0,-87.5],[-29.0,-87.33333333333334],[-30.0,-87.0],[-30.6,-86.60000000000001],[-31.0,-86.5],[-31.25,-86.25],[-33.0,-85.66666666666667],[-34.0,-85.0],[-35.0,-84.625],[-38.0,-84.52000000000001],[-40.0,-84.58620689655173],[-42.0,-84.19047619047619],[-43.14285714285714,-84.14285714285714],[-43.599999999999994,-84.0],[-43.42857142857143,-83.57142857142858],[-43.0,-83.25],[-42.0,-83.42857142857142],[-41.57142857142857,-83.0],[-42.0,-82.625],[-43.0,-82.80000000000001],[-43.32,-82.32000000000001],[-43.285714285714285,-82.0],[-43.0,-81.77777777777777],[-42.0,-81.70588235294117],[-40.0,-80.71428571428572],[-38.26086956521739,-80.73913043478261],[-36.0,-80.53846153846155],[-34.36363636363636,-80.63636363636364],[-34.0,-80.55555555555556],[-32.35897435897436,-79.64102564102564],[-31.0,-79.325],[-30.000000000000004,-79.33333333333334],[-28.879518072289155,-79.12048192771084],[-28.375,-79.0],[-28.315789473684212,-78.68421052631578],[-28.0,-78.625],[-27.0,-78.6],[-26.77777777777778,-78.77777777777777],[-26.77777777777778,-79.0],[-25.0,-79.35714285714285],[-20.32258064516129,-79.3225806451613],[-19.0,-79.73333333333333],[-18.0,-79.66666666666666],[-17.0,-79.875],[-16.0,-79.625],[-14.0,-79.8],[-13.0,-79.57142857142857],[-12.0,-79.66666666666666],[-10.600000000000001,-79.4],[-10.5,-79.0],[-11.714285714285714,-78.71428571428571],[-12.0,-78.33333333333334],[-12.444444444444445,-78.55555555555554],[-13.347826086956522,-78.65217391304348],[-15.0,-78.6923076923077],[-16.0,-78.58333333333333],[-16.285714285714285,-78.28571428571428],[-16.304347826086957,-78.0],[-16.57333333333333,-77.57333333333332],[-17.338461538461537,-77.33846153846154],[-18.0,-76.875],[-19.0,-77.25],[-20.0,-77.06666666666668],[-20.523809523809522,-77.47619047619048],[-20.75438596491228,-78.24561403508773],[-21.0,-78.36842105263159],[-21.636363636363637,-78.0],[-21.714285714285715,-77.71428571428571],[-22.0,-77.5],[-22.421052631578945,-77.57894736842104],[-23.0,-78.0],[-24.0,-78.3913043478261],[-25.789473684210527,-77.78947368421052],[-26.999999999999996,-77.76923076923076],[-28.0,-77.44444444444444],[-28.47058823529412,-77.47058823529412],[-29.0,-77.0],[-29.555555555555554,-77.44444444444444],[-31.0,-77.43478260869566],[-32.0,-77.28125],[-33.4375,-77.4375],[-34.272727272727266,-77.27272727272727],[-34.27272727272727,-77.0],[-34.0,-76.66666666666666],[-33.0,-76.41666666666666],[-29.523809523809522,-76.47619047619047],[-28.400000000000002,-75.60000000000001],[-27.000000000000004,-75.33333333333334],[-25.0,-75.22727272727272],[-24.37837837837838,-75.37837837837839],[-23.757575757575758,-75.75757575757575],[-23.5,-76.5],[-23.0,-76.66666666666666],[-22.0,-76.63636363636364],[-20.64705882352941,-76.35294117647058],[-20.4,-76.0],[-20.0,-75.84615384615384],[-19.568627450980394,-75.43137254901961],[-18.5,-75.0],[-18.099999999999998,-74.0],[-18.31578947368421,-73.3157894736842],[-18.6,-73.0],[-18.285714285714285,-72.71428571428571],[-18.0,-72.66666666666667],[-17.82857142857143,-72.82857142857142],[-17.727272727272727,-73.27272727272727],[-17.857142857142858,-73.85714285714286],[-17.166666666666664,-74.16666666666666],[-15.73076923076923,-73.26923076923077],[-14.868421052631579,-73.13157894736841],[-11.5,-73.0],[-12.771428571428572,-72.77142857142857],[-13.421052631578947,-72.42105263157895],[-13.727272727272727,-72.0],[-13.355555555555554,-71.64444444444445],[-13.0,-71.5],[-11.0,-71.37037037037037],[-9.833333333333332,-71.16666666666666],[-9.5625,-71.0],[-9.4,-70.60000000000001],[-9.0,-70.4],[-8.0,-70.5],[-7.631578947368421,-70.63157894736842],[-7.299999999999999,-71.0],[-6.91044776119403,-71.08955223880596],[-6.470588235294117,-70.52941176470588],[-5.999999999999999,-70.29411764705881],[-5.619047619047619,-70.61904761904762],[-5.6,-71.0],[-5.404494382022472,-71.40449438202248],[-5.0,-71.72],[-4.513513513513514,-71.48648648648648],[-3.4285714285714284,-70.57142857142857],[-2.0,-70.38461538461539],[-1.7560975609756098,-70.2439024390244],[4.262626262626263,-70.26262626262627],[6.0,-70.0],[6.5,-69.0],[7.035714285714286,-68.96428571428571],[7.666666666666667,-69.0],[7.444444444444444,-69.44444444444444],[7.416666666666667,-70.0],[9.0,-70.31578947368422],[10.368932038834952,-70.36893203883494],[11.243243243243242,-70.24324324324324],[12.0,-70.0],[12.555555555555555,-69.55555555555554],[14.0,-69.375],[14.18867924528302,-69.81132075471699],[15.258064516129032,-70.25806451612902],[15.741935483870968,-70.25806451612902],[16.6,-71.0],[16.948051948051948,-71.05194805194805],[17.5625,-70.5625],[19.0,-70.38888888888889],[22.673469387755105,-70.32653061224491],[24.0,-70.75],[25.240000000000002,-70.24],[26.358974358974358,-70.35897435897436],[27.0,-69.66666666666667],[29.0,-69.625],[30.627906976744185,-68.62790697674419],[32.0,-68.97058823529412],[33.315789473684205,-68.68421052631578],[34.0,-69.0],[34.629629629629626,-68.62962962962963],[35.411764705882355,-68.41176470588235],[35.58333333333333,-68.0],[38.80487804878049,-67.8048780487805],[39.0,-66.98765432098766],[42.11363636363636,-66.88636363636364],[42.416666666666664,-67.0],[42.65853658536585,-67.34146341463415],[43.0,-67.4375],[43.325581395348834,-67.32558139534885],[43.400000000000006,-66.4],[44.0,-66.0],[45.0,-66.11111111111111],[45.78064516129032,-65.78064516129032],[46.60526315789473,-65.60526315789474],[47.0,-65.0],[48.0,-64.84285714285714],[48.58940397350993,-64.58940397350993],[49.45090909090909,-64.5490909090909],[50.0,-64.72340425531914],[50.560209424083766,-64.56020942408377],[51.44444444444444,-64.55555555555554],[53.2962962962963,-65.0],[53.29090909090908,-65.29090909090908],[53.0,-65.42105263157895],[50.952380952380956,-65.95238095238095],[51.0,-66.5],[51.333333333333336,-66.66666666666667]],[[-24.080000000000002,-76.91999999999999],[-24.5,-77.0],[-23.866666666666667,-77.13333333333333],[-23.5,-76.5],[-24.080000000000002,-76.91999999999999]],[[33.85714285714286,-70.0],[34.0,-70.06666666666666],[34.5,-70.0],[34.22222222222222,-69.77777777777777],[34.0,-69.0],[33.85714285714286,-70.0]],[[62.5,-75.0],[64.0,-75.46153846153845],[66.0,-75.4375],[66.31111111111112,-75.31111111111112],[66.35,-75.0],[66.0,-74.72],[64.0,-74.47826086956522],[63.0,-74.63157894736841],[62.5,-75.0]],[[67.5,-76.0],[69.11320754716981,-76.11320754716981],[70.0,-76.0],[69.1875,-75.8125],[68.0,-75.80000000000001],[67.5,-76.0]],[[74.0625,-69.0625],[74.0,-68.5],[73.0,-68.4],[72.6,-68.60000000000001],[72.57142857142857,-69.0],[72.8235294117647,-69.17647058823529],[73.17142857142856,-69.17142857142858],[74.0625,-69.0625]],[[89.0,-69.82608695652175],[88.6923076923077,-70.0],[88.58333333333333,-71.0],[88.77777777777777,-71.22222222222221],[89.0,-71.33333333333334],[90.33333333333334,-71.33333333333334],[90.875,-71.0],[91.2,-70.2],[92.25,-70.0],[92.0,-69.85714285714286],[91.2,-69.8],[89.0,-69.82608695652175]],[[94.0,-67.20833333333333],[92.68571428571428,-67.68571428571428],[92.21428571428571,-68.0],[92.5686274509804,-68.43137254901961],[93.28125,-68.71875],[93.5625,-69.0],[93.62162162162163,-69.37837837837839],[94.0,-69.63636363636364],[95.3157894736842,-69.3157894736842],[95.6,-69.0],[95.71428571428571,-68.71428571428571],[95.69230769230768,-68.0],[95.34615384615384,-67.65384615384615],[95.00000000000001,-67.67857142857143],[94.0,-67.20833333333333]],[[117.42105263157895,-84.57894736842104],[119.18181818181817,-84.81818181818181],[120.0,-85.0],[120.625,-85.375],[122.0,-85.55555555555556],[123.4,-85.4],[125.0,-85.0],[124.5,-84.0],[120.44444444444443,-83.55555555555554],[119.6470588235294,-83.35294117647058],[118.25,-82.75],[118.0,-82.75],[117.25,-83.25],[112.0,-83.33333333333333],[111.0,-83.57142857142857],[110.0,-84.0],[110.57142857142858,-84.42857142857143],[111.28571428571428,-84.71428571428571],[113.0,-85.0],[117.42105263157895,-84.57894736842104]],[[147.375,-81.0],[150.0,-81.27586206896552],[150.47058823529412,-81.0],[150.0,-80.65217391304348],[147.375,-81.0]],[[156.84615384615384,-71.84615384615384],[156.7,-72.0],[157.0,-72.1],[157.08333333333334,-71.91666666666666],[156.84615384615384,-71.84615384615384]],[[-110.66666666666669,-84.0],[-111.0,-83.6],[-111.26666666666668,-83.73333333333333],[-111.33333333333334,-84.0],[-111.00000000000001,-84.06666666666668],[-110.66666666666669,-84.0]],[[-24.0,-82.0],[-23.0,-82.5],[-22.0,-82.33333333333334],[-19.666666666666668,-82.33333333333334],[-19.0,-82.0],[-19.714285714285715,-81.71428571428571],[-24.0,-82.0]],[[-13.275862068965516,-77.27586206896552],[-12.0,-77.83333333333333],[-11.444444444444443,-77.55555555555556],[-11.0,-77.5],[-8.565217391304348,-77.56521739130434],[-7.0,-78.0],[-6.666666666666667,-78.66666666666667],[-6.0,-78.8],[-4.0,-78.93333333333334],[-1.0,-78.86666666666667],[0.0,-78.73333333333333],[0.5294117647058824,-78.52941176470587],[0.8461538461538461,-78.0],[0.5,-77.5],[-0.625,-76.625],[-2.0,-76.56],[-3.0,-76.26666666666667],[-4.413793103448276,-76.41379310344827],[-4.93103448275862,-75.93103448275862],[-6.387096774193548,-75.38709677419355],[-6.666666666666667,-75.0],[-7.0,-74.8125],[-10.0,-75.19999999999999],[-11.0,-75.53846153846155],[-12.0,-75.44444444444446],[-13.0,-75.63636363636363],[-14.0,-75.625],[-15.166666666666666,-76.0],[-15.0,-76.5],[-14.0,-76.6],[-13.275862068965516,-77.27586206896552]],[[8.0,-74.85],[7.75,-75.0],[8.0,-75.42857142857142],[8.6,-75.0],[8.0,-74.85]],[[24.5,-88.0],[23.0,-87.66666666666667],[20.0,-88.0],[20.8,-88.19999999999999],[21.999999999999996,-88.1111111111111],[23.0,-88.27272727272727],[24.5,-88.0]],[[26.789473684210527,-70.78947368421052],[26.900000000000002,-71.0],[27.18181818181818,-71.0],[27.0,-70.5],[26.789473684210527,-70.78947368421052]],[[31.0,-88.9090909090909],[30.5,-89.0],[31.0,-89.33333333333334],[32.0,-89.0],[31.0,-88.9090909090909]],[[43.5,-78.0],[43.44444444444444,-77.55555555555556],[43.0,-77.33333333333333],[42.6,-78.0],[43.0,-78.18181818181817],[43.5,-78.0]],[[48.0,-76.86363636363636],[47.00000000000001,-76.85714285714286],[45.0,-76.55555555555556],[44.61904761904762,-76.61904761904762],[44.0,-77.0],[44.400000000000006,-77.6],[45.0,-78.0],[46.0,-78.27272727272727],[46.22222222222222,-78.22222222222223],[47.0,-77.5],[49.0,-77.54545454545453],[49.315789473684205,-77.3157894736842],[49.4,-77.0],[49.285714285714285,-76.71428571428572],[49.0,-76.45454545454545],[48.69230769230769,-76.6923076923077],[48.0,-76.86363636363636]],[[46.00000000000001,-69.8],[45.888888888888886,-70.0],[46.0,-70.0952380952381],[46.142857142857146,-70.0],[46.00000000000001,-69.8]],[[58.2089552238806,-74.2089552238806],[58.19444444444444,-73.80555555555556],[57.0,-73.47619047619048],[56.72839506172839,-73.72839506172839],[55.6,-74.0],[56.72839506172839,-74.2716049382716],[58.2089552238806,-74.2089552238806]],[[96.84615384615384,-76.15384615384616],[96.0,-76.0],[95.0,-76.0],[95.41666666666667,-76.58333333333333],[95.35714285714286,-77.0],[95.75,-77.25],[97.44444444444443,-77.55555555555556],[99.0,-78.28571428571428],[99.23529411764706,-78.23529411764706],[99.66666666666667,-77.66666666666667],[99.88888888888889,-77.0],[99.43243243243245,-76.56756756756756],[98.0,-76.07692307692308],[96.84615384615384,-76.15384615384616]],[[100.85714285714286,-83.00000000000001],[102.0,-83.36363636363637],[104.0,-83.0],[102.0,-82.85714285714286],[100.85714285714286,-83.00000000000001]],[[-5.0,-82.25],[-2.714285714285714,-82.28571428571428],[-1.0,-81.66666666666667],[0.4444444444444444,-81.44444444444444],[1.0,-81.0],[0.0,-80.5],[-1.0,-80.5],[-3.0,-80.0],[-4.0,-80.0],[-4.6,-79.6],[-5.0,-79.5],[-7.5,-79.5],[-8.0,-79.0],[-8.0,-80.0],[-9.0,-80.33333333333333],[-10.0,-80.0],[-11.0,-80.5],[-12.0,-80.5],[-13.0,-81.0],[-13.0,-82.0],[-12.0,-82.0],[-11.0,-82.33333333333334],[-8.0,-82.25],[-7.0,-82.5],[-5.0,-82.25]],[[1.6,-81.4],[2.4,-81.60000000000001],[3.0,-82.0],[4.0,-82.0],[5.0,-82.33333333333334],[7.0,-82.33333333333334],[8.0,-82.0],[9.0,-82.0],[9.4,-81.4],[10.0,-81.0],[8.0,-80.27777777777777],[6.0,-80.4],[4.0,-80.8],[2.0,-80.75],[1.0,-81.0],[1.6,-81.4]],[[17.0,-83.0],[18.0,-82.8],[18.421052631578945,-82.42105263157895],[18.444444444444443,-82.0],[18.166666666666668,-81.83333333333334],[17.0,-81.65217391304348],[11.68888888888889,-81.3111111111111],[11.0,-81.0],[10.53846153846154,-81.53846153846155],[10.571428571428571,-82.42857142857143],[11.0,-82.85714285714286],[12.0,-83.0],[14.0,-83.0],[14.0,-84.0],[14.517241379310345,-84.48275862068967],[15.0,-84.63636363636364],[16.6,-84.60000000000001],[17.454545454545453,-84.45454545454545],[18.0,-84.2],[18.181818181818183,-83.81818181818181],[17.77777777777778,-83.22222222222223],[17.0,-83.0]],[[56.0,-88.5],[57.6,-88.4],[59.6,-88.4],[60.0,-88.5],[61.28571428571428,-88.28571428571428],[62.0,-88.0],[67.0,-87.75],[70.0,-87.36363636363636],[72.27272727272727,-87.27272727272728],[74.0,-87.0],[72.0,-86.66666666666667],[70.0,-86.66666666666667],[65.0,-86.3076923076923],[47.64102564102564,-86.64102564102564],[43.0,-87.0],[43.75,-87.25],[44.0,-87.5],[45.0,-87.4],[46.8,-88.19999999999999],[47.69230769230769,-88.30769230769232],[52.0,-88.5],[53.0,-88.66666666666666],[54.0,-88.66666666666666],[55.0,-88.33333333333334],[56.0,-88.5]],[[96.0,-82.16666666666667],[96.4,-82.4],[96.5,-82.0],[94.99999999999999,-81.76923076923077],[94.0,-81.75],[93.25,-82.0],[94.0,-82.27272727272728],[96.0,-82.16666666666667]],[[96.68,-83.32],[97.0,-83.5],[97.38095238095238,-83.38095238095238],[97.8,-83.0],[97.0,-82.2],[96.52941176470588,-82.52941176470587],[96.68,-83.32]],[[1.0,-88.80000000000001],[0.0,-88.80000000000001],[-1.0,-88.5],[-5.0,-88.25],[-6.0,-88.4],[-8.0,-88.28571428571429],[-8.600000000000001,-88.4],[-8.833333333333332,-89.0],[-8.5,-89.5],[-8.0,-89.71428571428572],[-3.2666666666666666,-89.73333333333333],[-2.0,-89.5],[-1.0,-89.6],[0.0,-89.33333333333334],[1.0,-89.33333333333334],[1.5,-89.0],[1.0,-88.80000000000001]],[[3.0000000000000004,-88.80000000000001],[2.5,-89.0],[3.0,-89.33333333333334],[3.5,-89.0],[3.0000000000000004,-88.80000000000001]],[[5.0,-84.66666666666667],[4.0,-85.0],[5.153846153846154,-85.15384615384616],[6.0,-85.0],[5.0,-84.66666666666667]],[[7.0,-84.33333333333334],[7.333333333333334,-84.0],[7.0,-83.66666666666667],[6.666666666666667,-84.0],[6.7142857142857135,-84.28571428571428],[7.0,-84.33333333333334]],[[15.0,-88.75],[14.0,-88.5],[12.571428571428573,-88.42857142857143],[12.0,-88.25],[10.5,-88.5],[9.0,-89.0],[11.0,-89.6],[13.0,-89.6],[15.000000000000002,-89.33333333333334],[17.0,-89.6],[19.0,-89.0],[18.400000000000002,-88.6],[18.0,-88.5],[16.0,-88.5],[15.0,-88.75]],[[83.0,-86.5],[84.0,-86.5],[85.0,-86.66666666666667],[85.4,-86.60000000000001],[86.0,-87.0],[87.0,-87.16666666666667],[88.00000000000001,-87.16666666666667],[89.0,-87.5],[92.0,-87.42857142857142],[93.0,-87.66666666666667],[96.0,-87.57142857142858],[97.0,-87.71428571428572],[100.0,-87.6],[101.0,-87.8],[102.0,-87.83333333333334],[105.0,-87.8],[106.33333333333334,-87.66666666666667],[107.0,-88.0],[107.86666666666666,-88.13333333333334],[108.5,-88.0],[108.5,-87.0],[108.60000000000001,-86.60000000000001],[109.0,-86.0],[107.81818181818181,-85.81818181818181],[107.5,-86.0],[107.33333333333334,-86.33333333333334],[107.0,-86.5],[106.0,-86.0],[105.22222222222223,-86.22222222222223],[104.80000000000001,-86.2],[102.00000000000001,-85.66666666666667],[100.0,-86.0],[99.0,-85.8],[98.0,-86.0],[96.0,-86.0],[96.0,-85.0],[95.5,-85.5],[94.60000000000001,-85.4],[94.0,-85.0],[92.0,-85.66666666666667],[91.0,-85.5],[88.0,-86.0],[86.0,-86.0],[85.0,-85.66666666666667],[83.0,-85.83333333333334],[82.5,-86.0],[82.66666666666667,-86.33333333333334],[83.0,-86.5]],[[109.55555555555554,-86.44444444444444],[110.0,-86.5],[111.5,-86.0],[111.28571428571428,-85.71428571428571],[110.0,-85.6],[109.0,-86.0],[109.55555555555554,-86.44444444444444]],[[6.0,-89.0],[7.0,-89.33333333333334],[7.333333333333334,-89.0],[7.0,-88.75],[6.0,-89.0]]],[[[2.1623931623931623,-68.83760683760684],[2.7037037037037037,-69.0],[2.447058823529412,-69.44705882352942],[2.0,-69.67857142857143],[1.5365853658536586,-69.46341463414635],[1.1739130434782608,-69.0],[2.1623931623931623,-68.83760683760684]]],[[[-61.0,-64.5],[-62.0,-64.36363636363636],[-63.0,-65.0],[-63.84615384615385,-65.15384615384616],[-64.0,-65.5],[-64.33333333333334,-65.66666666666667],[-65.0,-65.75],[-65.04878048780488,-65.95121951219512],[-66.0,-66.58333333333333],[-67.06666666666666,-66.93333333333334],[-67.19999999999999,-67.8],[-67.4,-68.0],[-66.83673469387756,-68.16326530612244],[-66.05405405405405,-68.05405405405405],[-64.7948717948718,-68.7948717948718],[-64.66666666666666,-69.0],[-64.625,-70.0],[-64.15151515151516,-70.15151515151516],[-63.62962962962962,-70.62962962962962],[-63.310344827586206,-71.3103448275862],[-62.794871794871796,-71.7948717948718],[-62.69230769230769,-72.0],[-62.75,-72.25],[-63.375,-73.0],[-62.86206896551724,-73.86206896551724],[-62.91304347826087,-74.08695652173913],[-64.0,-74.31578947368422],[-65.0,-74.78571428571429],[-66.0,-74.83783783783784],[-66.62,-75.38],[-67.0,-75.51351351351352],[-69.76923076923077,-75.76923076923077],[-70.29268292682927,-75.70731707317074],[-70.85714285714286,-76.0],[-72.0,-76.26829268292683],[-73.0,-75.8695652173913],[-74.0,-76.24324324324324],[-75.08791208791209,-76.08791208791209],[-76.0,-75.26315789473685],[-76.625,-75.0],[-76.60000000000001,-74.6],[-77.0,-74.625],[-77.3225806451613,-74.32258064516128],[-79.0,-74.04878048780488],[-80.15094339622641,-74.15094339622641],[-80.66666666666667,-74.0],[-80.75,-73.75],[-81.36363636363636,-73.63636363636363],[-82.0,-74.0],[-81.71428571428571,-73.28571428571428],[-81.85714285714286,-73.0],[-81.0,-72.6],[-80.63636363636364,-72.63636363636363],[-79.0,-73.6],[-78.5,-73.0],[-78.66666666666667,-72.0],[-78.0,-71.6],[-77.0,-71.66666666666667],[-76.80952380952381,-71.80952380952381],[-76.0,-71.92307692307692],[-75.14285714285714,-71.85714285714286],[-75.0,-71.0],[-74.0,-71.0],[-73.81818181818181,-70.18181818181819],[-73.26666666666668,-70.26666666666667],[-72.93333333333334,-70.06666666666666],[-73.0,-69.9],[-74.92,-69.92],[-74.96,-69.0],[-74.54285714285714,-68.45714285714286],[-74.0,-68.33333333333334],[-72.6,-68.60000000000001],[-72.24096385542168,-69.24096385542168],[-71.3448275862069,-69.3448275862069],[-71.0,-69.9090909090909],[-70.48275862068965,-69.51724137931035],[-70.0,-69.33333333333334],[-69.65,-69.0],[-69.97752808988764,-67.97752808988764],[-71.45333333333333,-67.45333333333333],[-71.65384615384616,-67.0],[-71.45333333333333,-66.54666666666667],[-69.0,-65.70588235294117],[-66.76,-64.24],[-66.0,-64.125],[-65.26666666666667,-64.26666666666667],[-65.0,-64.66666666666666],[-64.625,-64.375],[-64.625,-64.0],[-64.14285714285714,-63.0],[-63.6,-63.0],[-62.0,-63.6],[-61.7,-63.300000000000004],[-61.599999999999994,-63.0],[-61.11464968152866,-62.88535031847134],[-61.01072386058981,-61.989276139410194],[-58.98904109589041,-61.989041095890414],[-59.0,-62.4],[-60.0,-62.5],[-60.21052631578947,-62.78947368421052],[-60.0,-63.66666666666667],[-59.833333333333336,-63.83333333333333],[-59.9047619047619,-64.0952380952381],[-61.0,-64.5]],[[-76.42105263157895,-74.42105263157895],[-76.0,-74.44444444444444],[-75.66666666666667,-74.0],[-75.65217391304347,-73.65217391304348],[-76.0,-73.42857142857143],[-76.4,-73.60000000000001],[-76.42105263157895,-74.42105263157895]],[[-73.25,-73.25],[-72.0,-74.03999999999999],[-71.65517241379311,-73.34482758620689],[-71.37837837837839,-73.37837837837839],[-70.00000000000001,-73.04166666666667],[-69.0,-73.25],[-68.35714285714286,-73.0],[-69.0,-72.0],[-69.76923076923077,-71.76923076923077],[-70.0,-71.0],[-70.26086956521739,-71.73913043478261],[-70.65714285714286,-71.65714285714286],[-71.25531914893617,-71.74468085106383],[-71.75,-72.0],[-72.0,-72.28571428571429],[-72.23529411764706,-72.23529411764706],[-72.78571428571429,-71.78571428571428],[-73.30000000000001,-71.7],[-73.85714285714286,-72.14285714285714],[-74.71428571428571,-72.28571428571428],[-75.0,-73.0],[-74.26315789473685,-73.26315789473685],[-73.25,-73.25]]],[[[-58.4,-63.0],[-57.66666666666667,-63.0],[-57.84,-64.16],[-58.0,-64.28571428571428],[-58.33333333333333,-64.0],[-58.4,-63.0]]],[[[-47.339622641509436,-58.339622641509436],[-48.0,-58.14285714285714],[-49.44444444444444,-58.0],[-46.954081632653065,-57.954081632653065],[-47.00000000000001,-58.900000000000006],[-47.339622641509436,-58.339622641509436]]],[[[-50.83333333333333,-56.0],[-50.333333333333336,-55.66666666666667],[-50.0,-55.61538461538462],[-49.871794871794876,-56.0],[-50.83333333333333,-56.0]]],[[[-50.60000000000001,-52.6],[-50.0,-53.0],[-48.523809523809526,-53.52380952380952],[-48.375,-54.0],[-49.0,-54.3125],[-49.8,-54.2],[-51.0,-54.25],[-51.333333333333336,-54.0],[-51.333333333333336,-53.0],[-51.22222222222223,-52.77777777777778],[-50.60000000000001,-52.6]]],[[[-50.904761904761905,-45.904761904761905],[-51.0,-47.0],[-51.400000000000006,-46.400000000000006],[-51.400000000000006,-45.6],[-51.0,-45.0],[-50.904761904761905,-45.904761904761905]]],[[[-10.393939393939394,-46.0],[-11.0,-46.227272727272734],[-11.218579234972678,-46.21857923497268],[-11.416666666666668,-46.0],[-11.0,-45.75],[-10.393939393939394,-46.0]]],[[[-48.0,-43.04347826086956],[-48.5,-43.0],[-48.400000000000006,-42.6],[-48.0,-42.5],[-48.0,-43.04347826086956]]],[[[-58.1,9.0],[-58.0,9.666666666666668],[-57.6,9.4],[-57.46153846153847,8.538461538461538],[-57.0,8.25],[-56.785714285714285,8.785714285714285],[-55.083333333333336,8.916666666666666],[-55.0,8.75],[-54.5,9.0],[-53.96296296296297,9.0],[-53.82352941176471,8.176470588235293],[-53.0,8.0],[-52.85714285714286,7.142857142857142],[-51.98540145985402,7.014598540145985],[-51.91836734693878,6.0816326530612255],[-50.92857142857143,6.0],[-50.84615384615385,5.153846153846154],[-50.23529411764706,5.235294117647059],[-49.93846153846154,5.061538461538462],[-48.0,5.0],[-47.0,4.666666666666667],[-46.0,4.5],[-45.891891891891895,4.108108108108108],[-44.81818181818182,4.0],[-44.625,3.375],[-44.0,3.0],[-42.97969543147208,3.020304568527919],[-43.0,2.0],[-42.0,2.0],[-42.0,1.0],[-41.400000000000006,0.6000000000000001],[-41.0,0.5],[-40.904761904761905,0.09523809523809523],[-40.5,0.0],[-40.0,-1.0],[-38.5,-1.0],[-38.0,-1.5],[-37.971014492753625,-1.971014492753623],[-36.98029556650246,-1.980295566502463],[-36.92156862745098,-2.9215686274509802],[-35.982142857142854,-3.0],[-35.92982456140351,-3.9298245614035086],[-32.66666666666667,-4.0],[-32.0,-4.2],[-31.75,-4.75],[-30.636363636363637,-5.0],[-29.90625,-5.90625],[-28.428571428571427,-6.0],[-28.240000000000002,-6.24],[-28.0,-6.299999999999999],[-27.372881355932204,-7.372881355932203],[-27.0,-7.733333333333333],[-26.945205479452053,-8.054794520547945],[-26.929577464788736,-10.0],[-27.68067226890756,-10.319327731092436],[-28.0,-11.121212121212121],[-28.65853658536585,-11.341463414634145],[-28.852941176470587,-12.0],[-29.5,-12.5],[-29.881355932203387,-13.118644067796609],[-29.958847736625515,-14.041152263374485],[-30.80821917808219,-14.191780821917808],[-30.913043478260867,-15.0],[-30.826086956521742,-18.826086956521742],[-29.923076923076923,-19.0],[-30.0,-20.0],[-30.833333333333332,-20.166666666666664],[-30.95,-21.0],[-31.719298245614034,-21.280701754385962],[-31.97938144329897,-23.02061855670103],[-31.988636363636363,-24.011363636363633],[-33.0,-24.0],[-33.23529411764706,-24.764705882352942],[-35.9,-25.099999999999998],[-36.07142857142857,-25.92857142857143],[-36.92857142857143,-26.071428571428573],[-37.0,-26.333333333333336],[-38.0,-27.0],[-38.4,-27.6],[-39.0,-28.0],[-39.0,-29.0],[-39.18181818181818,-30.0],[-39.85714285714286,-31.0],[-40.18181818181818,-31.81818181818182],[-40.92307692307693,-32.07692307692308],[-41.0,-33.0],[-41.625,-33.375],[-42.0,-34.5],[-42.5,-35.0],[-42.94594594594595,-35.054054054054056],[-43.0,-36.07142857142857],[-43.85714285714286,-36.142857142857146],[-44.0,-37.5],[-44.5,-38.0],[-45.71428571428571,-38.285714285714285],[-46.400000000000006,-39.6],[-47.0,-40.0],[-47.4,-40.6],[-48.0,-41.0],[-49.0,-41.0],[-49.0,-42.0],[-50.0,-43.0],[-50.0,-44.0],[-52.0,-44.0],[-52.0,-45.0],[-52.6,-45.4],[-53.0,-46.0],[-54.0,-46.0],[-54.66666666666667,-45.66666666666667],[-55.0,-45.66666666666667],[-55.14285714285714,-46.142857142857146],[-55.14285714285714,-46.857142857142854],[-55.33333333333334,-47.333333333333336],[-55.0,-48.0],[-55.66666666666667,-47.66666666666667],[-56.10526315789473,-47.89473684210526],[-57.05714285714286,-47.94285714285714],[-57.160000000000004,-49.16],[-56.66666666666667,-49.33333333333334],[-56.25,-49.25],[-55.55555555555555,-49.55555555555556],[-55.333333333333336,-50.0],[-55.5,-50.5],[-57.0,-52.0],[-57.0,-53.0],[-58.0,-53.0],[-58.8,-52.8],[-59.08695652173913,-52.91304347826087],[-59.111111111111114,-53.11111111111111],[-59.0,-53.5],[-58.5,-53.5],[-58.0,-54.0],[-58.0,-55.0],[-57.0,-55.0],[-57.0,-56.0],[-55.08,-56.08],[-54.51724137931034,-56.51724137931035],[-54.5,-57.0],[-54.766666666666666,-57.233333333333334],[-56.55555555555556,-57.44444444444444],[-57.0,-57.69999999999999],[-58.5,-58.0],[-60.0,-57.95454545454546],[-61.144444444444446,-57.144444444444446],[-62.22222222222222,-57.0],[-63.0,-56.46153846153847],[-63.15584415584416,-56.15584415584416],[-64.25,-56.0],[-64.52631578947368,-55.526315789473685],[-65.0,-55.1],[-65.06896551724138,-54.06896551724138],[-65.5,-54.0],[-66.0,-53.4],[-66.0081300813008,-50.0],[-66.1159420289855,-49.0],[-66.0,-47.699999999999996],[-65.62162162162163,-47.378378378378386],[-65.46153846153847,-47.0],[-65.46153846153847,-46.0],[-65.18181818181819,-45.81818181818182],[-65.28571428571428,-45.285714285714285],[-65.01123595505618,-43.98876404494382],[-65.0,-43.0],[-64.6923076923077,-42.0],[-65.0,-41.2],[-65.01626016260163,-40.0],[-64.14953271028037,-39.850467289719624],[-64.03105590062111,-37.96894409937889],[-63.44628099173554,-37.553719008264466],[-63.1651376146789,-36.8348623853211],[-63.12080536912752,-32.87919463087248],[-63.0,-31.964285714285715],[-62.27540983606558,-29.72459016393443],[-62.21153846153846,-28.0],[-62.30508474576271,-27.0],[-61.83636363636364,-24.0],[-62.140625,-22.0],[-62.351020408163265,-21.351020408163265],[-62.80327868852459,-20.80327868852459],[-64.34686346863468,-19.346863468634687],[-65.08121827411168,-19.081218274111677],[-65.54853273137698,-18.548532731376973],[-67.03617571059432,-18.036175710594318],[-67.43262411347519,-17.43262411347518],[-68.07748184019371,-17.077481840193705],[-68.33613445378151,-16.336134453781515],[-68.83333333333334,-15.833333333333332],[-69.03389830508475,-15.0],[-69.98529411764706,-14.0],[-70.289592760181,-13.289592760180994],[-70.91596638655462,-12.915966386554622],[-71.0,-11.966666666666667],[-71.55294117647058,-11.55294117647059],[-72.0,-11.0],[-72.05755395683452,-10.057553956834532],[-72.66666666666667,-9.666666666666668],[-73.0,-9.266666666666666],[-73.02985074626866,-9.029850746268657],[-73.12676056338029,-7.0],[-73.00806451612902,-6.0],[-73.04651162790698,-3.953488372093023],[-72.49350649350649,-3.5064935064935066],[-72.12021857923497,-2.8797814207650276],[-72.0,-1.875],[-71.49101796407186,-1.5089820359281436],[-71.04255319148936,-0.9574468085106382],[-71.00540540540541,0.005405405405405406],[-70.19653179190752,0.19653179190751446],[-69.64864864864865,2.3513513513513513],[-69.76190476190476,2.761904761904762],[-69.66666666666667,3.0],[-70.0,3.454545454545454],[-70.14678899082568,4.853211009174312],[-70.73913043478261,4.739130434782608],[-72.01036269430053,5.010362694300518],[-70.75862068965517,5.241379310344827],[-70.1311475409836,5.131147540983607],[-70.0,5.363636363636363],[-69.57575757575758,5.575757575757576],[-69.46153846153845,6.0],[-69.13953488372093,6.1395348837209305],[-69.0,6.375],[-68.52941176470588,6.529411764705882],[-68.13223140495867,7.132231404958677],[-68.02739726027397,8.027397260273972],[-65.14634146341464,8.146341463414634],[-65.14634146341464,8.853658536585366],[-65.0,9.085714285714285],[-64.4,9.0],[-64.25,8.75],[-64.0,8.666666666666668],[-63.86666666666667,9.0],[-63.19847328244275,9.198473282442748],[-63.0,9.382352941176471],[-61.06666666666666,8.933333333333334],[-60.513513513513516,8.486486486486486],[-59.333333333333336,8.333333333333334],[-58.57142857142858,8.428571428571429],[-58.2,8.2],[-58.28571428571428,8.714285714285714],[-58.1,9.0]],[[-64.34782608695653,7.3478260869565215],[-64.5,7.0],[-63.91752577319588,6.917525773195877],[-64.0,7.5],[-64.34782608695653,7.3478260869565215]],[[-61.205128205128204,-56.205128205128204],[-60.99999999999999,-56.23529411764706],[-60.199999999999996,-56.0],[-60.60000000000001,-55.60000000000001],[-61.0,-55.6],[-61.21621621621622,-55.78378378378378],[-61.205128205128204,-56.205128205128204]]],[[[-72.35616438356165,17.0],[-72.0,19.34285714285714],[-71.82222222222222,19.177777777777777],[-71.68888888888888,18.31111111111111],[-71.0,18.105263157894736],[-68.0,18.050847457627118],[-67.91428571428571,17.914285714285715],[-68.0,17.785714285714285],[-69.37735849056604,17.37735849056604],[-69.55555555555556,17.0],[-71.79527559055119,16.79527559055118],[-72.17391304347827,16.82608695652174],[-72.35616438356165,17.0]]],[[[-68.0,19.823529411764703],[-68.6,20.0],[-68.34532374100719,20.345323741007192],[-68.0,20.31168831168831],[-67.75,20.0],[-68.0,19.823529411764703]]],[[[-70.0,19.942857142857143],[-70.33333333333333,20.0],[-70.56756756756756,20.43243243243243],[-71.0,20.727272727272727],[-71.13953488372093,21.86046511627907],[-71.81632653061224,21.816326530612244],[-72.07929515418502,21.920704845814978],[-72.27272727272728,22.0],[-72.36,22.36],[-72.0,22.9],[-71.0,22.352941176470587],[-69.80645161290323,22.193548387096776],[-69.53846153846155,21.461538461538463],[-69.0,21.133333333333333],[-68.92156862745098,20.92156862745098],[-69.57142857142858,20.571428571428573],[-69.8,20.0],[-70.0,19.942857142857143]]],[[[-72.0,24.5],[-71.6,24.0],[-72.0,23.200000000000003],[-72.2051282051282,23.794871794871796],[-72.19047619047619,24.19047619047619],[-72.0,24.5]]],[[[-70.0,23.88888888888889],[-70.14285714285714,24.0],[-70.28571428571428,24.714285714285715],[-70.15384615384616,25.153846153846153],[-69.86206896551724,25.137931034482758],[-69.94444444444444,24.055555555555557],[-69.83333333333333,24.0],[-70.0,23.88888888888889]]],[[[-57.0,39.9625],[-58.0,40.0],[-58.0,41.0],[-57.25,41.25],[-56.8,41.2],[-56.75,41.0],[-56.970588235294116,40.970588235294116],[-57.0,39.9625]]],[[[-51.00000000000001,42.66666666666667],[-50.888888888888886,42.0],[-52.0,42.0],[-51.00000000000001,42.66666666666667]]],[[[-41.0,43.0],[-40.0,43.0],[-40.0,42.0],[-40.5,41.5],[-40.66666666666667,41.0],[-40.986666666666665,40.986666666666665],[-41.06896551724138,41.93103448275862],[-42.0,42.0],[-42.09090909090909,42.909090909090914],[-43.0,43.0],[-42.0,44.0],[-41.0,44.0],[-41.0,43.0]]],[[[-2.0,57.0],[-1.5,56.0],[-1.5,55.5],[-2.0,55.0],[-2.4,55.60000000000001],[-2.5,56.0],[-2.0,57.0]]],[[[-47.89473684210526,58.89473684210527],[-48.0,58.75],[-48.13333333333333,58.86666666666667],[-48.0,59.5],[-47.97260273972603,59.02739726027397],[-47.02739726027397,59.02739726027397],[-47.0,58.93333333333334],[-47.89473684210526,58.89473684210527]]],[[[-11.567567567567568,60.56756756756757],[-12.0,60.69230769230769],[-13.0,60.0],[-14.194444444444446,59.80555555555556],[-15.0,59.7037037037037],[-16.246575342465754,59.75342465753425],[-16.5,60.0],[-15.540983606557377,60.540983606557376],[-15.375,61.375],[-14.5,62.0],[-14.321428571428571,62.32142857142857],[-14.0,62.40909090909091],[-13.714285714285714,62.285714285714285],[-13.0,61.70370370370371],[-12.686274509803923,61.68627450980392],[-12.0,62.0],[-11.555555555555555,61.44444444444444],[-10.6,61.0],[-10.866666666666667,60.86666666666666],[-10.823529411764707,60.1764705882353],[-10.944954128440367,59.944954128440365],[-11.142857142857144,60.0],[-11.352941176470587,60.35294117647059],[-11.307692307692308,60.69230769230769],[-11.567567567567568,60.56756756756757]]],[[[-9.727272727272727,61.0],[-9.6,62.0],[-9.0,62.173913043478265],[-7.80281690140845,62.19718309859155],[-6.25,62.0],[-6.647058823529411,61.647058823529406],[-7.4,61.400000000000006],[-8.295081967213115,61.295081967213115],[-8.783783783783784,60.78378378378379],[-9.207792207792208,60.79220779220779],[-9.727272727272727,61.0]]],[[[-42.85714285714286,65.85714285714286],[-43.22222222222222,65.77777777777779],[-44.0,66.0],[-43.25,66.25],[-42.83333333333333,66.16666666666667],[-42.85714285714286,65.85714285714286]]],[[[-41.66666666666667,67.0],[-42.16666666666667,66.83333333333333],[-42.0,67.5],[-41.5,67.5],[-41.66666666666667,67.0]]],[[[-41.25,68.25],[-40.78947368421052,68.21052631578948],[-40.66666666666667,68.0],[-40.69230769230769,67.6923076923077],[-41.0,67.5],[-41.5,67.5],[-41.66666666666667,68.0],[-41.25,68.25]]],[[[-48.5,70.0],[-48.76470588235294,69.76470588235294],[-49.0,69.0],[-49.23529411764706,69.76470588235294],[-49.0,70.66666666666667],[-48.5,70.0]]],[[[2.125,79.875],[1.7142857142857142,79.71428571428571],[1.0,80.0],[2.91044776119403,80.08955223880596],[3.057142857142857,80.05714285714286],[3.0,79.85714285714286],[2.125,79.875]]],[[[-53.82608695652174,82.17391304347827],[-53.846153846153854,81.84615384615384],[-54.19047619047619,81.80952380952381],[-54.333333333333336,82.0],[-54.0,82.28571428571428],[-53.82608695652174,82.17391304347827]]],[[[-45.22222222222222,83.0],[-44.0,83.06060606060606],[-43.904761904761905,82.9047619047619],[-44.0,82.75],[-44.77777777777777,82.77777777777777],[-45.22222222222222,83.0]]],[[[-31.14814814814815,84.14814814814815],[-30.962962962962965,84.0],[-34.0,83.9],[-34.92307692307693,83.92307692307693],[-35.093023255813954,84.09302325581396],[-35.0,84.28571428571428],[-32.904761904761905,84.0952380952381],[-31.14814814814815,84.14814814814815]]],[[[-66.0,85.82],[-67.0,85.85416666666666],[-67.15555555555555,86.0],[-67.0,86.10000000000001],[-66.0,86.13043478260869],[-64.96946564885496,86.03053435114504],[-66.0,85.82]]],[[[-60.0,88.75757575757575],[-61.74545454545454,88.74545454545454],[-62.0,88.5625],[-62.285714285714285,88.71428571428571],[-63.34210526315789,88.65789473684211],[-63.75,88.75],[-65.0,88.56],[-69.0,88.71428571428571],[-70.9622641509434,88.9622641509434],[-72.0,88.75675675675676],[-72.9,89.00000000000001],[-72.53846153846153,89.53846153846153],[-72.44444444444444,90.0],[-63.0,90.0],[-52.333333333333336,90.0],[-56.0,89.52173913043478],[-56.92307692307693,89.0],[-58.0,88.79591836734693],[-58.90625,88.90625],[-60.0,88.75757575757575]]],[[[16.0,-68.95652173913044],[20.97037037037037,-68.97037037037038],[21.285714285714285,-69.0],[21.0,-69.18181818181819],[18.0,-69.13333333333334],[16.0,-69.33333333333334],[15.911111111111111,-69.08888888888889],[16.0,-68.95652173913044]]],[[[30.0,-69.0],[29.77777777777778,-68.22222222222223],[29.777777777777775,-68.0],[29.970588235294116,-67.97058823529412],[30.210526315789473,-68.21052631578948],[30.0,-69.0]]],[[[79.75,-66.0],[81.33333333333334,-66.0],[80.1,-66.1],[80.0,-66.5],[79.75,-66.0]]],[[[87.0,-65.33333333333333],[85.89473684210526,-65.10526315789474],[84.9047619047619,-65.0952380952381],[85.0,-64.9746835443038],[87.5,-65.0],[87.0,-65.33333333333333]]],[[[70.19047619047619,-52.0],[69.33333333333334,-52.0],[70.0,-51.55555555555556],[70.21052631578948,-51.78947368421053],[70.19047619047619,-52.0]]],[[[62.0,-45.85185185185185],[62.44444444444444,-46.0],[62.55555555555556,-48.0],[62.0,-48.39473684210526],[61.25,-48.0],[60.810526315789474,-47.189473684210526],[60.883116883116884,-46.883116883116884],[61.5,-46.5],[62.0,-45.85185185185185]]],[[[46.0,-45.0],[46.38709677419355,-45.61290322580645],[47.0,-45.70967741935484],[47.46153846153846,-46.0],[47.0,-46.19565217391305],[45.29411764705882,-46.0],[45.303030303030305,-45.6969696969697],[45.0,-45.54545454545455],[44.88679245283019,-45.0],[45.0,-44.88888888888889],[46.0,-45.0]]],[[[42.40506329113924,-25.405063291139243],[42.07194244604317,-27.071942446043163],[42.0,-28.125],[41.319148936170215,-29.319148936170215],[41.38028169014085,-29.619718309859156],[41.0204081632653,-31.02040816326531],[39.0,-31.4375],[38.64383561643835,-30.35616438356164],[38.315789473684205,-30.315789473684212],[37.925,-30.075000000000003],[37.826771653543304,-29.173228346456696],[37.16666666666667,-28.0],[37.53125,-27.53125],[37.83720930232558,-26.837209302325583],[38.18181818181818,-25.0],[37.80952380952381,-23.80952380952381],[37.84210526315789,-23.157894736842103],[37.4,-23.0],[37.898305084745765,-22.89830508474576],[38.0,-22.5],[38.42857142857142,-22.0],[39.88235294117647,-21.88235294117647],[40.493506493506494,-21.493506493506494],[40.76,-21.0],[41.34285714285714,-20.65714285714286],[41.627906976744185,-20.627906976744185],[41.92660550458716,-19.926605504587155],[42.0,-18.642857142857142],[42.40909090909091,-18.409090909090907],[42.6,-18.0],[43.053333333333335,-17.946666666666665],[43.09917355371901,-18.90082644628099],[44.00000000000001,-20.05263157894737],[44.15384615384615,-21.153846153846153],[44.0,-21.666666666666668],[43.44444444444444,-22.444444444444443],[43.205882352941174,-23.205882352941174],[43.0084388185654,-25.0084388185654],[42.40506329113924,-25.405063291139243]]],[[[53.614285714285714,-22.0],[53.74358974358974,-21.0],[54.329787234042556,-20.329787234042552],[55.0,-18.4],[56.0,-18.90909090909091],[56.307692307692314,-18.692307692307693],[56.77777777777778,-18.77777777777778],[56.54716981132076,-18.452830188679247],[56.625,-18.0],[56.78181818181818,-17.78181818181818],[57.0,-17.82089552238806],[57.25,-18.0],[57.0,-19.037037037037035],[56.50476190476191,-19.504761904761907],[56.480000000000004,-20.0],[55.68253968253968,-20.682539682539684],[55.30081300813008,-21.300813008130078],[54.61616161616162,-21.616161616161616],[54.0,-22.574468085106382],[53.614285714285714,-22.0]]],[[[53.70833333333333,-15.0],[53.333333333333336,-14.0],[53.689922480620154,-13.689922480620156],[54.0,-13.677419354838708],[54.40816326530612,-14.0],[54.60810810810811,-14.391891891891891],[56.0,-14.600000000000001],[56.339622641509436,-15.0],[56.44262295081967,-16.0],[56.03030303030303,-17.03030303030303],[55.0,-17.588235294117645],[54.71428571428571,-17.0],[54.35460992907801,-15.645390070921986],[53.70833333333333,-15.0]]],[[[59.78242677824268,-12.782426778242678],[60.0,-12.365853658536585],[60.30588235294118,-12.694117647058825],[60.361111111111114,-13.0],[60.0,-13.40625],[59.76255707762557,-13.23744292237443],[59.78242677824268,-12.782426778242678]]],[[[59.78030303030303,-10.780303030303031],[60.0,-10.325581395348838],[60.42335766423358,-10.576642335766424],[60.483333333333334,-11.0],[60.35365853658536,-11.353658536585364],[60.0,-11.65909090909091],[59.778625954198475,-11.221374045801527],[59.78030303030303,-10.780303030303031]]],[[[60.64179104477612,-9.358208955223882],[60.64179104477611,-9.0],[61.0,-7.111111111111111],[61.396694214876035,-8.603305785123968],[61.30379746835443,-9.30379746835443],[61.0,-9.827586206896552],[60.64179104477612,-9.358208955223882]]],[[[11.244897959183675,27.244897959183675],[12.0,27.0],[12.228571428571428,26.228571428571428],[14.0,26.0],[14.333333333333334,25.333333333333336],[15.0,25.08],[15.785714285714285,25.214285714285715],[15.833333333333332,25.833333333333336],[16.333333333333336,26.666666666666668],[16.333333333333336,27.000000000000004],[16.845303867403317,27.154696132596683],[18.0,27.202898550724637],[19.05,27.05],[19.41176470588235,26.411764705882355],[20.137254901960784,26.137254901960787],[22.037209302325582,26.03720930232558],[22.231884057971016,25.231884057971016],[23.902439024390247,25.09756097560976],[25.82857142857143,25.17142857142857],[25.87096774193548,25.87096774193548],[26.04255319148936,26.04255319148936],[27.04878048780488,26.04878048780488],[27.22222222222222,26.0],[27.548387096774196,25.548387096774192],[28.0,25.363636363636363],[29.0,25.307692307692307],[29.363636363636367,25.636363636363637],[30.0,26.791666666666668],[30.84,26.840000000000003],[31.0,26.71428571428571],[31.08,27.080000000000002],[30.64,27.64],[30.733333333333334,28.266666666666666],[31.388349514563107,28.611650485436893],[31.955555555555556,30.0],[32.0,30.5],[32.333333333333336,30.333333333333336],[32.5,30.0],[33.19047619047619,29.80952380952381],[33.80952380952381,29.80952380952381],[34.0,29.333333333333336],[34.733333333333334,28.733333333333334],[34.88235294117647,26.88235294117647],[35.285714285714285,26.714285714285715],[35.77777777777778,27.22222222222222],[36.0,27.333333333333336],[36.22222222222222,27.22222222222222],[36.333333333333336,27.0],[36.285714285714285,26.714285714285715],[36.0,26.0],[36.77777777777778,25.77777777777778],[37.4,25.400000000000002],[37.69230769230769,24.692307692307693],[37.85185185185185,23.85185185185185],[38.66666666666667,23.666666666666668],[39.71428571428571,22.71428571428571],[39.85714285714286,21.857142857142858],[40.5,21.5],[41.0,20.0],[42.375,19.625],[42.66666666666667,19.666666666666668],[43.0,19.333333333333336],[43.85714285714286,18.857142857142858],[44.0,18.0],[44.66666666666667,18.333333333333336],[45.285714285714285,18.285714285714285],[46.0,18.0],[47.0,18.0],[47.476190476190474,17.476190476190474],[48.0,17.125],[48.0,16.0],[48.93333333333334,14.933333333333334],[48.76,14.24],[48.86363636363637,13.863636363636363],[50.0,13.137254901960784],[50.11570247933884,12.884297520661157],[50.07339449541284,12.073394495412844],[50.199999999999996,12.0],[50.20338983050847,11.203389830508474],[50.0,10.454545454545453],[49.642857142857146,10.357142857142858],[49.06349206349206,9.936507936507937],[49.0,9.5],[48.400000000000006,8.600000000000001],[48.272727272727266,8.0],[47.13333333333333,7.866666666666667],[47.0,7.689655172413794],[46.50617283950617,7.493827160493827],[46.130434782608695,7.0],[45.80645161290323,6.806451612903226],[45.13333333333334,7.133333333333333],[44.916666666666664,7.083333333333334],[44.904761904761905,6.904761904761905],[45.34920634920635,6.349206349206349],[45.09009009009009,5.09009009009009],[45.0,4.7727272727272725],[44.08080808080808,3.919191919191919],[44.0,2.90625],[42.74603174603175,2.253968253968254],[42.09090909090909,0.9090909090909092],[42.0,0.3333333333333333],[41.18867924528302,-0.18867924528301888],[41.14285714285714,-1.0],[40.65853658536585,-1.3414634146341464],[40.32432432432432,-1.3243243243243243],[40.32432432432432,-1.6756756756756759],[40.0,-2.15],[39.68421052631579,-2.3157894736842106],[39.315789473684205,-2.3157894736842106],[39.347826086956516,-2.6521739130434785],[39.19047619047619,-3.0],[38.768115942028984,-3.2318840579710146],[38.15094339622642,-3.150943396226415],[38.01005025125628,-4.010050251256281],[37.08,-4.08],[37.0,-4.75],[36.0,-5.0],[35.333333333333336,-4.666666666666667],[35.0,-4.0],[34.0,-3.5],[33.0,-3.8000000000000003],[32.0,-3.75],[31.714285714285715,-4.0],[31.6,-4.4],[31.66666666666667,-4.666666666666667],[31.0,-5.0],[31.5,-5.5],[31.846153846153847,-7.153846153846153],[32.71428571428571,-9.285714285714285],[32.6,-9.600000000000001],[32.64705882352941,-10.0],[33.086021505376344,-10.913978494623656],[33.0,-11.222222222222221],[32.125,-12.0],[32.37037037037037,-12.62962962962963],[33.0,-13.0],[33.0,-14.5],[32.77777777777778,-15.0],[33.0,-15.285714285714286],[33.101010101010104,-15.8989898989899],[33.421052631578945,-16.57894736842105],[34.05357142857143,-17.0],[34.111111111111114,-20.0],[34.0,-21.19047619047619],[33.52112676056338,-21.52112676056338],[33.13953488372093,-22.13953488372093],[32.48648648648649,-22.486486486486488],[32.13636363636364,-23.0],[31.22641509433962,-23.22641509433962],[31.0,-23.666666666666664],[30.153846153846153,-24.153846153846153],[30.022988505747126,-25.022988505747126],[29.240000000000002,-25.240000000000002],[29.0,-26.0],[28.0,-26.0],[28.5,-26.5],[28.5,-27.0],[29.0,-27.75],[29.0,-29.333333333333336],[28.555555555555554,-30.0],[28.217391304347828,-30.217391304347828],[28.0,-30.833333333333336],[26.666666666666668,-31.333333333333336],[26.200000000000003,-31.2],[26.0,-32.0],[25.400000000000002,-32.4],[25.227272727272727,-33.0],[25.285714285714285,-34.0],[24.450000000000003,-34.45],[23.5,-36.0],[22.528846153846153,-36.52884615384615],[22.120370370370374,-37.120370370370374],[21.461538461538463,-37.46153846153847],[21.06542056074766,-38.06542056074766],[20.28828828828829,-38.288288288288285],[20.0,-38.66666666666667],[19.42857142857143,-39.0],[18.19753086419753,-39.19753086419753],[16.900000000000002,-39.9],[12.0,-40.0],[11.0,-39.95238095238095],[10.294117647058822,-39.705882352941174],[10.0,-39.0],[10.0,-38.0],[10.285714285714286,-37.0],[9.657142857142857,-36.34285714285714],[9.333333333333334,-35.66666666666667],[9.166666666666668,-34.833333333333336],[8.647058823529411,-34.35294117647059],[8.5,-34.0],[8.0,-33.45454545454545],[7.666666666666668,-33.333333333333336],[7.266666666666667,-32.733333333333334],[7.0,-30.0],[6.583333333333334,-29.416666666666668],[6.5,-29.0],[6.6000000000000005,-28.0],[6.142857142857142,-26.857142857142854],[6.0,-26.0],[4.6923076923076925,-23.307692307692307],[4.621621621621621,-22.0],[5.0,-20.22222222222222],[5.166666666666667,-20.0],[5.705882352941177,-19.705882352941174],[5.645833333333333,-19.354166666666664],[5.934426229508197,-17.934426229508198],[6.521739130434783,-17.52173913043478],[6.863636363636364,-17.0],[7.065573770491803,-15.934426229508198],[6.777777777777778,-14.0],[6.875,-13.0],[6.573770491803279,-12.426229508196721],[5.911111111111111,-11.911111111111111],[5.877551020408164,-11.122448979591837],[5.76923076923077,-11.0],[5.851851851851851,-10.0],[5.684210526315789,-9.31578947368421],[5.0,-8.952380952380953],[4.663865546218488,-8.336134453781513],[4.0,-8.0],[3.862068965517241,-7.137931034482758],[2.986111111111111,-7.0],[3.0,-4.7],[3.4000000000000004,-4.4],[3.76,-3.76],[3.6585365853658534,-3.341463414634146],[3.787878787878788,-2.787878787878788],[4.0,-2.3],[4.3,-2.0],[4.083333333333333,-1.0],[3.2631578947368425,0.26315789473684215],[1.8611111111111112,0.8611111111111112],[0.9386503067484663,0.9386503067484663],[0.7435897435897436,1.2564102564102564],[0.7435897435897436,1.7435897435897436],[0.0,2.090909090909091],[-0.36363636363636365,2.6363636363636367],[-1.121212121212121,2.8787878787878785],[-3.861111111111111,2.8611111111111107],[-4.448979591836734,2.4489795918367347],[-4.733333333333333,2.0],[-5.897435897435898,1.8974358974358974],[-6.300000000000001,1.7],[-6.681818181818182,1.6818181818181819],[-7.010471204188481,0.9895287958115183],[-8.0,1.5],[-8.151515151515152,1.8484848484848486],[-11.908396946564885,1.9083969465648856],[-12.846153846153847,1.8461538461538463],[-13.0,1.6842105263157894],[-13.13953488372093,1.8604651162790697],[-13.829787234042554,1.8297872340425532],[-14.666666666666668,2.0],[-15.0,2.4444444444444446],[-15.098039215686274,2.901960784313726],[-15.5,3.0],[-16.0,3.454545454545454],[-16.11764705882353,3.8823529411764706],[-16.75,4.0],[-17.0,4.333333333333334],[-17.08695652173913,4.913043478260869],[-18.2,5.0],[-18.400000000000002,5.6000000000000005],[-19.0,5.800000000000001],[-19.0,6.5],[-18.80952380952381,6.80952380952381],[-19.0,7.285714285714286],[-19.285714285714285,7.285714285714286],[-19.666666666666664,7.0],[-20.125,7.0],[-20.363636363636363,7.636363636363637],[-21.0,7.875],[-21.22222222222222,9.0],[-21.1875,10.0],[-21.307692307692307,10.692307692307693],[-21.5,11.0],[-21.113207547169814,12.11320754716981],[-21.14035087719298,12.859649122807017],[-21.0,13.444444444444443],[-20.615384615384613,13.615384615384613],[-20.200000000000003,14.200000000000001],[-20.045454545454547,16.0],[-20.1875,17.8125],[-20.8125,17.8125],[-21.055555555555554,18.0],[-21.0,18.75],[-20.857142857142858,19.000000000000004],[-20.285714285714285,19.285714285714285],[-20.0,20.75],[-19.833333333333336,21.0],[-19.263157894736842,21.263157894736842],[-18.77777777777778,22.77777777777778],[-17.22222222222222,23.22222222222222],[-17.014598540145982,24.014598540145986],[-16.21818181818182,24.21818181818182],[-16.06382978723404,25.063829787234045],[-15.292682926829269,25.292682926829272],[-15.0,25.75],[-13.999999999999998,25.818181818181817],[-12.68,26.68],[-12.466666666666667,27.0],[-12.823529411764705,28.0],[-11.285714285714286,30.0],[-11.096385542168674,30.096385542168676],[-11.0,31.115384615384617],[-10.421052631578947,31.421052631578945],[-10.000000000000002,31.923076923076923],[-9.239999999999998,32.24],[-9.0,33.5],[-8.555555555555555,33.44444444444444],[-8.5,33.0],[-8.285714285714285,32.71428571428571],[-8.0,32.6],[-7.666666666666668,32.66666666666667],[-7.714285714285714,33.0],[-7.5,33.5],[-6.703703703703703,33.7037037037037],[-6.444444444444445,33.55555555555555],[-6.0,33.59259259259259],[-4.760869565217392,33.23913043478261],[-3.0,33.26984126984127],[-2.395348837209302,33.395348837209305],[-1.7,34.0],[-1.0,34.19718309859155],[6.0,34.20388349514563],[6.287671232876713,34.28767123287672],[6.7924528301886795,34.20754716981132],[7.0,34.47826086956522],[7.444444444444444,34.55555555555555],[7.857142857142858,35.0],[8.036697247706423,35.03669724770642],[8.5,35.0],[9.0,34.5],[9.166666666666668,33.83333333333333],[8.923076923076923,33.0],[8.476190476190476,32.0],[8.4,31.0],[8.571428571428573,30.571428571428573],[9.25,30.0],[9.0,29.0],[9.363636363636363,28.363636363636363],[11.244897959183675,27.244897959183675]],[[22.0,-13.222222222222221],[22.22222222222222,-13.0],[22.210526315789473,-12.789473684210527],[22.0,-12.5],[21.5,-12.5],[21.0,-12.0],[21.0,-13.0],[22.0,-13.222222222222221]],[[22.333333333333336,-11.0],[22.0,-10.8],[21.5,-11.0],[21.666666666666668,-11.333333333333334],[22.0,-11.333333333333334],[22.333333333333336,-11.0]],[[-7.4,32.0],[-7.0,31.909090909090907],[-7.0,32.285714285714285],[-7.333333333333334,32.333333333333336],[-7.4,32.0]]],[[[20.35483870967742,30.0],[20.0,29.84285714285714],[19.87912087912088,30.0],[20.0,30.439999999999998],[20.305555555555557,30.305555555555557],[20.35483870967742,30.0]]],[[[23.080000000000002,32.08],[23.0,31.333333333333336],[22.555555555555557,32.0],[23.080000000000002,32.08]]],[[[30.21875,31.78125],[30.0,31.5625],[29.618181818181817,31.618181818181817],[29.22222222222222,32.0],[29.363636363636367,32.36363636363636],[29.285714285714285,32.71428571428571],[29.714285714285715,32.71428571428571],[30.0,32.875],[30.264150943396224,32.26415094339623],[30.21875,31.78125]]],[[[24.523809523809522,33.476190476190474],[25.0,34.0],[26.0,33.5],[27.000000000000004,33.66666666666667],[27.4,33.4],[27.5,33.0],[27.38095238095238,32.61904761904761],[27.0,32.42857142857143],[26.91011235955056,32.91011235955056],[25.0,32.81132075471698],[24.545454545454547,33.0],[24.523809523809522,33.476190476190474]]],[[[11.0,35.5],[11.441176470588236,35.44117647058823],[11.789473684210526,35.0],[11.405405405405403,34.5945945945946],[10.680851063829788,34.68085106382979],[10.0625,35.0],[11.0,35.5]]],[[[109.9,19.0],[109.81818181818181,18.181818181818183],[109.0,18.0],[108.5,17.5],[107.5,17.5],[107.0,18.0],[107.0,17.0],[108.15384615384616,16.846153846153847],[109.0,17.0],[109.0,16.0],[109.81818181818181,16.18181818181818],[110.14285714285714,16.142857142857142],[110.25,16.0],[110.04255319148936,15.957446808510639],[109.70731707317074,15.292682926829269],[109.80645161290323,14.806451612903224],[110.4367816091954,13.436781609195403],[111.0,13.0],[111.06060606060606,12.0],[110.88888888888889,11.11111111111111],[110.5,11.0],[110.0,10.0],[110.5,9.0],[110.5,8.5],[110.0,8.0],[111.0,8.0],[111.28571428571428,8.714285714285714],[111.375,10.0],[111.80769230769232,10.192307692307693],[113.0,10.0],[113.26666666666667,9.266666666666666],[116.0,9.0],[116.60000000000001,9.4],[116.875,10.0],[117.04761904761904,11.0],[117.72602739726028,11.273972602739725],[118.0,11.588235294117647],[118.36363636363637,11.636363636363637],[119.00790513833992,12.00790513833992],[119.72881355932203,11.728813559322035],[120.62162162162163,11.621621621621623],[121.0,11.363636363636363],[121.0,10.82608695652174],[120.09523809523809,10.0],[120.35294117647058,9.352941176470587],[121.0,9.049999999999999],[121.13043478260869,8.130434782608695],[122.0081300813008,8.0],[122.0,7.75],[121.5,7.0],[121.64705882352939,6.647058823529411],[122.0,6.4],[122.02857142857142,4.0285714285714285],[122.11111111111111,4.0],[122.0,3.0],[121.03149606299212,2.968503937007874],[121.01599999999999,2.0],[121.01639344262296,0.016393442622950838],[121.125,0.0],[121.33333333333333,-1.0],[121.74193548387098,-1.2580645161290323],[122.0,-1.6666666666666665],[122.1639344262295,-2.8360655737704916],[122.0,-3.211267605633803],[121.0,-3.064516129032258],[118.0,-3.2592592592592595],[115.04347826086958,-4.043478260869565],[114.0,-4.0],[113.7142857142857,-3.2857142857142856],[113.0,-3.071428571428571],[111.20588235294117,-3.2058823529411766],[109.95046439628484,-3.0495356037151704],[109.6923076923077,-2.6923076923076925],[109.75,-2.25],[109.38636363636363,-2.3863636363636362],[108.80346820809248,-2.1965317919075145],[108.26666666666667,-2.2666666666666666],[107.11764705882352,-2.0],[107.13793103448276,-1.8620689655172413],[106.63934426229508,-1.360655737704918],[105.74683544303798,-1.2531645569620253],[105.0,-1.0],[104.4090909090909,-0.5909090909090908],[104.0,0.0],[103.13793103448276,0.13793103448275862],[102.0,0.7567567567567568],[100.92857142857143,1.0],[100.51351351351352,1.5135135135135136],[100.3076923076923,2.0],[100.62105263157895,2.378947368421053],[101.0,2.72],[102.0,3.0],[103.0,3.0],[103.0,4.0],[102.33333333333334,4.333333333333334],[102.0,5.0],[101.5,5.5],[101.0,5.7142857142857135],[100.63636363636364,5.636363636363637],[100.0,6.0],[100.0,5.0],[99.25,4.75],[99.33333333333334,4.333333333333334],[99.10256410256412,3.8974358974358974],[99.0,3.0],[98.36363636363637,2.6363636363636367],[98.14285714285715,2.0],[98.33333333333334,1.6666666666666665],[98.33333333333334,1.3333333333333333],[98.60000000000001,1.4000000000000001],[99.0,1.25],[99.13333333333333,1.0],[98.0,0.9918032786885246],[97.9607843137255,1.9607843137254901],[95.99307958477509,1.9930795847750864],[95.90476190476191,2.904761904761905],[94.88235294117648,3.0],[94.81818181818181,3.1818181818181817],[95.0,4.0],[96.0,5.0],[95.33333333333334,5.333333333333334],[94.66666666666667,5.0],[94.5,4.5],[93.77777777777777,4.222222222222222],[93.66666666666667,4.0],[93.04878048780488,3.951219512195122],[92.9,4.1],[92.9,4.8999999999999995],[91.96875,5.0],[91.88235294117646,5.882352941176471],[91.11764705882352,5.882352941176471],[90.77777777777779,6.0],[90.55555555555556,6.555555555555555],[90.0,6.777777777777778],[89.92156862745097,6.921568627450981],[88.96923076923078,6.969230769230769],[88.88888888888889,7.888888888888889],[88.15,7.85],[87.00000000000001,8.142857142857142],[86.95238095238095,8.047619047619047],[86.0,8.028571428571428],[85.16666666666667,8.166666666666666],[85.0,8.294117647058822],[84.7560975609756,8.24390243902439],[84.58333333333333,8.0],[84.1917808219178,7.808219178082192],[83.78571428571428,7.0],[81.32432432432432,6.675675675675676],[80.63888888888889,6.361111111111112],[80.23076923076923,5.76923076923077],[80.12,5.0],[80.21538461538461,4.2153846153846155],[80.53846153846155,4.0],[80.67567567567568,3.6756756756756754],[81.0,3.571428571428571],[81.15384615384615,3.1538461538461537],[81.5,3.0],[81.1038961038961,2.896103896103896],[81.0,2.5789473684210527],[80.5111111111111,2.4888888888888885],[80.0,2.0],[79.47999999999999,2.48],[79.0,2.666666666666667],[78.0,2.2857142857142856],[77.66666666666667,2.0],[76.21917808219177,1.7808219178082192],[75.60655737704917,1.3934426229508197],[75.25,1.0],[74.31683168316832,0.6831683168316831],[74.0,0.23809523809523808],[73.44444444444444,0.0],[71.14814814814815,-0.14814814814814814],[70.6,-1.0],[70.15,-1.15],[70.03296703296704,-3.032967032967033],[69.41666666666667,-3.416666666666667],[69.10752688172043,-4.10752688172043],[69.02816901408451,-6.0],[69.16216216216216,-7.837837837837838],[69.8076923076923,-8.192307692307693],[70.0,-8.5],[70.05681818181819,-9.0],[69.34210526315789,-9.342105263157894],[69.02758620689656,-10.027586206896553],[68.71428571428571,-10.0],[68.3174603174603,-9.682539682539682],[67.953125,-9.0],[68.78571428571429,-8.0],[68.78378378378379,-7.216216216216216],[68.60000000000001,-6.4],[68.0,-6.1000000000000005],[67.0,-6.3125],[66.0,-7.3125],[65.47916666666667,-6.520833333333334],[64.89915966386555,-6.100840336134454],[65.0,-5.333333333333334],[65.23076923076923,-5.0],[64.95,-3.95],[64.88,-1.88],[65.05263157894737,-1.0],[65.0,0.0],[64.68421052631578,0.6842105263157894],[64.66666666666666,1.0],[64.0,2.0],[64.2,3.2],[64.0,4.0],[63.71428571428571,4.7142857142857135],[63.0,5.0],[63.0,6.0],[63.25,6.75],[63.0,7.25],[62.922077922077925,7.922077922077922],[62.75,8.25],[62.75,8.75],[62.0,9.0],[61.94117647058823,9.941176470588236],[61.7037037037037,10.703703703703702],[61.0,11.0],[61.315789473684205,11.684210526315788],[61.333333333333336,12.0],[60.760000000000005,12.24],[60.19047619047619,12.19047619047619],[60.0,12.285714285714285],[59.00000000000001,12.142857142857144],[58.89565217391304,12.895652173913042],[58.142857142857146,13.000000000000002],[57.793103448275865,13.793103448275861],[57.0,14.0],[55.98,14.0],[56.0,14.5],[56.285714285714285,14.714285714285712],[56.25,15.25],[56.5,17.0],[56.400000000000006,20.0],[56.0,20.333333333333336],[55.80952380952381,20.19047619047619],[55.00000000000001,20.133333333333336],[54.803030303030305,20.803030303030305],[54.27777777777778,21.0],[54.33333333333334,22.0],[54.22222222222222,22.22222222222222],[54.0,22.299999999999997],[53.77049180327869,22.770491803278688],[53.22222222222222,23.0],[53.5,24.0],[53.400000000000006,24.400000000000002],[53.0,24.375],[52.58333333333333,24.583333333333336],[52.285714285714285,25.285714285714285],[51.8421052631579,25.157894736842103],[50.064516129032256,25.064516129032256],[49.0,25.5],[48.94642857142857,25.94642857142857],[48.46153846153847,26.461538461538463],[48.0,26.705882352941174],[47.916666666666664,26.916666666666664],[47.375,27.0],[47.0,27.214285714285715],[46.8018018018018,27.8018018018018],[45.977941176470594,27.977941176470587],[45.72727272727273,28.727272727272727],[45.205882352941174,28.794117647058822],[44.88888888888889,29.0],[44.675,29.675],[44.266666666666666,29.733333333333334],[43.86206896551724,30.0],[43.65714285714286,30.65714285714286],[43.29629629629629,30.703703703703702],[42.78378378378378,31.0],[42.464000000000006,31.464000000000002],[41.54166666666667,32.0],[40.69491525423729,32.69491525423729],[40.23913043478261,33.23913043478261],[40.0,33.282051282051285],[39.096774193548384,34.0],[39.19354838709677,34.193548387096776],[39.14814814814815,34.85185185185185],[41.0,34.8125],[41.6,35.0],[41.0,35.25],[40.0,35.30769230769231],[39.0,35.18181818181818],[38.0,35.3125],[37.6875,35.0],[37.213592233009706,34.786407766990294],[37.0,34.3125],[35.66666666666667,34.0],[35.02116402116402,33.97883597883598],[34.666666666666664,34.0],[34.0,34.285714285714285],[33.829787234042556,34.170212765957444],[33.81818181818181,34.0],[32.81725888324873,33.817258883248726],[32.142857142857146,34.0],[32.0,34.25],[31.0,34.25],[30.5,34.5],[30.25,35.0],[30.0,35.16666666666667],[29.0,35.090909090909086],[27.22222222222222,35.22222222222222],[26.555555555555554,35.44444444444444],[26.0,35.0],[25.22222222222222,34.77777777777778],[25.0,34.0],[24.5,34.5],[24.5,35.0],[24.333333333333336,35.333333333333336],[24.0,35.111111111111114],[23.372093023255815,35.372093023255815],[22.636363636363637,35.36363636363637],[21.4,35.0],[21.0,34.5],[20.75,34.75],[20.4375,34.5625],[20.0,34.611111111111114],[19.50561797752809,34.49438202247191],[19.24137931034483,34.0],[19.555555555555554,33.55555555555555],[20.0,33.18518518518518],[20.185185185185187,33.18518518518518],[20.270270270270274,32.72972972972973],[19.666666666666668,32.0],[19.0,31.77777777777778],[17.976377952755904,31.976377952755904],[17.88034188034188,32.88034188034188],[17.0,33.565217391304344],[16.714285714285715,34.0],[15.65,37.0],[15.368794326241133,37.36879432624113],[15.0,37.68421052631579],[14.630769230769232,37.63076923076923],[14.206896551724139,37.793103448275865],[14.0,37.666666666666664],[13.684210526315788,37.68421052631579],[13.0,38.0],[12.555555555555555,37.44444444444444],[12.666666666666668,36.66666666666667],[13.0,36.714285714285715],[13.5,36.5],[14.0,36.0],[13.538461538461538,35.46153846153847],[13.505154639175258,34.50515463917526],[13.714285714285714,34.0],[13.166666666666668,33.83333333333333],[13.0,33.44444444444444],[12.724137931034482,33.275862068965516],[12.75,33.0],[12.19047619047619,32.80952380952381],[12.0,32.55555555555556],[11.5,32.5],[11.0,32.0],[10.5,32.5],[9.681818181818182,32.68181818181818],[9.222222222222221,33.0],[9.681818181818182,33.31818181818181],[11.0,33.107142857142854],[11.586206896551724,33.41379310344828],[12.0,34.0],[12.205128205128204,34.794871794871796],[12.2,35.8],[12.333333333333334,36.333333333333336],[9.688622754491018,36.688622754491014],[9.10344827586207,37.0],[9.676470588235293,38.0],[9.450980392156863,38.450980392156865],[8.821428571428571,38.82142857142857],[7.916279069767442,38.91627906976744],[7.64,39.36],[7.705882352941177,39.705882352941174],[7.405405405405405,39.5945945945946],[6.803921568627452,39.80392156862745],[6.0,39.87356321839081],[5.0,39.585585585585584],[4.664233576642336,39.66423357664234],[4.26984126984127,40.0],[4.354166666666666,40.354166666666664],[4.15,40.85],[4.6,41.0],[5.0,42.0],[4.0,42.470588235294116],[3.6734693877551026,42.3265306122449],[3.454545454545454,41.54545454545455],[3.0,41.230769230769226],[2.76,41.239999999999995],[0.75,40.25],[0.6,40.0],[-0.2142857142857143,40.0],[-0.12,41.0],[-0.41379310344827586,41.58620689655172],[-1.0,41.733333333333334],[-1.3666666666666667,41.366666666666674],[-1.349206349206349,40.34920634920635],[-1.5942028985507246,39.594202898550726],[-2.6037735849056607,38.60377358490567],[-3.0,38.57142857142857],[-3.3499999999999996,38.35],[-3.5384615384615383,38.0],[-3.444444444444444,37.55555555555555],[-3.0,37.0],[-3.506849315068493,36.50684931506849],[-4.0,36.4],[-5.0,36.44117647058823],[-5.27027027027027,36.270270270270274],[-5.705882352941176,35.0],[-7.0,34.142857142857146],[-7.8,34.0],[-7.5,33.5],[-8.0,33.666666666666664],[-8.4,33.6],[-8.333333333333334,34.0],[-8.851851851851851,34.14814814814815],[-9.193548387096774,34.806451612903224],[-10.0,35.0],[-11.136363636363637,35.0],[-11.19047619047619,36.0],[-11.454545454545455,36.54545454545455],[-12.352941176470589,37.0],[-12.099173553719009,37.09917355371901],[-12.0,38.0],[-12.089743589743591,41.0],[-12.0,41.21875],[-11.0,41.72727272727273],[-10.0,41.56410256410257],[-9.048,42.048],[-6.871794871794872,42.12820512820513],[-6.0,41.62068965517241],[-5.694444444444445,41.69444444444444],[-5.083333333333333,42.0],[-5.285714285714286,42.71428571428571],[-5.7142857142857135,42.71428571428571],[-6.0606060606060606,42.93939393939394],[-6.0,43.5],[-5.7142857142857135,43.71428571428571],[-5.666666666666666,44.0],[-6.0,44.5],[-6.4,44.6],[-7.0,45.0],[-8.333333333333334,45.333333333333336],[-9.0,45.0],[-9.0,46.0],[-8.600000000000001,46.6],[-7.5,47.0],[-7.6,47.4],[-8.0,48.0],[-8.25,47.25],[-9.0,47.142857142857146],[-9.285714285714285,47.285714285714285],[-9.714285714285714,47.285714285714285],[-10.0,49.0],[-13.0,49.0],[-13.714285714285714,49.285714285714285],[-14.25,50.0],[-13.833333333333334,51.0],[-13.666666666666668,52.33333333333334],[-14.0,53.0],[-13.0,53.0],[-11.0,54.0],[-10.108108108108109,54.108108108108105],[-10.128205128205128,54.87179487179487],[-10.0,55.089285714285715],[-9.354430379746836,55.35443037974684],[-9.0,56.900000000000006],[-7.875,56.875],[-7.75,57.0],[-7.818181818181818,57.18181818181819],[-9.0,57.25],[-9.050420168067227,58.05042016806723],[-8.214285714285715,58.21428571428571],[-8.0,58.5],[-7.647058823529411,58.647058823529406],[-7.647058823529411,59.0],[-7.309859154929578,59.30985915492958],[-7.0,59.39285714285714],[-6.0,59.21052631578948],[-5.7333333333333325,59.266666666666666],[-5.2,59.0],[-5.333333333333334,58.0],[-6.0,57.0],[-6.0,56.0],[-5.0,56.0],[-5.0,55.0],[-4.0,54.0],[-5.0,53.75],[-5.375,53.375],[-5.333333333333334,53.0],[-5.0,52.66666666666667],[-4.0,52.5],[-3.6000000000000005,52.6],[-3.3333333333333335,53.0],[-3.4000000000000004,53.400000000000006],[-3.0,54.0],[-2.0,54.0],[-2.0,55.0],[2.0,55.0],[2.0,56.0],[1.2857142857142856,56.285714285714285],[1.0,56.75],[0.8,56.8],[-0.2857142857142857,58.71428571428571],[-0.6,60.0],[0.3076923076923077,60.69230769230769],[1.25,61.0],[1.6842105263157894,61.315789473684205],[3.0,61.66666666666667],[3.1578947368421053,61.84210526315789],[4.0344827586206895,61.96551724137932],[5.0,63.0],[5.736842105263158,63.26315789473685],[6.0,64.375],[6.833333333333334,65.0],[6.800000000000001,65.2],[7.0,65.5],[7.074074074074074,65.92592592592592],[8.142857142857142,66.0],[7.846153846153847,66.84615384615385],[7.94392523364486,67.05607476635514],[9.866666666666667,67.13333333333334],[10.472222222222221,67.52777777777777],[11.0,68.44444444444444],[11.400000000000002,68.60000000000001],[13.121212121212121,68.87878787878788],[14.105263157894736,68.89473684210526],[14.657142857142858,69.34285714285714],[15.0,69.46153846153845],[17.0,69.625],[22.0,69.6875],[22.57894736842105,69.57894736842104],[23.25,69.0],[23.759999999999998,68.75999999999999],[25.0,68.5],[26.0,68.75],[27.0,68.57142857142857],[28.0,68.66666666666667],[28.421052631578945,68.42105263157895],[28.57142857142857,68.0],[29.0,67.75],[30.0,67.64285714285714],[31.75,67.75],[32.6,67.6],[33.285714285714285,67.28571428571428],[33.333333333333336,67.0],[33.733333333333334,66.73333333333333],[34.0,66.0],[35.333333333333336,66.66666666666667],[35.333333333333336,67.0],[35.71428571428571,67.28571428571428],[36.470588235294116,67.52941176470588],[37.0,68.0],[37.0,69.0],[38.0,69.0],[38.66666666666667,69.33333333333334],[39.5,69.5],[40.6,70.4],[41.333333333333336,70.66666666666667],[41.6,71.4],[42.0,72.0],[42.0,73.0],[43.0,73.5],[43.5,74.0],[43.63636363636364,74.36363636363636],[44.333333333333336,75.0],[43.5,76.0],[43.75,76.25],[45.0,76.66666666666667],[46.0,76.5],[47.0,76.5],[47.22222222222222,76.77777777777777],[48.0,77.0],[50.0,77.28571428571428],[51.0,77.0],[53.1,76.9],[53.769230769230774,77.23076923076923],[55.0,77.5],[55.40909090909091,77.4090909090909],[55.9,77.0],[55.55555555555555,76.44444444444444],[54.80952380952381,76.19047619047619],[54.42857142857143,75.57142857142858],[53.86666666666666,75.13333333333333],[50.733333333333334,75.26666666666667],[50.0,75.0],[49.484848484848484,74.51515151515152],[48.2,74.0],[47.0,73.2],[46.733333333333334,72.73333333333333],[46.68421052631579,72.3157894736842],[46.4,72.0],[46.66666666666667,71.66666666666667],[46.888888888888886,71.0],[46.63636363636364,70.36363636363636],[46.00000000000001,70.2],[42.75,70.25],[42.5,70.0],[42.5,69.5],[42.0,69.0],[43.0,69.0],[43.66666666666667,69.33333333333334],[45.0,69.5],[46.0,69.5],[47.0,69.33333333333334],[48.0,69.5],[48.36363636363636,69.63636363636364],[48.5,70.0],[48.78947368421052,70.21052631578948],[50.0,70.57142857142857],[50.44444444444444,70.44444444444444],[51.00000000000001,69.66666666666667],[52.0,69.44444444444444],[53.0,69.64285714285714],[55.25,69.75],[57.0,70.0],[56.0,70.5],[55.5,71.0],[56.0,72.0],[57.0,72.0],[57.0,73.0],[56.0,73.0],[55.5,73.5],[55.5,74.0],[55.75,74.25],[57.25,74.75],[58.0,75.33333333333334],[59.0,75.66666666666667],[60.0,75.5],[60.400000000000006,75.60000000000001],[61.0,76.0],[64.0,76.0],[64.0,77.0],[65.0,77.0],[65.60000000000001,77.4],[66.0,78.0],[66.60000000000001,77.6],[67.0,77.5],[67.33333333333334,77.66666666666667],[67.5,78.0],[67.0,78.5],[66.60000000000001,78.60000000000001],[66.33333333333334,79.33333333333334],[66.0,79.5],[65.5,79.5],[65.0,80.0],[65.75,80.25],[67.0,80.16666666666667],[67.33333333333333,80.0],[67.6,79.6],[69.0,79.25],[70.0,79.66666666666667],[71.0,79.5],[71.5,79.0],[71.5,78.5],[71.0,78.0],[70.0,78.0],[70.0,77.0],[73.0,77.0],[73.0,79.0],[76.0,79.0],[76.4,79.6],[77.0,80.0],[75.33333333333334,80.33333333333334],[75.0,81.0],[75.0,82.0],[76.0,82.1764705882353],[79.74545454545455,82.25454545454545],[81.0,82.03225806451613],[84.0,81.94736842105263],[84.81818181818181,81.81818181818181],[85.5,81.5],[86.0,80.66666666666667],[87.0,80.4],[87.35294117647058,80.6470588235294],[88.19999999999999,80.80000000000001],[90.86666666666667,80.86666666666667],[92.6190476190476,80.61904761904762],[94.0,80.0],[94.89999999999999,80.1],[99.33333333333334,80.0],[99.5,79.5],[100.18181818181819,79.18181818181819],[101.0,79.0],[105.0,79.0],[105.47058823529412,79.52941176470588],[105.5,80.0],[106.0,80.26666666666667],[106.14285714285715,80.14285714285714],[106.83333333333334,80.16666666666666],[107.83333333333333,80.0],[107.77777777777777,79.77777777777777],[108.0,79.0],[108.66666666666667,78.66666666666667],[109.0,78.66666666666667],[110.0,78.0],[113.0,78.0],[113.0,79.0],[114.0,79.15384615384615],[114.66666666666667,79.0],[114.66666666666667,78.66666666666667],[115.0,78.0],[115.4,78.60000000000001],[115.5,79.0],[116.0,79.11111111111111],[118.0,79.0],[119.18181818181817,79.18181818181819],[120.0,79.0],[120.60000000000001,79.4],[121.0,80.0],[122.0,80.0],[123.00000000000001,79.66666666666667],[124.0,80.0],[126.0,80.0],[126.0,81.0],[128.0,81.0],[127.0,80.0],[128.0,79.66666666666667],[128.5,80.0],[128.5,80.5],[129.0,81.0],[130.0,81.0],[131.0,81.25],[132.6,81.4],[133.4,81.60000000000001],[134.0,82.0],[135.5,82.0],[135.66666666666669,81.66666666666667],[136.4,81.4],[137.0,81.0],[138.0,81.0],[139.0,82.0],[140.0,82.0],[140.0,81.0],[141.0,81.0],[141.5,82.0],[141.93939393939394,82.06060606060606],[142.0,83.0],[142.5,82.5],[142.5,82.0],[142.71428571428572,81.71428571428571],[143.0,81.5],[143.5,81.5],[144.0,81.0],[144.26666666666665,80.26666666666667],[145.0,80.0],[149.13793103448276,80.13793103448276],[152.0,80.125],[153.0,80.0],[156.0,80.07692307692308],[156.15384615384616,79.84615384615385],[156.23529411764707,79.23529411764706],[157.0,79.0],[158.85185185185185,79.14814814814815],[164.0,79.0],[164.0,78.0],[166.0,78.0],[167.0,77.66666666666667],[167.5,78.0],[167.6,78.4],[168.0,79.0],[168.5,78.0],[169.0,77.66666666666667],[169.25,77.75],[170.0,78.5],[170.4,78.4],[171.0,78.0],[172.0,78.0],[173.0,78.33333333333334],[174.0,78.0],[173.0,77.0],[172.0,77.0],[171.60000000000002,76.4],[171.0,76.0],[171.71428571428572,75.71428571428571],[173.0,75.5],[174.5,75.5],[175.0,75.0],[175.0,76.0],[174.6,76.60000000000001],[174.5,77.5],[175.0,78.0],[177.0,78.0],[177.0,77.0],[178.0,77.0],[178.0,76.0],[177.4,75.60000000000001],[176.60000000000002,75.4],[176.0,75.0],[178.71428571428572,74.71428571428571],[179.0,74.5],[179.36363636363637,74.63636363636363],[179.77777777777777,75.22222222222223],[180.0,75.2],[180.0,66.47826086956522],[178.75,66.25],[178.375,66.0],[179.0,65.66666666666667],[179.20618556701032,65.20618556701031],[179.0,64.28571428571428],[178.0,64.15384615384616],[177.23529411764707,63.76470588235294],[176.81395348837208,63.81395348837209],[176.0,63.66666666666667],[174.92307692307693,63.00000000000001],[174.71428571428572,62.285714285714285],[174.33333333333334,62.333333333333336],[174.00000000000003,62.2],[173.74468085106383,62.74468085106383],[172.15384615384616,62.84615384615385],[171.49056603773585,62.509433962264154],[171.0,61.8],[170.2439024390244,62.243902439024396],[169.64285714285714,62.35714285714286],[169.0,62.0],[168.28571428571428,62.285714285714285],[167.73333333333335,62.266666666666666],[167.02666666666667,61.973333333333336],[167.24561403508773,60.75438596491228],[167.03225806451613,60.03225806451613],[167.8085106382979,60.191489361702125],[168.8181818181818,60.0],[168.13846153846154,59.861538461538466],[166.5,60.0],[166.77777777777777,60.22222222222222],[166.54098360655738,60.540983606557376],[166.48717948717947,61.48717948717948],[166.0,61.76],[165.46153846153845,61.53846153846154],[165.20833333333334,61.0],[165.3030303030303,60.69696969696969],[165.1904761904762,60.19047619047619],[165.66666666666669,60.00000000000001],[165.0,59.96363636363637],[164.34285714285716,59.65714285714286],[164.3777777777778,59.37777777777778],[164.14345991561183,58.856540084388186],[163.46280991735537,58.53719008264463],[162.93333333333334,58.06666666666666],[162.85185185185185,57.85185185185185],[163.0,57.5],[163.0,56.0],[162.46153846153845,56.46153846153846],[162.0,56.599999999999994],[161.57692307692307,55.0],[161.16216216216216,54.83783783783784],[161.0,54.21052631578948],[160.8095238095238,54.19047619047619],[160.66666666666669,54.00000000000001],[160.1012658227848,53.89873417721519],[160.0,53.2],[159.0,53.69230769230769],[158.68,53.68],[158.20000000000002,54.0],[158.4,54.400000000000006],[158.0,55.0],[158.55555555555554,54.55555555555556],[159.0,54.66666666666667],[159.22222222222223,55.0],[159.0,55.400000000000006],[158.5,55.5],[158.14285714285714,56.14285714285714],[157.66666666666666,58.0],[158.0,58.11111111111111],[158.28070175438597,58.71929824561403],[158.72727272727272,59.0],[158.76923076923077,59.230769230769226],[159.0,59.3],[159.32558139534885,59.674418604651166],[160.0,60.0],[160.0,61.0],[160.65217391304347,62.34782608695652],[161.0,62.44444444444444],[161.28571428571428,62.714285714285715],[161.65,63.349999999999994],[162.0,63.31818181818182],[163.0952380952381,63.904761904761905],[163.15384615384616,64.15384615384616],[162.47619047619048,64.47619047619047],[162.0,64.57692307692308],[161.60526315789474,64.39473684210526],[161.0625,64.0],[161.125,63.875],[161.0,63.833333333333336],[160.77777777777777,63.22222222222222],[159.75,63.0],[158.84615384615387,62.15384615384615],[158.28571428571428,62.285714285714285],[157.8421052631579,62.1578947368421],[156.86363636363637,62.13636363636364],[156.0,61.77777777777778],[155.77777777777777,61.77777777777777],[155.33333333333334,62.333333333333336],[155.27586206896552,63.27586206896552],[155.0,63.66666666666667],[154.73333333333335,63.266666666666666],[154.26666666666668,63.266666666666666],[153.76470588235293,63.0],[153.60000000000002,62.4],[153.0,62.1875],[152.0,62.13636363636364],[151.75,62.0],[152.0,61.785714285714285],[154.0,61.625],[154.43478260869566,61.434782608695656],[154.71428571428572,61.0],[154.41666666666666,60.583333333333336],[154.0,60.28571428571429],[153.0,60.0],[152.36363636363637,59.63636363636364],[151.0,59.42857142857143],[149.0,59.5],[147.66666666666669,59.66666666666667],[147.5,60.0],[146.0,60.33333333333334],[145.0,60.28571428571429],[144.60000000000002,60.400000000000006],[144.0,60.0],[144.33333333333334,60.66666666666667],[144.07999999999998,61.08],[143.21428571428572,61.21428571428571],[141.08333333333331,61.083333333333336],[140.13333333333333,61.133333333333326],[140.0,61.25],[139.89473684210526,61.10526315789473],[138.95555555555555,61.044444444444444],[138.73333333333335,60.266666666666666],[138.0,60.0],[137.0,60.05882352941176],[136.62962962962962,59.37037037037037],[134.96969696969697,59.03030303030303],[134.68,58.31999999999999],[133.83333333333334,58.0],[133.75,57.75],[133.83333333333334,57.16666666666667],[133.5,57.0],[135.0,56.83333333333333],[135.51515151515153,56.515151515151516],[136.33333333333334,56.333333333333336],[137.0,56.0],[137.51351351351354,55.513513513513516],[138.42424242424244,55.42424242424243],[138.875,55.0],[138.5744680851064,54.42553191489362],[138.52380952380952,54.0],[138.64285714285714,53.64285714285714],[139.0,53.5],[139.37037037037038,54.0],[139.37735849056605,54.37735849056604],[139.11764705882354,54.88235294117647],[139.39999999999998,56.0],[139.7,56.3],[140.28571428571428,56.285714285714285],[140.6,56.0],[140.84615384615384,54.84615384615384],[140.76470588235293,54.23529411764706],[140.875,52.875],[141.4,52.6],[141.63636363636363,52.63636363636363],[141.63636363636363,52.36363636363636],[141.83333333333334,52.0],[141.73333333333335,51.266666666666666],[141.33333333333334,51.0],[141.28571428571428,50.71428571428571],[141.0,50.66666666666667],[140.86206896551724,50.137931034482754],[140.71428571428572,50.0],[140.78947368421052,49.78947368421053],[140.64102564102564,49.358974358974365],[140.64102564102564,48.641025641025635],[141.0054347826087,47.994565217391305],[140.0300751879699,47.96992481203007],[140.0,47.75],[139.63855421686748,48.63855421686747],[138.88888888888889,49.0],[139.6153846153846,50.0],[139.38095238095238,50.38095238095238],[139.0,51.66666666666667],[138.0,52.44444444444444],[137.8048780487805,52.19512195121951],[137.70212765957447,51.29787234042553],[137.29333333333335,49.70666666666666],[137.0,49.214285714285715],[136.66153846153847,49.66153846153846],[136.7027027027027,50.0],[136.416,50.416],[136.0,50.519999999999996],[135.56666666666666,50.43333333333333],[135.10344827586206,50.0],[135.33962264150944,49.339622641509436],[136.4516129032258,48.45161290322581],[136.41176470588235,47.588235294117645],[135.72727272727272,44.72727272727272],[136.0,44.0],[135.0392156862745,43.96078431372549],[134.47058823529412,43.52941176470588],[134.125,43.0],[133.0,42.76119402985075],[132.0,42.743589743589745],[131.5084745762712,42.49152542372882],[131.25641025641025,42.0],[131.09132420091325,41.90867579908676],[130.11475409836066,41.885245901639344],[129.73584905660377,41.73584905660377],[129.12121212121212,41.878787878787875],[128.6551724137931,41.344827586206904],[128.64285714285714,41.0],[128.0,40.689655172413794],[127.0,40.81818181818182],[126.53246753246752,40.46753246753247],[126.03076923076924,38.0],[126.06153846153846,37.06153846153846],[127.93846153846154,37.06153846153846],[128.0,38.06896551724138],[129.0185185185185,38.01851851851852],[129.0546875,36.0],[128.90728476821192,35.90728476821192],[128.03053435114504,35.969465648854964],[128.0,32.96666666666667],[127.66666666666666,33.0],[127.5,33.5],[127.0,34.0],[126.28571428571428,34.285714285714285],[124.5,34.5],[124.0,35.0],[124.0,34.0],[123.0,33.0],[122.0,33.0],[122.0,34.0],[120.0,34.0],[120.0,33.0],[119.4,32.6],[119.0,32.5],[118.75,32.25],[118.5,31.5],[118.0,31.0],[118.60000000000001,30.6],[120.0,30.0],[120.0,29.0],[121.0,29.0],[121.03571428571429,27.035714285714285],[122.0,26.916666666666668],[122.20091324200914,26.20091324200913],[122.10114942528736,25.898850574712643],[121.81589958158996,25.81589958158996],[120.63636363636364,26.0],[120.93333333333334,26.066666666666666],[120.98058252427185,27.980582524271846],[119.03809523809524,27.961904761904762],[119.0,26.333333333333336],[118.66666666666669,26.333333333333336],[118.5,26.0],[118.07407407407408,25.925925925925927],[118.0,25.666666666666664],[117.0,25.666666666666664],[116.55555555555554,25.444444444444443],[116.2,25.0],[116.25,24.75],[116.0,24.0],[115.0,24.0],[115.0909090909091,22.0],[114.89999999999999,21.9],[112.0,22.0],[112.0,21.0],[111.83333333333333,20.166666666666664],[111.0,20.0],[110.0,20.285714285714285],[109.80952380952382,20.19047619047619],[109.9,19.0]],[[106.77777777777777,18.77777777777778],[106.80000000000001,19.200000000000003],[107.6,19.400000000000002],[108.0,20.0],[108.25,20.75],[108.5,21.0],[108.28571428571428,21.285714285714285],[107.63636363636364,21.363636363636363],[107.0,21.0],[106.53846153846153,20.461538461538463],[106.0,20.166666666666668],[105.0,20.0],[105.28571428571428,19.285714285714285],[105.25,19.0],[105.5,18.0],[106.33333333333334,17.666666666666668],[107.0,18.0],[106.77777777777777,18.77777777777778]],[[109.60000000000001,7.4],[108.4,6.6000000000000005],[107.6,6.4],[107.5,6.0],[107.66666666666667,5.666666666666667],[108.4,5.4],[109.0,5.0],[109.4,5.6000000000000005],[110.0,6.0],[110.28571428571428,6.7142857142857135],[110.4,7.4],[110.0,8.0],[109.60000000000001,7.4]],[[96.4,5.6000000000000005],[96.5,6.0],[96.26666666666667,6.266666666666667],[95.8,6.199999999999999],[95.60000000000001,5.6000000000000005],[96.0,5.0],[96.4,5.6000000000000005]],[[26.444444444444443,35.55555555555556],[26.235294117647058,36.23529411764706],[26.25,37.0],[26.5,38.0],[26.421052631578945,38.421052631578945],[26.0,38.8],[25.5,38.0],[25.4,37.0],[25.235294117647058,36.76470588235294],[25.0,36.75],[24.7,36.3],[24.53846153846154,35.53846153846154],[25.0,35.142857142857146],[26.0,35.0],[26.444444444444443,35.55555555555556]],[[77.75,79.75],[78.25,79.75],[79.0,80.0],[78.0,80.2],[77.0,80.0],[77.75,79.75]],[[122.0,38.66666666666667],[121.73333333333333,38.266666666666666],[121.77777777777777,38.0],[121.60000000000001,37.4],[121.0,37.125],[120.75,37.25],[120.0,37.0],[121.0,36.0],[121.60000000000001,35.6],[122.0,35.0],[123.0,35.0],[122.5,35.5],[122.5,36.0],[122.75,36.25],[123.44444444444444,36.55555555555556],[123.5,37.5],[124.0,38.0],[123.0,38.0],[123.0,39.0],[122.4,38.6],[122.0,38.66666666666667]],[[120.33333333333334,37.66666666666667],[120.25,38.25],[120.0,38.5],[119.5,38.5],[119.33333333333334,38.0],[119.5,37.5],[120.0,37.0],[120.33333333333334,37.66666666666667]],[[119.0,39.5],[118.5,39.5],[118.0,40.0],[118.0,38.0],[118.5,38.5],[119.5,38.5],[119.0,39.5]],[[81.5,79.5],[82.0,80.0],[81.0,80.16666666666667],[80.0,80.0],[80.0,79.0],[81.0,79.0],[81.5,79.5]],[[83.0,79.0],[84.0,79.0],[84.0,80.0],[83.0,80.0],[83.0,79.0]],[[85.0,78.0],[86.0,78.66666666666667],[88.0,78.75],[89.63636363636364,78.63636363636364],[90.23529411764706,78.76470588235293],[90.4,79.0],[90.0,79.125],[87.15384615384615,79.15384615384616],[87.0,79.33333333333334],[85.71428571428571,79.28571428571428],[84.60000000000001,79.4],[84.0,79.0],[85.0,78.0]],[[91.0,10.066666666666666],[90.9,10.0],[91.0,9.75],[91.33333333333334,10.0],[91.0,10.066666666666666]],[[94.0,28.200000000000003],[93.86666666666667,28.0],[94.0,27.818181818181817],[94.13333333333334,28.0],[94.0,28.200000000000003]],[[98.875,7.125],[99.0,7.5],[99.33333333333334,7.666666666666668],[99.4,8.0],[98.93548387096773,8.935483870967742],[98.0,9.0],[98.0,11.0],[97.14285714285714,11.142857142857142],[97.22222222222223,11.777777777777779],[97.0,12.399999999999999],[96.53846153846155,12.538461538461538],[96.0,13.0],[95.2,13.2],[95.28571428571428,13.714285714285714],[95.05479452054794,14.054794520547945],[94.92,13.92],[94.88059701492537,12.119402985074625],[95.0,11.906976744186048],[95.8974358974359,11.897435897435898],[95.88461538461539,10.115384615384615],[95.66666666666666,10.0],[95.875,7.875],[97.0,7.285714285714286],[97.11428571428571,7.114285714285714],[98.875,7.125]],[[100.26666666666667,11.733333333333333],[100.5,12.0],[100.0,12.666666666666666],[99.875,12.0],[100.0,11.777777777777779],[100.26666666666667,11.733333333333333]],[[102.0,10.0],[102.42857142857143,10.571428571428571],[102.42857142857142,11.0],[102.20689655172413,11.206896551724139],[101.72727272727272,11.272727272727273],[101.0,11.0],[101.0,10.0],[102.0,10.0]],[[105.0,7.0],[106.0,7.0],[106.0,8.0],[105.0,8.0],[105.0,7.0]],[[110.16666666666666,22.166666666666668],[109.75,22.0],[110.0,21.833333333333336],[110.5,22.0],[110.16666666666666,22.166666666666668]],[[115.33333333333334,40.0],[115.33333333333334,41.333333333333336],[115.0,41.333333333333336],[114.84,41.16],[114.0,41.0],[114.5,40.0],[114.75,39.75],[115.18181818181819,39.81818181818181],[115.33333333333334,40.0]],[[116.0,41.75],[116.20000000000002,42.0],[116.10526315789474,42.10526315789473],[115.80000000000001,42.0],[115.75,41.75],[116.0,41.75]],[[125.0,74.33333333333334],[124.5,74.0],[125.13333333333333,73.86666666666667],[126.0,74.0],[125.0,74.33333333333334]],[[147.0,62.0344827586207],[146.88888888888889,61.99999999999999],[147.0,61.90909090909091],[147.1111111111111,61.99999999999999],[147.0,62.0344827586207]],[[166.0,75.0],[165.33333333333334,75.33333333333334],[164.0,75.33333333333334],[163.0,75.0],[164.0,74.0],[166.08695652173913,73.91304347826087],[167.0,74.0],[167.0,75.0],[166.0,75.0]],[[170.77777777777777,73.77777777777777],[171.0,73.5],[171.11111111111111,73.88888888888889],[171.0,74.33333333333334],[170.75,74.25],[170.66666666666669,74.0],[170.77777777777777,73.77777777777777]],[[126.5263157894737,44.526315789473685],[127.0,44.0],[127.0,43.0],[127.73913043478261,43.26086956521739],[128.19354838709677,43.193548387096776],[128.60919540229884,43.39080459770115],[130.0,43.578947368421055],[130.2622950819672,43.73770491803279],[130.65116279069767,44.348837209302324],[130.90243902439025,45.09756097560975],[131.81333333333333,44.81333333333333],[132.1346153846154,44.86538461538461],[132.72043010752688,45.27956989247312],[133.4102564102564,46.58974358974359],[134.0,47.0],[134.0,48.0],[134.35714285714286,49.0],[134.2702702702703,49.270270270270274],[134.0,49.333333333333336],[133.42857142857144,48.57142857142858],[133.0,48.57142857142857],[132.62616822429908,48.373831775700936],[132.41176470588238,48.0],[132.4,47.6],[132.0,47.0],[131.0,46.64],[130.65591397849462,46.344086021505376],[130.3298969072165,45.670103092783506],[129.0,45.421052631578945],[127.51282051282051,45.51282051282052],[127.0,45.69230769230769],[126.35714285714286,45.0],[126.5263157894737,44.526315789473685]],[[126.4,43.400000000000006],[125.66666666666667,43.333333333333336],[125.45454545454545,43.45454545454545],[124.99999999999999,43.45454545454545],[124.71698113207547,43.283018867924525],[124.58333333333333,43.0],[124.51612903225806,42.51612903225807],[124.66666666666669,42.333333333333336],[124.42857142857143,42.42857142857143],[123.72727272727272,42.0],[123.39024390243902,41.609756097560975],[123.0,41.66666666666667],[122.42857142857142,41.0],[122.5492957746479,40.54929577464789],[123.0,40.199999999999996],[123.18604651162791,40.18604651162791],[123.5072463768116,39.5072463768116],[124.0,39.45161290322581],[124.44155844155843,39.55844155844156],[124.80952380952381,40.0],[124.58620689655172,40.58620689655172],[123.88571428571429,40.885714285714286],[123.76470588235293,41.23529411764706],[124.375,41.625],[125.84,42.16],[126.27272727272728,42.72727272727272],[127.0,43.0],[126.4,43.400000000000006]],[[117.0,27.666666666666664],[116.2,27.0],[116.55555555555554,26.555555555555554],[117.0,26.333333333333336],[117.6,26.400000000000002],[118.0,27.0],[117.5,27.5],[117.0,27.666666666666664]],[[118.0,28.666666666666668],[118.33333333333334,29.0],[118.28571428571428,29.285714285714285],[118.0,29.5],[117.71428571428571,29.285714285714285],[117.66666666666667,29.0],[118.0,28.666666666666668]],[[112.0,5.333333333333334],[111.0,5.0],[111.66666666666667,4.666666666666667],[112.0,4.666666666666667],[112.20000000000002,5.0],[112.0,5.333333333333334]],[[112.66666666666669,7.666666666666668],[113.0,7.0],[113.4,7.6],[114.0,8.0],[113.0,8.333333333333334],[112.66666666666667,8.0],[112.66666666666669,7.666666666666668]],[[119.0,1.0],[117.57142857142858,0.4285714285714286],[117.25,0.0],[117.33333333333334,-1.0],[118.44444444444444,-1.5555555555555554],[118.80000000000001,-2.0],[119.07142857142858,-2.0714285714285716],[119.4,-1.4000000000000001],[120.0,-1.0],[119.83333333333333,0.0],[119.60000000000001,0.6000000000000001],[119.0,1.0]],[[-8.846153846153847,49.84615384615385],[-9.0,50.5],[-9.285714285714285,49.71428571428571],[-9.0,49.5],[-8.846153846153847,49.84615384615385]],[[-7.0,57.75],[-6.75,57.75],[-6.666666666666667,58.0],[-7.142857142857142,58.14285714285714],[-7.181818181818182,57.81818181818181],[-7.0,57.75]],[[6.363636363636363,45.36363636363637],[7.0,45.0],[8.0,45.5],[8.166666666666666,45.83333333333333],[10.000000000000002,45.85714285714286],[10.5,46.0],[6.0,46.16666666666667],[5.866666666666666,46.13333333333334],[5.727272727272727,45.72727272727273],[6.0,45.400000000000006],[6.363636363636363,45.36363636363637]],[[12.0,47.0],[12.555555555555555,46.55555555555555],[13.0,46.5],[15.0,47.0],[12.891891891891891,47.10810810810811],[12.0,47.0]],[[15.894736842105264,45.89473684210526],[16.0,45.0],[16.142857142857142,45.85714285714286],[16.0,46.5],[15.714285714285712,46.28571428571428],[15.75,46.0],[15.894736842105264,45.89473684210526]],[[16.75,44.75],[17.11764705882353,44.882352941176464],[19.0,45.0],[16.857142857142858,45.142857142857146],[16.0,45.0],[16.75,44.75]],[[17.0,48.25],[16.6,48.0],[16.666666666666668,47.66666666666667],[17.0,47.5],[18.0,47.666666666666664],[19.0,48.0],[17.0,48.25]],[[19.714285714285715,47.71428571428571],[21.0,47.599999999999994],[21.11764705882353,48.11764705882353],[21.0,48.22222222222222],[20.18181818181818,48.18181818181819],[19.0,48.0],[19.714285714285715,47.71428571428571]],[[21.999999999999996,40.111111111111114],[21.916666666666664,40.0],[22.12903225806452,39.87096774193549],[23.0,40.0],[21.999999999999996,40.111111111111114]],[[22.794871794871796,39.205128205128204],[23.0,38.42857142857143],[23.333333333333336,38.66666666666667],[23.444444444444443,39.0],[23.0,40.0],[22.794871794871796,39.205128205128204]],[[29.24137931034483,41.0],[30.0,41.285714285714285],[32.0,41.5531914893617],[33.236559139784944,41.236559139784944],[35.0,41.2463768115942],[36.42767295597484,41.57232704402516],[36.56666666666666,42.0],[36.3177570093458,42.3177570093458],[35.58552631578947,42.58552631578948],[35.315217391304344,43.0],[35.36024844720497,43.36024844720497],[35.0,43.878787878787875],[32.876288659793815,43.876288659793815],[32.25,44.0],[32.30769230769231,44.30769230769231],[32.0,44.5],[31.636363636363637,44.36363636363637],[31.5,44.0],[31.044943820224717,43.955056179775276],[30.826086956521742,44.17391304347826],[30.89473684210526,44.89473684210526],[28.130434782608695,44.869565217391305],[27.714285714285715,44.71428571428571],[27.235294117647058,44.76470588235294],[27.000000000000004,44.333333333333336],[26.0,44.0],[25.10909090909091,43.89090909090909],[24.875,43.0],[25.05940594059406,42.05940594059406],[25.042105263157897,41.04210526315789],[25.325581395348838,40.325581395348834],[25.572815533980584,40.42718446601942],[26.0,40.32352941176471],[28.0,40.31372549019608],[28.56756756756757,40.432432432432435],[29.205882352941174,40.794117647058826],[29.24137931034483,41.0]],[[33.13333333333333,44.86666666666667],[33.25,45.25],[33.0,45.333333333333336],[32.66666666666667,45.0],[32.77777777777778,44.77777777777777],[33.13333333333333,44.86666666666667]],[[40.21052631578948,41.0],[37.913978494623656,41.086021505376344],[37.0,41.0],[37.87692307692308,40.87692307692308],[39.0,40.93103448275862],[39.82608695652174,40.82608695652174],[40.0,40.69230769230769],[40.21052631578948,41.0]],[[43.074074074074076,40.074074074074076],[42.25,40.0],[43.0,39.625],[43.1875,39.8125],[43.074074074074076,40.074074074074076]],[[49.347826086956516,29.652173913043477],[49.81818181818181,29.81818181818182],[49.81818181818181,29.18181818181818],[49.951219512195124,28.951219512195124],[50.71428571428571,28.71428571428571],[50.71428571428571,28.285714285714285],[50.906976744186046,27.906976744186046],[51.400000000000006,27.6],[51.6,27.6],[51.55555555555556,27.444444444444443],[51.84905660377358,26.849056603773583],[52.0,26.692307692307693],[52.55555555555555,26.555555555555554],[52.81818181818181,25.999999999999996],[52.76470588235294,25.764705882352942],[53.45454545454545,25.454545454545453],[53.71428571428571,25.0],[53.63636363636364,24.636363636363637],[54.42857142857143,24.428571428571427],[55.0,23.833333333333332],[56.25,23.75],[56.5,24.0],[56.23529411764706,25.235294117647058],[56.19354838709677,26.193548387096776],[55.400000000000006,27.0],[54.53846153846155,27.53846153846154],[54.206896551724135,28.206896551724135],[53.444444444444436,28.444444444444443],[53.2,29.000000000000004],[53.10526315789474,30.10526315789474],[52.00000000000001,30.266666666666666],[51.0,30.076923076923077],[50.166666666666664,30.166666666666668],[50.25,30.75],[50.099999999999994,31.1],[48.513513513513516,31.513513513513516],[48.114285714285714,32.114285714285714],[47.66666666666667,32.333333333333336],[47.333333333333336,32.333333333333336],[47.375,32.625],[47.0,33.1875],[45.19047619047619,33.19047619047619],[45.0,33.5],[44.84,33.16],[44.93103448275862,32.93103448275862],[45.80645161290323,32.806451612903224],[46.48275862068966,32.48275862068966],[46.909090909090914,31.90909090909091],[47.333333333333336,31.66666666666667],[47.66666666666667,31.66666666666667],[47.6,31.400000000000002],[47.84615384615384,30.846153846153847],[48.48888888888889,30.48888888888889],[48.85185185185185,29.85185185185185],[49.347826086956516,29.652173913043477]],[[48.4,36.0],[48.21052631578947,36.21052631578948],[48.0,36.15384615384615],[47.939393939393945,36.0],[48.114285714285714,35.885714285714286],[48.4,36.0]],[[49.04347826086957,36.95652173913044],[49.25,37.0],[49.4,38.0],[49.33333333333334,38.333333333333336],[49.0,38.5],[48.80952380952381,38.19047619047619],[48.86666666666667,36.86666666666667],[49.0,36.75],[49.04347826086957,36.95652173913044]],[[51.20689655172414,33.793103448275865],[51.27906976744186,34.27906976744186],[51.0,34.85714285714286],[50.73913043478261,34.26086956521739],[51.0,33.785714285714285],[51.20689655172414,33.793103448275865]],[[52.054054054054056,33.054054054054056],[51.904761904761905,33.095238095238095],[51.90909090909091,32.90909090909091],[52.0,32.66666666666667],[52.054054054054056,33.054054054054056]],[[65.0,68.66666666666667],[65.18181818181819,68.81818181818181],[65.14285714285714,69.14285714285714],[65.0,69.25],[64.77777777777777,69.22222222222223],[64.75,69.0],[65.0,68.66666666666667]],[[79.25,46.0],[81.08163265306123,45.91836734693878],[81.25,46.0],[81.12903225806451,46.12903225806452],[80.22222222222223,46.22222222222222],[79.25,46.0]],[[115.15384615384616,25.846153846153847],[115.25,26.0],[115.16666666666666,26.166666666666664],[115.0,26.166666666666668],[114.89999999999999,25.9],[115.15384615384616,25.846153846153847]],[[9.966101694915254,41.96610169491526],[11.0,41.84615384615385],[12.0,42.0],[12.0,43.0],[11.400000000000002,42.6],[11.0,42.666666666666664],[10.0,42.2],[9.966101694915254,41.96610169491526]],[[44.5,34.0],[44.093023255813954,34.093023255813954],[44.0,34.22222222222222],[43.25,34.25],[42.80952380952381,34.19047619047619],[42.76470588235294,34.0],[43.0,33.86666666666667],[44.16,33.84],[44.5,34.0]],[[47.0,39.333333333333336],[46.5,39.0],[47.00000000000001,38.833333333333336],[47.333333333333336,39.0],[47.0,39.333333333333336]],[[50.92307692307693,35.0],[50.28915662650603,35.28915662650603],[49.66197183098592,35.33802816901408],[49.23255813953489,35.23255813953489],[49.0,35.625],[48.787234042553195,35.212765957446805],[49.0,34.88095238095238],[50.34285714285714,34.65714285714286],[50.92307692307693,35.0]],[[64.25,67.0],[64.18181818181819,67.18181818181819],[64.0,67.25],[63.800000000000004,67.0],[64.0,66.8],[64.25,67.0]],[[65.83333333333333,41.00000000000001],[67.0,40.896551724137936],[68.0,41.0],[67.12765957446808,41.12765957446808],[65.92424242424242,41.07575757575758],[65.83333333333333,41.00000000000001]],[[77.1304347826087,13.0],[76.76923076923077,13.0],[76.8125,12.8125],[77.0,12.625],[77.1304347826087,13.0]],[[114.1,25.099999999999998],[113.9,25.0],[114.0,24.75],[114.16666666666667,24.833333333333332],[114.1,25.099999999999998]],[[165.16666666666669,63.16666666666667],[164.8,63.00000000000001],[165.0,62.75],[165.33333333333334,63.00000000000001],[165.16666666666669,63.16666666666667]],[[11.0,39.0],[11.333333333333334,40.0],[10.999999999999998,40.08333333333333],[10.75,40.0],[10.88888888888889,39.888888888888886],[11.0,39.0]]],[[[36.0,70.0],[35.333333333333336,69.66666666666667],[34.6,69.6],[34.0,70.0],[35.333333333333336,70.33333333333334],[36.0,70.0]]],[[[37.5,69.5],[37.0,69.0],[36.0,70.0],[36.400000000000006,70.60000000000001],[36.5,71.0],[37.0,71.2],[38.0,71.0],[37.6,70.4],[37.5,69.5]]],[[[12.0,73.0],[11.0,72.85714285714286],[10.0,73.0],[10.0,74.0],[12.0,74.0],[12.0,73.0]]],[[[10.222222222222221,80.0],[10.0,79.5],[9.600000000000001,79.4],[9.0,79.0],[10.0,78.75],[10.724137931034484,78.72413793103448],[12.0,78.88888888888889],[13.222222222222221,78.77777777777777],[13.857142857142858,78.85714285714286],[14.333333333333332,78.0],[13.777777777777779,77.22222222222223],[12.0,77.0],[13.764705882352942,76.76470588235294],[14.0,76.33333333333333],[14.222222222222221,76.22222222222223],[14.555555555555554,75.55555555555556],[15.4,75.4],[16.0,75.0],[15.4,74.6],[14.555555555555554,74.55555555555554],[14.0,75.0],[13.222222222222221,75.22222222222223],[11.11111111111111,75.11111111111111],[10.444444444444443,75.44444444444444],[10.125,76.125],[9.0,76.10000000000001],[8.88888888888889,75.88888888888889],[8.88888888888889,75.11111111111111],[8.32,74.68],[8.0,74.6923076923077],[7.739130434782609,74.26086956521739],[7.694915254237287,73.69491525423729],[8.0,73.78048780487805],[8.339622641509434,73.66037735849056],[8.793103448275861,73.79310344827586],[8.793103448275861,73.20689655172414],[9.0,72.66666666666667],[9.461538461538462,72.46153846153845],[9.545454545454545,72.0],[9.31578947368421,71.68421052631578],[8.636363636363637,71.36363636363636],[8.0,71.3409090909091],[6.878504672897197,71.8785046728972],[6.840490797546012,72.15950920245399],[7.3712574850299415,72.62874251497007],[7.492063492063492,73.0],[7.421768707482993,73.421768707483],[6.68041237113402,73.68041237113401],[6.517241379310345,74.51724137931035],[6.111111111111112,75.11111111111111],[5.84,75.16],[4.9259259259259265,74.92592592592592],[4.0,75.6],[2.2105263157894735,76.21052631578948],[2.0,77.0],[1.6,77.6],[1.6666666666666665,78.0],[1.8461538461538463,78.15384615384616],[4.9375,78.0625],[6.0,78.9375],[6.9,78.9],[7.0,78.75],[8.0,79.0],[7.972093023255814,80.02790697674418],[10.0,80.08333333333333],[10.222222222222221,80.0]]],[[[19.18181818181818,78.81818181818181],[18.5,79.0],[19.0,79.25],[19.5,79.0],[19.18181818181818,78.81818181818181]]],[[[33.54838709677419,79.54838709677418],[33.22222222222222,80.0],[33.611111111111114,80.38888888888889],[34.0,80.5],[34.41176470588235,80.41176470588236],[35.0,80.0],[34.63636363636363,79.36363636363636],[34.0,79.22222222222223],[33.54838709677419,79.54838709677418]]],[[[65.0,80.0],[65.0,79.0],[64.4,79.4],[64.0,79.33333333333334],[63.60000000000001,79.6],[63.33333333333334,80.0],[63.400000000000006,80.4],[63.0,81.0],[64.0,81.0],[64.6,80.60000000000001],[65.0,80.0]]],[[[42.0,81.19999999999999],[42.8,80.0],[42.470588235294116,79.52941176470588],[42.0,79.2],[41.0,79.4],[40.57142857142857,79.57142857142858],[40.0,81.0],[41.272727272727266,81.27272727272728],[42.0,81.19999999999999]]],[[[30.4,80.0],[30.53846153846154,80.46153846153847],[31.0,81.0],[31.400000000000002,80.4],[31.5,80.0],[31.0,79.66666666666666],[30.71428571428571,79.71428571428571],[30.4,80.0]]],[[[61.5,80.5],[62.0,80.0],[61.30769230769231,79.6923076923077],[59.0,79.875],[58.71428571428571,80.28571428571428],[58.71428571428571,80.71428571428572],[58.0,81.0],[59.22222222222222,81.22222222222223],[60.66666666666667,80.66666666666667],[61.5,80.5]]],[[[18.818181818181817,80.81818181818181],[18.846153846153847,81.0],[19.0,81.03174603174604],[23.951219512195124,81.04878048780488],[24.25,81.0],[24.0,80.66666666666667],[23.0,80.4],[21.0,80.66666666666667],[19.0,80.6],[18.818181818181817,80.81818181818181]]],[[[47.22222222222222,80.77777777777777],[47.0,80.66666666666667],[46.71428571428571,80.71428571428572],[46.333333333333336,81.0],[46.87096774193549,81.12903225806451],[47.285714285714285,81.0],[47.22222222222222,80.77777777777777]]],[[[39.333333333333336,80.66666666666667],[38.71428571428571,80.71428571428572],[38.6,81.0],[39.0,81.13333333333333],[40.0,81.0],[39.333333333333336,80.66666666666667]]],[[[72.0,81.66666666666667],[71.0,82.0],[73.14084507042253,82.14084507042253],[75.0,82.0],[74.4,81.60000000000001],[74.0,81.66666666666667],[73.60000000000001,81.4],[73.0,81.28571428571429],[72.4,81.4],[72.0,81.66666666666667]]],[[[13.0625,85.0],[13.888059701492537,85.11194029850746],[14.555555555555555,85.0],[14.0,84.86607142857143],[13.0625,85.0]]],[[[40.0,89.87719298245614],[24.0,89.83333333333333],[23.79245283018869,90.0],[32.0,90.0],[54.267857142857146,90.0],[54.0,89.7457627118644],[53.0,89.69999999999999],[52.0,89.8103448275862],[43.0,89.73333333333333],[40.0,89.87719298245614]]],[[[135.2941176470588,-73.29411764705883],[135.0,-73.625],[134.625,-73.625],[134.26666666666665,-74.26666666666667],[134.0,-74.5],[133.0,-74.0],[133.8,-73.8],[134.0,-73.0],[135.19230769230768,-72.8076923076923],[135.3846153846154,-73.0],[135.2941176470588,-73.29411764705883]]],[[[106.9,-70.9],[108.0,-71.0],[108.25,-71.75],[108.72727272727272,-72.27272727272727],[112.0,-73.0],[109.0,-73.28571428571429],[108.0,-73.0],[107.57142857142858,-72.42857142857143],[107.0,-72.3076923076923],[106.71428571428572,-72.0],[106.9,-70.9]]],[[[118.0,-72.0],[117.0,-72.28571428571429],[116.73333333333333,-72.26666666666667],[116.33333333333334,-72.0],[117.3076923076923,-71.6923076923077],[118.0,-72.0]]],[[[178.85454545454547,-69.85454545454546],[178.9090909090909,-69.0],[179.0239520958084,-68.97604790419162],[179.13333333333333,-69.0],[179.39999999999998,-70.0],[179.0,-70.07843137254902],[178.85454545454547,-69.85454545454546]]],[[[143.8,-68.8],[144.77777777777777,-68.77777777777777],[146.0,-69.0],[143.87878787878788,-69.12121212121212],[143.6,-69.0],[143.8,-68.8]]],[[[131.5,-68.5],[131.5,-69.0],[131.0,-69.20833333333334],[130.72972972972974,-68.72972972972974],[131.0,-68.16666666666667],[131.5,-68.5]]],[[[143.0,-68.25],[142.0,-68.0],[143.05882352941177,-67.94117647058823],[143.125,-68.125],[143.0,-68.25]]],[[[142.0,-68.0],[141.22222222222223,-68.22222222222223],[140.0,-68.0],[140.625,-67.625],[141.0,-67.625],[142.0,-68.0]]],[[[114.4,-67.4],[115.0,-67.0],[115.25,-67.75],[115.60000000000001,-67.6],[116.34782608695653,-67.65217391304347],[116.44444444444444,-68.0],[116.27586206896552,-68.27586206896552],[115.68,-68.32000000000001],[115.15384615384616,-68.15384615384615],[114.0,-68.125],[113.83333333333334,-67.83333333333333],[114.0,-67.5],[114.4,-67.4]]],[[[119.3157894736842,-67.3157894736842],[119.3,-67.0],[120.0,-66.3],[120.4,-66.60000000000001],[120.63636363636364,-67.0],[120.0,-68.5],[118.0,-68.5],[117.71428571428571,-68.28571428571428],[117.53846153846155,-67.53846153846155],[118.0,-67.4],[119.0,-67.6],[119.3157894736842,-67.3157894736842]]],[[[117.6,-67.0],[117.46153846153847,-67.46153846153847],[116.68421052631578,-67.3157894736842],[116.85365853658536,-66.85365853658537],[117.19354838709678,-66.80645161290323],[117.6,-67.0]]],[[[106.0,-66.11111111111111],[105.18181818181819,-66.18181818181819],[105.0,-66.5],[104.81818181818181,-66.18181818181819],[104.9090909090909,-66.0],[106.0,-65.98076923076923],[107.0,-65.65957446808511],[107.94117647058823,-66.0],[108.42857142857142,-67.0],[108.25,-67.25],[108.0,-67.375],[107.0,-67.0],[106.39024390243902,-66.60975609756098],[106.0,-66.11111111111111]]],[[[89.66666666666667,-65.33333333333334],[89.66666666666667,-65.0],[90.5,-65.0],[90.0,-66.0],[89.66666666666667,-65.33333333333334]]],[[[179.0,-47.87804878048781],[179.9090909090909,-48.0],[179.2469135802469,-48.24691358024691],[178.07999999999998,-48.08],[177.9090909090909,-48.0],[179.0,-47.87804878048781]]],[[[117.5,-36.0],[117.5,-35.5],[118.0,-35.0],[118.66666666666669,-35.333333333333336],[119.0,-35.333333333333336],[119.33333333333334,-35.0],[119.0,-34.0],[119.0,-33.0],[122.0,-33.0],[122.5,-32.5],[122.66666666666667,-32.0],[122.6,-31.0],[122.91304347826086,-30.91304347826087],[122.97435897435896,-30.0],[123.95121951219512,-29.951219512195124],[123.96875,-25.03125],[123.0,-24.964285714285715],[124.05633802816901,-24.943661971830984],[124.16666666666666,-25.166666666666664],[124.16666666666666,-25.833333333333336],[125.0,-25.916666666666668],[125.84,-25.839999999999996],[126.0,-24.97222222222222],[126.125,-25.125],[126.19999999999999,-25.8],[127.0,-25.894736842105264],[127.8,-25.8],[127.98876404494382,-24.98876404494382],[128.04166666666666,-25.958333333333332],[132.05882352941177,-26.0],[135.0,-26.934782608695652],[136.94117647058823,-27.058823529411768],[136.85714285714286,-27.857142857142858],[137.0,-28.176470588235293],[137.22222222222223,-28.22222222222222],[137.6,-28.0],[139.0545905707196,-27.945409429280396],[139.0,-28.785714285714285],[138.75,-28.75],[138.08,-29.08],[138.02531645569618,-31.0],[138.0408163265306,-34.95918367346939],[139.0344827586207,-35.0],[139.0,-37.0],[138.82857142857142,-37.82857142857143],[139.0,-38.5],[139.46153846153845,-38.46153846153847],[140.0,-38.0],[140.28571428571428,-38.71428571428571],[140.7142857142857,-38.71428571428571],[141.0625,-38.9375],[141.88888888888889,-38.888888888888886],[142.28571428571428,-39.0],[142.36363636363637,-39.36363636363636],[141.66666666666669,-40.66666666666667],[141.8421052631579,-41.15789473684211],[142.75,-41.0],[142.66666666666669,-40.66666666666667],[143.0,-40.0],[144.0,-40.0],[144.0,-42.0],[145.0,-42.0],[145.0,-40.0],[147.0,-40.0],[147.1,-43.9],[148.0,-43.904761904761905],[148.07692307692307,-44.92307692307692],[149.02281368821295,-44.97718631178707],[149.01111111111112,-46.0],[149.26865671641792,-46.73134328358209],[150.0,-46.91752577319588],[150.93258426966293,-46.93258426966292],[151.00760456273764,-45.99239543726236],[151.05405405405406,-46.945945945945944],[151.46511627906975,-47.53488372093023],[152.0,-47.900000000000006],[152.09876543209876,-51.0],[152.012987012987,-52.0],[151.41176470588235,-52.411764705882355],[151.0625,-53.0625],[151.0,-55.0],[150.54639175257734,-55.54639175257732],[150.38888888888889,-56.0],[150.55555555555554,-56.44444444444444],[151.0,-56.95652173913043],[151.0,-57.125],[150.65853658536582,-57.65853658536585],[150.125,-58.0],[149.0769230769231,-58.07692307692307],[149.0,-59.0],[149.08,-59.92],[150.0,-59.92307692307692],[150.22222222222223,-60.22222222222222],[150.22222222222223,-60.77777777777778],[151.0,-61.0],[151.26666666666665,-62.266666666666666],[151.1818181818182,-62.81818181818182],[151.30769230769232,-63.0],[151.15384615384616,-63.15384615384615],[151.0,-64.0],[148.875,-64.0],[148.43298969072166,-63.56701030927835],[147.79527559055117,-63.204724409448815],[146.95454545454544,-63.0],[146.48275862068968,-62.51724137931035],[145.86776859504133,-62.132231404958674],[144.94117647058823,-62.0],[144.875,-61.125],[144.2,-61.2],[143.9493670886076,-61.050632911392405],[143.33333333333334,-61.0],[143.4,-60.60000000000001],[143.0,-60.0],[142.1025641025641,-60.1025641025641],[139.0,-59.888888888888886],[137.8529411764706,-59.147058823529406],[135.5,-59.0],[135.0,-58.0],[134.0,-58.0],[133.42857142857144,-58.42857142857143],[133.0,-58.5],[132.89473684210526,-58.10526315789474],[130.0,-58.0],[129.84,-57.160000000000004],[129.20689655172413,-57.206896551724135],[128.25,-57.0],[127.7142857142857,-56.71428571428571],[127.0,-57.0],[127.0,-56.0],[126.0,-56.0],[125.0,-55.5],[124.5,-55.5],[124.0,-55.0],[122.0,-55.0],[121.0,-54.75],[120.0,-55.0],[119.0,-55.0],[117.0,-55.400000000000006],[116.0,-55.33333333333333],[115.0,-55.42857142857143],[114.0,-56.0],[112.06779661016948,-56.06779661016949],[111.0,-57.0],[106.875,-57.0],[106.35,-56.64999999999999],[106.0,-56.58823529411765],[105.125,-57.0],[103.05494505494505,-57.05494505494505],[102.0,-57.214285714285715],[97.96296296296296,-57.0],[98.0,-55.333333333333336],[98.33333333333334,-55.0],[98.9298245614035,-54.92982456140351],[98.95555555555556,-53.04444444444445],[98.84313725490196,-52.15686274509804],[97.92592592592592,-50.925925925925924],[97.87096774193547,-50.12903225806451],[97.0,-50.0],[96.85714285714286,-47.857142857142854],[97.33333333333334,-47.0],[97.25,-46.0],[97.84615384615384,-45.84615384615385],[98.28571428571428,-45.0],[98.8076923076923,-44.80769230769231],[99.0,-43.92],[99.88235294117648,-43.882352941176464],[100.48275862068967,-43.48275862068966],[100.91304347826087,-42.91304347826087],[101.0,-42.5],[101.44444444444443,-42.44444444444444],[102.0,-42.0],[104.80000000000001,-41.8],[105.0,-41.66666666666667],[106.0,-41.5],[106.5,-41.5],[107.0,-42.0],[108.0,-42.0],[108.4,-41.400000000000006],[109.0,-41.0],[109.0,-39.0],[109.60000000000001,-38.6],[110.0,-38.0],[110.75,-37.75],[111.0,-37.0],[112.0,-37.0],[113.0,-36.0],[113.0,-35.0],[114.0,-35.0],[113.7142857142857,-34.285714285714285],[113.8,-34.0],[115.0,-34.0],[115.0,-35.0],[115.5,-35.5],[115.66666666666667,-36.0],[116.28571428571428,-36.285714285714285],[116.71428571428571,-36.285714285714285],[117.0,-36.5],[117.5,-36.0]],[[139.0,-36.0],[138.0,-35.5],[137.8,-36.0],[138.25,-36.25],[139.0,-36.0]],[[126.0,-31.0],[126.0,-30.0],[125.0,-30.0],[124.5,-30.5],[124.0,-30.5],[123.71428571428571,-30.71428571428571],[123.66666666666667,-31.333333333333336],[124.0,-32.0],[125.0,-31.0],[126.0,-31.0]],[[128.0,-32.0],[128.0,-31.0],[127.0,-31.0],[127.0,-32.0],[128.0,-32.0]],[[136.0,-35.57142857142857],[136.38095238095238,-35.38095238095238],[136.66666666666666,-35.0],[136.38095238095238,-34.61904761904762],[136.0,-34.55555555555556],[135.7037037037037,-34.7037037037037],[135.63636363636363,-35.0],[136.0,-35.57142857142857]],[[146.0,-61.0],[147.0,-61.0],[147.0,-60.0],[146.13333333333333,-59.86666666666667],[145.5,-60.0],[145.60000000000002,-60.400000000000006],[146.0,-61.0]],[[132.0,-34.0],[131.0,-34.0],[131.0,-36.0],[129.0,-36.0],[129.0,-37.0],[129.60000000000002,-37.4],[130.0,-38.0],[131.0,-38.0],[131.4,-37.4],[132.0,-37.0],[132.0,-36.0],[132.6,-36.400000000000006],[133.0,-36.333333333333336],[133.16666666666666,-36.16666666666667],[133.16666666666666,-35.833333333333336],[132.5,-35.5],[132.33333333333334,-34.66666666666667],[132.0,-34.0]]],[[[163.0,-34.68666666666667],[163.4607843137255,-35.0],[163.33333333333334,-35.333333333333336],[162.70440251572325,-35.29559748427673],[162.22950819672133,-35.0],[162.7142857142857,-34.71428571428571],[163.0,-34.68666666666667]]],[[[160.60839160839163,-34.0],[161.0,-33.68539325842697],[161.231884057971,-33.768115942028984],[161.44094488188978,-34.0],[161.34355828220862,-34.34355828220859],[161.0,-34.434108527131784],[160.72749391727496,-34.27250608272506],[160.60839160839163,-34.0]]],[[[115.0,-34.0],[115.92592592592592,-33.925925925925924],[115.92857142857143,-33.0],[117.0,-33.0],[116.4,-34.400000000000006],[115.5,-34.5],[115.0,-34.0]]],[[[140.0,-2.0],[139.0,-2.1020408163265305],[138.96774193548387,0.03225806451612906],[139.5609756097561,0.43902439024390244],[139.76666666666665,1.0],[139.46938775510205,1.469387755102041],[138.84615384615384,1.8461538461538463],[138.7674418604651,2.2325581395348837],[139.0,3.0],[139.3174603174603,2.317460317460317],[140.0,2.2105263157894735],[141.24657534246575,2.2465753424657535],[141.60000000000002,2.0],[142.0,1.3333333333333335],[142.016713091922,0.9832869080779945],[141.10169491525423,0.8983050847457628],[140.6727272727273,0.6727272727272727],[140.29787234042553,0.7021276595744681],[140.0,-2.0]]],[[[132.84256559766763,1.1574344023323615],[134.34782608695653,1.0],[134.31683168316832,0.6831683168316831],[134.0,0.42857142857142855],[133.0,0.22857142857142856],[132.52941176470588,0.47058823529411764],[132.11111111111111,0.0],[131.9899497487437,0.010050251256281395],[132.4864864864865,0.5135135135135136],[132.4,1.0],[132.84256559766763,1.1574344023323615]]],[[[137.94444444444446,5.999999999999999],[137.17708333333334,5.822916666666666],[136.91866028708134,5.91866028708134],[136.90395480225988,6.096045197740112],[137.36559139784947,6.365591397849462],[137.94444444444446,5.999999999999999]]],[[[140.3,8.0],[140.41176470588235,7.0],[140.60000000000002,6.6000000000000005],[141.0,6.375],[141.06201550387595,5.062015503875969],[141.40740740740742,4.407407407407407],[141.84615384615384,4.0],[141.29333333333335,3.7066666666666666],[140.0,3.9782608695652173],[139.3,3.7],[139.0,3.0],[138.78947368421052,3.7894736842105265],[138.8780487804878,4.878048780487805],[138.76190476190476,5.0],[138.8360655737705,5.163934426229508],[139.27027027027026,5.27027027027027],[140.0,5.0],[139.68888888888887,5.688888888888889],[139.80555555555557,6.0],[139.7741935483871,6.774193548387096],[139.5625,7.4375],[139.625,7.625],[139.41666666666666,7.583333333333333],[139.0,7.791666666666666],[138.5529411764706,7.447058823529412],[138.53658536585368,7.0],[138.0,6.043478260869566],[137.61061946902655,6.610619469026549],[137.99019607843138,8.0],[137.92691029900334,11.073089700996677],[138.0,11.333333333333332],[138.38938053097345,11.610619469026549],[138.47826086956522,12.0],[139.0,12.428571428571429],[139.4885496183206,12.511450381679388],[140.0,12.923076923076923],[140.19672131147541,11.196721311475411],[140.13138686131387,10.86861313868613],[139.64356435643563,10.643564356435643],[139.31168831168833,10.688311688311689],[139.3440860215054,10.344086021505376],[139.0,9.0],[139.37037037037038,8.37037037037037],[140.3,8.0]]],[[[139.72413793103448,16.275862068965516],[139.67567567567568,16.675675675675677],[139.78571428571428,17.0],[140.0,17.046511627906977],[140.0,15.90909090909091],[139.2,16.0],[139.72413793103448,16.275862068965516]]],[[[118.0,23.789473684210524],[118.26315789473685,23.0],[118.19867549668874,22.801324503311257],[118.0,22.67391304347826],[117.76190476190476,22.76190476190476],[117.59459459459458,23.0],[117.58333333333334,23.416666666666668],[118.0,23.789473684210524]]],[[[121.0408163265306,23.040816326530614],[121.77777777777779,23.22222222222222],[122.06498194945848,23.064981949458485],[122.0,22.80851063829787],[121.74285714285713,22.74285714285714],[121.05263157894737,22.94736842105263],[120.88888888888889,22.88888888888889],[120.95294117647059,24.04705882352941],[121.0754716981132,23.92452830188679],[121.0408163265306,23.040816326530614]]],[[[123.60000000000001,31.6],[124.0,31.666666666666668],[124.04705882352941,30.95294117647059],[123.0,31.0],[123.0,32.0],[123.60000000000001,31.6]]],[[[125.25,33.0],[124.84615384615384,32.84615384615385],[124.5,33.0],[124.66666666666669,33.333333333333336],[125.22222222222221,33.22222222222222],[125.25,33.0]]],[[[148.0,57.0],[147.15384615384616,56.84615384615385],[146.0,57.0],[146.71428571428572,57.28571428571428],[147.28571428571428,57.28571428571428],[148.0,57.0]]],[[[145.0,59.5],[146.0,59.0],[145.0,58.333333333333336],[144.60000000000002,58.60000000000001],[144.33333333333334,59.0],[144.55555555555554,59.44444444444444],[145.0,59.5]]],[[[95.22222222222221,85.0],[97.0,85.18897637795276],[98.25,85.0],[97.0,84.79661016949152],[95.22222222222221,85.0]]],[[[114.0,88.42307692307692],[111.0,88.5],[110.0,88.84615384615384],[109.0,88.44897959183673],[107.27692307692308,88.72307692307693],[106.0,88.59574468085107],[104.84946236559139,88.84946236559139],[104.65,89.0],[106.0,89.33333333333333],[107.19565217391305,89.19565217391305],[109.0,89.41538461538461],[110.0,89.09523809523809],[111.0,89.35593220338983],[114.0,89.44117647058823],[114.9090909090909,89.0],[114.43795620437956,88.56204379562045],[114.0,88.42307692307692]]],[[[100.0,88.70689655172413],[98.0,88.58666666666667],[94.0,88.72307692307692],[92.0,89.0],[93.71653543307087,89.28346456692913],[98.0,89.44285714285715],[100.0,89.30357142857143],[103.0,89.47142857142858],[103.35483870967742,89.35483870967742],[103.71739130434783,89.0],[103.37078651685394,88.62921348314607],[103.0,88.52173913043478],[100.0,88.70689655172413]]],[[[133.0,89.24],[134.0,89.45714285714286],[136.0,89.30909090909091],[138.0,89.32653061224491],[139.0,89.1875],[140.0,89.46153846153845],[142.0,89.5072463768116],[147.0,89.32786885245902],[148.0,89.02499999999999],[148.76470588235293,89.23529411764706],[151.0,89.47945205479452],[152.0,89.27777777777777],[153.0,89.39393939393939],[154.0,89.15217391304348],[155.0,89.390625],[156.0,89.43076923076924],[161.3076923076923,89.0],[156.0,88.76068376068375],[154.0,88.93],[153.0,88.77966101694915],[152.0,88.85981308411215],[151.0,88.7265625],[148.0,88.98924731182797],[147.0,88.81981981981983],[142.0,88.7244094488189],[140.0,88.75999999999999],[139.0,88.91262135922331],[134.0,88.73983739837398],[133.0,88.87628865979381],[130.0,88.70833333333334],[129.0,88.77922077922076],[128.0,88.61111111111111],[126.0,88.55421686746988],[124.0,88.8125],[123.0,88.62711864406779],[122.0,88.68627450980392],[121.0,88.58181818181819],[120.0,88.68181818181819],[118.0,88.50943396226415],[116.0,88.625],[115.16666666666667,89.0],[116.0,89.28301886792453],[118.39393939393939,89.39393939393939],[120.0,89.26923076923077],[123.0,89.37931034482759],[124.0,89.19565217391303],[126.0,89.49333333333334],[128.0,89.49295774647888],[129.0,89.31481481481481],[130.0,89.43076923076924],[133.0,89.24]]]]}}]}