{"type":"FeatureCollection","features":[{"type":"Feature","properties":{"ageMa":110},"geometry":{"type":"MultiPolygon","coordinates":[[[[-103.0,-88.8],[-101.8,-88.8],[-101.0,-89.0],[-101.0,-90.0],[-102.0,-90.0],[-102.6,-89.60000000000001],[-103.5,-89.5],[-104.0,-89.0],[-103.0,-88.8]]],[[[-97.0,-88.8],[-96.0,-89.0],[-96.0,-90.0],[-97.0,-90.0],[-97.6,-89.60000000000001],[-98.0,-89.5],[-98.5,-89.0],[-98.0,-88.8],[-97.0,-88.8]]],[[[-88.6,-89.60000000000001],[-89.0,-89.5],[-91.0,-89.5],[-91.4,-89.4],[-91.5,-89.0],[-91.0,-88.88888888888889],[-85.77777777777777,-88.77777777777777],[-84.5,-89.0],[-84.60000000000001,-89.4],[-85.0,-90.0],[-88.0,-90.0],[-88.6,-89.60000000000001]]],[[[-83.66666666666667,-89.0],[-83.28571428571428,-88.71428571428571],[-81.0,-88.33333333333334],[-80.60000000000001,-88.6],[-80.33333333333334,-89.0],[-81.0,-89.66666666666667],[-82.0,-90.0],[-83.0,-90.0],[-83.5,-89.5],[-83.66666666666667,-89.0]]],[[[-60.5,-88.5],[-60.0,-89.0],[-60.0,-90.0],[-60.66666666666667,-89.66666666666667],[-61.0,-89.75],[-61.66666666666667,-89.66666666666667],[-62.0,-89.5],[-62.199999999999996,-89.2],[-62.13333333333333,-88.86666666666667],[-61.0,-88.25],[-60.5,-88.5]]],[[[-165.5,-89.5],[-166.0,-90.0],[-169.0,-90.0],[-170.33333333333334,-89.66666666666667],[-171.0,-90.0],[-170.66666666666669,-89.33333333333334],[-170.8,-89.0],[-170.47058823529412,-88.52941176470588],[-170.0,-88.33333333333334],[-168.5,-88.5],[-168.0,-89.0],[-168.0,-88.0],[-167.33333333333334,-88.33333333333334],[-167.0,-88.25],[-165.77777777777777,-88.77777777777777],[-165.5,-89.0],[-165.5,-89.5]]],[[[-156.0,-88.33333333333334],[-155.0,-88.75],[-154.5,-88.5],[-154.0,-88.0],[-153.0,-88.5],[-152.0,-88.0],[-151.4,-88.4],[-151.0,-88.5],[-150.0,-88.25],[-148.0,-88.5],[-146.0,-88.5],[-145.0,-88.66666666666666],[-142.0,-88.66666666666666],[-140.0,-88.33333333333334],[-137.0,-88.25],[-136.0,-88.5],[-134.66666666666669,-88.33333333333334],[-134.0,-88.0],[-133.0,-88.33333333333334],[-132.0,-88.33333333333334],[-131.0,-88.5],[-130.0,-88.33333333333334],[-128.0,-88.33333333333334],[-127.0,-88.5],[-125.0,-88.5],[-123.0,-88.8],[-121.0,-88.6],[-118.0,-88.6],[-117.0,-88.75],[-114.0,-88.5],[-113.0,-88.6],[-112.0,-88.5],[-111.0,-88.75],[-109.0,-88.66666666666666],[-108.0,-88.5],[-106.0,-88.8],[-105.0,-88.75],[-104.0,-89.0],[-104.0,-90.0],[-106.0,-90.0],[-106.66666666666669,-89.66666666666667],[-107.0,-89.66666666666667],[-107.30769230769232,-89.30769230769232],[-108.0,-89.2],[-108.28571428571428,-89.28571428571428],[-108.8,-89.2],[-109.0,-89.5],[-109.4,-89.60000000000001],[-110.0,-90.0],[-116.0,-90.0],[-117.0,-89.5],[-119.28571428571428,-89.71428571428571],[-120.0,-90.0],[-121.0,-90.0],[-122.0,-89.5],[-123.0,-89.33333333333333],[-125.33333333333334,-89.66666666666667],[-126.0,-90.0],[-139.0,-90.0],[-140.0,-89.66666666666667],[-141.33333333333334,-89.66666666666667],[-142.0,-90.0],[-142.5,-89.5],[-143.0,-89.4],[-143.60000000000002,-89.4],[-144.4,-89.60000000000001],[-145.0,-90.0],[-146.0,-90.0],[-147.0,-89.66666666666667],[-148.0,-90.0],[-155.0,-90.0],[-155.55555555555557,-89.55555555555556],[-156.0,-89.5],[-156.4,-89.60000000000001],[-157.0,-90.0],[-158.33333333333334,-89.66666666666667],[-159.0,-90.0],[-164.0,-90.0],[-164.5,-89.5],[-164.5,-89.0],[-163.0,-88.0],[-162.25,-88.25],[-160.28571428571428,-88.28571428571428],[-159.5,-88.5],[-159.0,-89.0],[-158.60000000000002,-88.4],[-158.0,-88.25],[-156.0,-88.33333333333334]]],[[[-57.5,-89.5],[-58.0,-89.0],[-57.4,-88.6],[-57.0,-88.0],[-56.63636363636364,-88.63636363636363],[-56.6,-89.4],[-57.00000000000001,-89.66666666666667],[-57.5,-89.5]]],[[[-39.16666666666667,-83.83333333333334],[-37.666666666666664,-84.0],[-38.0,-84.14285714285715],[-40.0,-84.0],[-39.16666666666667,-83.83333333333334]]],[[[-47.833333333333336,-83.16666666666666],[-50.0,-83.16666666666667],[-50.199999999999996,-83.0],[-50.2,-82.8],[-50.0,-82.66666666666666],[-48.0,-82.875],[-47.833333333333336,-83.16666666666666]]],[[[-94.4,-81.60000000000001],[-95.0,-82.0],[-95.0,-81.0],[-94.23529411764706,-80.76470588235294],[-90.82608695652173,-80.82608695652175],[-90.0,-81.0],[-90.55555555555556,-81.44444444444444],[-92.28571428571428,-81.71428571428571],[-93.0,-82.0],[-94.4,-81.60000000000001]]],[[[-128.375,-81.0],[-128.56521739130434,-81.43478260869564],[-129.0,-81.66666666666667],[-130.0,-81.71428571428571],[-130.46511627906978,-81.46511627906976],[-130.66666666666669,-81.0],[-128.8857142857143,-80.88571428571429],[-128.375,-81.0]]],[[[-99.4888888888889,-80.48888888888888],[-99.6875,-80.0],[-99.0,-79.65625],[-98.0,-79.53125],[-97.25,-80.0],[-97.38461538461539,-80.38461538461539],[-97.28571428571428,-80.71428571428572],[-97.71428571428571,-80.71428571428572],[-98.0,-80.88235294117646],[-98.99999999999999,-80.78571428571428],[-99.4888888888889,-80.48888888888888]]],[[[-88.171875,-78.828125],[-87.38888888888889,-79.0],[-87.60714285714286,-79.39285714285714],[-88.0,-79.57894736842105],[-88.39285714285714,-79.39285714285714],[-88.6470588235294,-79.0],[-88.171875,-78.828125]]],[[[-48.1,-76.9],[-47.125,-76.875],[-46.0,-76.625],[-45.666666666666664,-77.0],[-46.26086956521739,-77.26086956521739],[-46.86666666666666,-77.13333333333333],[-47.0,-77.25],[-48.0,-77.2],[-48.166666666666664,-77.0],[-48.1,-76.9]]],[[[-53.5,-76.5],[-54.0,-76.33333333333333],[-54.2,-76.0],[-54.0,-75.5],[-53.5,-76.5]]],[[[-41.5,-71.0],[-41.66666666666667,-72.0],[-40.375,-72.375],[-39.86666666666667,-72.86666666666667],[-39.2,-73.2],[-38.71428571428571,-73.71428571428571],[-38.625,-75.0],[-38.0,-76.0],[-38.6875,-76.3125],[-39.0,-76.29411764705883],[-39.714285714285715,-76.0],[-39.76470588235294,-75.76470588235294],[-40.3,-75.3],[-41.0,-75.0],[-41.77777777777778,-75.22222222222223],[-42.0,-75.4],[-43.0,-75.5],[-43.25,-75.0],[-44.0,-74.5],[-45.0,-74.42857142857143],[-46.0,-74.10000000000001],[-47.43902439024391,-74.5609756097561],[-47.8125,-75.1875],[-48.3,-75.3],[-48.83333333333333,-75.16666666666667],[-49.0,-75.33333333333334],[-49.285714285714285,-75.28571428571428],[-49.25,-75.0],[-48.68421052631578,-74.3157894736842],[-48.66666666666667,-74.0],[-48.14285714285714,-73.0],[-48.45161290322581,-72.45161290322581],[-48.629629629629626,-71.62962962962962],[-49.0,-71.0],[-48.0,-70.0],[-47.5,-70.5],[-47.0,-70.77777777777777],[-45.0,-70.41176470588235],[-44.591836734693885,-70.59183673469389],[-44.0,-71.21428571428571],[-43.793103448275865,-71.20689655172414],[-43.0,-70.4],[-41.7037037037037,-70.7037037037037],[-41.5,-71.0]]],[[[-46.0,-69.0],[-45.45,-68.55],[-45.0,-68.47058823529412],[-44.56097560975609,-68.5609756097561],[-44.1,-69.0],[-44.590909090909086,-69.4090909090909],[-45.0,-69.5625],[-46.0,-69.0]]],[[[-49.0,-68.3],[-51.2,-69.0],[-50.66666666666667,-70.0],[-50.27906976744186,-70.27906976744185],[-49.53846153846154,-70.53846153846155],[-49.0,-71.0],[-49.581395348837205,-71.41860465116278],[-51.0,-71.61904761904762],[-52.06060606060606,-71.06060606060606],[-52.90909090909091,-70.0],[-52.57142857142857,-69.0],[-51.71428571428571,-68.28571428571428],[-51.69230769230769,-67.3076923076923],[-51.333333333333336,-67.0],[-51.42857142857143,-66.0],[-51.35294117647059,-65.64705882352942],[-51.0,-65.4],[-50.81818181818182,-65.0],[-50.0,-64.1],[-49.83333333333333,-64.16666666666667],[-49.8,-64.0],[-49.0,-63.906976744186046],[-48.0,-64.0],[-47.46153846153846,-64.46153846153847],[-47.0,-65.0],[-48.0,-66.0],[-47.888888888888886,-67.0],[-47.09090909090909,-68.0],[-47.61538461538461,-68.38461538461539],[-48.43478260869565,-68.43478260869566],[-49.0,-68.3]],[[-48.5,-65.0],[-48.60000000000001,-64.6],[-49.0,-64.5],[-49.33333333333334,-64.66666666666667],[-49.30769230769231,-65.0],[-49.170212765957444,-65.17021276595744],[-48.733333333333334,-65.26666666666667],[-48.5,-65.0]]],[[[132.28571428571428,-40.285714285714285],[133.0,-40.0],[133.55555555555554,-40.44444444444444],[134.0,-40.5],[134.05714285714285,-40.942857142857136],[134.39999999999998,-41.0],[134.5,-41.5],[135.0,-42.0],[134.0,-42.333333333333336],[133.8,-42.2],[133.0,-42.142857142857146],[131.36363636363637,-42.36363636363636],[130.83333333333334,-42.83333333333333],[130.41666666666669,-44.0],[130.51724137931035,-44.48275862068965],[131.0,-44.77777777777778],[132.0,-45.0],[132.0,-46.0],[131.0,-46.0],[130.5,-46.5],[130.0,-46.5],[129.85714285714286,-47.00000000000001],[130.25,-47.25],[131.0,-47.0],[130.75,-47.75],[130.89473684210526,-48.10526315789473],[131.5,-48.5],[131.75,-49.0],[132.42857142857144,-49.57142857142857],[132.5,-50.0],[132.71428571428572,-50.28571428571428],[133.4,-50.60000000000001],[133.76470588235293,-51.23529411764706],[134.46153846153848,-51.53846153846154],[134.88235294117646,-52.117647058823536],[135.28571428571428,-52.285714285714285],[135.71428571428572,-52.285714285714285],[136.21428571428572,-53.785714285714285],[137.0,-54.285714285714285],[137.28571428571428,-54.71428571428571],[138.34482758620692,-55.65517241379311],[139.0,-56.42857142857143],[139.5,-56.5],[140.0,-57.0],[140.77777777777777,-57.22222222222222],[141.33333333333334,-57.66666666666667],[141.5,-58.0],[141.8,-58.2],[142.0,-59.0],[143.0,-59.0],[143.1818181818182,-59.81818181818181],[143.11764705882354,-60.0],[143.47058823529412,-60.52941176470588],[144.375,-61.0],[145.0,-61.5],[145.14925373134326,-61.850746268656714],[145.625,-62.0],[146.0,-62.375],[146.47619047619048,-62.52380952380952],[146.78947368421052,-63.21052631578947],[147.35294117647058,-63.647058823529406],[147.6,-64.0],[147.11764705882354,-64.11764705882354],[147.06153846153848,-66.06153846153846],[147.0,-66.66666666666667],[146.86666666666667,-66.86666666666667],[147.1818181818182,-68.0],[148.28000000000003,-68.72],[149.1,-69.0],[150.0,-69.75],[151.33333333333331,-70.0],[152.41666666666669,-70.58333333333333],[154.9090909090909,-71.0909090909091],[155.15384615384616,-71.84615384615384],[158.0,-72.0],[158.33333333333334,-72.66666666666667],[159.07142857142856,-72.92857142857143],[161.0,-72.85714285714286],[161.60000000000002,-73.0],[161.63636363636363,-73.36363636363636],[162.0,-73.66666666666666],[162.09523809523807,-73.9047619047619],[162.84,-73.84],[163.05479452054794,-73.94520547945206],[165.11111111111111,-74.0],[165.23529411764707,-74.23529411764706],[165.15384615384616,-74.84615384615384],[165.68,-74.68],[166.0,-74.8],[168.0,-74.83333333333333],[169.0,-74.94117647058825],[169.125,-75.125],[169.0,-75.33333333333334],[168.0,-75.75],[167.0,-75.80000000000001],[166.8571428571429,-76.00000000000001],[166.95000000000002,-76.05000000000001],[168.99999999999997,-76.11111111111111],[169.75,-75.75],[170.1764705882353,-75.82352941176471],[172.0,-75.71428571428571],[174.0,-75.71428571428571],[175.0,-75.94871794871796],[176.0,-75.75],[177.09756097560975,-75.90243902439025],[178.0,-75.875],[178.4,-76.60000000000001],[179.0,-76.76190476190476],[179.15544041450778,-77.0],[179.1132075471698,-79.0],[179.40528634361232,-81.40528634361233],[179.25641025641028,-82.0],[179.40677966101697,-82.59322033898304],[179.75,-83.0],[180.0,-83.57142857142857],[180.0,-87.18181818181819],[179.73333333333335,-87.26666666666667],[179.0,-86.5],[178.0,-86.33333333333333],[177.0,-86.6],[175.0,-86.83333333333333],[174.0,-86.71428571428572],[170.8,-86.8],[169.0,-86.66666666666667],[168.0,-87.0],[167.0,-86.55555555555556],[164.0,-86.375],[162.0,-86.5],[159.30769230769232,-86.30769230769232],[158.0,-86.6],[157.0,-86.6],[156.0,-87.2],[155.0,-87.16666666666666],[154.0,-87.4],[151.0,-87.4],[150.0,-87.25],[149.22222222222223,-86.77777777777777],[148.0,-86.5],[146.8,-86.8],[146.0,-87.33333333333334],[145.0,-87.5],[141.33333333333334,-87.33333333333334],[140.0,-87.4],[139.0,-87.25],[138.0,-87.33333333333334],[137.0,-87.2],[134.75,-87.25],[133.44444444444443,-87.44444444444444],[133.0,-87.66666666666667],[132.6,-87.6],[132.0,-88.0],[132.0,-87.0],[132.5,-86.0],[131.84615384615387,-85.84615384615385],[131.0,-86.0],[131.0,-87.0],[130.4,-87.4],[130.25,-88.0],[130.57142857142858,-88.42857142857143],[131.0,-88.75],[131.28571428571428,-88.71428571428571],[131.5,-89.0],[131.5,-89.5],[131.0,-90.0],[122.0,-90.0],[121.81818181818181,-88.18181818181819],[121.34782608695653,-88.34782608695652],[120.7142857142857,-88.28571428571428],[120.2,-88.0],[120.2,-87.8],[120.00000000000001,-87.66666666666667],[119.0,-87.5],[118.6,-88.0],[119.0,-88.4],[119.42857142857143,-88.57142857142857],[119.6,-89.0],[119.55555555555554,-89.44444444444444],[120.0,-90.0],[117.0,-90.0],[116.22222222222221,-89.77777777777777],[116.0,-89.5],[115.75,-89.75],[115.0,-90.0],[111.0,-90.0],[110.33333333333334,-89.66666666666667],[109.81818181818181,-89.81818181818181],[108.0,-89.83333333333333],[107.0,-89.375],[104.0,-90.0],[88.0,-90.0],[87.0,-89.88888888888889],[83.0,-90.0],[82.0,-89.66666666666667],[81.0,-90.0],[79.0,-90.0],[78.0,-89.83333333333333],[77.0,-89.375],[76.625,-89.375],[76.4,-89.0],[76.76923076923077,-88.76923076923077],[78.0,-88.375],[82.30769230769232,-88.30769230769232],[83.0,-88.4],[84.0,-88.16666666666667],[85.1081081081081,-88.1081081081081],[85.47058823529412,-87.47058823529412],[86.17777777777778,-87.17777777777778],[86.3076923076923,-87.0],[86.5,-86.0],[86.30434782608697,-85.69565217391305],[85.5609756097561,-85.4390243902439],[85.18181818181819,-85.0],[86.23809523809524,-84.23809523809524],[86.35714285714285,-84.0],[85.58974358974358,-83.41025641025641],[85.17543859649123,-82.82456140350877],[84.48275862068967,-82.51724137931035],[84.06666666666668,-82.0],[84.25,-81.25],[84.6,-81.0],[84.71428571428571,-80.71428571428572],[85.0,-80.66666666666667],[87.08695652173914,-81.08695652173914],[89.77777777777777,-80.77777777777777],[92.66666666666667,-80.0],[92.6,-79.6],[93.0,-79.0],[92.0,-79.0],[91.28571428571428,-78.71428571428571],[91.0,-78.0],[90.9090909090909,-78.9090909090909],[90.2,-78.8],[85.4,-79.0],[85.22222222222223,-79.22222222222223],[84.0,-79.8],[83.5,-80.5],[82.33333333333334,-81.0],[82.5,-82.0],[82.0,-82.28571428571428],[81.0,-82.5],[80.71428571428572,-82.71428571428571],[80.66666666666667,-83.0],[80.25,-83.25],[78.63934426229508,-83.63934426229508],[75.82,-83.82],[75.47058823529412,-84.0],[75.34782608695653,-84.34782608695653],[75.0,-84.5],[73.0,-85.0],[72.8,-85.80000000000001],[72.0,-86.0],[70.0,-85.53846153846155],[69.6,-85.60000000000001],[69.14285714285714,-86.0],[69.0,-87.0],[68.0,-87.16666666666666],[66.9,-87.10000000000001],[62.0,-87.28571428571429],[61.0,-87.2],[60.0,-87.57142857142857],[58.0,-87.66666666666667],[57.0,-87.5],[56.0,-87.57142857142857],[55.68000000000001,-87.32],[55.666666666666664,-87.0],[55.76470588235294,-86.76470588235294],[56.0,-86.63636363636363],[57.0,-86.75],[58.0,-86.6],[60.29629629629629,-86.7037037037037],[61.0,-86.875],[64.0,-86.75],[66.83333333333333,-86.83333333333334],[67.71428571428571,-86.71428571428571],[68.4,-86.4],[68.5,-86.0],[67.3076923076923,-85.69230769230771],[65.0,-85.42857142857143],[64.0,-85.5],[63.0,-85.36363636363637],[61.0,-85.53333333333333],[58.0,-85.18181818181817],[56.0,-85.22222222222223],[54.294117647058826,-84.70588235294119],[53.0,-84.5],[50.0,-85.0],[46.7,-84.69999999999999],[46.25,-85.0],[47.0,-85.27272727272728],[48.0,-85.22222222222223],[48.32558139534884,-85.67441860465117],[48.28,-86.0],[48.54430379746836,-86.45569620253164],[49.90909090909091,-87.0],[49.66666666666667,-87.66666666666667],[48.19047619047619,-87.80952380952381],[46.71428571428571,-87.71428571428572],[46.0,-88.0],[44.66666666666667,-87.33333333333334],[44.5,-87.0],[44.16666666666667,-86.83333333333334],[43.33333333333333,-87.0],[43.0,-87.33333333333334],[41.16666666666667,-86.83333333333334],[40.0,-86.75],[38.66666666666667,-87.0],[38.44444444444444,-87.44444444444444],[38.0,-87.66666666666667],[37.0,-87.75],[36.75,-88.0],[44.0,-88.22222222222221],[44.45161290322581,-88.54838709677419],[44.53846153846154,-89.0],[44.48275862068965,-89.48275862068967],[43.89473684210526,-89.89473684210526],[35.0,-90.0],[33.0,-89.76470588235293],[30.0,-90.0],[20.0,-90.0],[19.0,-89.73333333333333],[17.0,-90.0],[15.916666666666666,-89.91666666666666],[10.0,-90.0],[1.8260869565217392,-89.82608695652175],[1.0,-90.0],[0.0,-90.0],[-1.0,-89.83333333333333],[-3.7777777777777777,-89.77777777777777],[-5.0,-89.6],[-6.0,-89.75],[-7.0,-89.66666666666667],[-8.0,-90.0],[-10.0,-89.5],[-10.4,-89.60000000000001],[-11.0,-90.0],[-13.0,-90.0],[-13.777777777777779,-89.77777777777777],[-15.363636363636363,-89.63636363636364],[-17.0,-89.66666666666667],[-18.0,-89.5],[-19.0,-89.5],[-20.0,-89.75],[-21.0,-89.6],[-22.0,-89.66666666666667],[-23.0,-90.0],[-26.0,-90.0],[-27.0,-89.5],[-32.0,-89.25],[-33.0,-89.33333333333333],[-34.0,-89.66666666666667],[-39.0,-89.8],[-40.0,-89.5],[-44.6,-89.60000000000001],[-46.0,-89.0],[-51.0,-89.0],[-52.16666666666667,-88.83333333333333],[-53.0,-89.0],[-53.75,-88.75],[-54.5,-88.0],[-54.875,-87.875],[-56.0,-87.75],[-57.0,-88.0],[-58.0,-87.55555555555556],[-59.0,-87.75],[-60.0,-87.6],[-61.0,-87.75],[-62.0,-87.4],[-63.0,-87.25],[-65.0,-88.0],[-65.33333333333334,-89.33333333333334],[-65.0,-90.0],[-65.66666666666667,-89.66666666666667],[-67.0,-90.0],[-69.0,-90.0],[-68.66666666666667,-89.33333333333334],[-68.77777777777777,-88.77777777777777],[-70.0,-88.5],[-70.22222222222223,-88.77777777777777],[-70.28571428571428,-89.28571428571428],[-70.0,-90.0],[-73.0,-90.0],[-72.6,-89.4],[-72.66666666666667,-89.0],[-72.57142857142857,-88.57142857142857],[-72.66666666666667,-88.33333333333334],[-71.28571428571428,-87.71428571428572],[-70.5,-87.5],[-70.0,-87.0],[-71.0,-86.5],[-72.0,-86.66666666666667],[-75.30769230769232,-86.30769230769232],[-75.5,-86.0],[-75.0,-85.33333333333334],[-74.0,-85.33333333333334],[-73.5,-85.0],[-73.75,-84.75],[-74.66666666666667,-84.66666666666667],[-75.0,-84.5],[-75.33333333333334,-84.0],[-76.57142857142857,-83.57142857142858],[-77.0,-83.25],[-78.0,-83.0],[-77.5,-82.5],[-77.0,-82.5],[-76.75,-81.75],[-77.0,-81.5],[-77.4,-81.60000000000001],[-78.0,-82.0],[-78.55555555555554,-81.55555555555556],[-79.0,-81.5],[-80.33333333333334,-81.66666666666667],[-81.0,-82.0],[-79.55555555555554,-82.55555555555554],[-79.0,-83.0],[-79.0,-84.0],[-79.6,-84.4],[-80.33333333333334,-84.66666666666667],[-83.0,-85.0],[-83.0,-86.0],[-82.00000000000001,-86.2],[-81.5,-86.0],[-81.25,-85.75],[-80.0,-85.4],[-79.0,-85.4],[-77.42857142857143,-86.42857142857144],[-76.66666666666667,-86.66666666666667],[-76.33333333333334,-87.0],[-77.33333333333334,-88.0],[-77.16666666666666,-88.16666666666667],[-75.55555555555556,-88.55555555555554],[-75.42857142857142,-89.0],[-75.46153846153847,-89.46153846153845],[-75.0,-90.0],[-76.0,-90.0],[-78.0,-89.6],[-78.33333333333334,-89.33333333333334],[-78.57142857142858,-88.57142857142857],[-79.0,-88.0],[-79.71428571428571,-87.71428571428572],[-81.0,-87.80000000000001],[-85.0,-87.25],[-88.0,-87.0],[-89.0,-86.5],[-90.0,-86.66666666666667],[-91.0,-87.0],[-92.0,-87.125],[-92.5,-87.0],[-93.0,-86.66666666666667],[-94.0,-86.75],[-96.0,-86.5],[-97.0,-86.5],[-98.0,-86.83333333333333],[-100.0,-87.2],[-103.0,-86.80000000000001],[-104.0,-87.0],[-105.0,-87.4],[-107.2,-87.19999999999999],[-107.5,-87.0],[-109.0,-86.61538461538461],[-111.0,-86.61111111111111],[-133.1578947368421,-86.84210526315789],[-135.0,-87.0],[-136.0,-87.25],[-137.0,-87.75],[-140.0,-87.80000000000001],[-143.0,-87.57142857142857],[-149.0,-87.71428571428572],[-150.0,-87.83333333333334],[-151.0,-87.75],[-152.0,-88.0],[-153.0,-87.83333333333334],[-154.0,-88.0],[-155.0,-87.625],[-156.0,-87.85714285714286],[-162.0,-87.80000000000001],[-163.0,-88.0],[-163.73333333333335,-87.73333333333333],[-164.68421052631578,-87.68421052631578],[-168.0,-88.0],[-172.0,-87.75],[-172.5,-88.0],[-172.26086956521738,-88.26086956521739],[-171.52380952380952,-88.52380952380952],[-171.16666666666666,-89.0],[-171.25,-89.25],[-171.0,-90.0],[-179.0,-90.0],[-179.77777777777777,-89.77777777777777],[-180.0,-89.5],[-180.0,-88.81818181818183],[-179.0,-88.0],[-179.99999999999997,-87.18181818181817],[-180.0,-83.57142857142858],[-179.36363636363637,-84.36363636363636],[-179.0,-84.42857142857142],[-178.68421052631578,-84.3157894736842],[-178.0,-83.75],[-177.0,-84.2],[-175.8,-84.2],[-174.11111111111111,-83.88888888888889],[-170.0,-84.0],[-167.0,-83.75],[-165.0,-83.85714285714286],[-163.77777777777777,-83.77777777777777],[-162.0,-84.0],[-161.0,-83.85714285714286],[-160.0,-84.0],[-158.0,-83.875],[-154.0,-84.0],[-152.0,-83.625],[-151.0,-83.83333333333333],[-149.28571428571428,-83.71428571428571],[-148.0,-83.33333333333334],[-146.71428571428572,-83.28571428571428],[-146.0,-83.0],[-144.0,-82.85714285714286],[-143.0,-83.0],[-143.5,-83.5],[-144.4,-83.6],[-145.0,-84.0],[-144.0,-84.33333333333334],[-143.0,-84.0],[-142.22222222222223,-84.22222222222223],[-141.0,-84.25],[-140.25,-83.75],[-138.8,-83.8],[-137.11111111111111,-84.1111111111111],[-135.9,-84.1],[-135.5,-84.0],[-135.22222222222223,-83.77777777777777],[-133.0,-83.75],[-132.33333333333334,-83.66666666666667],[-132.0,-83.5],[-131.5,-84.0],[-131.06451612903226,-84.06451612903226],[-125.19047619047619,-84.19047619047619],[-124.0,-84.0],[-122.625,-83.375],[-121.78947368421052,-83.21052631578948],[-121.0,-82.8],[-120.0,-83.16666666666667],[-118.0,-83.1111111111111],[-117.29629629629628,-83.29629629629629],[-116.0,-83.38461538461539],[-110.75,-83.25],[-110.0,-83.0],[-109.4,-83.4],[-109.0,-84.0],[-108.0,-84.1111111111111],[-107.75,-84.0],[-107.6,-83.4],[-107.0,-83.0],[-106.0,-82.66666666666666],[-105.0,-82.5],[-104.66666666666667,-82.33333333333334],[-104.5,-82.0],[-104.11764705882354,-81.88235294117646],[-101.0,-81.85714285714285],[-99.0,-81.6],[-96.66666666666667,-81.66666666666667],[-96.0,-82.0],[-95.0,-82.0],[-94.0,-82.33333333333334],[-93.0,-82.0],[-91.0,-82.5],[-90.55555555555556,-82.44444444444444],[-90.0,-82.33333333333334],[-89.5,-82.0],[-89.60000000000001,-81.60000000000001],[-90.0,-81.0],[-88.0,-80.88888888888889],[-86.0,-81.0],[-84.2,-80.80000000000001],[-83.5,-80.5],[-83.25,-80.0],[-83.08695652173913,-79.91304347826086],[-82.0,-80.0],[-81.0,-79.875],[-80.62162162162163,-79.37837837837839],[-80.66666666666667,-79.0],[-80.0,-78.6],[-79.67816091954023,-78.67816091954023],[-79.3,-79.0],[-79.36363636363636,-79.36363636363636],[-79.0,-80.0],[-77.875,-79.875],[-77.66666666666667,-80.0],[-77.44444444444444,-80.44444444444444],[-76.0,-81.0],[-75.0,-81.2],[-73.26086956521739,-81.26086956521739],[-69.5,-81.0],[-67.0,-80.33333333333334],[-65.0,-80.0],[-62.0,-79.0],[-60.80952380952381,-78.80952380952381],[-57.99999999999999,-78.42857142857142],[-56.63636363636364,-78.36363636363636],[-55.0,-78.0],[-53.17647058823529,-78.1764705882353],[-50.5,-78.0],[-50.75,-77.75],[-50.99999999999999,-77.88888888888889],[-51.71428571428571,-77.71428571428571],[-52.0,-77.33333333333333],[-53.0,-77.5],[-53.400000000000006,-77.4],[-53.6,-77.0],[-53.5,-76.5],[-53.0,-76.4],[-52.0,-76.66666666666666],[-51.66666666666667,-76.0],[-51.75,-75.75],[-52.34782608695652,-75.34782608695653],[-52.35714285714286,-74.0],[-52.0,-73.6875],[-51.39130434782609,-73.60869565217392],[-50.61702127659574,-73.61702127659575],[-50.4375,-74.0],[-50.599999999999994,-75.0],[-50.0,-75.75],[-49.71428571428571,-75.71428571428571],[-49.666666666666664,-76.0],[-50.0,-76.2],[-50.32,-76.68],[-50.400000000000006,-77.4],[-49.75,-78.0],[-48.333333333333336,-78.33333333333334],[-47.5,-79.0],[-45.0,-79.375],[-44.0,-78.63157894736842],[-42.673469387755105,-78.6734693877551],[-42.0,-79.13333333333334],[-41.0,-78.8],[-39.0,-78.83333333333334],[-37.523809523809526,-78.47619047619047],[-36.800000000000004,-78.0],[-37.56521739130435,-76.56521739130434],[-38.0,-76.0],[-37.256410256410255,-75.74358974358974],[-37.0,-75.79166666666667],[-36.0,-75.27272727272728],[-35.0,-75.41176470588235],[-34.70833333333333,-75.29166666666666],[-34.66666666666667,-75.0],[-34.70833333333333,-74.70833333333333],[-35.41509433962264,-74.41509433962264],[-35.631578947368425,-73.63157894736842],[-37.45454545454545,-73.45454545454545],[-37.909090909090914,-73.0],[-38.0,-72.0],[-38.6,-71.60000000000001],[-39.375,-71.375],[-39.6,-71.0],[-39.22222222222222,-69.77777777777777],[-38.38095238095238,-69.61904761904762],[-38.0,-69.63636363636364],[-37.0,-70.0],[-36.48484848484849,-70.48484848484848],[-35.75757575757576,-70.75757575757575],[-35.38709677419355,-71.38709677419354],[-35.0,-71.6],[-32.705882352941174,-71.70588235294117],[-32.44444444444444,-72.0],[-33.0,-72.25],[-34.0,-72.16666666666666],[-34.69230769230769,-72.30769230769232],[-35.17391304347826,-72.82608695652173],[-35.2,-73.0],[-35.22222222222222,-73.22222222222223],[-35.0,-73.15384615384615],[-34.0,-73.88235294117648],[-33.0,-74.4],[-29.0,-74.52173913043478],[-26.0,-75.0],[-26.1,-76.0],[-26.444444444444443,-76.55555555555556],[-27.0,-76.81818181818181],[-28.375,-76.625],[-28.66666666666667,-77.33333333333334],[-29.0,-77.66666666666667],[-29.333333333333336,-78.33333333333334],[-28.71428571428571,-78.71428571428571],[-28.0,-80.0],[-29.0,-80.11111111111111],[-31.743589743589745,-81.25641025641025],[-33.0,-81.45],[-34.3,-81.3],[-35.0,-80.92307692307693],[-36.0,-80.8],[-37.0,-81.25],[-38.0,-80.5625],[-38.32558139534884,-80.67441860465117],[-38.75609756097561,-81.2439024390244],[-40.0,-81.41176470588235],[-42.0,-81.16666666666666],[-42.87878787878788,-80.87878787878788],[-44.0,-80.78571428571428],[-45.0,-80.5],[-48.0,-81.63157894736841],[-53.0,-82.0],[-53.46153846153847,-82.53846153846155],[-54.25,-83.0],[-54.0,-83.5],[-53.66666666666667,-83.66666666666667],[-52.8,-83.8],[-52.666666666666664,-84.0],[-52.17391304347826,-84.17391304347825],[-50.0,-84.38461538461539],[-48.0,-84.33333333333334],[-47.2,-84.0],[-47.16666666666667,-83.83333333333334],[-44.77777777777777,-83.77777777777777],[-44.0,-84.0],[-44.5,-84.5],[-44.6,-85.0],[-44.34285714285714,-85.34285714285714],[-44.0,-85.5],[-42.0,-85.35],[-41.0,-85.4814814814815],[-38.27906976744186,-85.27906976744185],[-35.0,-85.6470588235294],[-27.0,-85.81818181818183],[-26.400000000000002,-85.60000000000001],[-26.42857142857143,-85.42857142857143],[-26.15,-84.85],[-24.782608695652172,-84.78260869565217],[-24.166666666666664,-85.00000000000001],[-23.652173913043477,-85.65217391304348],[-23.0,-85.8125],[-21.333333333333336,-85.66666666666667],[-21.0,-85.5],[-19.0,-85.76923076923077],[-15.08,-84.91999999999999],[-14.0,-85.0],[-10.307692307692308,-84.6923076923077],[-10.0,-84.33333333333334],[-9.0,-85.0],[-8.0,-85.0],[-7.0,-85.33333333333334],[-2.8095238095238093,-85.19047619047619],[-2.0,-85.0],[-1.4000000000000001,-84.60000000000001],[-0.6363636363636364,-84.36363636363636],[0.0,-84.0],[2.0,-84.0],[4.0,-83.42857142857142],[7.0,-83.0],[7.846153846153847,-83.15384615384616],[11.0,-83.0],[12.0,-82.71428571428571],[13.0,-82.22222222222223],[14.0,-82.0],[10.0,-81.66666666666667],[5.36,-81.64],[3.8,-81.2],[3.625,-81.0],[3.161290322580645,-80.83870967741936],[2.0,-80.6],[1.5862068965517242,-80.41379310344827],[1.0,-79.76470588235294],[-4.264150943396226,-79.26415094339623],[-5.5,-79.0],[-5.6,-78.0],[-5.0,-77.625],[-4.0,-77.6],[-3.0,-77.33333333333334],[0.3157894736842105,-77.3157894736842],[2.0,-77.0],[1.2666666666666666,-76.73333333333333],[-1.0,-76.5],[-3.0,-76.55555555555556],[-4.25,-76.0],[-3.294117647058824,-75.70588235294117],[-2.0,-75.57142857142857],[-1.0,-75.75],[2.0,-75.75],[2.5999999999999996,-76.0],[2.6,-76.4],[3.2,-76.8],[3.666666666666667,-76.66666666666667],[6.0,-77.0],[6.416666666666667,-77.58333333333334],[7.5,-78.0],[7.7142857142857135,-78.28571428571428],[9.0,-79.0],[11.727272727272727,-79.27272727272727],[13.0,-79.625],[13.357142857142856,-79.35714285714286],[16.0,-79.38095238095238],[16.8,-79.0],[17.0,-78.6],[17.25,-78.75],[17.22222222222222,-79.0],[17.758620689655174,-79.24137931034483],[19.0,-79.44],[20.375,-79.0],[20.375,-78.625],[19.88235294117647,-78.11764705882354],[18.0,-78.0],[17.3,-77.7],[15.542857142857143,-77.45714285714286],[14.771428571428572,-77.22857142857143],[14.37037037037037,-76.62962962962962],[14.0,-76.44444444444444],[12.8,-76.2],[12.625,-76.0],[12.8,-75.0],[12.363636363636363,-74.63636363636363],[11.600000000000001,-74.4],[11.181818181818182,-74.0],[11.181818181818182,-73.0],[11.59090909090909,-72.5909090909091],[12.0,-72.4375],[14.0,-72.14285714285715],[14.512195121951219,-71.51219512195121],[15.0,-71.28571428571428],[15.565217391304348,-71.43478260869566],[16.0,-71.71428571428572],[16.285714285714285,-71.71428571428571],[16.8,-72.19999999999999],[18.0,-72.11111111111111],[20.0,-73.0],[20.0,-74.0],[21.0,-74.0],[21.5,-73.0],[21.846153846153847,-72.84615384615385],[22.142857142857142,-72.14285714285714],[22.1,-72.0],[23.0,-71.0],[22.41176470588235,-70.58823529411765],[20.82608695652174,-70.17391304347825],[19.266666666666666,-68.73333333333333],[18.0,-68.5],[16.0,-68.71428571428571],[15.0,-68.25],[14.0,-68.0],[13.4,-67.6],[11.0,-67.72727272727272],[10.0,-67.58333333333333],[9.0,-68.0],[8.11111111111111,-67.88888888888889],[8.0,-67.66666666666667],[7.0,-67.625],[6.0,-67.83333333333334],[5.8181818181818175,-68.0],[5.555555555555555,-68.44444444444444],[6.0,-69.0],[5.4799999999999995,-68.52],[4.0,-68.57142857142857],[3.6444444444444444,-68.35555555555555],[3.5,-68.0],[4.204081632653061,-67.20408163265306],[4.212765957446809,-66.7872340425532],[4.0,-66.58333333333333],[3.0,-66.07142857142857],[2.25,-66.25],[2.0,-66.5],[1.7391304347826086,-66.26086956521739],[1.6666666666666665,-66.0],[1.8125,-65.8125],[2.4,-65.60000000000001],[2.714285714285714,-65.71428571428571],[2.714285714285714,-65.28571428571428],[3.0,-64.75],[4.133333333333333,-64.13333333333333],[5.0,-64.0],[5.5,-63.5],[6.0,-63.27272727272727],[6.529411764705882,-63.470588235294116],[7.0,-64.0],[7.38095238095238,-63.38095238095238],[7.444444444444445,-63.0],[7.333333333333334,-62.66666666666667],[6.658536585365853,-62.34146341463415],[6.461538461538462,-62.0],[6.641025641025641,-61.641025641025635],[7.461538461538462,-61.46153846153847],[8.745454545454546,-60.74545454545454],[10.275862068965516,-60.724137931034484],[10.789473684210526,-61.21052631578947],[12.0,-61.46153846153847],[12.3,-61.3],[12.578947368421051,-60.578947368421055],[13.294117647058822,-60.29411764705882],[14.0,-59.333333333333336],[14.25,-59.25],[15.622641509433961,-59.37735849056604],[17.705882352941178,-59.294117647058826],[19.0,-59.62857142857143],[21.0,-59.4],[22.000000000000004,-59.08695652173913],[23.0,-59.0],[24.0,-59.357142857142854],[26.0,-59.125],[27.0,-59.0],[27.565217391304344,-58.565217391304344],[28.0,-58.583333333333336],[28.208333333333336,-58.79166666666667],[29.0,-58.93333333333334],[30.0,-59.0],[31.0,-59.44444444444444],[31.296296296296294,-59.29629629629629],[31.461538461538463,-58.46153846153846],[32.0,-57.75],[33.0,-57.5],[33.83673469387755,-56.836734693877546],[35.73913043478261,-56.73913043478261],[36.75,-56.0],[38.0,-55.714285714285715],[39.05405405405405,-55.945945945945944],[40.71428571428571,-55.71428571428571],[42.0,-55.696969696969695],[43.0,-55.90243902439025],[45.0,-55.96969696969697],[46.839999999999996,-55.84],[49.6,-56.0],[49.35294117647059,-56.35294117647058],[49.0,-56.42857142857143],[48.0,-56.142857142857146],[47.67567567567568,-56.67567567567568],[47.666666666666664,-57.00000000000001],[48.0,-57.46153846153846],[49.0,-57.22222222222222],[51.0,-57.0],[51.57142857142858,-57.42857142857143],[51.674418604651166,-58.325581395348834],[52.0,-59.0],[51.476190476190474,-59.476190476190474],[51.2,-60.0],[51.095238095238095,-60.904761904761905],[51.45614035087719,-61.5438596491228],[51.5,-62.0],[51.30769230769231,-63.0],[51.54430379746836,-63.45569620253164],[52.0,-63.6],[52.36734693877551,-63.367346938775505],[52.54838709677419,-62.54838709677419],[52.939393939393945,-61.93939393939394],[54.375,-61.375],[55.0,-60.0],[55.652173913043484,-60.34782608695652],[56.0,-60.36363636363636],[56.285714285714285,-60.28571428571428],[56.80645161290323,-59.806451612903224],[57.68421052631578,-59.68421052631578],[58.22222222222222,-59.22222222222222],[59.0,-59.090909090909086],[60.0,-59.642857142857146],[60.37037037037037,-59.629629629629626],[61.0,-60.22222222222222],[62.609756097560975,-59.609756097560975],[63.457142857142856,-59.542857142857144],[63.63636363636363,-59.63636363636364],[64.0,-59.333333333333336],[64.23529411764706,-59.76470588235294],[65.0,-60.2],[65.6923076923077,-59.69230769230769],[65.66666666666667,-58.66666666666667],[66.0,-58.4],[67.0,-58.6],[67.42857142857143,-58.42857142857143],[67.75,-58.0],[69.0,-58.0],[70.0,-58.42857142857142],[70.15686274509804,-58.84313725490196],[71.0,-59.0],[73.0,-59.0],[73.93548387096774,-58.935483870967744],[74.0,-58.77777777777778],[74.16,-58.84],[74.68888888888888,-58.68888888888888],[76.14285714285714,-58.85714285714286],[76.33333333333333,-59.0],[76.52941176470588,-59.470588235294116],[77.0,-59.57142857142857],[77.57142857142857,-59.0],[77.0,-58.0],[76.84,-57.160000000000004],[76.33333333333334,-57.00000000000001],[77.85,-56.85],[77.96923076923078,-55.96923076923077],[78.86046511627907,-55.86046511627907],[79.0,-54.66666666666667],[79.42105263157895,-54.421052631578945],[79.75999999999999,-53.760000000000005],[80.0,-52.5],[80.5,-52.0],[80.5,-51.0],[81.0,-50.25],[81.63636363636364,-49.63636363636363],[81.83333333333334,-49.0],[83.5,-48.0],[84.91999999999999,-47.92],[85.68421052631578,-47.68421052631579],[86.0,-47.25],[87.0,-47.0],[87.75,-47.25],[89.0,-47.0],[91.0,-47.0],[92.0,-47.333333333333336],[93.0,-47.25],[95.0,-47.333333333333336],[96.0,-47.599999999999994],[97.33333333333334,-47.0],[97.66666666666669,-46.66666666666667],[98.0,-46.0],[100.0,-46.66666666666667],[100.83333333333334,-45.83333333333333],[102.22222222222223,-45.22222222222222],[104.125,-45.125],[104.5,-45.0],[105.0,-44.6],[106.0,-44.4],[107.0,-45.333333333333336],[108.30769230769232,-45.69230769230769],[109.0,-46.25],[109.5,-46.0],[111.0,-44.5],[111.33333333333334,-44.333333333333336],[114.22222222222223,-43.77777777777778],[116.28571428571428,-44.285714285714285],[117.0,-44.0],[117.0,-45.0],[118.0,-45.0],[118.5,-45.5],[118.66666666666667,-46.0],[118.60000000000001,-46.400000000000006],[119.0,-47.0],[121.0,-47.0],[121.0,-49.0],[121.5,-49.5],[121.60000000000001,-50.400000000000006],[122.0,-51.0],[125.0,-51.0],[125.0,-50.0],[126.0,-50.0],[126.0,-48.0],[126.20000000000002,-46.00000000000001],[126.14285714285715,-45.00000000000001],[125.71428571428571,-44.71428571428571],[125.0,-45.0],[125.28571428571428,-44.285714285714285],[125.10526315789474,-43.89473684210526],[124.75,-43.75],[124.0,-44.0],[124.0,-43.0],[123.0,-43.0],[123.0,-42.0],[122.0,-41.0],[122.44444444444444,-40.44444444444444],[122.66666666666667,-38.0],[123.0,-37.8],[124.0,-38.2],[125.0,-38.0],[127.0,-38.5],[128.63636363636363,-39.36363636363636],[129.33333333333334,-39.333333333333336],[130.0,-39.0],[131.33333333333334,-39.66666666666667],[131.77777777777777,-40.22222222222222],[132.28571428571428,-40.285714285714285]],[[111.4,-89.4],[111.33333333333334,-89.0],[111.15384615384615,-88.84615384615384],[110.875,-88.875],[110.66666666666667,-89.33333333333334],[111.0,-90.0],[111.4,-89.4]],[[94.0,-79.0],[93.66666666666667,-78.33333333333334],[93.75,-78.0],[93.0,-77.83333333333333],[92.57142857142856,-78.0],[92.53846153846155,-78.46153846153847],[93.0,-79.0],[94.0,-79.0]],[[94.25,-79.75],[95.0,-80.0],[96.4,-79.4],[98.0,-78.5],[99.0,-78.66666666666667],[100.0,-78.25],[101.19999999999999,-78.2],[102.0,-78.0],[102.0,-77.0],[102.55555555555554,-77.44444444444444],[104.0,-77.28571428571428],[105.0,-77.375],[107.0,-77.0],[108.26086956521739,-76.26086956521739],[108.33333333333334,-76.0],[108.17142857142858,-75.82857142857142],[107.43478260869566,-75.56521739130434],[106.66666666666666,-75.0],[105.85185185185185,-74.85185185185185],[103.81818181818183,-75.18181818181819],[103.37037037037035,-75.37037037037037],[102.0,-75.375],[101.0,-75.6],[99.60000000000001,-75.4],[99.27272727272727,-75.0],[99.23076923076923,-74.76923076923077],[98.71428571428571,-74.28571428571428],[98.0,-74.0],[96.82608695652173,-74.17391304347825],[96.5,-74.0],[96.71428571428572,-73.0],[97.0,-72.71428571428572],[98.0,-72.55555555555556],[100.0,-72.77777777777777],[100.66666666666667,-73.0],[101.0,-73.25],[101.76923076923077,-72.76923076923077],[102.19999999999999,-72.8],[102.5,-73.0],[102.4,-74.0],[102.72727272727272,-74.27272727272727],[104.0,-74.8],[104.44444444444444,-74.44444444444443],[104.66666666666667,-73.0],[105.14285714285714,-72.14285714285714],[105.77777777777777,-72.22222222222223],[108.15384615384616,-71.84615384615384],[108.66666666666667,-72.33333333333334],[110.0,-72.05882352941177],[112.25,-72.25],[112.53846153846155,-71.53846153846153],[113.0,-71.25],[114.0,-71.16666666666667],[114.34782608695652,-70.34782608695652],[115.0,-70.2],[116.21875,-70.21875],[116.3888888888889,-70.0],[116.37837837837839,-69.62162162162163],[115.53846153846155,-68.46153846153847],[114.4,-67.6],[114.0,-67.5],[113.0,-67.54545454545453],[112.15384615384616,-66.84615384615385],[111.83783783783784,-66.83783783783784],[111.0,-67.13333333333334],[110.0,-66.64285714285714],[107.0,-66.72727272727272],[106.4,-67.0],[106.33333333333334,-67.33333333333334],[106.0,-67.5],[104.0,-67.36363636363636],[103.0,-66.66666666666667],[102.66666666666667,-66.66666666666667],[102.0,-67.10000000000001],[101.75,-67.0],[101.42857142857143,-66.57142857142858],[100.73333333333333,-66.26666666666667],[100.38095238095238,-65.61904761904762],[99.85714285714286,-65.14285714285714],[99.35294117647058,-65.35294117647058],[99.0,-65.3157894736842],[98.58064516129032,-65.58064516129032],[98.4090909090909,-66.0],[98.53571428571429,-66.46428571428571],[99.0,-66.72222222222223],[99.29411764705883,-66.70588235294117],[99.71428571428572,-67.0],[99.14285714285714,-68.0],[99.28571428571428,-68.28571428571428],[99.28571428571428,-68.71428571428571],[99.71428571428571,-68.71428571428571],[100.0909090909091,-68.9090909090909],[100.16666666666667,-69.0],[100.0,-69.2],[99.28571428571428,-69.28571428571428],[99.0,-69.5],[98.47058823529412,-68.52941176470588],[98.0,-68.42857142857143],[97.10526315789474,-69.10526315789474],[96.0,-69.375],[95.71428571428571,-69.28571428571428],[95.57142857142857,-69.0],[95.83333333333333,-68.0],[95.3448275862069,-67.65517241379311],[95.0,-67.16666666666667],[93.89473684210526,-67.10526315789474],[93.0,-67.29411764705883],[92.8,-67.19999999999999],[92.70588235294117,-66.70588235294117],[93.0,-66.0],[92.46666666666667,-65.53333333333333],[91.25,-65.0],[91.25,-64.75],[90.80000000000001,-64.2],[88.88235294117646,-64.11764705882354],[89.0,-63.0],[88.6,-62.4],[88.0,-62.0],[86.0,-61.7],[83.0,-61.800000000000004],[81.0,-61.38461538461539],[80.5,-61.5],[80.0,-61.800000000000004],[79.66666666666667,-61.66666666666667],[79.5,-62.0],[79.2,-62.199999999999996],[78.84615384615385,-62.15384615384615],[78.66666666666667,-62.0],[79.4,-61.400000000000006],[79.33333333333334,-61.0],[79.19047619047619,-60.80952380952381],[78.43636363636364,-60.56363636363637],[77.51612903225806,-60.483870967741936],[77.0,-60.27272727272728],[76.5,-60.5],[76.3448275862069,-61.344827586206904],[76.0,-61.625],[75.57142857142858,-61.57142857142857],[75.33333333333334,-61.66666666666667],[75.0,-61.5],[74.83333333333334,-61.16666666666667],[74.91666666666667,-61.0],[74.43137254901961,-60.568627450980394],[73.0,-60.57142857142857],[72.64,-60.64],[72.0,-61.71428571428571],[71.5,-62.0],[71.75,-62.25],[73.0,-62.58333333333333],[73.4375,-62.4375],[73.83333333333333,-61.83333333333333],[74.3,-61.7],[74.75,-62.0],[74.57142857142857,-64.0],[74.72727272727272,-64.27272727272727],[75.38095238095238,-64.61904761904762],[76.75,-65.0],[77.0,-66.0],[76.3,-66.3],[76.0,-66.23076923076923],[75.38095238095238,-66.38095238095238],[74.33333333333333,-67.0],[73.0,-67.4375],[71.28571428571428,-67.28571428571428],[70.53846153846155,-67.53846153846155],[70.5,-68.0],[71.0,-69.0],[71.64285714285714,-68.64285714285714],[72.25641025641025,-68.74358974358974],[72.5,-69.0],[72.5,-69.5],[72.0,-70.0],[71.0,-70.5],[70.58823529411765,-70.41176470588235],[70.3076923076923,-69.6923076923077],[70.0,-69.63636363636364],[68.90476190476191,-69.9047619047619],[68.80000000000001,-70.0],[69.0,-70.4],[69.6,-71.0],[69.42857142857143,-71.42857142857143],[68.75,-72.0],[66.375,-73.375],[65.85714285714286,-73.85714285714286],[65.0,-74.0],[64.57142857142858,-74.57142857142857],[64.0,-74.85714285714286],[62.66666666666667,-75.0],[63.00000000000001,-75.33333333333334],[63.5,-75.5],[64.0,-76.0],[61.75,-76.75],[61.25,-77.25],[61.0,-77.33333333333333],[60.75,-77.25],[60.5,-77.0],[60.400000000000006,-76.60000000000001],[60.0,-76.0],[60.333333333333336,-75.33333333333334],[60.33333333333334,-75.0],[60.0,-74.0],[59.307692307692314,-74.3076923076923],[59.0,-74.25],[58.53846153846154,-74.53846153846155],[56.400000000000006,-75.0],[56.73913043478261,-75.26086956521739],[58.37037037037037,-75.62962962962962],[59.0,-76.0],[58.75,-76.75],[58.0,-77.0],[58.60000000000001,-77.4],[58.84615384615385,-78.15384615384616],[61.0,-79.0],[61.71428571428571,-78.71428571428571],[63.0,-78.5],[63.300000000000004,-78.30000000000001],[63.71428571428571,-77.71428571428571],[64.55555555555554,-77.55555555555556],[65.2,-77.19999999999999],[66.0,-77.0],[68.0,-76.83333333333334],[68.73333333333333,-77.26666666666668],[70.0,-77.47058823529412],[70.35555555555555,-77.35555555555555],[70.61538461538461,-77.0],[70.5,-76.0],[71.0,-75.4],[71.33333333333334,-75.33333333333334],[71.66666666666667,-75.0],[72.0,-74.875],[73.0,-75.0],[74.5,-76.0],[75.0625,-76.0625],[76.0909090909091,-75.9090909090909],[78.11111111111111,-76.88888888888889],[78.53846153846155,-77.46153846153847],[79.0,-77.27272727272727],[80.0,-77.28571428571428],[80.53191489361701,-76.53191489361703],[81.0,-76.3125],[82.0,-76.33333333333334],[82.81818181818181,-76.0],[82.57142857142858,-75.42857142857143],[82.0,-75.18181818181819],[80.0,-75.0],[81.0,-74.75],[81.25,-74.25],[81.2,-74.0],[81.5,-73.5],[82.0,-73.29411764705881],[83.29787234042553,-73.29787234042553],[83.875,-73.0],[83.84615384615384,-72.84615384615385],[84.42857142857143,-72.42857142857143],[85.11111111111111,-72.11111111111111],[85.0,-71.8],[83.8,-71.2],[83.9090909090909,-70.9090909090909],[85.60000000000001,-70.60000000000001],[88.0,-70.64705882352942],[88.6,-70.60000000000001],[89.0,-70.42857142857143],[89.34782608695653,-70.65217391304347],[89.57142857142856,-71.0],[89.80000000000001,-72.19999999999999],[90.25,-72.75],[90.19047619047619,-73.19047619047619],[90.0,-73.5],[89.66666666666667,-73.66666666666667],[89.5,-74.0],[91.0,-74.58333333333333],[91.68421052631578,-74.68421052631578],[93.47058823529412,-74.52941176470587],[94.0,-75.0],[94.77777777777777,-74.77777777777777],[95.13333333333333,-74.86666666666666],[96.0,-75.71428571428571],[97.0,-75.71428571428571],[98.2,-76.0],[97.3076923076923,-76.30769230769232],[96.0,-76.33333333333333],[95.51724137931035,-77.51724137931035],[95.00000000000001,-77.92857142857143],[94.5,-78.0],[94.22222222222223,-78.22222222222223],[94.0,-79.0],[94.25,-79.75]],[[60.5,-73.5],[61.0,-73.4],[61.22222222222222,-73.0],[61.0,-72.81818181818181],[60.0,-72.9],[59.9,-73.0],[60.0,-74.0],[60.5,-73.5]],[[7.0,-65.03846153846153],[8.200000000000001,-65.0],[7.8,-64.8],[7.2,-64.8],[7.0,-64.0],[7.0,-65.03846153846153]],[[125.0,-87.16666666666666],[124.52380952380952,-87.52380952380952],[124.375,-88.0],[124.52380952380952,-88.47619047619047],[125.0,-89.0],[125.71428571428571,-88.71428571428571],[125.83333333333333,-88.0],[125.55555555555554,-87.44444444444444],[125.0,-87.16666666666666]],[[126.5,-88.0],[126.66666666666667,-88.33333333333334],[127.4,-88.6],[129.0,-88.66666666666666],[129.66666666666666,-88.0],[129.5,-87.5],[129.0,-87.0],[128.0,-87.0],[127.28571428571428,-87.28571428571428],[126.5,-88.0]],[[160.66666666666669,-80.0],[160.28571428571428,-79.71428571428571],[159.0,-79.71428571428572],[158.0,-80.0],[158.0,-81.0],[159.0,-81.33333333333334],[160.0,-81.0],[160.5,-80.5],[160.66666666666669,-80.0]],[[112.7142857142857,-74.71428571428571],[113.0,-74.7],[114.08695652173913,-74.91304347826087],[114.71428571428572,-75.28571428571428],[117.0,-75.53846153846155],[119.0,-75.2],[119.5625,-74.5625],[120.32258064516128,-74.32258064516128],[120.83333333333334,-74.0],[120.85714285714286,-73.85714285714286],[121.83333333333333,-73.0],[121.45454545454545,-72.54545454545455],[121.0,-72.44444444444444],[120.74358974358974,-72.74358974358974],[120.0,-72.95454545454545],[119.0,-73.0],[118.0,-72.80000000000001],[114.93103448275862,-72.93103448275862],[114.17391304347825,-73.17391304347827],[113.0,-73.125],[111.8048780487805,-73.80487804878048],[111.63636363636363,-74.0],[111.60000000000001,-74.4],[111.75,-74.75],[111.66666666666667,-75.0],[112.0,-75.125],[112.7142857142857,-74.71428571428571]],[[65.90476190476191,-83.9047619047619],[65.0,-84.0],[65.88888888888889,-84.1111111111111],[66.5,-84.0],[65.90476190476191,-83.9047619047619]],[[76.0,-78.0],[76.83333333333333,-78.16666666666667],[78.22222222222223,-78.22222222222223],[78.47619047619047,-77.52380952380952],[78.0,-77.16666666666667],[76.0,-78.0]],[[90.0,-76.0],[89.0,-75.83333333333334],[87.91666666666666,-75.99999999999999],[90.0,-76.0]],[[-176.0,-88.71428571428571],[-175.5,-88.5],[-175.25,-88.0],[-175.53846153846155,-87.53846153846155],[-176.0,-87.28571428571429],[-177.33333333333334,-88.0],[-177.0,-88.16666666666667],[-176.60000000000002,-88.6],[-176.0,-88.71428571428571]],[[-101.5,-83.0],[-101.10526315789474,-83.10526315789474],[-100.5,-83.0],[-101.0,-82.5],[-101.33333333333334,-82.66666666666667],[-101.5,-83.0]],[[-29.545454545454543,-78.54545454545455],[-30.294117647058822,-78.70588235294119],[-30.357142857142854,-79.0],[-30.256410256410255,-79.25641025641025],[-30.0,-79.45454545454544],[-29.565217391304348,-79.43478260869564],[-29.166666666666668,-79.0],[-29.545454545454543,-78.54545454545455]],[[23.166666666666664,-78.16666666666667],[23.25,-78.0],[23.000000000000004,-77.80000000000001],[22.266666666666666,-77.73333333333333],[21.77777777777778,-77.77777777777777],[21.333333333333336,-78.0],[22.0,-78.33333333333334],[23.166666666666664,-78.16666666666667]],[[30.153846153846153,-78.15384615384616],[30.0,-77.83333333333333],[29.75,-78.0],[29.866666666666667,-78.13333333333333],[30.153846153846153,-78.15384615384616]],[[37.05714285714286,-58.05714285714286],[37.0,-57.800000000000004],[36.81818181818182,-57.81818181818181],[36.5,-58.0],[37.05714285714286,-58.05714285714286]],[[47.0,-77.2],[47.25,-77.25],[48.0,-77.0],[47.25,-76.75],[46.800000000000004,-77.0],[47.0,-77.2]],[[50.75,-61.0],[50.0,-60.0],[49.84210526315789,-61.0],[49.4923076923077,-61.4923076923077],[48.72727272727273,-61.72727272727272],[48.75,-62.25],[49.46666666666667,-62.53333333333334],[49.77777777777778,-63.0],[49.85714285714286,-64.0],[50.0,-64.25],[50.333333333333336,-63.333333333333336],[50.333333333333336,-61.33333333333334],[50.75,-61.0]],[[54.25,-76.75],[52.33333333333333,-77.0],[53.0,-77.33333333333334],[54.18181818181818,-77.18181818181819],[54.4,-77.0],[54.25,-76.75]],[[55.090909090909086,-65.0909090909091],[55.16666666666667,-65.0],[54.90243902439025,-64.90243902439025],[54.71428571428571,-65.0],[55.090909090909086,-65.0909090909091]],[[67.75,-63.25],[68.0,-63.4],[68.4,-63.0],[68.0,-62.84615384615385],[67.75,-63.0],[67.75,-63.25]],[[69.71428571428571,-62.0],[69.72413793103448,-62.27586206896551],[70.0,-62.5],[70.38095238095238,-62.38095238095237],[70.66666666666666,-62.0],[70.0,-61.80952380952381],[69.71428571428571,-62.0]],[[96.375,-64.0],[96.28571428571428,-63.71428571428571],[96.0,-63.5],[94.5,-64.0],[95.72727272727272,-64.27272727272727],[96.19999999999999,-64.2],[96.375,-64.0]],[[115.52941176470588,-85.47058823529412],[116.0,-85.8],[116.5,-85.5],[118.2,-85.2],[118.66666666666666,-85.0],[118.0,-84.71428571428572],[117.0,-84.55555555555554],[116.0,-84.6],[114.33333333333334,-85.0],[115.52941176470588,-85.47058823529412]],[[35.166666666666664,-78.0],[35.0,-79.0],[35.375,-79.625],[36.0,-79.76923076923077],[36.625,-79.625],[37.0,-79.0],[36.80952380952381,-78.19047619047619],[36.714285714285715,-78.0],[36.270270270270274,-77.72972972972974],[35.705882352941174,-77.70588235294119],[35.166666666666664,-78.0]],[[37.46153846153847,-79.53846153846155],[37.42857142857143,-80.0],[37.6,-80.4],[38.0,-80.66666666666667],[38.421052631578945,-80.42105263157895],[38.66666666666667,-80.0],[38.6,-79.6],[39.0,-79.0],[38.5,-78.5],[38.5,-78.0],[38.0,-77.9090909090909],[37.66666666666667,-78.0],[37.6,-78.4],[38.0,-79.0],[37.0,-79.0],[37.46153846153847,-79.53846153846155]],[[32.55555555555555,-78.55555555555554],[31.555555555555557,-79.55555555555554],[31.6,-80.0],[32.0,-80.11764705882354],[32.88235294117647,-80.11764705882354],[33.0,-80.5],[33.5,-79.5],[34.0,-79.0],[33.5,-78.5],[33.0,-78.33333333333334],[32.55555555555555,-78.55555555555554]],[[40.5,-79.5],[41.0,-79.0],[40.0,-79.0],[39.6,-79.6],[39.8,-80.2],[40.0,-80.33333333333334],[40.125,-80.125],[40.5,-80.0],[40.5,-79.5]],[[43.36363636363636,-78.36363636363636],[43.285714285714285,-78.0],[43.0,-77.71428571428572],[42.82608695652174,-77.82608695652173],[42.66666666666667,-78.33333333333334],[43.0,-79.0],[43.36363636363636,-78.36363636363636]],[[45.42857142857143,-84.42857142857143],[45.8,-83.8],[47.21428571428571,-83.21428571428572],[50.19354838709677,-83.19354838709677],[51.0,-83.0],[51.400000000000006,-82.4],[54.0,-82.3076923076923],[55.0,-82.0],[54.47058823529412,-81.52941176470588],[53.0,-81.42857142857143],[50.90909090909091,-81.9090909090909],[50.66666666666667,-82.0],[50.400000000000006,-82.4],[49.69230769230769,-82.30769230769232],[49.333333333333336,-82.0],[49.0,-81.89999999999999],[48.0,-82.0],[47.36363636363636,-82.36363636363636],[44.0,-82.66666666666667],[43.400000000000006,-83.0],[43.44444444444444,-84.0],[43.642857142857146,-84.35714285714286],[44.0,-84.55555555555554],[45.0,-84.6],[45.42857142857143,-84.42857142857143]],[[50.333333333333336,-66.0],[50.0,-65.6],[49.85714285714286,-65.85714285714286],[50.0,-66.25],[50.333333333333336,-66.0]],[[70.0,-67.25],[70.4,-67.4],[70.22222222222223,-66.77777777777777],[70.0,-66.66666666666667],[69.9090909090909,-66.9090909090909],[70.0,-67.25]],[[94.8,-66.0],[94.77777777777777,-66.22222222222223],[95.0,-66.5],[95.11764705882354,-66.11764705882354],[95.5,-66.0],[95.0,-65.85714285714286],[94.8,-66.0]],[[35.0,-83.0],[37.0,-83.25],[37.5,-83.0],[37.333333333333336,-82.66666666666667],[36.875,-82.875],[35.0,-83.0]],[[39.22222222222222,-82.22222222222223],[39.4,-82.0],[39.28571428571428,-81.71428571428571],[38.0,-81.5],[37.733333333333334,-81.73333333333333],[37.6,-82.4],[38.0,-82.66666666666666],[39.22222222222222,-82.22222222222223]],[[50.1,-68.0],[50.0,-67.85714285714286],[49.8,-68.0],[50.0,-68.125],[50.1,-68.0]]],[[[4.0,-62.733333333333334],[4.195121951219512,-62.80487804878049],[4.3478260869565215,-63.347826086956516],[4.0,-63.800000000000004],[3.6000000000000005,-63.400000000000006],[3.5,-63.0],[4.0,-62.733333333333334]]],[[[-37.5,-58.0],[-37.888888888888886,-58.111111111111114],[-38.5,-58.0],[-38.0,-57.5],[-37.5,-58.0]]],[[[6.0,21.57142857142857],[6.390243902439025,21.390243902439025],[6.76,20.759999999999998],[7.0,20.625],[8.0,20.57142857142857],[8.372093023255815,20.372093023255815],[8.571428571428571,20.0],[8.444444444444445,19.555555555555554],[8.0,19.200000000000003],[7.5,19.0],[7.0,18.0],[7.4,16.400000000000002],[9.0,16.0],[9.529411764705882,15.529411764705882],[10.421052631578947,15.421052631578947],[12.0,15.0],[12.333333333333334,14.0],[13.600000000000001,12.6],[14.200000000000001,12.2],[14.8,12.2],[15.027397260273974,12.027397260273974],[16.054054054054053,12.0],[16.05,11.05],[16.2,11.0],[16.25,10.75],[15.5,10.0],[16.0,9.857142857142858],[17.0,10.0],[17.636363636363637,9.636363636363637],[18.0,9.0],[19.0,9.0],[20.0,8.8],[20.42105263157895,8.421052631578947],[20.5,8.0],[20.5,7.5],[20.0,7.0],[22.0,7.0],[22.0,6.0],[22.5,6.5],[23.0,6.5],[24.0,6.166666666666666],[26.0,6.125],[26.924528301886795,7.0754716981132075],[27.285714285714285,7.0],[28.0,6.583333333333333],[29.0,6.478260869565217],[29.352941176470587,6.647058823529411],[29.57142857142857,7.0],[30.477876106194692,7.522123893805309],[31.36,9.0],[31.68,9.32],[32.350515463917525,9.649484536082474],[32.803030303030305,10.196969696969695],[33.0,10.68421052631579],[33.75,11.0],[34.77319587628866,11.22680412371134],[35.0,12.0],[36.05128205128205,12.0],[36.34285714285714,11.342857142857143],[37.16666666666667,11.0],[37.48648648648649,10.486486486486488],[37.6,10.0],[37.3,9.0],[37.375,8.625],[36.75,8.0],[36.15384615384615,5.846153846153846],[36.14285714285714,5.0],[36.66666666666667,4.0],[36.800000000000004,3.0000000000000004],[37.42857142857143,2.428571428571429],[37.66666666666667,2.0],[37.53846153846153,1.0],[37.875,0.0],[37.68,-0.6799999999999999],[37.57142857142857,-2.0],[37.55555555555556,-4.0],[37.800000000000004,-5.0],[37.6,-7.0],[37.266666666666666,-8.266666666666666],[36.88235294117647,-8.882352941176471],[36.63636363636364,-9.636363636363637],[36.58333333333333,-11.0],[36.69230769230769,-12.0],[36.48648648648649,-12.486486486486488],[35.853658536585364,-12.853658536585368],[35.714285714285715,-14.0],[35.476190476190474,-14.476190476190474],[34.2,-15.0],[33.652173913043484,-15.652173913043478],[33.0,-16.0],[32.8,-16.8],[32.285714285714285,-16.714285714285715],[32.0,-16.818181818181817],[31.5,-17.5],[30.705882352941174,-17.705882352941178],[30.461538461538463,-18.46153846153846],[30.0,-19.0],[31.0,-21.0],[31.0,-22.0],[30.000000000000004,-22.666666666666668],[29.888888888888886,-23.0],[29.457142857142856,-23.457142857142856],[29.291666666666664,-24.0],[28.64102564102564,-24.641025641025642],[28.5,-25.0],[27.698924731182792,-25.698924731182796],[27.57575757575757,-26.0],[27.0,-26.542857142857144],[25.692307692307693,-26.692307692307693],[25.263157894736842,-27.263157894736842],[24.454545454545453,-28.0],[24.125,-29.125],[22.2,-30.0],[22.52941176470588,-30.47058823529412],[23.5,-31.0],[23.266666666666666,-31.266666666666666],[23.370370370370367,-31.629629629629626],[23.166666666666668,-33.0],[23.523809523809522,-33.476190476190474],[24.0,-33.78947368421053],[24.235294117647058,-33.76470588235294],[24.46153846153846,-36.0],[23.580645161290324,-36.58064516129032],[23.20289855072464,-37.20289855072464],[23.0,-38.66666666666667],[21.080000000000002,-39.08],[19.57894736842105,-39.578947368421055],[18.90909090909091,-40.090909090909086],[18.153846153846153,-40.15384615384615],[18.0,-40.5],[17.0,-41.0],[16.666666666666668,-42.0],[15.64705882352941,-42.647058823529406],[15.5,-43.0],[14.647058823529411,-43.647058823529406],[14.125,-45.0],[13.222222222222221,-46.0],[12.428571428571429,-46.42857142857143],[12.0,-47.03030303030303],[11.067796610169491,-47.067796610169495],[9.0,-47.43333333333334],[8.595238095238095,-47.5952380952381],[8.16,-48.16],[6.558441558441558,-48.55844155844156],[5.0,-49.30769230769231],[4.0,-49.36363636363636],[1.4,-50.0],[-2.0,-50.29268292682927],[-2.5294117647058822,-50.470588235294116],[-3.0,-50.84210526315789],[-3.6,-51.0],[-6.0,-51.120000000000005],[-6.431372549019608,-50.43137254901961],[-8.151898734177216,-50.151898734177216],[-8.470588235294118,-49.470588235294116],[-9.156521739130435,-49.15652173913044],[-9.511627906976745,-48.51162790697674],[-10.141176470588235,-48.141176470588235],[-10.25531914893617,-47.74468085106383],[-9.714285714285714,-47.285714285714285],[-9.0,-46.0],[-9.083333333333334,-44.0],[-9.3,-43.0],[-9.76470588235294,-42.0],[-9.5,-41.0],[-9.555555555555555,-40.0],[-9.350877192982455,-39.64912280701754],[-8.723076923076924,-39.27692307692308],[-8.55,-39.0],[-8.428571428571429,-38.0],[-8.0,-37.88888888888889],[-7.524752475247524,-37.47524752475247],[-7.225806451612903,-37.0],[-7.1891891891891895,-36.0],[-7.387096774193548,-35.38709677419355],[-7.800000000000001,-35.0],[-8.384615384615385,-34.0],[-8.454545454545453,-32.45454545454545],[-8.714285714285715,-32.0],[-8.0,-31.782608695652172],[-7.612903225806452,-31.387096774193548],[-7.485714285714286,-31.0],[-7.535714285714286,-30.0],[-7.309278350515465,-29.690721649484534],[-6.722222222222221,-29.27777777777778],[-6.320987654320987,-28.67901234567901],[-5.7142857142857135,-28.285714285714285],[-5.395348837209302,-27.604651162790695],[-3.057971014492754,-25.942028985507246],[-2.5500000000000003,-25.0],[-2.75,-24.0],[-2.3157894736842106,-23.684210526315788],[-2.029850746268657,-22.970149253731343],[-1.870967741935484,-18.870967741935484],[-2.3548387096774195,-17.35483870967742],[-2.7857142857142856,-17.0],[-2.7857142857142856,-16.785714285714285],[-3.0,-16.5],[-3.12,-14.88],[-3.0,-14.5],[-2.714285714285714,-14.285714285714285],[-2.6999999999999997,-14.0],[-2.0,-13.0],[-1.7241379310344827,-12.275862068965516],[-1.7142857142857144,-11.0],[-1.4651162790697674,-10.534883720930232],[-0.75,-10.0],[-0.7777777777777778,-9.0],[0.5,-7.0],[0.6097560975609756,-6.609756097560975],[1.1875,-6.1875],[3.1428571428571432,-6.0],[2.1875,-5.8125],[1.0,-5.903225806451612],[-1.0,-5.5],[-1.3333333333333333,-5.666666666666667],[-1.7,-6.300000000000001],[-2.0,-6.461538461538462],[-2.3157894736842106,-6.31578947368421],[-2.707317073170732,-5.7073170731707314],[-3.0,-5.647058823529411],[-4.133333333333333,-5.866666666666666],[-4.777777777777778,-6.222222222222222],[-5.0,-6.222222222222222],[-7.043478260869565,-6.0434782608695645],[-7.5625,-5.5625],[-8.0,-5.461538461538462],[-8.333333333333334,-5.666666666666667],[-8.75,-6.25],[-10.0,-6.571428571428571],[-10.457142857142857,-6.457142857142857],[-10.533333333333333,-6.0],[-10.74074074074074,-5.7407407407407405],[-12.193548387096776,-5.193548387096774],[-12.52542372881356,-4.52542372881356],[-13.0,-4.3],[-15.0,-4.2631578947368425],[-15.357142857142858,-4.357142857142858],[-15.771428571428572,-3.7714285714285714],[-16.275862068965516,-3.7241379310344827],[-16.333333333333336,-4.0],[-16.22222222222222,-4.222222222222222],[-15.642857142857142,-4.642857142857142],[-15.736842105263158,-5.0],[-15.59090909090909,-6.0],[-15.376811594202898,-6.376811594202899],[-15.0,-6.541666666666666],[-14.0,-6.352941176470588],[-13.0,-6.653846153846153],[-11.641025641025642,-6.641025641025641],[-11.210526315789473,-6.789473684210526],[-10.636363636363637,-6.636363636363637],[-10.75,-7.0],[-9.4,-7.4],[-9.0,-8.09090909090909],[-8.0,-8.307692307692307],[-7.689655172413793,-8.689655172413794],[-7.757575757575758,-10.0],[-7.6060606060606055,-11.0],[-7.711111111111111,-13.0],[-7.8,-13.2],[-8.421875,-13.578125],[-8.675,-14.0],[-8.65625,-15.0],[-8.777777777777779,-15.222222222222221],[-9.375,-15.625],[-9.580645161290322,-16.0],[-10.11764705882353,-18.0],[-9.600000000000001,-20.400000000000002],[-9.67741935483871,-20.677419354838708],[-9.26086956521739,-20.73913043478261],[-8.88888888888889,-21.0],[-9.0,-22.0],[-9.925925925925927,-22.074074074074073],[-10.0,-23.0],[-10.447058823529412,-23.55294117647059],[-10.521739130434783,-24.47826086956522],[-10.818181818181818,-25.0],[-11.5625,-25.4375],[-11.932203389830509,-26.067796610169495],[-13.0,-26.909090909090907],[-13.933333333333332,-27.06666666666667],[-14.238095238095237,-27.761904761904763],[-16.0,-28.0],[-16.583333333333332,-28.416666666666664],[-16.935483870967744,-29.064516129032256],[-17.41025641025641,-29.58974358974359],[-17.470588235294116,-30.0],[-17.704918032786885,-30.295081967213115],[-18.415584415584416,-30.584415584415588],[-18.64,-31.0],[-18.0,-32.0],[-18.947368421052634,-33.0],[-19.153846153846153,-33.84615384615385],[-20.0,-34.0],[-20.25,-34.75],[-20.22222222222222,-35.0],[-20.702127659574465,-35.29787234042553],[-21.0,-35.875],[-22.0,-36.0],[-22.5,-37.0],[-22.285714285714285,-37.285714285714285],[-22.200000000000003,-38.0],[-22.813953488372093,-38.18604651162791],[-23.000000000000004,-38.800000000000004],[-23.25,-38.75],[-24.666666666666668,-39.333333333333336],[-25.5,-39.5],[-26.6,-40.4],[-26.583333333333336,-42.0],[-27.0,-42.5],[-27.384615384615383,-42.61538461538461],[-28.0,-44.0],[-28.6,-43.60000000000001],[-28.846153846153847,-42.84615384615385],[-30.0,-43.0],[-29.5,-43.5],[-29.333333333333336,-44.0],[-28.799999999999997,-44.8],[-28.77777777777778,-46.0],[-29.0,-46.28571428571429],[-29.476190476190474,-46.523809523809526],[-30.0,-47.0],[-29.962264150943398,-48.0377358490566],[-30.619047619047617,-48.38095238095238],[-31.0,-49.8],[-31.5,-50.5],[-31.636363636363637,-51.0],[-31.46666666666667,-51.46666666666667],[-31.0,-52.0],[-30.799999999999997,-52.8],[-28.958333333333332,-52.95833333333333],[-28.53846153846154,-53.53846153846154],[-27.833333333333336,-54.0],[-28.352941176470587,-54.647058823529406],[-28.619047619047617,-55.38095238095238],[-29.25,-55.75],[-29.7,-56.3],[-30.38095238095238,-56.61904761904761],[-31.0,-57.5],[-33.16666666666667,-57.83333333333333],[-33.5,-58.0],[-33.2,-58.2],[-33.0,-58.16666666666667],[-32.4,-58.400000000000006],[-32.0,-59.0],[-33.0,-59.33333333333333],[-34.0,-59.08333333333333],[-35.0,-59.3125],[-35.14285714285714,-59.142857142857146],[-35.83783783783784,-59.16216216216216],[-36.66666666666667,-59.0],[-36.57142857142858,-58.57142857142858],[-36.66666666666667,-58.33333333333334],[-36.0,-58.0],[-35.0,-58.0],[-35.0,-57.0],[-34.733333333333334,-56.266666666666666],[-34.714285714285715,-54.0],[-34.57142857142857,-53.0],[-35.0,-52.5],[-35.400000000000006,-52.4],[-36.0,-52.0],[-36.53846153846154,-53.46153846153847],[-37.0,-53.66666666666667],[-37.25,-54.0],[-37.4,-55.400000000000006],[-37.285714285714285,-55.71428571428571],[-38.0,-56.0],[-38.333333333333336,-56.66666666666667],[-38.57142857142857,-56.57142857142857],[-39.0,-56.66666666666667],[-39.42857142857143,-57.0],[-39.61904761904762,-57.38095238095238],[-40.0,-57.44444444444444],[-41.47619047619047,-56.47619047619047],[-41.833333333333336,-56.0],[-42.0,-55.5],[-42.66666666666667,-55.0],[-42.935483870967744,-54.935483870967744],[-43.05882352941176,-55.0],[-43.21052631578947,-56.0],[-43.565217391304344,-56.43478260869565],[-44.0,-56.599999999999994],[-44.36585365853659,-56.0],[-44.4,-55.0],[-44.224000000000004,-53.775999999999996],[-43.911764705882355,-52.911764705882355],[-44.28169014084507,-52.28169014084507],[-45.0,-52.047619047619044],[-45.574999999999996,-52.425],[-46.0,-53.5],[-46.20454545454545,-53.20454545454545],[-46.45945945945946,-52.0],[-46.255639097744364,-51.744360902255636],[-45.70786516853933,-50.29213483146067],[-45.588235294117645,-49.0],[-45.285714285714285,-48.71428571428571],[-45.01470588235294,-48.0],[-44.519999999999996,-46.0],[-44.064516129032256,-44.935483870967744],[-44.0,-42.714285714285715],[-43.60714285714286,-40.0],[-43.0,-37.869565217391305],[-42.32116788321168,-36.67883211678832],[-42.04716981132075,-34.95283018867924],[-42.034364261168385,-32.965635738831615],[-41.806451612903224,-31.193548387096776],[-41.22641509433962,-29.77358490566038],[-41.208955223880594,-25.208955223880597],[-41.86666666666667,-22.866666666666667],[-42.63522012578616,-21.635220125786162],[-43.64497041420118,-20.644970414201186],[-44.27058823529412,-20.27058823529412],[-45.0,-20.118279569892472],[-45.38095238095238,-19.38095238095238],[-46.227722772277225,-19.0],[-46.400000000000006,-18.400000000000002],[-46.85714285714286,-18.0],[-47.6,-16.6],[-48.0,-16.327272727272728],[-48.45070422535211,-15.450704225352114],[-49.03508771929825,-15.0],[-49.376811594202906,-14.376811594202898],[-49.78787878787878,-14.0],[-50.63636363636364,-12.0],[-51.25352112676056,-9.746478873239436],[-51.0,-9.307692307692308],[-50.5,-9.0],[-50.0,-8.200000000000001],[-49.0,-8.6],[-48.5,-9.0],[-47.26086956521739,-9.26086956521739],[-46.0,-10.0],[-45.0,-10.8],[-44.0,-11.0],[-42.66666666666667,-8.333333333333334],[-42.6,-8.0],[-43.5,-7.0],[-43.199999999999996,-6.0],[-43.5,-5.0],[-44.0,-4.0],[-44.57142857142857,-2.0],[-44.400000000000006,-0.6000000000000001],[-43.44444444444444,1.4444444444444444],[-42.80952380952381,1.8095238095238095],[-42.315789473684205,3.31578947368421],[-42.0,3.6],[-41.0,4.0],[-40.0,4.666666666666667],[-38.18181818181818,5.181818181818182],[-37.0,5.166666666666667],[-36.0,5.555555555555555],[-35.0,5.5],[-34.0,5.25],[-33.25,4.75],[-32.0,4.5],[-31.80952380952381,4.190476190476191],[-31.19047619047619,4.190476190476191],[-30.666666666666664,4.0],[-30.400000000000002,3.6000000000000005],[-30.0,3.3333333333333335],[-29.0,3.666666666666667],[-28.0,3.0],[-27.0,2.0],[-25.5,1.5],[-25.0,1.0],[-24.5,1.5],[-24.0,1.6666666666666667],[-23.6,1.4000000000000001],[-23.0,1.4117647058823528],[-22.363636363636363,1.0],[-22.285714285714285,0.7142857142857142],[-21.696969696969695,0.30303030303030304],[-21.324324324324326,0.32432432432432434],[-20.844155844155843,0.15584415584415584],[-20.467532467532468,-0.4675324675324675],[-19.77215189873418,-0.7721518987341772],[-19.61904761904762,-2.0],[-19.38235294117647,-2.3823529411764706],[-18.671232876712327,-2.6712328767123283],[-18.317460317460316,-3.317460317460317],[-18.0,-3.5],[-17.583333333333336,-3.416666666666667],[-17.0,-3.0],[-17.352941176470587,-2.3529411764705883],[-17.53333333333333,-1.5333333333333332],[-17.86046511627907,-0.8604651162790697],[-18.32876712328767,-0.3287671232876712],[-18.42857142857143,0.0],[-18.392857142857142,1.0],[-18.558441558441558,1.4415584415584415],[-19.19277108433735,1.8072289156626506],[-19.482758620689655,2.5172413793103448],[-20.09345794392523,2.906542056074766],[-20.150000000000002,4.85],[-20.6,5.0],[-20.636363636363637,5.363636363636363],[-21.0,5.666666666666667],[-21.0,6.5],[-20.6,6.6000000000000005],[-20.0,7.0],[-19.6,7.6],[-19.333333333333336,8.333333333333334],[-18.75,8.75],[-18.666666666666668,9.0],[-18.5,10.0],[-18.77777777777778,10.222222222222221],[-19.400000000000002,10.4],[-19.200000000000003,10.0],[-19.400000000000002,9.600000000000001],[-19.333333333333336,9.333333333333334],[-19.571428571428573,9.42857142857143],[-20.0,9.272727272727273],[-20.231884057971016,9.768115942028984],[-20.0,10.444444444444443],[-19.523809523809522,10.523809523809524],[-19.375,11.0],[-19.0,11.23076923076923],[-18.296296296296294,11.296296296296296],[-17.444444444444443,12.444444444444445],[-17.0,13.285714285714286],[-16.545454545454547,13.545454545454545],[-15.8,14.8],[-15.4,16.0],[-15.428571428571429,17.0],[-15.0,17.272727272727273],[-14.375,17.375],[-13.733333333333334,17.733333333333334],[-13.600000000000001,18.0],[-12.0,19.0],[-11.072727272727272,19.07272727272727],[-6.6767676767676765,20.676767676767675],[-6.0,21.375],[-5.571428571428571,21.42857142857143],[-5.25,21.0],[-5.0,20.933333333333334],[-4.916666666666667,21.083333333333332],[-5.0,21.5],[-5.333333333333334,21.666666666666668],[-5.166666666666667,22.0],[-4.3809523809523805,22.38095238095238],[-4.0,22.800000000000004],[-3.6521739130434785,22.347826086956523],[-3.2,22.0],[-2.9666666666666663,21.96666666666667],[-2.6666666666666665,22.0],[-2.3333333333333335,22.333333333333336],[-2.3076923076923075,23.0],[1.5555555555555556,23.0],[1.68,22.68],[2.0,22.5],[3.0,22.384615384615387],[3.1724137931034484,22.17241379310345],[6.0,21.57142857142857]],[[19.0,7.25],[18.8,7.000000000000001],[19.200000000000003,6.800000000000001],[20.0,7.0],[19.0,7.25]],[[7.636363636363637,-7.363636363636364],[8.0,-7.666666666666666],[8.266666666666666,-7.266666666666667],[8.0,-6.333333333333334],[7.666666666666668,-6.333333333333334],[7.0,-6.0],[6.6000000000000005,-6.6000000000000005],[6.666666666666667,-7.0],[7.636363636363637,-7.363636363636364]],[[30.400000000000002,-14.600000000000001],[30.0,-14.0],[29.22222222222222,-14.222222222222221],[27.625,-14.375],[27.25,-14.0],[26.93103448275862,-13.931034482758621],[26.846153846153847,-14.846153846153847],[26.5,-16.0],[26.652173913043477,-16.347826086956523],[27.0,-16.5],[27.4,-16.400000000000002],[27.75,-15.75],[29.0,-15.88888888888889],[30.216216216216214,-15.216216216216216],[30.400000000000002,-14.600000000000001]],[[30.75,-14.25],[31.333333333333336,-14.0],[31.0,-13.666666666666668],[30.0,-14.0],[30.75,-14.25]],[[-44.25,-51.25],[-44.0,-51.41176470588235],[-43.70833333333333,-50.99999999999999],[-43.73076923076923,-50.730769230769226],[-44.0,-50.46153846153847],[-44.25,-51.25]],[[-37.13333333333333,-50.13333333333333],[-37.0,-50.2],[-36.66666666666667,-50.0],[-37.0,-49.0],[-37.285714285714285,-49.71428571428571],[-37.13333333333333,-50.13333333333333]],[[9.793103448275861,-36.20689655172414],[10.6,-36.0],[9.850000000000001,-35.85],[9.57142857142857,-36.0],[9.793103448275861,-36.20689655172414]]],[[[-3.547169811320755,-7.547169811320755],[-3.333333333333333,-8.0],[-3.387096774193548,-8.387096774193548],[-2.8000000000000003,-9.0],[-3.0,-9.2],[-4.0,-9.0],[-4.413793103448276,-8.0],[-4.375,-7.625],[-4.0,-7.25],[-3.547169811320755,-7.547169811320755]]],[[[-50.0,-7.666666666666667],[-50.529411764705884,-6.529411764705882],[-50.63636363636364,-6.0],[-50.66666666666667,-5.0],[-50.9,-4.0],[-50.88235294117647,-3.0],[-50.4225352112676,-2.577464788732394],[-49.0,-0.5],[-48.125,0.0],[-48.0,0.19999999999999996],[-46.857142857142854,0.14285714285714285],[-46.0,-1.0],[-46.45454545454545,-1.5454545454545454],[-46.6,-3.4000000000000004],[-47.82352941176471,-6.176470588235294],[-48.22222222222222,-6.777777777777779],[-49.0,-7.571428571428571],[-50.0,-7.666666666666667]]],[[[7.153846153846153,30.153846153846153],[6.88235294117647,27.999999999999996],[5.467532467532467,27.532467532467532],[5.0,26.828125],[4.0,26.637931034482758],[1.7358490566037736,26.735849056603776],[-0.23076923076923073,27.0],[-1.125,28.0],[-0.8518518518518519,30.148148148148145],[-0.6727272727272727,30.672727272727272],[-0.7096774193548387,31.0],[-0.37606837606837606,31.37606837606838],[0.0,32.57142857142857],[0.3157894736842105,33.0],[0.7346938775510203,33.265306122448976],[1.0,33.68421052631579],[1.3333333333333333,33.333333333333336],[3.75,33.0],[5.0,32.21739130434783],[5.2631578947368425,32.26315789473684],[5.7142857142857135,32.0],[6.0,31.2],[6.7142857142857135,30.71428571428571],[7.153846153846153,30.153846153846153]]],[[[7.0,43.25],[7.166666666666667,43.0],[6.777777777777779,42.77777777777778],[6.0,43.0],[5.7142857142857135,41.28571428571428],[5.363636363636363,40.63636363636364],[5.0,40.333333333333336],[4.555555555555555,39.44444444444444],[3.7037037037037033,39.29629629629629],[3.0,39.0],[2.434782608695652,38.56521739130435],[0.6799999999999999,38.32],[0.051282051282051266,37.94871794871795],[-1.0,38.125],[-2.0,39.0],[-2.0,40.33333333333333],[-1.8095238095238095,40.80952380952381],[-1.6,41.0],[-1.6363636363636362,41.36363636363637],[-2.0,42.0],[-1.3333333333333333,42.333333333333336],[-1.375,42.625],[-1.1153846153846154,43.11538461538461],[-1.0,44.0],[-0.34285714285714286,44.34285714285714],[0.0,45.23076923076923],[0.33333333333333337,45.333333333333336],[0.8,45.2],[1.0,46.0],[1.9166666666666667,46.083333333333336],[2.166666666666667,47.00000000000001],[3.458333333333333,47.541666666666664],[4.0,48.0],[5.529411764705882,48.470588235294116],[6.0,49.0],[7.235294117647059,49.23529411764706],[7.4,49.0],[7.6,48.0],[7.285714285714286,46.71428571428571],[7.0,46.5],[6.714285714285714,46.0],[6.5,44.0],[6.538461538461538,43.53846153846154],[7.0,43.25]]],[[[-164.0,87.88888888888889],[-162.0,88.0],[-161.0,88.25],[-159.0,88.25],[-157.0,88.6],[-156.0,88.6],[-155.0,88.33333333333334],[-154.0,88.5],[-153.0,88.33333333333334],[-152.0,88.33333333333334],[-149.0,88.6],[-148.0,88.80000000000001],[-147.22222222222223,88.77777777777777],[-145.4,88.6],[-144.60000000000002,88.4],[-144.0,88.0],[-143.4,88.4],[-143.0,88.5],[-142.93333333333334,88.06666666666666],[-141.0,88.0],[-140.66666666666669,87.33333333333334],[-140.4,87.4],[-140.0,87.28571428571429],[-139.94366197183098,87.05633802816901],[-138.0,87.01612903225806],[-137.85507246376812,86.14492753623188],[-137.14492753623188,86.14492753623188],[-136.64285714285714,86.0],[-136.41860465116278,85.5813953488372],[-136.0,85.35714285714286],[-135.8901098901099,85.1098901098901],[-135.6153846153846,85.0],[-135.39024390243904,84.60975609756098],[-135.0,84.42857142857143],[-134.8421052631579,84.15789473684211],[-134.175,84.175],[-133.29999999999998,84.0],[-133.0,83.75],[-131.62790697674419,83.37209302325581],[-129.0,83.26923076923077],[-128.47058823529412,83.47058823529412],[-128.02898550724638,84.02898550724638],[-127.0,84.05],[-126.66666666666666,84.0],[-126.32432432432434,83.67567567567568],[-125.65217391304347,83.34782608695652],[-124.84782608695653,83.15217391304348],[-122.36363636363637,83.0],[-122.33333333333334,82.66666666666667],[-121.77777777777779,82.22222222222223],[-119.95238095238095,82.04761904761905],[-114.5,82.0],[-113.66666666666667,81.33333333333334],[-113.5,81.0],[-113.66666666666667,80.0],[-113.36363636363636,79.63636363636364],[-112.63636363636364,79.36363636363636],[-112.16666666666666,78.83333333333333],[-112.00000000000001,78.80000000000001],[-111.0,78.75],[-110.0,79.0],[-109.0,79.0],[-108.0,79.25],[-107.0,79.0],[-104.0,79.0],[-103.33333333333334,79.33333333333334],[-102.0,79.5],[-101.0,79.0],[-100.0,79.5],[-97.75,79.75],[-97.0,80.0],[-93.0,80.06153846153846],[-91.0,80.0],[-90.4,79.6],[-88.71428571428571,79.28571428571428],[-86.0,79.1081081081081],[-81.90070921985816,79.09929078014184],[-81.36363636363637,79.0],[-81.27586206896552,78.72413793103448],[-80.69696969696969,78.30303030303031],[-75.9090909090909,78.0],[-75.46511627906978,77.53488372093022],[-74.77777777777777,77.22222222222223],[-71.14285714285714,77.0],[-69.82857142857142,76.17142857142858],[-68.0,76.0],[-66.57142857142858,75.42857142857143],[-64.66666666666666,75.0],[-63.55555555555556,74.44444444444443],[-62.8,73.2],[-62.66666666666667,72.0],[-63.0,71.0],[-62.36363636363636,70.63636363636364],[-60.71428571428571,70.28571428571428],[-58.66666666666667,69.33333333333334],[-57.0,69.0],[-57.0,68.0],[-56.0,68.0],[-55.400000000000006,68.4],[-54.6,68.60000000000001],[-54.0,69.0],[-52.0,68.25],[-51.470588235294116,68.47058823529412],[-50.0,68.80000000000001],[-49.75,68.75],[-49.0,69.0],[-49.5,69.5],[-49.66666666666667,70.0],[-49.36363636363636,70.36363636363636],[-49.0,72.0],[-48.0,72.5],[-47.33333333333333,73.0],[-46.0,73.0],[-44.0,72.66666666666667],[-43.0,72.80000000000001],[-41.0,72.6],[-40.0,73.0],[-39.095238095238095,73.0952380952381],[-39.0,73.2],[-38.0,73.11111111111111],[-36.75,73.25],[-36.0,73.0],[-34.0,73.6],[-33.0,73.5],[-32.0,73.66666666666667],[-30.0,73.6],[-28.352941176470587,72.6470588235294],[-27.684210526315788,72.68421052631578],[-27.0,73.0],[-26.0,73.0],[-24.8,72.8],[-23.18181818181818,73.18181818181819],[-22.0,72.57142857142857],[-21.625,72.625],[-21.0,73.0],[-19.0,72.375],[-18.0,72.42857142857143],[-17.0,72.25],[-14.0,72.3076923076923],[-12.940298507462686,72.05970149253731],[-11.5,72.0],[-10.0,71.71428571428572],[-7.945945945945946,71.05405405405405],[-6.0,71.0],[-4.625,70.375],[-3.757575757575758,70.24242424242425],[0.010752688172043001,70.01075268817205],[3.75,70.0],[3.8,69.8],[4.0,69.66666666666667],[5.444444444444444,69.44444444444444],[6.0,69.0],[7.0,70.0],[10.0,70.0],[11.0,70.66666666666667],[12.0,70.6],[12.3,70.3],[14.0,70.27272727272728],[14.120000000000001,70.12],[14.0,69.94],[11.11111111111111,69.88888888888889],[11.065934065934066,68.93406593406594],[10.09090909090909,68.9090909090909],[9.714285714285714,68.71428571428571],[9.285714285714285,68.71428571428571],[9.285714285714285,68.28571428571428],[9.142857142857142,68.0],[9.239999999999998,67.75999999999999],[9.19047619047619,67.19047619047619],[10.0,67.0],[11.727272727272727,67.27272727272727],[12.0,67.6923076923077],[13.0,67.71428571428571],[13.4,68.0],[15.894736842105264,68.10526315789474],[16.0,68.6],[17.0,69.0],[19.743589743589745,69.25641025641025],[19.85185185185185,70.14814814814815],[20.0,70.4],[21.0,70.38461538461539],[22.150943396226417,70.15094339622641],[25.054054054054056,70.05405405405406],[27.000000000000004,69.66666666666667],[27.25,69.75],[27.4,70.4],[27.0,70.5],[26.866666666666667,70.86666666666667],[27.04255319148936,71.04255319148936],[27.5,71.0],[27.6,70.60000000000001],[29.0,70.83333333333334],[30.0,70.57142857142857],[30.307692307692307,70.3076923076923],[30.4,70.0],[30.34782608695652,69.65217391304348],[30.0,69.2],[29.5,69.0],[29.333333333333336,68.66666666666667],[29.0,67.0],[27.666666666666668,66.33333333333334],[26.0,65.0],[25.0,65.25],[23.75,65.25],[22.0,64.8],[20.133333333333333,65.13333333333333],[18.0,64.75],[16.764705882352942,64.23529411764706],[16.31578947368421,63.68421052631578],[15.714285714285712,63.285714285714285],[15.37037037037037,62.62962962962962],[14.583333333333334,62.41666666666667],[13.3,61.7],[12.846153846153847,61.153846153846146],[12.0,61.0],[10.935483870967742,60.064516129032256],[10.75,59.0],[9.639344262295083,57.36065573770492],[9.25,55.75],[8.4,55.0],[8.347826086956522,54.65217391304348],[8.0,54.0],[8.0,53.0],[7.4,52.6],[7.0,52.0],[5.000000000000001,51.142857142857146],[4.0,51.26666666666667],[3.0,50.64285714285714],[0.0,50.46153846153847],[-1.6,50.0],[-3.305882352941177,49.30588235294118],[-3.727272727272727,48.72727272727273],[-4.35483870967742,48.35483870967742],[-6.4,48.0],[-7.0,47.72727272727272],[-7.390243902439025,47.390243902439025],[-8.177215189873419,47.17721518987342],[-9.285714285714285,45.285714285714285],[-10.0,44.333333333333336],[-10.315789473684209,44.315789473684205],[-11.0,44.0],[-12.0,44.0],[-12.285714285714285,43.28571428571428],[-12.25,43.0],[-12.0,42.5],[-11.600000000000001,42.4],[-11.5,42.0],[-11.600000000000001,41.6],[-12.0,41.0],[-11.400000000000002,40.6],[-11.0,40.0],[-11.2,39.2],[-10.714285714285715,38.0],[-10.733333333333334,37.733333333333334],[-11.2,37.2],[-11.5,36.5],[-12.75,36.0],[-12.75,35.75],[-13.0,35.5],[-13.076923076923077,35.92307692307692],[-16.400000000000002,36.6],[-17.0,37.142857142857146],[-18.0,37.36363636363637],[-18.8,37.0],[-19.0,36.666666666666664],[-19.444444444444443,36.44444444444444],[-20.375,36.375],[-20.8,35.8],[-22.0,35.75],[-23.0,35.5],[-24.2,35.8],[-25.0,36.5],[-26.0,36.42857142857142],[-26.299999999999997,36.3],[-27.0,35.599999999999994],[-28.0,35.5],[-28.5,35.0],[-28.571428571428573,34.57142857142857],[-29.333333333333336,33.333333333333336],[-30.0,33.0],[-31.81818181818182,32.81818181818182],[-32.0,32.0],[-33.0,32.0],[-34.333333333333336,31.333333333333336],[-34.6,30.6],[-35.22222222222222,30.22222222222222],[-35.333333333333336,30.000000000000004],[-35.333333333333336,29.666666666666668],[-35.0,29.0],[-35.955555555555556,28.955555555555556],[-36.0,28.666666666666664],[-37.66666666666667,27.666666666666668],[-38.0,27.0],[-39.0,27.0],[-39.75,26.75],[-40.0,26.0],[-41.0,26.0],[-41.5,25.5],[-42.4,25.400000000000002],[-42.666666666666664,25.0],[-43.22222222222222,24.77777777777778],[-44.0,25.0],[-45.0,25.0],[-45.285714285714285,25.714285714285715],[-46.25,26.75],[-46.63636363636364,27.363636363636363],[-47.0,27.666666666666664],[-48.0,27.5],[-49.0,28.666666666666664],[-49.44444444444444,28.444444444444443],[-49.8,27.8],[-51.0,27.4],[-55.0,27.25],[-55.5,27.5],[-55.90909090909091,28.09090909090909],[-57.0,28.428571428571427],[-58.0,28.5],[-60.0,29.0],[-61.0,29.555555555555557],[-61.470588235294116,29.529411764705884],[-62.0,30.0],[-62.0,29.0],[-62.266666666666666,28.266666666666666],[-62.375,27.0],[-62.23529411764706,25.764705882352942],[-61.75,25.25],[-61.666666666666664,25.0],[-61.75,24.0],[-60.0,23.444444444444443],[-59.69230769230769,23.307692307692307],[-59.5,23.0],[-59.36363636363636,21.636363636363637],[-59.13333333333333,20.866666666666667],[-59.230769230769226,20.0],[-59.0,19.0],[-58.5,18.5],[-58.11764705882353,17.88235294117647],[-57.94444444444444,17.0],[-56.41269841269841,15.587301587301585],[-55.22222222222222,15.0],[-55.0,14.75],[-54.44444444444444,14.555555555555554],[-54.142857142857146,14.0],[-53.142857142857146,13.857142857142858],[-53.0,13.666666666666668],[-52.5,13.5],[-52.333333333333336,13.0],[-52.84615384615385,12.846153846153847],[-53.024096385542165,11.975903614457831],[-54.0,11.727272727272727],[-55.0,11.666666666666668],[-55.29629629629629,11.703703703703702],[-56.0,12.172413793103448],[-56.416666666666664,12.0],[-56.64999999999999,11.649999999999999],[-56.99999999999999,11.416666666666666],[-58.0,11.444444444444445],[-58.33333333333334,11.333333333333334],[-59.6,10.600000000000001],[-61.0,9.333333333333334],[-61.44444444444444,9.555555555555555],[-62.2,11.0],[-63.0,11.571428571428571],[-63.12765957446808,11.872340425531915],[-63.65517241379311,12.344827586206897],[-64.0,13.0],[-64.92,14.0],[-65.0126582278481,14.987341772151899],[-65.29411764705883,16.0],[-65.28571428571429,17.0],[-65.73684210526316,18.263157894736842],[-66.43243243243244,19.56756756756757],[-67.0,20.0],[-67.14857142857143,20.85142857142857],[-67.54794520547946,21.45205479452055],[-68.0,21.846153846153847],[-68.22972972972973,22.77027027027027],[-68.88732394366197,23.112676056338028],[-69.39024390243902,24.609756097560975],[-70.01746724890829,24.982532751091703],[-70.15714285714286,26.0],[-70.39622641509435,26.60377358490566],[-71.05882352941177,27.0],[-71.32520325203251,28.674796747967477],[-71.6530612244898,29.346938775510203],[-72.0,29.607142857142854],[-72.11,29.89],[-72.4390243902439,31.5609756097561],[-73.06976744186046,31.930232558139537],[-73.27027027027027,32.72972972972973],[-74.0,33.583333333333336],[-74.3076923076923,34.307692307692314],[-74.3076923076923,34.69230769230769],[-75.0,35.142857142857146],[-75.12121212121212,36.87878787878788],[-75.29268292682927,37.29268292682927],[-75.24242424242425,37.75757575757576],[-75.77777777777777,38.22222222222222],[-75.77777777777777,38.77777777777778],[-76.06896551724138,40.0],[-76.0,42.0],[-75.48484848484848,43.484848484848484],[-74.88888888888889,43.99999999999999],[-74.83333333333333,45.0],[-75.0,46.0],[-75.33333333333334,47.0],[-76.0,48.22222222222222],[-76.23376623376623,49.76623376623377],[-76.58974358974359,50.41025641025641],[-77.0,50.800000000000004],[-77.51785714285715,52.482142857142854],[-78.0,53.11111111111111],[-78.26229508196721,54.0],[-78.3015873015873,55.0],[-78.5,55.5],[-79.41509433962264,57.0],[-79.47540983606558,60.0],[-79.2982456140351,61.0],[-79.35555555555555,62.644444444444446],[-79.66666666666667,63.333333333333336],[-80.0,63.535714285714285],[-80.1830985915493,63.816901408450704],[-80.35416666666666,64.64583333333333],[-80.69565217391305,65.30434782608695],[-81.36170212765957,65.63829787234042],[-82.20134228187919,65.79865771812081],[-82.48387096774194,66.0],[-82.63636363636363,66.36363636363637],[-83.3170731707317,66.6829268292683],[-91.0,66.83018867924528],[-92.0,66.6984126984127],[-99.0,66.55263157894737],[-99.39252336448598,66.39252336448598],[-100.0,65.82608695652173],[-102.0,65.61290322580645],[-105.6,66.0],[-105.85714285714286,67.0],[-105.5,67.5],[-105.0,67.75],[-104.53846153846155,68.53846153846155],[-103.75,69.0],[-101.74626865671641,69.25373134328359],[-99.0,69.39682539682539],[-98.53086419753086,69.53086419753086],[-98.01709401709401,70.01709401709401],[-97.0,70.359375],[-85.71428571428571,70.28571428571428],[-82.91304347826086,70.08695652173913],[-80.0,70.21212121212122],[-77.96638655462185,70.03361344537815],[-73.0754716981132,70.0754716981132],[-71.36363636363636,70.36363636363636],[-71.0,71.0],[-71.4,71.60000000000001],[-72.11428571428571,71.88571428571429],[-75.02,71.98],[-79.0,71.76190476190476],[-82.0,71.92063492063491],[-86.19834710743802,71.80165289256198],[-87.1875,72.0],[-87.51851851851852,72.4814814814815],[-88.25531914893617,72.74468085106383],[-91.1344537815126,72.8655462184874],[-91.53333333333333,73.0],[-91.65853658536585,73.34146341463415],[-92.24000000000001,73.76],[-95.0,73.88461538461537],[-98.0,73.83018867924528],[-98.5625,74.0],[-98.66666666666667,74.33333333333334],[-99.0,74.53846153846153],[-100.0,74.14285714285714],[-100.30769230769232,74.6923076923077],[-101.13953488372093,74.86046511627907],[-102.0,74.88888888888889],[-103.0,74.73529411764706],[-106.11904761904762,74.88095238095238],[-106.45454545454545,75.0],[-106.67567567567568,75.32432432432432],[-107.0,75.46153846153845],[-108.0,75.5625],[-109.0,75.22222222222223],[-109.35897435897436,75.64102564102564],[-110.85714285714286,76.00000000000001],[-111.54838709677419,76.45161290322581],[-113.0,76.80952380952381],[-114.73333333333332,76.73333333333333],[-116.47058823529412,76.47058823529412],[-117.0,76.0],[-118.0,75.7],[-118.36842105263159,75.36842105263159],[-118.46666666666667,75.0],[-117.99999999999999,74.75862068965517],[-112.0,74.45454545454545],[-111.71153846153845,74.28846153846153],[-111.35483870967744,73.64516129032259],[-111.0,73.48837209302326],[-110.0,73.61111111111111],[-107.0,73.58974358974359],[-105.78571428571428,73.21428571428572],[-105.69491525423729,73.0],[-105.71428571428572,72.0],[-106.0,71.1578947368421],[-108.0,71.0],[-113.0,71.0],[-114.00000000000001,70.33333333333334],[-115.71428571428571,70.28571428571428],[-116.60000000000001,70.4],[-117.33333333333334,70.66666666666667],[-118.25,70.75],[-119.0,71.0],[-121.0,71.0],[-122.0,71.22222222222223],[-123.0,71.22222222222223],[-124.8,72.0],[-124.75,73.0],[-125.77142857142857,73.22857142857143],[-131.0,73.72727272727272],[-132.0,74.0],[-133.0,73.91666666666666],[-134.10526315789474,74.10526315789474],[-135.0,74.0],[-136.0,74.28571428571429],[-138.0,74.54545454545455],[-141.0,74.85714285714285],[-144.0,75.0],[-146.0,75.42857142857142],[-148.0,75.2],[-148.25,75.0],[-148.85714285714286,74.85714285714286],[-151.0,74.74193548387098],[-153.0,74.0],[-155.0,74.0],[-156.0,73.75],[-156.48,73.48],[-156.75,73.0],[-157.2,73.0],[-157.54285714285714,73.45714285714286],[-158.0,73.57142857142857],[-159.0,73.6470588235294],[-159.45833333333331,73.45833333333333],[-159.84615384615384,73.0],[-160.01574803149606,72.98425196850394],[-160.51515151515153,73.4848484848485],[-161.0,73.64],[-162.66037735849056,73.66037735849056],[-163.49275362318843,73.4927536231884],[-164.28571428571428,73.0],[-166.92222222222222,72.92222222222222],[-169.66666666666669,73.0],[-171.5,74.0],[-171.33333333333334,74.33333333333334],[-170.0,75.0],[-171.0,75.66666666666667],[-172.0,75.5],[-173.0,75.5],[-174.14285714285714,75.14285714285714],[-174.77777777777777,75.22222222222223],[-175.66666666666669,75.0],[-176.93333333333334,74.93333333333334],[-177.62962962962962,74.62962962962962],[-177.9375,74.0],[-178.0,73.5],[-178.28571428571428,73.28571428571428],[-178.33333333333334,73.0],[-178.9090909090909,72.9090909090909],[-179.0625,73.0],[-179.0919540229885,74.9080459770115],[-180.0,75.75],[-180.0,81.04761904761905],[-179.42424242424244,81.42424242424244],[-179.25925925925924,82.0],[-179.22222222222223,85.0],[-179.35294117647058,85.35294117647058],[-179.30769230769232,85.69230769230771],[-180.0,85.95454545454545],[-180.0,87.4],[-179.36363636363637,88.36363636363636],[-177.84615384615384,88.84615384615384],[-177.36363636363637,89.36363636363636],[-177.0,89.5],[-175.0,89.5],[-173.28571428571428,88.71428571428571],[-172.0,88.5],[-169.36363636363637,88.63636363636363],[-168.0,88.33333333333334],[-167.0,88.5],[-166.60000000000002,88.4],[-166.0,88.0],[-164.0,87.88888888888889]],[[-11.600000000000001,44.6],[-11.666666666666666,45.0],[-12.148148148148149,45.14814814814815],[-12.5,45.0],[-12.444444444444445,44.55555555555555],[-12.0,44.0],[-11.600000000000001,44.6]],[[-169.42105263157893,74.57894736842105],[-169.0,74.5],[-168.0,75.0],[-168.5,75.5],[-169.0,75.66666666666667],[-169.6,75.60000000000001],[-170.0,75.0],[-169.42105263157893,74.57894736842105]],[[-57.5,66.0],[-57.333333333333336,65.66666666666667],[-56.66666666666667,65.33333333333334],[-56.333333333333336,64.66666666666667],[-56.0,64.5],[-55.0,65.0],[-55.400000000000006,65.60000000000001],[-55.66666666666667,66.33333333333334],[-56.5,66.5],[-57.0,67.0],[-57.4,66.4],[-57.5,66.0]],[[-54.285714285714285,64.71428571428571],[-53.0,64.5],[-52.75,64.75],[-52.71428571428571,65.28571428571428],[-53.0,66.0],[-53.60000000000001,65.60000000000001],[-54.400000000000006,65.4],[-55.0,65.0],[-54.285714285714285,64.71428571428571]],[[-153.0,76.0],[-154.10526315789474,76.10526315789474],[-154.33333333333334,76.0],[-154.0952380952381,75.9047619047619],[-153.0,76.0]],[[-151.9047619047619,75.9047619047619],[-151.0,76.0],[-152.0,76.125],[-153.0,76.0],[-151.9047619047619,75.9047619047619]],[[-37.0,58.5],[-36.6,58.60000000000001],[-36.333333333333336,59.0],[-37.0,59.333333333333336],[-38.0,59.0],[-37.4,58.60000000000001],[-37.0,58.5]],[[-35.166666666666664,56.833333333333336],[-34.77777777777778,56.77777777777778],[-34.0,57.0],[-34.6,57.4],[-35.0,57.5],[-35.25,57.25],[-35.166666666666664,56.833333333333336]],[[-27.0,55.800000000000004],[-26.5,56.0],[-26.6,56.400000000000006],[-27.0,56.5],[-27.25,56.0],[-27.0,55.800000000000004]],[[3.8000000000000003,68.0],[4.333333333333334,68.0],[4.0,68.33333333333334],[3.8000000000000003,68.0]]],[[[-86.0,60.333333333333336],[-85.0,60.31481481481482],[-84.79012345679013,60.20987654320987],[-84.43956043956044,59.56043956043956],[-84.0,59.36507936507936],[-83.0,59.345454545454544],[-82.77108433734941,59.22891566265061],[-82.37988826815642,57.62011173184357],[-81.75141242937853,57.24858757062147],[-81.63333333333333,57.0],[-81.4375,56.0],[-81.36111111111111,54.638888888888886],[-81.1578947368421,54.0],[-81.4494382022472,53.449438202247194],[-81.57894736842104,52.578947368421055],[-82.0,51.5],[-83.0,51.8],[-84.0,52.55555555555556],[-84.5,53.5],[-86.0,54.875],[-86.10714285714286,55.892857142857146],[-86.41379310344828,56.58620689655173],[-87.21621621621622,57.78378378378379],[-87.80000000000001,58.00000000000001],[-88.0,58.333333333333336],[-89.32432432432432,58.67567567567568],[-89.63265306122449,58.63265306122449],[-91.096,58.904],[-93.5,59.0],[-94.0,59.375],[-95.0,59.727272727272734],[-95.33333333333334,59.66666666666667],[-95.8,59.8],[-96.0,59.66666666666667],[-97.0,60.0],[-98.0,60.45454545454545],[-98.36734693877551,61.0],[-98.0,61.32727272727273],[-95.99999999999999,61.758620689655174],[-95.23021582733813,62.23021582733813],[-93.0,62.4],[-92.1111111111111,61.99999999999999],[-91.47945205479452,61.52054794520548],[-91.0,61.375],[-87.71212121212122,61.28787878787878],[-87.0,61.0],[-86.49032258064517,60.50967741935484],[-86.0,60.333333333333336]]],[[[52.0,-87.71428571428572],[51.0,-88.0],[50.333333333333336,-87.66666666666667],[50.125,-87.0],[51.0,-86.74074074074075],[54.0,-86.57894736842105],[54.32,-86.68],[54.5,-87.0],[54.432432432432435,-87.43243243243244],[54.0,-87.72727272727272],[52.0,-87.71428571428572]]],[[[8.333333333333334,-71.66666666666667],[9.0,-72.0],[7.0,-72.3],[6.684210526315789,-72.0],[6.720930232558139,-71.72093023255815],[7.0,-71.53846153846155],[7.5,-71.5],[8.0,-71.0],[8.333333333333334,-71.66666666666667]]],[[[8.0,-69.66666666666667],[8.2,-69.8],[8.285714285714285,-70.28571428571428],[8.0,-71.0],[7.555555555555555,-70.44444444444444],[7.0,-70.36363636363637],[6.0,-70.75],[5.4375,-70.5625],[5.0,-70.125],[4.3076923076923075,-70.3076923076923],[3.8000000000000003,-71.0],[4.173913043478261,-71.82608695652175],[4.181818181818182,-72.0],[4.0,-72.16666666666666],[3.0,-72.3125],[2.0,-72.07692307692308],[1.0,-72.2],[0.5714285714285714,-72.0],[0.2857142857142857,-71.0],[0.42105263157894735,-70.57894736842104],[0.36363636363636365,-70.36363636363636],[1.1666666666666667,-70.0],[0.8260869565217391,-69.17391304347827],[0.9,-68.9],[2.0,-68.6923076923077],[2.2222222222222223,-68.77777777777777],[2.5882352941176467,-69.41176470588235],[3.0,-69.63636363636364],[5.0,-69.85714285714286],[5.352941176470588,-69.35294117647058],[6.0,-69.0],[6.7857142857142865,-69.21428571428571],[7.0,-69.42857142857142],[8.0,-69.66666666666667]]],[[[12.0,-70.0],[13.0,-69.7],[14.0,-69.85714285714286],[15.333333333333334,-69.66666666666667],[15.75,-70.0],[15.0,-70.42857142857143],[14.0,-70.14285714285714],[13.0,-70.30000000000001],[12.0,-70.0]]],[[[58.0625,-54.0],[57.18181818181819,-54.18181818181818],[54.0,-54.16216216216216],[52.96,-53.959999999999994],[52.0,-54.0],[50.513513513513516,-53.48648648648649],[50.0,-53.0],[50.48648648648649,-52.486486486486484],[51.23880597014926,-52.23880597014926],[52.0,-51.6875],[54.0,-52.54],[56.125,-52.875],[56.30769230769231,-53.0],[56.513513513513516,-53.48648648648649],[57.189189189189186,-53.81081081081081],[58.0625,-54.0]]],[[[28.523809523809526,-50.0],[28.000000000000004,-50.611111111111114],[27.78846153846154,-50.0],[28.0,-49.78846153846153],[28.523809523809526,-50.0]]],[[[46.333333333333336,-35.66666666666667],[46.55555555555555,-36.44444444444444],[47.2,-37.0],[47.0,-38.0],[47.57142857142857,-38.42857142857143],[48.4,-40.0],[49.38095238095238,-40.61904761904761],[49.57142857142857,-41.0],[50.0,-41.42857142857143],[51.0,-41.75],[52.0,-42.666666666666664],[53.0,-43.0],[54.0,-43.75],[55.2,-43.8],[57.0,-45.0],[57.5,-45.5],[58.5,-46.0],[58.33333333333334,-46.333333333333336],[58.0,-46.33333333333333],[57.00000000000001,-46.66666666666667],[56.83333333333333,-47.00000000000001],[56.800000000000004,-48.00000000000001],[56.5,-48.5],[55.0,-49.0],[53.0,-49.0],[52.71428571428571,-48.28571428571428],[52.0,-48.1],[51.0,-48.111111111111114],[49.0,-48.35714285714286],[48.0,-49.074074074074076],[47.66666666666667,-49.0],[47.0,-48.55555555555556],[46.71428571428571,-48.71428571428571],[45.0,-48.8125],[43.0,-48.4],[41.00000000000001,-47.800000000000004],[40.21052631578947,-48.21052631578947],[40.26086956521739,-48.73913043478261],[40.06741573033708,-49.067415730337075],[38.17777777777778,-49.17777777777778],[38.0,-50.0],[36.16666666666667,-50.166666666666664],[36.0,-50.75],[35.66666666666667,-51.00000000000001],[35.10526315789474,-51.10526315789474],[35.0,-51.25],[33.0,-51.333333333333336],[32.08695652173913,-50.91304347826087],[31.0,-50.714285714285715],[30.0,-50.0],[30.275862068965516,-49.275862068965516],[29.96,-48.04],[29.075471698113205,-47.924528301886795],[28.606060606060606,-47.39393939393939],[26.666666666666668,-47.0],[26.0,-46.57142857142857],[25.666666666666664,-46.0],[25.61643835616438,-45.38356164383561],[25.67058823529412,-44.67058823529412],[25.884615384615387,-44.0],[26.5,-43.5],[26.894736842105264,-42.89473684210526],[27.0,-42.5],[27.684210526315788,-41.68421052631579],[28.0,-41.5],[28.130434782608695,-41.130434782608695],[28.057142857142857,-40.057142857142864],[28.38095238095238,-39.38095238095238],[29.4,-39.0],[30.91780821917808,-38.91780821917808],[31.733333333333334,-38.733333333333334],[32.0,-38.0],[33.0,-38.04545454545455],[33.72222222222222,-37.0],[34.17543859649123,-36.824561403508774],[36.285714285714285,-36.714285714285715],[36.76923076923077,-37.0],[37.0,-37.3],[37.26086956521739,-37.26086956521739],[37.6,-37.0],[37.7,-36.0],[38.16666666666667,-35.0],[37.92857142857143,-34.07142857142857],[38.0,-33.75],[38.5,-33.0],[38.833333333333336,-32.833333333333336],[39.0,-32.25],[40.4,-31.400000000000002],[42.0,-31.166666666666668],[42.6,-31.400000000000002],[43.0,-32.0],[43.57142857142858,-32.42857142857143],[44.0,-33.0],[45.22222222222222,-33.77777777777778],[45.75,-35.0],[46.333333333333336,-35.66666666666667]]],[[[25.0,-32.68181818181819],[25.5,-33.0],[25.0,-33.333333333333336],[24.695652173913047,-33.30434782608696],[24.77777777777778,-32.77777777777778],[25.0,-32.68181818181819]]],[[[35.768115942028984,-19.231884057971016],[35.27272727272727,-19.0],[35.542857142857144,-18.542857142857144],[36.0,-18.333333333333336],[36.41025641025641,-18.589743589743588],[36.2962962962963,-19.0],[36.13793103448276,-19.137931034482758],[35.768115942028984,-19.231884057971016]]],[[[36.578947368421055,-17.57894736842105],[37.0,-17.428571428571427],[37.13793103448276,-17.862068965517242],[37.0,-18.296296296296298],[36.58974358974359,-18.41025641025641],[36.333333333333336,-18.0],[36.578947368421055,-17.57894736842105]]],[[[19.0,10.166666666666668],[19.5,10.0],[19.400000000000002,9.600000000000001],[19.0,9.0],[18.6,9.600000000000001],[18.666666666666668,10.0],[19.0,10.166666666666668]]],[[[23.0,15.794117647058822],[22.802816901408452,16.197183098591548],[23.0,16.4],[23.256880733944953,16.256880733944953],[23.28571428571429,16.0],[23.145077720207254,15.854922279792746],[23.0,15.794117647058822]]],[[[22.296296296296294,19.703703703703702],[22.57142857142857,20.0],[22.666666666666668,20.333333333333336],[23.0,20.75],[23.038216560509554,20.038216560509554],[23.4,19.0],[23.20689655172414,18.79310344827586],[22.352941176470587,18.64705882352941],[22.0,18.0],[21.909090909090907,18.90909090909091],[21.764705882352942,19.235294117647058],[22.0,19.6],[22.296296296296294,19.703703703703702]]],[[[21.571428571428573,22.42857142857143],[21.666666666666668,22.0],[21.42857142857143,21.571428571428573],[21.0,21.333333333333336],[20.8125,21.8125],[20.53846153846154,22.0],[20.81818181818182,22.18181818181818],[21.0,22.857142857142858],[21.333333333333336,22.666666666666668],[22.0,23.0],[21.571428571428573,22.42857142857143]]],[[[17.0,23.200000000000003],[16.859649122807017,23.859649122807017],[16.0,24.0],[16.25,24.75],[16.77777777777778,25.22222222222222],[17.5,25.0],[17.75,24.75],[18.0,24.0],[19.0,23.75],[19.057692307692307,22.942307692307693],[18.07547169811321,22.924528301886795],[18.0,22.5],[17.6,22.6],[17.22222222222222,23.22222222222222],[17.0,23.200000000000003]]],[[[52.61904761904762,27.61904761904762],[53.2,27.0],[54.400000000000006,26.400000000000002],[54.8,25.8],[55.484848484848484,25.484848484848484],[56.0,25.0],[57.29629629629629,24.296296296296294],[58.0,23.5],[58.31999999999999,23.32],[59.0,22.42857142857143],[59.285714285714285,22.285714285714285],[59.42857142857143,22.0],[60.333333333333336,21.333333333333336],[60.875,20.0],[60.85714285714286,19.000000000000004],[60.48,18.52],[60.0,18.4],[59.55555555555555,18.555555555555554],[59.090909090909086,19.09090909090909],[58.0,19.666666666666664],[57.0,19.799999999999997],[56.98529411764706,19.985294117647058],[56.75,20.0],[56.0,20.6],[55.97122302158273,20.971223021582734],[55.666666666666664,21.0],[55.30769230769231,21.307692307692307],[55.0,21.363636363636363],[54.84090909090909,21.84090909090909],[53.8695652173913,22.0],[53.56756756756757,22.56756756756757],[53.0,22.833333333333336],[52.62264150943397,23.622641509433965],[51.932584269662925,23.93258426966292],[51.142857142857146,24.0],[50.99999999999999,24.11111111111111],[50.89115646258504,24.891156462585037],[49.97948717948718,24.97948717948718],[49.84516129032258,25.845161290322583],[48.982035928143716,25.982035928143713],[48.70434782608696,26.704347826086956],[47.89090909090909,27.0],[47.53846153846154,27.53846153846154],[46.095238095238095,28.0],[45.68888888888888,28.68888888888889],[45.22222222222222,29.0],[45.44444444444444,29.555555555555554],[46.0,29.777777777777775],[48.0,29.6],[48.35294117647059,29.352941176470587],[48.42857142857143,29.0],[49.34042553191489,28.340425531914892],[51.57142857142857,28.0],[52.61904761904762,27.61904761904762]]],[[[21.0,25.818181818181817],[20.2,26.0],[20.57894736842105,26.421052631578945],[21.19047619047619,26.80952380952381],[22.0,26.823529411764707],[22.47457627118644,26.474576271186443],[22.51851851851852,26.0],[22.159090909090907,25.840909090909093],[22.0381679389313,25.0],[22.0,23.0],[21.799999999999997,23.799999999999997],[21.782608695652176,25.0],[21.467532467532468,25.467532467532465],[21.0,25.818181818181817]]],[[[35.0,28.800000000000004],[35.470588235294116,28.47058823529412],[35.66666666666667,28.0],[34.92727272727273,28.0],[34.868852459016395,28.13114754098361],[35.0,28.800000000000004]]],[[[41.0,29.5],[41.4,29.0],[39.971428571428575,28.97142857142857],[39.0,29.0],[41.0,29.5]]],[[[31.333333333333336,33.333333333333336],[31.75,33.0],[32.0,32.5],[32.4,32.4],[32.333333333333336,32.0],[32.647058823529406,30.64705882352941],[35.0,30.5],[35.333333333333336,30.0],[35.25,29.75],[34.75,29.0],[34.10526315789473,28.894736842105264],[33.25,29.0],[33.0,29.200000000000003],[32.875,29.0],[32.0,28.82051282051282],[31.63157894736842,29.0],[31.47058823529412,29.47058823529412],[30.46153846153846,30.0],[30.413793103448274,30.413793103448274],[30.0,30.599999999999998],[29.94871794871795,30.94871794871795],[29.75,31.0],[29.555555555555554,31.555555555555557],[28.88888888888889,31.88888888888889],[27.5,32.0],[27.25,32.25],[27.0,32.25],[26.91044776119403,33.91044776119403],[25.857142857142858,34.0],[28.0,34.0],[28.71428571428571,32.71428571428571],[29.75,32.75],[30.142857142857146,32.85714285714286],[30.666666666666668,33.333333333333336],[31.0,33.42857142857143],[31.333333333333336,33.333333333333336]]],[[[33.25,33.0],[33.0,32.66666666666667],[32.6,32.6],[32.5,33.0],[33.0,33.2],[33.25,33.0]]],[[[9.5,36.0],[10.0,35.5],[10.4,35.400000000000006],[11.0,35.0],[11.833333333333334,34.0],[11.555555555555555,33.44444444444444],[10.833333333333334,33.16666666666667],[10.363636363636363,32.63636363636364],[10.0,32.6],[9.0,32.0],[7.363636363636364,32.36363636363636],[6.448979591836735,34.44897959183673],[6.0,34.6875],[5.9107142857142865,34.910714285714285],[5.615384615384615,35.0],[5.457142857142857,35.457142857142856],[5.0,36.0],[5.5,36.5],[5.6875,37.0],[5.565217391304348,37.434782608695656],[5.7142857142857135,37.71428571428571],[5.363636363636363,37.63636363636364],[4.333333333333334,38.0],[5.0,38.5],[6.0,38.25],[6.7142857142857135,37.71428571428571],[7.538461538461538,37.53846153846155],[8.166666666666666,37.166666666666664],[8.166666666666666,37.0],[8.615384615384615,36.61538461538461],[9.347826086956522,36.34782608695652],[9.5,36.0]]],[[[36.0,39.66666666666667],[38.0,39.0],[38.0,38.0],[37.32,37.68],[36.0,36.25],[35.333333333333336,36.0],[34.666666666666664,36.0],[33.0,36.54545454545455],[32.0,36.6],[31.916666666666668,36.91666666666667],[31.0,37.25],[30.53846153846154,37.53846153846155],[30.086956521739133,38.086956521739125],[29.421052631578945,38.421052631578945],[29.0,39.0],[28.5,40.5],[28.0,40.800000000000004],[27.0,41.0],[27.0,42.0],[30.0,42.0],[30.0,41.0],[30.71428571428571,40.71428571428571],[32.4,40.6],[33.0,41.0],[33.0,40.0],[34.0,40.0],[35.0,39.75],[36.0,39.66666666666667]]],[[[8.2,41.0],[8.181818181818182,40.81818181818182],[8.0,40.66666666666667],[7.666666666666666,41.0],[8.0,41.2],[8.2,41.0]]],[[[16.5,42.0],[16.833333333333332,42.16666666666667],[17.153846153846153,42.15384615384615],[17.333333333333332,42.0],[17.285714285714285,41.71428571428571],[17.0,41.5],[16.666666666666668,41.66666666666667],[16.5,42.0]]],[[[18.789473684210527,62.21052631578948],[19.0,62.4],[19.210526315789473,62.21052631578948],[19.363636363636363,61.63636363636363],[19.0,61.333333333333336],[18.789473684210527,62.21052631578948]]],[[[41.78947368421053,64.78947368421052],[42.25,64.25],[43.0,64.0],[42.0,63.0],[41.333333333333336,63.333333333333336],[40.529411764705884,63.529411764705884],[40.10526315789474,64.10526315789474],[39.0,65.0],[38.66666666666667,65.66666666666667],[38.333333333333336,67.0],[38.733333333333334,68.26666666666667],[39.0,68.5],[39.529411764705884,69.47058823529412],[40.21428571428571,69.78571428571429],[42.0,70.0],[42.513513513513516,70.48648648648648],[43.0,70.6],[44.2,70.2],[44.4,70.0],[44.333333333333336,69.66666666666667],[43.625,69.375],[42.76470588235294,69.23529411764706],[42.6,68.4],[41.92307692307693,68.0],[41.65517241379311,66.3448275862069],[41.78947368421053,64.78947368421052]]],[[[51.75,76.25],[53.0,76.44444444444444],[53.24242424242424,76.24242424242425],[55.0,76.0],[54.46153846153847,75.53846153846155],[54.0,75.4],[53.0,75.42857142857142],[51.0,76.0],[51.75,76.25]]],[[[47.76470588235294,75.76470588235294],[47.599999999999994,76.0],[48.0,76.4],[48.42857142857143,76.57142857142857],[50.0,76.625],[50.5,76.5],[51.0,76.0],[50.476190476190474,75.52380952380952],[50.0,75.375],[49.0,75.33333333333334],[48.470588235294116,75.47058823529412],[47.76470588235294,75.76470588235294]]],[[[154.8181818181818,-88.81818181818181],[155.5,-89.0],[155.5,-89.5],[155.0,-90.0],[154.0,-89.0],[154.8181818181818,-88.81818181818181]]],[[[162.0,-88.5],[163.0,-89.0],[163.0,-90.0],[159.0,-90.0],[159.0,-89.0],[159.77777777777777,-88.77777777777777],[161.0,-89.0],[162.0,-88.5]]],[[[163.7142857142857,-88.71428571428571],[165.0,-88.5],[165.33333333333334,-89.0],[165.4,-89.4],[165.0,-90.0],[164.6,-89.4],[164.0,-89.25],[163.66666666666669,-89.33333333333334],[163.0,-89.0],[163.7142857142857,-88.71428571428571]]],[[[179.99999999999997,-88.81818181818181],[180.0,-89.5],[178.33333333333334,-89.66666666666667],[176.0,-89.6],[174.0,-90.0],[169.0,-90.0],[168.5,-89.5],[168.60000000000002,-88.6],[169.0,-88.0],[170.0,-88.0],[170.66666666666669,-88.33333333333334],[171.0,-88.33333333333334],[173.0,-87.66666666666667],[174.0,-88.0],[175.0,-87.5],[176.0,-88.0],[177.0,-88.0],[177.6,-87.6],[179.0,-87.5],[179.26666666666665,-87.73333333333333],[179.1818181818182,-88.0],[179.51351351351352,-88.48648648648648],[179.99999999999997,-88.81818181818181]]],[[[170.5819209039548,-74.4180790960452],[170.4931506849315,-74.0],[171.0,-73.77300613496932],[171.22089552238805,-73.77910447761194],[171.53623188405794,-74.0],[171.42528735632183,-74.42528735632183],[171.0,-74.69811320754718],[170.5819209039548,-74.4180790960452]]],[[[80.71428571428572,-71.71428571428571],[81.2,-71.8],[81.33333333333334,-72.0],[81.0,-72.2],[80.0,-72.0],[80.71428571428572,-71.71428571428571]]],[[[79.0,-72.33333333333334],[77.6923076923077,-72.30769230769232],[77.0,-72.0],[76.46666666666667,-72.46666666666667],[76.0,-72.5],[75.0,-72.5],[73.7037037037037,-72.29629629629629],[73.46666666666667,-72.0],[73.46666666666665,-71.53333333333333],[73.33333333333334,-71.33333333333334],[73.4,-70.60000000000001],[73.0,-70.0],[74.0,-70.0],[74.73333333333333,-69.73333333333332],[75.0,-69.5],[75.44444444444444,-69.44444444444444],[75.4,-69.0],[76.375,-68.625],[76.6,-69.0],[76.0,-69.6],[75.55555555555556,-69.55555555555554],[75.5,-70.0],[76.47619047619047,-70.52380952380952],[77.0,-71.0],[78.15384615384616,-70.84615384615384],[78.75,-71.25],[79.5,-71.5],[80.0,-72.0],[79.0,-72.33333333333334]]],[[[78.3125,-67.6875],[78.625,-68.0],[78.41666666666667,-68.41666666666667],[78.0,-68.625],[77.0,-68.75],[76.57142857142857,-68.42857142857143],[76.7,-67.7],[77.0,-67.14285714285714],[78.3125,-67.6875]]],[[[61.400000000000006,-58.0],[61.0,-58.66666666666667],[60.75,-58.25],[60.0,-58.0],[61.400000000000006,-58.0]]],[[[65.28571428571428,-58.28571428571428],[64.18181818181819,-58.18181818181818],[64.0,-58.5],[63.875,-58.125],[63.0,-58.0],[65.5,-58.0],[65.28571428571428,-58.28571428571428]]],[[[136.01960784313724,-44.01960784313725],[135.6,-44.0],[135.6923076923077,-43.69230769230769],[136.0,-43.333333333333336],[136.01960784313724,-44.01960784313725]]],[[[119.81818181818181,-40.81818181818182],[120.0,-40.75],[121.0,-41.0],[121.0,-42.0],[120.0,-42.0],[119.75,-41.25],[119.81818181818181,-40.81818181818182]]],[[[111.0,8.25],[111.14285714285714,8.142857142857142],[111.22222222222223,7.777777777777778],[111.0,7.0],[110.0,6.714285714285714],[109.5,7.0],[109.55555555555554,7.444444444444444],[110.0,7.666666666666667],[110.33333333333334,7.666666666666668],[110.5,8.0],[111.0,8.25]]],[[[139.10169491525423,8.898305084745763],[139.03947368421055,8.0],[138.25,8.0],[138.73913043478262,9.26086956521739],[141.62886597938146,10.371134020618557],[143.40677966101697,10.593220338983052],[144.16666666666669,10.833333333333334],[144.1818181818182,11.0],[145.14634146341464,11.146341463414634],[145.5,11.0],[145.23376623376623,10.766233766233766],[145.04444444444445,10.0],[142.0,9.678571428571429],[141.54491017964074,9.455089820359282],[141.45714285714286,9.0],[141.0,8.810650887573964],[140.16806722689074,8.831932773109244],[139.68503937007875,8.68503937007874],[139.10169491525423,8.898305084745763]]],[[[130.0,16.625],[131.0,16.333333333333332],[131.33333333333334,16.0],[131.52941176470588,15.529411764705882],[132.0,15.428571428571429],[132.09230769230768,15.092307692307692],[132.5,15.0],[132.6,14.600000000000001],[133.0,14.5],[133.16216216216216,14.162162162162161],[133.42857142857144,14.0],[133.42857142857144,13.571428571428573],[133.0,13.0],[132.33333333333334,13.333333333333336],[132.0,14.0],[131.66666666666669,13.333333333333336],[131.85714285714286,13.000000000000002],[131.83333333333334,12.0],[132.48,11.479999999999999],[132.7037037037037,10.703703703703702],[133.0,10.5],[134.0,10.5],[134.44444444444446,11.0],[134.5,11.5],[135.0,12.0],[136.0,11.9],[136.57142857142858,11.571428571428571],[136.8,10.8],[137.36363636363637,10.363636363636363],[137.57142857142856,10.0],[137.13333333333333,8.866666666666667],[137.0,8.875],[136.22222222222223,8.0],[135.4390243902439,7.560975609756097],[135.1923076923077,7.0],[134.36734693877548,6.63265306122449],[134.0344827586207,6.0],[133.14598540145985,5.854014598540147],[133.0,5.523809523809524],[132.09230769230768,4.907692307692307],[132.0,4.7],[131.57142857142858,4.571428571428572],[131.25,4.75],[131.375,4.375],[131.1764705882353,4.0],[130.02439024390245,3.975609756097561],[130.0,3.857142857142857],[129.36363636363637,3.6363636363636362],[129.0,3.0],[127.20689655172413,2.793103448275862],[126.0,2.0],[123.0,1.5833333333333335],[122.0,1.9166666666666665],[121.0,1.8125],[116.04761904761904,2.0476190476190474],[114.0204081632653,1.9795918367346939],[113.53703703703704,2.537037037037037],[112.7921146953405,2.7921146953405014],[112.58273381294964,3.41726618705036],[112.64556962025317,3.6455696202531644],[112.125,4.0],[112.47058823529412,4.529411764705882],[113.2258064516129,4.774193548387096],[115.0,5.0],[116.0,5.272727272727273],[116.52941176470587,5.470588235294118],[117.0,6.0],[118.0,5.666666666666666],[119.0,5.7142857142857135],[119.5,6.0],[119.25,6.25],[119.0,6.25],[118.52,6.5200000000000005],[118.33333333333334,7.333333333333334],[118.0,7.299999999999999],[117.5625,7.5625],[117.29999999999998,8.0],[117.53333333333333,8.466666666666667],[118.0,8.777777777777779],[118.5,8.5],[118.63636363636364,7.636363636363637],[119.4,7.6],[120.0,8.0],[120.33333333333334,8.666666666666668],[120.66666666666666,9.0],[120.6,10.0],[120.7142857142857,10.285714285714285],[121.23529411764706,10.764705882352942],[121.64705882352939,12.352941176470587],[122.26666666666667,12.733333333333334],[122.4,13.0],[122.0,14.0],[122.375,14.625],[122.42857142857142,15.0],[122.5,17.0],[122.4,18.0],[122.7,19.3],[123.33333333333334,19.666666666666668],[123.6,20.0],[124.0,21.0],[124.42105263157895,21.57894736842105],[125.0,22.0],[125.99999999999999,21.642857142857142],[126.0754716981132,20.0],[126.24175824175825,19.24175824175824],[126.66666666666667,18.666666666666668],[127.33644859813084,18.336448598130843],[128.9,18.0],[129.52941176470588,17.52941176470588],[129.80645161290323,16.806451612903224],[130.0,16.625]],[[131.0,15.0],[130.7391304347826,14.26086956521739],[130.80645161290323,13.806451612903224],[131.42857142857144,13.571428571428573],[132.0,14.0],[131.0,15.0]]],[[[152.0,13.419354838709676],[152.3170731707317,13.317073170731707],[152.64197530864197,13.0],[152.0,12.555555555555555],[151.41573033707866,13.0],[152.0,13.419354838709676]]],[[[76.85365853658537,13.853658536585366],[79.81818181818181,12.81818181818182],[81.0,12.666666666666668],[83.5,12.0],[86.13333333333333,11.866666666666667],[87.0,12.0],[88.0,12.600000000000001],[89.0,12.5],[89.9090909090909,11.909090909090908],[91.43478260869566,11.434782608695652],[92.0,11.0],[94.35294117647058,10.352941176470587],[95.0,10.0],[96.6923076923077,9.692307692307693],[97.0,9.5],[99.0,9.0],[92.79816513761467,8.798165137614678],[88.0,9.0],[85.0,9.399999999999999],[82.36,9.36],[81.0,9.523809523809524],[80.02173913043478,10.021739130434781],[78.21212121212122,10.212121212121211],[77.0,10.578947368421051],[76.85321100917432,10.853211009174313],[76.11881188118812,10.881188118811881],[74.0,11.367346938775512],[73.64971751412429,11.649717514124294],[72.0,12.0],[71.0,12.399999999999999],[70.74038461538461,12.740384615384615],[69.45161290322581,13.0],[68.63157894736842,13.631578947368421],[67.2,14.000000000000002],[66.57142857142858,14.571428571428571],[65.9245283018868,14.924528301886792],[65.5,15.0],[64.71428571428571,15.714285714285712],[64.6,16.0],[64.71428571428571,16.285714285714285],[65.26086956521739,16.73913043478261],[66.175,16.825],[66.77777777777779,17.0],[67.0,17.2],[68.75999999999999,16.759999999999998],[70.66666666666667,16.0],[72.5,15.5],[73.0,15.0],[73.79310344827586,14.793103448275861],[74.0,14.571428571428571],[75.5,14.0],[76.85365853658537,13.853658536585366]]],[[[68.2,26.0],[68.2,24.0],[68.0,23.8],[67.8,24.0],[67.66666666666667,25.66666666666667],[67.5,26.0],[68.0,26.142857142857142],[68.2,26.0]]],[[[53.66666666666667,35.0],[53.66666666666667,35.333333333333336],[54.0,36.0],[55.0,35.0],[54.333333333333336,34.66666666666667],[54.0,34.666666666666664],[53.66666666666667,35.0]]],[[[55.5,37.5],[56.0,37.0],[55.400000000000006,36.6],[54.6,36.400000000000006],[54.0,36.0],[53.60000000000001,36.6],[53.5,37.0],[54.0,37.5],[55.5,37.5]]],[[[18.75,44.0],[18.75,45.0],[18.400000000000002,45.4],[18.0,45.5],[17.0,45.0],[16.0,45.0],[15.666666666666668,45.66666666666667],[15.0,46.0],[14.0,46.0],[13.5,45.5],[13.0,45.333333333333336],[12.5,46.0],[12.5,46.5],[12.0,46.66666666666667],[11.75,47.0],[11.26086956521739,47.26086956521739],[10.48,48.48],[10.0,49.0],[10.285714285714285,49.71428571428571],[10.277777777777779,51.0],[10.444444444444443,51.55555555555556],[11.153846153846155,52.0],[11.5,52.5],[12.0,52.733333333333334],[14.057971014492754,52.94202898550724],[14.153846153846153,53.846153846153854],[15.000000000000002,54.66666666666667],[15.25,55.75],[16.04,56.0],[16.375,57.625],[17.0,58.0],[17.470588235294116,59.529411764705884],[18.0625,59.9375],[18.43478260869565,60.56521739130435],[19.333333333333336,61.0],[19.636363636363637,61.36363636363636],[20.0,61.25],[21.6,61.400000000000006],[23.0,61.28571428571428],[23.64705882352941,60.647058823529406],[25.0,60.416666666666664],[26.0,60.400000000000006],[27.0,60.55555555555556],[28.80952380952381,59.80952380952381],[30.652173913043477,59.65217391304348],[31.461538461538463,59.46153846153847],[32.0,59.0],[35.0,59.0],[35.57142857142857,58.57142857142858],[37.0,58.0],[38.0,58.5],[38.44444444444444,58.44444444444444],[39.0,58.0],[40.0,58.0],[40.0,59.0],[40.4,59.6],[40.333333333333336,60.00000000000001],[40.6,60.400000000000006],[41.5,61.0],[41.5,61.5],[42.0,62.0],[44.0,62.0],[44.66666666666667,61.66666666666667],[45.5,62.0],[46.0,63.0],[46.6,62.6],[47.0,62.5],[47.333333333333336,62.66666666666667],[47.5,63.0],[49.0,63.5],[50.0,63.5],[51.0,63.25],[52.0,63.333333333333336],[53.0,63.66666666666667],[54.5,63.0],[54.71428571428571,62.714285714285715],[54.66666666666667,61.33333333333334],[54.0,61.0],[54.0,60.0],[54.71428571428571,59.71428571428571],[55.0,59.0],[57.0,59.0],[58.60000000000001,58.60000000000001],[58.77777777777778,57.77777777777777],[59.285714285714285,57.28571428571428],[59.33333333333333,57.0],[58.5,55.0],[59.0,54.0],[59.6,53.60000000000001],[60.0,53.0],[61.0,52.5],[61.400000000000006,52.6],[62.0,53.0],[63.0,53.0],[63.0,52.0],[64.0,51.75],[65.0,52.0],[66.0,52.0],[66.0,51.0],[66.5,51.5],[67.4,51.6],[68.0,52.0],[69.0,52.0],[69.0,51.0],[70.0,51.0],[70.4,51.6],[71.0,52.0],[71.0,54.0],[71.4,54.6],[71.66666666666667,55.33333333333334],[72.25,55.75],[72.33333333333334,56.0],[72.16666666666667,57.16666666666667],[71.5,57.5],[71.18181818181819,58.18181818181818],[70.55555555555556,58.55555555555556],[70.16666666666667,59.166666666666664],[68.22222222222223,59.22222222222222],[67.4,59.400000000000006],[67.0,60.0],[66.0,60.0],[65.4,60.400000000000006],[64.66666666666667,60.66666666666667],[64.25,61.25],[63.63636363636363,61.63636363636363],[63.333333333333336,62.333333333333336],[62.63636363636363,62.63636363636363],[62.222222222222214,64.22222222222223],[61.6,64.6],[61.333333333333336,65.0],[61.5,66.0],[61.5,67.0],[60.63636363636364,67.63636363636364],[60.25,69.0],[60.28571428571428,69.71428571428572],[60.5,70.5],[61.0,71.0],[61.0,72.0],[61.28571428571428,72.71428571428571],[61.75,73.25],[62.36363636363636,73.63636363636363],[63.21052631578947,73.78947368421052],[63.55555555555556,74.44444444444443],[64.28571428571428,74.71428571428571],[65.42857142857143,75.57142857142858],[65.75,76.25],[66.30769230769232,76.30769230769232],[67.0,76.0],[67.71428571428571,76.28571428571428],[68.25,76.75],[71.0,77.75],[72.0,77.66666666666667],[72.5,77.5],[72.88888888888889,76.88888888888889],[73.44444444444444,76.44444444444444],[73.8,75.80000000000001],[74.0,75.66666666666667],[75.0,75.57142857142856],[76.0,75.25],[77.0,75.5],[78.28571428571428,75.28571428571428],[79.0,75.0],[80.0,75.0],[81.4,75.60000000000001],[84.28571428571428,75.71428571428571],[85.0,76.0],[85.55555555555556,76.44444444444444],[88.33333333333334,76.66666666666667],[89.0,77.0],[92.0,77.0],[93.0,77.33333333333333],[94.0,77.33333333333333],[95.0,77.5],[96.0,77.5],[97.0,77.33333333333333],[97.5,77.5],[98.0,78.0],[98.60000000000001,77.6],[99.4,77.4],[100.0,77.0],[101.99999999999999,76.88888888888889],[106.0,77.0],[106.0,78.0],[106.66666666666669,78.33333333333334],[108.0,78.5],[109.0,78.5],[110.0,78.33333333333334],[110.5,78.5],[110.66666666666667,79.0],[110.84615384615384,79.15384615384616],[111.22222222222223,79.22222222222223],[112.0,79.0],[114.0,79.0],[114.71428571428572,78.71428571428571],[116.0,78.66666666666667],[116.25,78.75],[117.0,79.5],[117.4,79.4],[118.0,79.0],[118.60000000000001,79.4],[120.0,79.5],[121.0,80.0],[122.0,80.0],[122.4,80.60000000000001],[123.22222222222223,80.77777777777777],[124.0,80.8],[125.0,80.6],[126.00000000000001,80.8],[131.0,80.8],[132.0,80.66666666666667],[134.15384615384616,80.84615384615384],[140.0,80.8],[140.1818181818182,80.81818181818181],[140.66666666666669,81.33333333333334],[144.8181818181818,82.18181818181819],[146.0,82.0],[147.0,82.42857142857143],[148.0,82.33333333333334],[152.0,82.42857142857143],[154.0,82.71428571428571],[156.0,83.33333333333333],[159.0,83.57142857142857],[163.0,83.66666666666667],[164.0,83.55555555555556],[165.0,83.3529411764706],[165.59574468085108,82.59574468085107],[167.0,82.29787234042553],[177.0,82.2],[177.75,82.0],[178.35087719298244,81.35087719298245],[180.0,81.04761904761904],[180.0,75.75],[179.28346456692913,74.71653543307086],[179.06060606060606,74.0],[179.0,70.66666666666666],[178.5,71.0],[178.36363636363635,71.36363636363636],[178.0,71.5],[177.66666666666669,71.33333333333334],[177.26666666666665,70.73333333333333],[177.0,70.6],[175.0,70.75],[174.0,70.6],[172.0,70.6],[171.53846153846155,69.46153846153847],[171.0,69.26666666666667],[169.8095238095238,69.19047619047619],[169.0,69.0],[168.68421052631578,68.3157894736842],[168.5,67.5],[168.0,67.0],[167.52380952380952,67.52380952380952],[167.27272727272725,68.27272727272727],[166.0952380952381,69.0952380952381],[165.4,69.4],[164.66666666666669,70.66666666666667],[163.85714285714283,70.85714285714286],[163.25,72.0],[163.0,72.125],[161.8709677419355,72.12903225806451],[161.33333333333334,72.0],[160.5,71.5],[158.6,71.0],[158.5,70.5],[158.0,70.25],[157.45454545454547,69.54545454545455],[157.0,69.44444444444444],[156.0,69.5],[155.74193548387098,69.25806451612902],[155.0,69.0],[154.0,69.0],[153.68421052631578,68.3157894736842],[153.37037037037035,68.37037037037037],[152.80392156862746,68.19607843137254],[152.54545454545456,68.0],[152.38709677419354,67.61290322580645],[151.0,67.0],[151.0,66.0],[149.0,66.0],[148.4090909090909,65.5909090909091],[147.0,65.75],[146.0,65.42105263157895],[145.0,65.28571428571429],[144.42857142857144,65.42857142857143],[144.0,66.8],[143.5,67.0],[143.25,67.25],[142.0,67.66666666666666],[141.0,67.25],[140.0,67.57142857142857],[139.0,67.57142857142857],[138.0,67.25],[136.6521739130435,67.34782608695652],[135.33333333333334,67.0],[134.85714285714286,66.14285714285714],[134.0,66.08333333333333],[133.61904761904762,65.38095238095238],[133.0,65.14285714285714],[132.55555555555554,64.44444444444444],[131.875,64.125],[131.66666666666669,63.66666666666667],[131.75,63.25],[131.33333333333334,63.333333333333336],[130.69230769230768,63.0],[130.73333333333332,62.733333333333334],[131.0,62.5],[132.0,62.85714285714286],[132.85714285714286,62.85714285714286],[133.0,62.5],[133.28571428571428,62.285714285714285],[133.63636363636363,62.36363636363636],[134.23529411764707,62.23529411764706],[134.84615384615384,61.84615384615384],[135.0,61.5],[135.2,61.8],[135.66666666666669,61.66666666666667],[136.0,61.75],[136.4390243902439,61.4390243902439],[136.78947368421052,59.78947368421052],[136.70588235294116,59.0],[137.17142857142858,57.82857142857143],[136.70212765957444,57.29787234042553],[136.61111111111111,57.0],[136.48979591836735,55.51020408163266],[135.89473684210526,55.10526315789473],[135.875,54.875],[136.0,54.66666666666667],[136.60000000000002,55.0],[136.55555555555554,55.44444444444444],[137.09756097560975,55.09756097560976],[137.57746478873239,54.5774647887324],[138.21052631578948,54.21052631578947],[138.6470588235294,52.647058823529406],[139.0,52.18181818181818],[139.5,52.5],[140.0,54.0],[140.22222222222223,53.22222222222222],[140.2,52.0],[139.07407407407408,51.925925925925924],[138.71428571428572,51.0],[138.3846153846154,50.61538461538461],[138.1917808219178,49.8082191780822],[137.47058823529412,49.0],[137.12213740458014,48.87786259541985],[137.0,48.61904761904762],[135.75,48.25],[135.53846153846155,48.0],[135.12962962962962,47.870370370370374],[134.51807228915663,47.48192771084337],[134.31034482758622,47.0],[134.0,46.76315789473684],[133.22641509433961,46.77358490566038],[132.46153846153848,46.53846153846154],[132.25,46.0],[131.7560975609756,45.75609756097561],[131.28571428571428,45.71428571428571],[131.21621621621622,45.21621621621622],[131.0,44.90243902439024],[130.0,44.34615384615385],[129.68421052631578,44.315789473684205],[129.2,43.8],[129.0,43.27272727272727],[128.0,43.285714285714285],[127.78947368421052,43.21052631578947],[127.43478260869564,42.56521739130435],[127.0,42.375],[126.53846153846155,42.46153846153847],[125.53846153846155,41.46153846153846],[124.66666666666667,41.0],[123.0,39.666666666666664],[122.6,39.0],[122.33333333333334,37.66666666666667],[122.0,37.5],[121.66666666666667,37.0],[122.14285714285714,36.85714285714286],[123.0,37.0],[122.8095238095238,34.19047619047619],[122.6,33.4],[122.0,33.0],[122.4,32.4],[122.44444444444444,31.555555555555557],[122.0,31.0],[121.875,30.125],[121.0,29.0],[120.7142857142857,28.285714285714285],[119.7142857142857,27.285714285714285],[119.0,27.0],[117.89473684210526,26.105263157894736],[117.66666666666667,25.333333333333336],[117.33333333333334,25.0],[117.16666666666667,22.833333333333332],[116.60000000000001,21.4],[115.83333333333334,21.166666666666668],[115.66666666666667,21.0],[115.5,20.0],[116.875,19.875],[117.0,19.0],[118.375,18.375],[119.0,17.0],[118.83333333333334,16.166666666666668],[118.46153846153847,15.53846153846154],[118.0,15.25],[117.66666666666667,15.333333333333334],[117.0,15.0],[116.60000000000001,14.400000000000002],[116.36363636363637,13.636363636363637],[115.8,13.2],[115.4,12.6],[114.71428571428572,12.285714285714285],[114.0,11.5],[113.60000000000001,11.400000000000002],[113.0,11.0],[112.0,11.0],[112.4,10.4],[112.25,9.75],[111.80000000000001,9.8],[111.19999999999999,10.2],[109.0,10.25],[108.60000000000001,10.4],[108.0,10.0],[108.60000000000001,9.600000000000001],[109.0,9.5],[109.22222222222223,9.222222222222221],[109.25,8.75],[109.0,8.0],[108.46153846153847,7.538461538461538],[108.0,7.4],[107.0,7.5],[106.79310344827587,7.206896551724138],[106.0,7.0],[105.0,7.0],[104.0,6.820512820512821],[103.75862068965517,7.0],[103.65432098765433,7.345679012345679],[103.73584905660377,7.735849056603774],[103.14814814814815,8.148148148148149],[102.84615384615384,8.153846153846153],[102.81818181818181,8.0],[102.13953488372093,7.8604651162790695],[101.0,7.9921259842519685],[98.97150997150997,7.971509971509971],[99.0,9.0],[100.22222222222223,8.222222222222221],[101.0,8.166666666666666],[102.0,9.0],[101.34482758620689,9.344827586206897],[101.10256410256409,10.102564102564102],[100.48275862068967,10.482758620689657],[100.13636363636364,11.136363636363637],[99.58823529411765,11.588235294117647],[99.2051282051282,12.205128205128204],[99.0,13.0],[97.84615384615384,13.846153846153847],[97.5,14.5],[97.0,15.0],[96.4,15.4],[96.0,15.5],[95.0,17.0],[94.0,17.5],[93.66666666666667,18.0],[93.5,19.0],[93.22222222222223,19.22222222222222],[91.75,19.75],[91.0,20.25],[88.66666666666667,20.666666666666668],[87.0,21.333333333333336],[85.81818181818181,21.18181818181818],[85.0,20.8],[84.0,21.0],[83.6,21.6],[83.0,22.0],[82.0,22.0],[82.0,24.0],[81.5,24.5],[81.60000000000001,25.400000000000002],[82.0,26.0],[81.55555555555556,26.555555555555554],[81.5,27.0],[81.0,28.0],[76.0,28.8],[74.0,28.8],[73.0,29.0],[72.0,29.0],[71.66666666666667,29.666666666666668],[70.84615384615384,29.846153846153847],[70.66666666666666,30.0],[70.5,30.5],[69.42105263157895,31.421052631578945],[69.0,31.57142857142857],[68.0,31.5],[66.0,32.0],[65.0,32.0],[64.4,32.4],[63.0,33.0],[62.0,33.0],[62.0,35.0],[61.5,35.5],[61.5,36.5],[62.0,37.0],[61.0,37.0],[61.0,38.0],[60.0,38.0],[60.0,39.0],[59.0,40.0],[58.5,39.5],[57.66666666666667,39.333333333333336],[57.0,39.0],[56.0,40.0],[56.0,42.0],[55.33333333333334,42.333333333333336],[53.66666666666667,45.0],[53.0,45.28571428571429],[52.0,45.28571428571429],[49.71428571428571,45.71428571428571],[49.0,46.0],[48.0,47.0],[47.0,47.0],[47.0,50.0],[46.0,50.0],[46.0,51.0],[45.0,51.0],[44.5,51.5],[44.400000000000006,53.400000000000006],[43.71428571428571,53.71428571428571],[43.5,55.0],[43.60000000000001,55.400000000000006],[44.0,56.0],[42.6,56.6],[42.333333333333336,57.333333333333336],[42.0,57.5],[41.6,57.4],[41.0,57.0],[41.6,56.6],[42.0,56.0],[42.0,55.0],[41.5,54.5],[41.0,54.5],[40.0,54.0],[41.0,53.0],[41.0,51.0],[40.4,50.60000000000001],[40.0,50.0],[40.5,49.0],[40.285714285714285,48.71428571428571],[40.0,48.5],[39.5,48.5],[39.0,49.0],[39.0,45.0],[37.4,44.6],[37.13333333333333,43.86666666666667],[35.65217391304348,43.34782608695652],[34.53846153846154,42.46153846153847],[34.0,41.5],[33.6,41.400000000000006],[33.0,41.0],[32.4,41.400000000000006],[31.66666666666667,41.66666666666667],[31.400000000000002,42.4],[30.5,42.5],[30.0,43.0],[29.0,43.16666666666667],[28.0,43.0],[27.0,43.0],[27.0,42.0],[26.0,42.0],[26.0,41.0],[24.666666666666668,40.66666666666667],[24.0,41.0],[24.333333333333336,40.333333333333336],[24.0,39.8],[23.71428571428571,39.71428571428571],[23.0,40.0],[23.0,39.0],[22.0,38.6],[20.37037037037037,37.629629629629626],[18.642857142857142,37.357142857142854],[16.0,37.4],[15.153846153846153,36.84615384615385],[14.0,36.470588235294116],[12.0,36.30769230769231],[11.421052631578947,36.421052631578945],[10.75,36.75],[9.600000000000001,37.6],[8.25,39.0],[8.571428571428573,39.42857142857143],[10.0,40.0],[12.095238095238097,39.904761904761905],[13.444444444444445,40.55555555555556],[14.0,41.0],[15.0,41.0],[16.0,40.833333333333336],[18.1,40.900000000000006],[19.0,41.0],[20.0,41.57142857142857],[21.0,41.2],[21.666666666666668,41.333333333333336],[22.0,42.0],[22.0,43.0],[21.0,43.0],[20.285714285714285,43.28571428571428],[20.0,43.2],[18.846153846153847,43.84615384615385],[18.75,44.0]],[[13.333333333333336,46.66666666666667],[13.5,47.0],[13.4,47.4],[13.0,47.5],[12.875,47.125],[12.5,47.0],[12.5,46.5],[13.333333333333336,46.66666666666667]],[[108.4,10.600000000000001],[108.25,11.0],[108.00000000000001,11.142857142857142],[107.0,11.0],[107.75,10.75],[108.0,10.0],[108.4,10.600000000000001]],[[22.71428571428571,41.71428571428571],[23.333333333333336,41.66666666666667],[24.0,42.0],[22.666666666666668,42.333333333333336],[22.0,42.0],[22.71428571428571,41.71428571428571]],[[125.8,43.2],[126.0,42.0],[126.4,42.6],[126.00000000000001,43.333333333333336],[125.8,43.2]],[[111.0,77.0],[110.0,77.0],[110.0,76.0],[111.0,76.0],[111.0,77.0]],[[111.0,75.0],[112.0,75.0],[112.0,76.0],[111.0,76.0],[111.0,75.0]],[[20.0,45.0],[21.0,45.0],[21.6,44.6],[22.0,44.66666666666667],[22.5,45.0],[22.0,46.0],[22.0,47.0],[21.0,47.0],[20.5,47.5],[20.5,48.0],[20.285714285714285,48.28571428571428],[19.714285714285715,48.28571428571428],[19.5,48.0],[20.0,47.0],[20.0,45.0]],[[132.8181818181818,49.0],[132.89473684210526,48.89473684210526],[133.10256410256412,48.8974358974359],[133.13333333333333,49.0],[132.91666666666669,49.083333333333336],[132.8181818181818,49.0]],[[135.72307692307695,53.27692307692308],[135.6326530612245,52.63265306122449],[136.0,52.25],[136.46153846153845,52.46153846153847],[136.1578947368421,52.0],[136.5076923076923,51.50769230769231],[137.0,51.38461538461539],[137.42105263157893,51.57894736842105],[137.66666666666669,52.0],[137.35164835164835,52.35164835164835],[136.5058823529412,52.50588235294118],[136.25,53.25],[136.0,53.6],[135.72307692307695,53.27692307692308]],[[21.363636363636363,53.36363636363637],[21.0,53.4],[20.333333333333332,53.0],[20.333333333333336,52.66666666666667],[20.0,52.666666666666664],[19.75,52.25],[19.692307692307693,51.69230769230769],[20.0,51.0],[20.666666666666668,52.0],[20.666666666666668,52.33333333333334],[21.0,52.33333333333333],[21.444444444444443,52.55555555555555],[21.666666666666668,53.0],[21.363636363636363,53.36363636363637]],[[23.0,54.333333333333336],[23.5,55.0],[23.0,55.666666666666664],[22.0,55.0],[22.5,54.5],[23.0,54.333333333333336]],[[31.400000000000002,56.400000000000006],[32.0,56.25],[33.0,56.599999999999994],[34.0,56.25],[34.42857142857143,56.57142857142857],[34.42857142857143,57.0],[34.272727272727266,57.272727272727266],[32.0,57.375],[31.0,57.0],[31.400000000000002,56.400000000000006]],[[114.5,21.0],[114.25,22.0],[114.5,22.5],[115.0,23.0],[114.4,23.400000000000002],[114.0,23.5],[113.75,23.25],[113.60000000000001,22.6],[113.66666666666667,22.333333333333336],[113.5,22.0],[113.0,21.666666666666668],[112.46153846153847,20.53846153846154],[112.0,20.0],[112.73333333333333,19.733333333333334],[114.0,20.0],[114.44444444444444,20.555555555555554],[114.5,21.0]],[[128.4516129032258,45.4516129032258],[128.0,45.875],[127.46153846153847,45.0],[127.6,44.6],[128.0,44.41666666666667],[128.35897435897436,44.64102564102564],[128.58333333333331,45.0],[128.4516129032258,45.4516129032258]]],[[[140.0,54.0],[139.70588235294116,55.0],[140.0,56.625],[140.32258064516128,56.322580645161295],[140.41666666666666,56.0],[140.55555555555557,55.0],[140.0,54.0]]],[[[138.0,56.5],[137.46666666666667,57.0],[137.7090909090909,57.29090909090909],[138.21333333333334,57.21333333333333],[138.0,56.5]]],[[[139.0,59.0],[139.36363636363637,58.36363636363636],[140.04166666666669,58.0],[140.0,57.75],[139.93333333333334,57.93333333333333],[139.27586206896552,57.724137931034484],[138.78666666666666,57.78666666666667],[138.7090909090909,58.29090909090908],[139.0,59.0]]],[[[57.33333333333334,69.0],[57.6,69.4],[58.0,69.66666666666667],[58.400000000000006,69.4],[58.66666666666667,69.0],[58.0,68.5],[57.6,68.60000000000001],[57.33333333333334,69.0]]],[[[105.5,78.5],[105.0,78.0],[99.00000000000001,78.33333333333334],[98.66666666666667,78.33333333333334],[98.0,78.0],[97.71428571428571,78.71428571428571],[97.66666666666666,79.0],[97.84615384615384,79.15384615384616],[100.0,79.375],[100.41666666666666,79.58333333333333],[100.83333333333334,80.0],[100.60000000000001,80.4],[101.0,81.0],[101.5,80.5],[102.25,80.25],[103.22222222222223,80.22222222222223],[105.0,80.6],[105.57142857142857,80.57142857142857],[107.36363636363637,80.36363636363636],[107.66666666666669,80.0],[107.36363636363637,79.63636363636364],[105.5,79.0],[105.5,78.5]]],[[[101.0,81.0],[100.46153846153847,80.53846153846153],[99.4,80.60000000000001],[98.0,80.33333333333334],[96.0,80.25],[95.0,80.33333333333334],[94.0,80.18181818181819],[93.71428571428571,80.0],[93.47619047619047,79.52380952380952],[93.0,79.28571428571428],[92.0,79.14285714285715],[90.3157894736842,79.3157894736842],[89.0,79.2],[86.22222222222223,79.22222222222223],[85.46153846153847,79.46153846153847],[85.0,80.0],[85.55555555555556,80.44444444444444],[86.34782608695652,80.65217391304348],[90.0,80.69999999999999],[90.23076923076923,80.76923076923077],[90.375,81.0],[91.58974358974359,81.41025641025641],[92.0,81.66666666666667],[96.0,81.89999999999999],[97.00000000000001,81.80000000000001],[98.10526315789474,81.89473684210526],[99.0,82.45454545454547],[100.0,82.625],[102.6470588235294,82.6470588235294],[103.53846153846155,82.53846153846155],[104.0,82.4],[104.33333333333334,82.0],[104.0,81.66666666666667],[101.0,81.0]]],[[[108.77777777777777,80.77777777777777],[108.5,81.0],[109.19999999999999,81.2],[110.0,81.0],[108.77777777777777,80.77777777777777]]],[[[170.0,85.5],[171.0,86.0],[171.5,86.5],[172.0,86.66666666666667],[176.16666666666669,86.83333333333334],[177.0,87.0],[178.52941176470588,86.52941176470588],[179.0,86.5],[179.44444444444443,86.55555555555556],[180.0,87.4],[180.0,85.95454545454545],[174.15686274509804,85.84313725490196],[173.5609756097561,85.4390243902439],[173.4,85.0],[173.0,84.8421052631579],[168.66666666666666,85.0],[169.0,85.25],[170.0,85.5]]]]}}]}