{"type":"FeatureCollection","features":[{"type":"Feature","properties":{"ageMa":70},"geometry":{"type":"MultiPolygon","coordinates":[[[[-80.22222222222223,-88.77777777777777],[-79.71428571428571,-88.71428571428571],[-79.5,-89.0],[-79.5,-89.5],[-80.0,-90.0],[-80.33333333333334,-89.33333333333334],[-80.22222222222223,-88.77777777777777]]],[[[-84.0,-88.0],[-84.0,-90.0],[-85.0,-90.0],[-85.4,-89.4],[-85.0,-88.0],[-84.0,-88.0]]],[[[-91.0,-88.25],[-91.33333333333334,-88.0],[-90.81818181818181,-87.81818181818181],[-90.0,-88.0],[-91.0,-88.25]]],[[[-93.0,-87.8],[-92.66666666666667,-88.0],[-94.0,-88.5],[-97.0,-88.6],[-103.4,-88.4],[-104.3076923076923,-88.30769230769232],[-105.33333333333334,-88.0],[-105.28571428571428,-87.71428571428572],[-103.0,-87.25],[-102.0,-87.46153846153847],[-101.0,-87.38461538461539],[-100.0,-87.5],[-96.0,-87.41666666666666],[-95.0,-87.85714285714286],[-94.0,-87.625],[-93.0,-87.8]]],[[[-180.0,-89.0],[-180.0,-82.0],[-179.0,-82.31578947368422],[-175.3,-82.30000000000001],[-174.46753246753246,-82.46753246753246],[-174.0,-82.75],[-172.0,-82.5625],[-171.0,-82.75],[-170.0,-82.6],[-169.0,-82.94736842105263],[-168.0,-82.9],[-167.0,-83.12121212121212],[-162.91379310344828,-83.08620689655173],[-162.0,-82.86666666666667],[-159.9607843137255,-83.0392156862745],[-159.0,-82.8],[-158.00000000000003,-83.06521739130436],[-156.0,-82.88235294117646],[-151.0,-83.13636363636364],[-150.00000000000003,-83.06451612903227],[-147.0,-83.30357142857142],[-139.0,-83.32558139534883],[-136.0,-82.92307692307692],[-134.0,-83.0925925925926],[-133.0,-82.66666666666666],[-132.0,-82.57692307692307],[-129.0,-82.60606060606061],[-126.65591397849462,-82.34408602150538],[-125.0,-82.29787234042553],[-123.0,-82.57142857142857],[-122.0,-82.22916666666667],[-119.80281690140845,-82.19718309859155],[-119.30000000000001,-82.0],[-119.21428571428572,-81.78571428571428],[-118.65714285714284,-81.34285714285714],[-117.0,-81.29729729729729],[-116.0,-81.05882352941177],[-114.0,-81.0],[-114.30000000000001,-80.3],[-114.19354838709677,-79.80645161290323],[-113.0,-79.57142857142857],[-111.23728813559322,-78.76271186440678],[-109.32,-78.68],[-108.62962962962962,-78.37037037037037],[-108.54545454545453,-78.0],[-108.15384615384616,-77.84615384615384],[-104.0,-76.82758620689656],[-101.58208955223881,-76.41791044776119],[-100.26229508196721,-75.73770491803279],[-98.81132075471697,-75.18867924528301],[-98.0,-75.14285714285715],[-97.36942675159236,-74.63057324840764],[-96.0,-74.47887323943661],[-95.66210045662099,-74.662100456621],[-95.34545454545454,-75.34545454545454],[-95.0,-75.58461538461539],[-94.64935064935065,-75.64935064935065],[-94.34355828220859,-76.34355828220859],[-93.09523809523809,-77.0],[-93.51898734177216,-77.48101265822784],[-94.0,-77.70370370370371],[-95.31481481481481,-77.68518518518519],[-95.85,-78.0],[-96.0,-78.25],[-96.5686274509804,-78.43137254901961],[-97.42307692307692,-78.42307692307692],[-97.95833333333333,-77.95833333333334],[-98.25,-78.0],[-98.15384615384615,-78.15384615384616],[-98.36363636363637,-78.63636363636364],[-98.3157894736842,-79.0],[-98.63380281690141,-79.36619718309859],[-99.0,-79.54166666666667],[-100.42857142857144,-79.42857142857144],[-101.18181818181819,-79.18181818181819],[-102.0,-78.63157894736841],[-104.0,-78.51851851851852],[-105.83333333333333,-78.83333333333333],[-107.17142857142858,-78.82857142857142],[-107.6,-79.0],[-107.66666666666667,-80.0],[-107.4,-80.4],[-107.0,-80.5],[-106.77777777777777,-80.77777777777777],[-106.33333333333334,-81.0],[-105.99999999999999,-81.05],[-104.96666666666667,-81.03333333333333],[-103.0,-80.16666666666667],[-102.0,-80.5],[-101.0,-81.16666666666667],[-100.83333333333334,-81.16666666666667],[-100.83333333333334,-81.0],[-100.0,-80.77272727272727],[-99.0,-80.91666666666667],[-98.48648648648648,-81.4864864864865],[-97.66666666666669,-81.66666666666667],[-97.0,-82.0],[-98.10526315789474,-82.89473684210526],[-98.22222222222223,-83.22222222222223],[-97.83333333333334,-83.16666666666666],[-97.35714285714285,-83.35714285714286],[-96.72972972972974,-83.27027027027027],[-93.0,-83.42424242424242],[-91.99999999999999,-83.3],[-91.0,-82.7],[-89.0,-82.18181818181817],[-87.7090909090909,-82.29090909090908],[-87.0,-82.1764705882353],[-86.34146341463415,-81.65853658536585],[-86.0,-81.5625],[-83.0,-81.17647058823529],[-82.47058823529412,-81.47058823529412],[-82.06666666666666,-82.0],[-82.18181818181819,-82.18181818181819],[-82.18181818181819,-82.81818181818181],[-82.62962962962962,-82.62962962962962],[-83.55555555555556,-83.0],[-83.3125,-83.3125],[-82.62962962962962,-83.37037037037037],[-82.18181818181819,-83.18181818181819],[-81.75,-83.75],[-81.75,-84.0],[-82.39024390243902,-84.60975609756098],[-82.66666666666666,-85.0],[-82.71428571428571,-85.28571428571428],[-83.0,-85.44444444444444],[-84.0,-85.4],[-85.0,-85.6],[-86.0,-85.47058823529412],[-88.86666666666667,-85.86666666666667],[-90.125,-85.875],[-93.0,-86.5],[-94.0,-86.44444444444444],[-95.92,-85.92],[-96.99999999999999,-85.91666666666666],[-97.73913043478261,-86.26086956521739],[-98.58333333333334,-86.41666666666667],[-100.0,-86.33333333333333],[-101.0,-86.44444444444444],[-102.0,-86.33333333333333],[-103.0,-86.66666666666667],[-104.42105263157895,-86.57894736842104],[-105.26666666666667,-86.73333333333333],[-106.75,-87.25],[-108.0,-87.33333333333334],[-109.33333333333334,-87.33333333333334],[-109.71428571428571,-86.71428571428571],[-110.0,-86.5],[-110.5,-87.0],[-110.4,-87.4],[-110.0,-88.0],[-110.875,-88.125],[-118.0,-88.5],[-119.0,-88.4],[-122.0,-88.42857142857143],[-123.77777777777777,-88.22222222222223],[-126.0,-88.33333333333334],[-128.0,-88.66666666666667],[-129.0,-88.33333333333334],[-130.4,-88.6],[-131.0,-89.0],[-131.6,-88.6],[-132.0,-88.5],[-133.0,-89.0],[-136.0,-89.0],[-136.0,-90.0],[-140.0,-90.0],[-140.66666666666669,-89.66666666666667],[-141.0,-89.0],[-141.33333333333334,-89.66666666666667],[-142.0,-90.0],[-144.0,-90.0],[-144.75,-89.75],[-146.0,-90.0],[-147.0,-89.83333333333333],[-148.0,-90.0],[-149.0,-89.8],[-150.0,-90.0],[-151.0,-90.0],[-152.0,-89.66666666666667],[-153.0,-90.0],[-156.0,-90.0],[-156.0,-88.0],[-159.0,-88.0],[-159.0,-90.0],[-162.0,-90.0],[-162.0,-88.0],[-167.0,-88.0],[-166.5,-88.5],[-166.5,-89.5],[-167.0,-90.0],[-168.0,-90.0],[-168.0,-88.0],[-177.0,-88.0],[-178.46153846153845,-87.46153846153847],[-179.0,-87.0],[-179.28571428571428,-87.71428571428572],[-179.32,-88.32],[-179.0,-89.0],[-180.0,-89.0]],[[-112.5,-81.0],[-113.16666666666666,-80.83333333333334],[-114.0,-81.0],[-112.5,-81.0]],[[-99.00000000000001,-84.33333333333334],[-98.42857142857143,-84.0],[-98.6190476190476,-83.61904761904762],[-102.33333333333334,-84.0],[-101.36363636363637,-84.36363636363636],[-100.45714285714286,-84.45714285714286],[-99.00000000000001,-84.33333333333334]],[[-99.83333333333333,-81.83333333333334],[-100.16666666666666,-81.83333333333334],[-100.16666666666667,-82.00000000000001],[-99.75,-82.0],[-99.83333333333333,-81.83333333333334]],[[-108.28571428571428,-86.28571428571428],[-108.0,-86.5],[-107.66666666666667,-86.33333333333334],[-107.5,-86.0],[-108.33333333333334,-86.0],[-108.28571428571428,-86.28571428571428]]],[[[-70.0,-81.78947368421053],[-72.0,-81.3448275862069],[-73.0,-81.4054054054054],[-74.0,-81.25925925925927],[-75.30434782608697,-81.69565217391305],[-76.0,-82.21428571428572],[-77.0,-82.16666666666667],[-78.0,-82.47058823529412],[-78.30188679245283,-82.30188679245283],[-78.4,-82.0],[-77.5,-81.5],[-77.22764227642276,-80.77235772357724],[-74.21875,-80.78125],[-71.0,-80.4054054054054],[-70.0,-80.48275862068965],[-69.65517241379311,-80.65517241379311],[-69.42307692307692,-81.0],[-69.51612903225808,-81.48387096774194],[-70.0,-81.78947368421053]]],[[[-129.05882352941177,-73.05882352941177],[-128.4,-73.0],[-128.2,-72.8],[-127.36363636363637,-72.63636363636363],[-126.70731707317074,-72.70731707317074],[-126.0,-73.07142857142858],[-125.51851851851853,-73.51851851851853],[-125.27777777777777,-74.0],[-125.75,-75.0],[-126.0,-75.13636363636364],[-131.0,-75.66666666666667],[-132.0,-75.61538461538461],[-133.0,-75.4],[-135.48,-75.52000000000001],[-136.33333333333334,-75.66666666666667],[-136.9607843137255,-76.0392156862745],[-138.0,-76.37037037037037],[-138.71428571428572,-76.0],[-138.78378378378378,-75.78378378378378],[-139.34285714285716,-75.34285714285714],[-140.0,-75.25925925925925],[-141.0,-75.55000000000001],[-143.2051282051282,-75.7948717948718],[-144.0,-76.125],[-145.11111111111111,-76.11111111111111],[-145.73333333333335,-76.26666666666667],[-149.83333333333334,-76.16666666666667],[-152.0,-76.3125],[-153.0,-76.08333333333333],[-154.0,-76.3157894736842],[-154.85714285714286,-76.00000000000001],[-154.0,-75.625],[-152.95000000000002,-75.95],[-150.72222222222223,-75.72222222222223],[-150.16666666666669,-75.83333333333333],[-150.0,-75.66666666666667],[-149.0,-75.625],[-148.56521739130434,-75.43478260869564],[-148.16666666666669,-75.0],[-148.1818181818182,-74.81818181818181],[-148.0,-74.75],[-147.42857142857144,-75.42857142857143],[-146.0,-75.63636363636363],[-145.6216216216216,-75.37837837837839],[-145.61111111111111,-75.0],[-145.76271186440678,-74.76271186440678],[-146.44827586206895,-74.44827586206895],[-146.68421052631578,-74.0],[-146.4814814814815,-73.51851851851853],[-146.0,-73.23529411764706],[-145.0,-73.3],[-143.08333333333334,-73.08333333333333],[-141.0,-73.14999999999999],[-140.0,-72.4375],[-139.0,-72.61904761904762],[-138.0,-72.26666666666667],[-136.0,-72.51724137931035],[-133.0,-72.04166666666667],[-130.7090909090909,-72.29090909090908],[-130.17142857142858,-72.17142857142858],[-129.51351351351352,-72.51351351351352],[-129.25,-73.0],[-129.05882352941177,-73.05882352941177]]],[[[-91.0909090909091,-74.0],[-90.0,-73.75],[-89.66666666666667,-74.0],[-90.0,-74.15789473684211],[-91.0,-74.08333333333333],[-91.0909090909091,-74.0]]],[[[-123.0,-74.9],[-124.0,-74.14285714285714],[-124.375,-74.0],[-123.80645161290323,-73.19354838709677],[-123.25,-73.0],[-123.25,-72.0],[-123.125,-71.875],[-122.21052631578948,-72.21052631578948],[-121.92727272727274,-72.07272727272728],[-121.18666666666667,-72.18666666666667],[-120.08955223880596,-72.08955223880598],[-119.4390243902439,-72.4390243902439],[-119.1304347826087,-73.0],[-120.63157894736842,-74.0],[-121.24137931034483,-74.75862068965517],[-122.0,-74.91666666666667],[-123.0,-74.9]]],[[[-104.33333333333334,-72.0],[-105.0,-72.2962962962963],[-106.2439024390244,-72.2439024390244],[-106.5,-72.0],[-106.30000000000001,-70.7],[-106.0,-70.4],[-105.0,-70.66666666666666],[-103.0,-70.3076923076923],[-102.47619047619048,-70.47619047619047],[-101.875,-71.0],[-102.73134328358208,-71.26865671641791],[-103.6774193548387,-71.32258064516128],[-104.29629629629629,-71.7037037037037],[-104.33333333333334,-72.0]]],[[[-129.18181818181816,-71.0],[-129.5,-71.5],[-130.0,-71.75],[-131.0,-71.0],[-130.0,-70.8125],[-129.18181818181816,-71.0]]],[[[-88.25531914893617,-69.74468085106383],[-87.6923076923077,-69.6923076923077],[-87.0,-70.0],[-87.75,-71.0],[-86.75,-72.0],[-88.11267605633803,-72.11267605633803],[-88.33333333333334,-72.0],[-88.36363636363636,-71.63636363636363],[-88.19999999999999,-71.2],[-88.75,-70.0],[-88.25531914893617,-69.74468085106383]]],[[[-99.89999999999999,-71.1],[-100.30000000000001,-71.0],[-100.0,-70.57142857142857],[-99.76923076923077,-70.76923076923077],[-99.89999999999999,-71.1]]],[[[-110.0,-69.73684210526315],[-109.72222222222223,-69.72222222222223],[-109.375,-70.0],[-109.46153846153847,-70.46153846153847],[-108.75,-70.75],[-108.66666666666666,-71.0],[-109.0,-71.4],[-109.23529411764706,-71.23529411764706],[-109.53846153846155,-70.53846153846155],[-110.0,-70.625],[-110.29411764705881,-70.29411764705881],[-110.35714285714286,-70.0],[-110.0,-69.73684210526315]]],[[[-83.0,-69.66666666666667],[-82.77777777777777,-69.77777777777777],[-82.66666666666666,-70.0],[-82.75,-70.25],[-83.5,-70.0],[-83.28571428571428,-69.71428571428572],[-83.0,-69.66666666666667]]],[[[-74.45454545454545,-66.45454545454545],[-73.6,-67.0],[-73.66666666666666,-68.0],[-73.2,-68.2],[-72.73333333333333,-69.0],[-72.82857142857142,-70.17142857142858],[-73.28571428571428,-70.71428571428571],[-73.75,-71.0],[-74.03999999999999,-72.0],[-74.53398058252428,-72.46601941747574],[-77.06666666666666,-72.93333333333334],[-78.0,-73.41176470588235],[-79.0,-73.3103448275862],[-81.0,-73.64],[-81.46376811594203,-73.46376811594203],[-82.0,-72.94444444444444],[-82.61403508771929,-73.3859649122807],[-83.0,-73.47826086956522],[-83.61333333333334,-72.61333333333333],[-85.22857142857143,-72.22857142857143],[-85.72727272727272,-72.0],[-85.42105263157895,-71.57894736842105],[-84.73333333333332,-71.26666666666667],[-82.83050847457628,-71.16949152542372],[-82.28571428571428,-71.0],[-82.33333333333334,-70.66666666666667],[-82.0,-70.5],[-81.6,-71.0],[-81.0,-71.27272727272728],[-80.0,-71.17391304347825],[-79.5,-70.5],[-78.36363636363636,-70.0],[-79.0,-68.66666666666667],[-79.04166666666666,-68.95833333333334],[-79.6875,-69.3125],[-81.0,-69.5],[-81.41666666666667,-69.41666666666667],[-82.0,-68.33333333333333],[-82.88888888888889,-67.88888888888889],[-82.76923076923077,-67.23076923076923],[-82.85,-67.0],[-82.45945945945945,-66.54054054054053],[-82.0,-66.32],[-80.62318840579711,-66.6231884057971],[-80.24444444444444,-67.24444444444444],[-79.71052631578948,-67.28947368421052],[-79.0,-66.75],[-78.76923076923077,-66.76923076923077],[-78.27777777777777,-67.27777777777777],[-78.0,-67.23809523809524],[-77.83050847457628,-66.83050847457628],[-77.83333333333334,-65.83333333333334],[-79.43137254901961,-65.43137254901961],[-79.73333333333333,-65.0],[-79.35483870967742,-64.64516129032258],[-77.52380952380952,-64.47619047619047],[-77.11764705882352,-63.88235294117647],[-76.49056603773586,-63.509433962264154],[-75.78181818181818,-63.21818181818182],[-74.80281690140845,-63.19718309859155],[-74.47457627118645,-62.525423728813564],[-73.90697674418604,-62.093023255813954],[-73.0,-62.12903225806451],[-72.32558139534885,-62.32558139534884],[-72.03571428571429,-63.0],[-72.29411764705883,-63.705882352941174],[-73.2089552238806,-63.791044776119406],[-73.58333333333334,-64.0],[-74.24489795918367,-64.75510204081633],[-75.15873015873015,-64.84126984126985],[-75.55555555555554,-65.0],[-75.66666666666667,-66.0],[-74.45454545454545,-66.45454545454545]]],[[[-71.66666666666667,-62.0],[-70.85714285714286,-61.00000000000001],[-69.33333333333334,-61.0],[-69.10714285714286,-61.10714285714286],[-69.0,-61.42857142857142],[-68.0,-61.75],[-67.94117647058823,-62.05882352941176],[-69.0,-62.25],[-69.32000000000001,-62.68],[-70.0,-62.94871794871795],[-71.0,-63.0],[-71.8,-62.8],[-71.58823529411765,-62.41176470588235],[-71.66666666666667,-62.0]]],[[[-66.53333333333333,-60.53333333333333],[-67.3125,-60.3125],[-67.41666666666667,-60.0],[-65.0,-60.0],[-66.0,-61.0],[-66.53333333333333,-60.53333333333333]]],[[[-167.0,-59.56666666666666],[-166.0,-59.59375],[-165.51898734177215,-59.481012658227854],[-164.63636363636363,-59.0],[-162.14814814814815,-58.85185185185185],[-161.0,-58.38461538461539],[-159.78217821782178,-58.21782178217822],[-159.73170731707316,-58.0],[-159.17391304347825,-57.82608695652174],[-156.55882352941177,-57.44117647058823],[-156.27777777777777,-57.27777777777778],[-155.73684210526318,-57.26315789473685],[-155.0,-57.0],[-154.0,-56.867647058823536],[-152.0,-57.0],[-152.44444444444443,-57.55555555555555],[-153.08333333333331,-57.916666666666664],[-154.07407407407408,-57.925925925925924],[-154.76,-58.239999999999995],[-155.11111111111111,-59.0],[-156.46846846846847,-59.53153153153153],[-157.0,-59.904761904761905],[-158.23076923076923,-60.230769230769226],[-159.0,-60.0],[-160.0,-60.0],[-161.0,-59.484848484848484],[-161.41463414634146,-59.58536585365853],[-161.85,-60.0],[-161.80645161290323,-60.19354838709677],[-162.08333333333334,-61.0],[-162.6271186440678,-61.3728813559322],[-163.4,-61.6],[-163.7826086956522,-62.21739130434783],[-165.46666666666667,-62.53333333333334],[-166.0,-63.07692307692308],[-167.66666666666669,-63.333333333333336],[-168.0,-63.5],[-168.57142857142856,-63.0],[-169.0,-62.4],[-170.0,-62.36363636363636],[-171.0,-62.611111111111114],[-172.9512195121951,-61.951219512195124],[-173.57142857142858,-61.57142857142857],[-173.85714285714286,-60.857142857142854],[-173.9,-60.0],[-173.7,-59.3],[-173.0,-59.06896551724138],[-172.06451612903226,-59.06451612903226],[-172.0,-59.25],[-171.66666666666669,-59.0],[-172.66666666666669,-58.66666666666667],[-172.8181818181818,-58.0],[-172.63636363636363,-56.63636363636364],[-173.0,-56.0],[-172.0,-55.0],[-171.91304347826087,-55.91304347826087],[-171.0,-55.916666666666664],[-169.59322033898306,-55.59322033898305],[-168.0,-55.4375],[-167.83333333333334,-56.166666666666664],[-168.05882352941177,-57.0],[-167.8684210526316,-58.131578947368425],[-167.9375,-58.9375],[-167.43037974683546,-59.43037974683544],[-167.0,-59.56666666666666]],[[-170.0,-59.142857142857146],[-169.8,-59.0],[-170.0,-58.66666666666667],[-170.26666666666665,-58.733333333333334],[-170.5,-59.0],[-170.0,-59.142857142857146]],[[-167.0,-61.473684210526315],[-167.55555555555554,-62.0],[-167.44444444444443,-62.444444444444436],[-167.0,-62.769230769230774],[-166.5,-62.5],[-166.375,-62.0],[-166.63636363636363,-61.63636363636363],[-167.0,-61.473684210526315]]],[[[-175.0909090909091,-55.0],[-175.0,-54.0],[-174.66666666666669,-54.66666666666667],[-174.4,-54.6],[-173.33333333333334,-55.0],[-173.84,-55.160000000000004],[-175.0909090909091,-55.0]]],[[[-69.07070707070707,4.0],[-68.0,4.155339805825243],[-67.84466019417476,4.0],[-68.0,3.855855855855856],[-69.0,3.9320388349514563],[-69.07070707070707,4.0]]],[[[-73.0,6.778761061946902],[-73.86206896551724,7.0],[-73.2906976744186,7.290697674418604],[-72.24242424242425,7.0],[-73.0,6.778761061946902]]],[[[-74.19354838709677,8.0],[-74.71751412429379,7.7175141242937855],[-75.86206896551724,8.0],[-75.33112582781457,8.33112582781457],[-74.79508196721311,8.204918032786885],[-74.19354838709677,8.0]]],[[[-76.66666666666667,9.0],[-76.06015037593986,9.06015037593985],[-75.88059701492537,8.880597014925373],[-76.0,8.5],[-76.66666666666667,9.0]]],[[[-78.0,10.0],[-78.125,9.125],[-78.60000000000001,9.4],[-79.0,9.324324324324325],[-79.48076923076923,10.480769230769232],[-78.0,10.0]]],[[[-79.58241758241758,11.417582417582418],[-79.41836734693877,11.0],[-79.50862068965517,10.508620689655173],[-80.0,10.441176470588236],[-80.23651452282158,10.763485477178424],[-80.33431085043989,11.334310850439884],[-80.12080536912751,11.879194630872483],[-80.16216216216216,12.162162162162163],[-79.92592592592592,12.074074074074073],[-79.58241758241758,11.417582417582418]]],[[[-80.72972972972974,13.27027027027027],[-80.67441860465117,12.674418604651162],[-81.0,12.573170731707318],[-81.26819923371647,13.268199233716476],[-81.0,13.875],[-80.72972972972974,13.27027027027027]]],[[[-65.0,17.98148148148148],[-65.67479674796748,17.67479674796748],[-66.0,17.35483870967742],[-66.36363636363637,17.636363636363637],[-66.57471264367815,18.42528735632184],[-67.04968944099379,18.950310559006212],[-67.0,19.2],[-66.0,19.475],[-65.71851851851851,19.281481481481478],[-64.69696969696969,19.0],[-64.6,18.6],[-64.77777777777777,18.22222222222222],[-63.97826086956522,18.021739130434785],[-63.09259259259259,18.09259259259259],[-62.891304347826086,18.0],[-65.0,17.98148148148148]]],[[[-72.0,19.269230769230766],[-71.8647342995169,19.135265700483092],[-71.85492227979275,18.854922279792746],[-72.0,18.63157894736842],[-72.24778761061947,18.75221238938053],[-72.1891891891892,19.18918918918919],[-72.0,19.269230769230766]]],[[[-63.19298245614035,21.0],[-63.285714285714285,21.285714285714285],[-63.05405405405405,21.945945945945944],[-63.945945945945944,21.945945945945944],[-64.14285714285714,22.142857142857142],[-64.0,22.25],[-63.984375,22.015625],[-62.98245614035088,21.982456140350877],[-62.85714285714286,21.142857142857142],[-61.99193548387097,21.0],[-62.0,20.0],[-62.06896551724138,20.93103448275862],[-62.681159420289845,20.681159420289855],[-63.0,20.770833333333332],[-63.19298245614035,21.0]]],[[[-65.89189189189189,22.891891891891895],[-66.26666666666667,23.0],[-64.5,23.0],[-64.72727272727272,22.727272727272727],[-65.08571428571429,22.91428571428571],[-65.89189189189189,22.891891891891895]]],[[[-157.0,85.21428571428571],[-155.4,85.4],[-155.0,85.66666666666667],[-154.0,86.0],[-150.0,86.0],[-148.6153846153846,85.38461538461537],[-146.89473684210526,85.10526315789474],[-144.75,85.0],[-144.3157894736842,84.68421052631578],[-144.0,84.625],[-142.5,85.0],[-138.03703703703704,85.03703703703704],[-137.0,85.0],[-136.42857142857144,84.57142857142857],[-135.0,84.25],[-134.8857142857143,84.1142857142857],[-129.0,84.07692307692308],[-125.24,84.24],[-115.0,84.0],[-114.0,83.80000000000001],[-113.65217391304348,83.34782608695652],[-112.84313725490196,83.15686274509804],[-105.33333333333334,83.0],[-105.125,82.875],[-104.0,82.75],[-103.72093023255815,82.27906976744185],[-102.88235294117648,82.11764705882354],[-98.0,82.01234567901234],[-97.97101449275362,81.02898550724638],[-97.66666666666666,81.0],[-97.0,80.33333333333333],[-95.75,80.25],[-95.0,80.0],[-94.0,80.0],[-94.0,79.0],[-89.0,79.0],[-88.4,79.4],[-88.0,79.5],[-87.6,79.4],[-87.0,79.0],[-86.4,79.4],[-86.0,79.5],[-85.60000000000001,79.4],[-85.0,79.0],[-84.4,79.4],[-84.0,79.5],[-83.6,79.4],[-83.0,79.0],[-82.4,79.4],[-81.60000000000001,79.6],[-81.0,80.0],[-79.0,80.0],[-78.4,79.6],[-77.6,79.4],[-77.0,79.0],[-76.17391304347827,78.82608695652173],[-74.78947368421053,78.78947368421052],[-72.0,79.6],[-69.77777777777777,79.77777777777777],[-69.0,80.0],[-67.0,80.0],[-66.55555555555556,80.55555555555556],[-66.0,80.8],[-65.0,81.0],[-58.0,81.0],[-57.0,81.4],[-50.77777777777778,81.77777777777777],[-50.0,82.0],[-50.0,83.0],[-49.0,83.0],[-48.0,82.0],[-45.0,82.0],[-45.0,80.0],[-43.0,80.0],[-43.0,78.0],[-42.0,78.0],[-42.0,79.0],[-41.0,79.0],[-41.0,81.0],[-36.0,81.0],[-36.0,80.0],[-35.0,80.0],[-34.0,79.8],[-32.8,79.8],[-32.0,80.0],[-32.0,81.0],[-30.0,81.0],[-29.400000000000002,80.60000000000001],[-29.0,80.5],[-28.0,80.5],[-27.000000000000004,80.66666666666667],[-25.5,80.5],[-25.0,80.0],[-24.0,80.0],[-24.0,78.0],[-25.0,78.0],[-25.0,77.0],[-23.0,77.0],[-22.0,78.0],[-21.0,77.0],[-19.0,77.0],[-19.0,78.0],[-18.0,78.0],[-17.0,77.5],[-16.5,77.5],[-16.0,77.0],[-13.0,77.0],[-13.0,76.0],[-6.0,76.0],[-5.5,75.5],[-5.5,75.0],[-5.0,74.91666666666667],[-4.5,75.0],[-4.6,75.4],[-5.0,76.0],[-5.0,77.0],[-3.0,77.0],[-3.0,76.0],[-3.4000000000000004,75.4],[-3.5,75.0],[-3.074074074074074,74.92592592592592],[-1.6666666666666667,75.0],[-1.6,75.4],[-2.0,76.0],[3.0,76.0],[3.0,75.0],[4.894736842105264,74.89473684210526],[6.0,74.0],[6.464285714285714,73.46428571428571],[6.448275862068965,72.55172413793103],[6.0,72.0],[6.6000000000000005,71.60000000000001],[7.0,71.58333333333333],[7.229508196721312,71.2295081967213],[7.959183673469388,70.95918367346938],[9.0,70.90476190476191],[9.714285714285714,70.71428571428571],[10.31111111111111,70.3111111111111],[10.4375,70.0],[10.466666666666667,68.0],[10.818181818181818,67.0],[10.666666666666668,66.66666666666667],[10.75,66.25],[10.333333333333334,66.33333333333334],[9.870967741935484,66.12903225806451],[8.911111111111111,66.08888888888889],[8.0,65.1],[7.5,65.0],[7.555555555555555,64.0],[7.357142857142858,63.642857142857146],[7.0,63.285714285714285],[6.0,63.125],[5.894736842105263,62.89473684210526],[6.142857142857142,62.14285714285714],[6.0,61.8],[5.0,61.71428571428571],[4.795918367346939,61.20408163265306],[4.35,60.64999999999999],[3.7222222222222223,60.27777777777778],[2.8823529411764706,60.11764705882352],[2.3333333333333335,59.66666666666667],[1.0,59.4],[0.4044943820224719,58.59550561797752],[0.14864864864864863,57.851351351351354],[-1.0,57.76086956521739],[-1.4242424242424243,57.42424242424242],[-1.6739130434782608,56.673913043478265],[-2.0,56.43396226415095],[-3.0,56.16666666666667],[-4.957446808510638,56.04255319148936],[-7.0,56.170731707317074],[-7.21875,56.0],[-7.285714285714286,55.71428571428571],[-7.0,55.300000000000004],[-6.7,55.3],[-6.0,55.0],[-7.0,54.8],[-9.0,55.244897959183675],[-9.705882352941178,55.0],[-9.565217391304348,54.565217391304344],[-10.047619047619047,54.047619047619044],[-10.711111111111112,54.28888888888889],[-12.31404958677686,54.31404958677686],[-14.149532710280374,54.149532710280376],[-14.504424778761061,53.50442477876106],[-15.144578313253012,53.14457831325301],[-16.595959595959595,51.59595959595959],[-17.0,51.310344827586206],[-18.0,50.888888888888886],[-19.0,50.888888888888886],[-19.61111111111111,51.388888888888886],[-20.0,52.0],[-21.0,52.38461538461539],[-21.81818181818182,53.18181818181819],[-22.0,55.0],[-21.799999999999997,55.800000000000004],[-21.5,56.0],[-21.85185185185185,57.14814814814815],[-21.88235294117647,58.88235294117647],[-20.947368421052634,58.94736842105263],[-20.5,59.5],[-19.615384615384613,59.61538461538461],[-19.166666666666668,60.0],[-19.555555555555557,61.0],[-19.370370370370367,61.37037037037037],[-18.57142857142857,61.99999999999999],[-17.555555555555557,63.55555555555556],[-16.43137254901961,64.43137254901961],[-16.041666666666668,65.04166666666666],[-15.083333333333334,66.0],[-14.600000000000001,67.0],[-14.666666666666668,68.0],[-14.843137254901961,68.15686274509804],[-15.686746987951807,68.3132530120482],[-17.0,68.48780487804878],[-18.0,68.46153846153845],[-18.405797101449277,68.59420289855072],[-18.7,69.0],[-18.417910447761194,69.41791044776119],[-17.653333333333332,69.65333333333334],[-17.071428571428573,70.0],[-17.50943396226415,70.49056603773585],[-20.0,70.71428571428572],[-21.0,70.54545454545455],[-21.833333333333336,71.0],[-22.0,71.25],[-22.666666666666664,70.0],[-22.724137931034484,69.27586206896552],[-22.0,67.57142857142857],[-21.5,67.0],[-21.6,66.0],[-21.783783783783782,65.78378378378379],[-22.479999999999997,65.47999999999999],[-23.0,65.0],[-21.728813559322035,64.27118644067797],[-21.5,63.0],[-21.555555555555554,62.55555555555555],[-21.88888888888889,61.888888888888886],[-22.352941176470587,61.35294117647058],[-23.0,61.22222222222222],[-24.0,61.25],[-24.454545454545453,61.54545454545455],[-25.0,62.53846153846153],[-25.48,62.52],[-26.0,63.0],[-26.0,62.0],[-25.81818181818182,60.81818181818182],[-26.076923076923077,60.07692307692307],[-27.0,60.0],[-28.0,59.5],[-28.444444444444443,59.55555555555555],[-29.0,60.0],[-29.111111111111114,59.111111111111114],[-29.684210526315788,58.68421052631579],[-30.0,58.666666666666664],[-30.413793103448274,58.41379310344828],[-30.599999999999998,58.0],[-30.42857142857143,57.57142857142858],[-30.0,57.45454545454545],[-28.999999999999996,57.57142857142857],[-28.555555555555554,57.0],[-28.333333333333336,56.0],[-28.57142857142857,55.0],[-28.57142857142857,54.0],[-29.0,53.0],[-28.5,52.0],[-27.666666666666664,51.0],[-27.200000000000003,50.0],[-26.461538461538463,49.53846153846154],[-26.0,49.0],[-26.470588235294116,47.470588235294116],[-27.4,46.400000000000006],[-27.5,46.0],[-27.375,45.625],[-27.0,45.142857142857146],[-26.5,45.0],[-26.0,44.5],[-25.5,43.0],[-25.625,42.625],[-26.0,42.4],[-27.0,42.2],[-27.47058823529412,42.529411764705884],[-27.875,43.125],[-28.0,43.142857142857146],[-28.523809523809522,42.52380952380952],[-29.0,42.285714285714285],[-29.476190476190474,42.52380952380952],[-29.833333333333336,43.166666666666664],[-30.384615384615383,43.61538461538461],[-31.25,45.0],[-30.0,46.0],[-29.846153846153847,46.84615384615385],[-29.153846153846153,46.84615384615385],[-28.833333333333336,47.00000000000001],[-29.0,47.16666666666667],[-29.846153846153847,47.15384615384616],[-30.5,47.0],[-30.75,46.75],[-31.0,46.8],[-32.0,46.5],[-32.26086956521739,46.26086956521739],[-32.583333333333336,45.583333333333336],[-33.315789473684205,45.315789473684205],[-34.0,44.333333333333336],[-35.22222222222222,44.22222222222222],[-35.333333333333336,44.0],[-34.5,43.5],[-34.25,43.0],[-35.0,42.5],[-36.0,42.375],[-37.0,42.5],[-37.4,42.4],[-38.6,41.6],[-39.0,41.5],[-39.333333333333336,41.66666666666667],[-39.5,42.0],[-39.400000000000006,42.4],[-38.71428571428571,42.71428571428571],[-38.66666666666667,43.0],[-39.0,43.333333333333336],[-42.75,42.75],[-44.0,42.333333333333336],[-44.4,42.0],[-44.5,41.5],[-45.5,40.5],[-46.0,40.333333333333336],[-47.0,40.333333333333336],[-48.0,40.5],[-49.0,39.5],[-49.400000000000006,39.400000000000006],[-50.66666666666667,38.66666666666667],[-51.0,38.0],[-51.0,37.0],[-52.0,37.0],[-52.0,36.0],[-52.9746835443038,35.974683544303794],[-53.0,35.66666666666667],[-53.5,35.5],[-54.0,35.0],[-55.0,35.0],[-55.84615384615384,34.84615384615385],[-56.6,34.6],[-57.0,34.0],[-58.0,34.0],[-58.0,33.0],[-59.0,33.0],[-58.9375,28.9375],[-59.25,28.75],[-59.75,28.75],[-59.75,28.25],[-60.0,27.8],[-61.0,28.0],[-61.0,29.0],[-62.0,29.0],[-62.0,33.0],[-62.5,32.5],[-63.0,32.5],[-63.2,32.8],[-64.0,33.333333333333336],[-64.23529411764706,33.76470588235294],[-65.0,33.916666666666664],[-67.0,34.0],[-68.4,33.4],[-69.0,33.0],[-70.0,34.0],[-75.0,34.0],[-75.81818181818181,33.81818181818182],[-76.0,33.5],[-77.28571428571428,33.285714285714285],[-78.0,33.0],[-80.0,31.0],[-80.0,30.0],[-80.22222222222223,29.22222222222222],[-79.85714285714286,28.0],[-80.375,27.375],[-80.5,27.0],[-80.15789473684211,26.842105263157894],[-79.8888888888889,26.0],[-79.22222222222223,25.0],[-78.46808510638299,24.53191489361702],[-77.95918367346938,24.040816326530614],[-77.0392156862745,23.96078431372549],[-77.0,23.833333333333332],[-76.83333333333333,23.833333333333336],[-76.75,24.0],[-75.625,24.0],[-75.60000000000001,23.400000000000002],[-75.0,23.0],[-74.22222222222223,23.22222222222222],[-74.0,23.5],[-73.60000000000001,23.6],[-73.0,24.0],[-72.0,24.0],[-72.0,25.0],[-71.71428571428571,25.714285714285715],[-71.0,26.0],[-70.93333333333334,26.933333333333334],[-69.03333333333333,26.966666666666665],[-69.0,26.75],[-68.5,26.5],[-67.0,25.0],[-67.94117647058823,24.941176470588236],[-68.5,24.0],[-68.78947368421052,23.789473684210527],[-69.0,22.933333333333334],[-69.69999999999999,22.700000000000003],[-69.89999999999999,21.9],[-69.65384615384616,21.346153846153847],[-69.6086956521739,20.608695652173914],[-70.0,20.0],[-70.41379310344828,20.586206896551722],[-71.0,20.851063829787236],[-72.0,20.904761904761905],[-74.0,20.304347826086957],[-75.0,20.243243243243246],[-75.46153846153847,20.461538461538463],[-75.63636363636364,20.363636363636363],[-75.52542372881356,20.52542372881356],[-75.70212765957447,21.29787234042553],[-76.0,21.77777777777778],[-77.0,21.53333333333333],[-77.3076923076923,21.307692307692307],[-78.26771653543307,21.26771653543307],[-78.73913043478261,21.0],[-78.63636363636364,20.636363636363637],[-78.76470588235293,20.235294117647058],[-78.0,20.0],[-78.0,19.0],[-79.0,18.5],[-79.5,18.0],[-79.875,17.875],[-80.28571428571428,17.285714285714285],[-80.93103448275862,16.931034482758623],[-81.0,15.0],[-81.56521739130434,14.565217391304348],[-82.0,14.558823529411764],[-82.10204081632654,15.0],[-82.01176470588234,16.988235294117647],[-82.14285714285714,17.857142857142858],[-82.38461538461539,18.0],[-83.0,19.25],[-83.07843137254902,20.92156862745098],[-84.0,21.18181818181818],[-84.15789473684211,21.842105263157894],[-84.52601156069363,22.473988439306357],[-85.0,22.976190476190478],[-85.4659090909091,24.0],[-85.44324324324324,24.443243243243245],[-85.0,24.77358490566038],[-84.0,24.90697674418605],[-83.55555555555554,24.555555555555554],[-83.66666666666667,25.0],[-84.57142857142857,25.42857142857143],[-85.29946524064171,26.700534759358288],[-86.03116883116884,26.96883116883117],[-86.06766917293233,28.0],[-86.60096540627514,28.39903459372486],[-87.0,28.33378196500673],[-87.44019564250779,28.55980435749222],[-87.65737051792829,29.000000000000004],[-87.57034795763994,29.57034795763994],[-87.0,29.995975855130784],[-86.00824742268041,29.991752577319588],[-86.09120521172639,28.908794788273617],[-86.0,28.5625],[-85.78125,29.0],[-85.98412698412697,30.015873015873016],[-86.94999999999999,30.05],[-87.0,31.0],[-88.0,30.98611111111111],[-88.09599999999999,31.904],[-88.8136645962733,31.81366459627329],[-89.07518796992481,31.924812030075188],[-89.18848167539267,32.811518324607334],[-89.52317880794702,33.47682119205298],[-90.0,33.62068965517241],[-90.12256267409471,33.87743732590529],[-90.21782178217822,34.21782178217822],[-90.12,34.88],[-90.42857142857142,35.0],[-90.61904761904762,35.38095238095238],[-91.0,35.38709677419355],[-91.2312925170068,37.23129251700681],[-91.13084112149532,37.86915887850467],[-91.7687074829932,37.76870748299319],[-92.1268656716418,38.0],[-92.0569105691057,40.94308943089431],[-92.171875,41.828125],[-92.52380952380952,42.0],[-92.672131147541,42.32786885245902],[-93.0,42.45454545454545],[-93.35658914728681,43.643410852713174],[-94.05994550408718,43.940054495912804],[-94.1981981981982,44.1981981981982],[-94.23622047244095,44.76377952755905],[-94.72789115646259,44.72789115646258],[-95.29411764705883,45.0],[-95.50259067357513,45.497409326424865],[-96.0,45.96],[-96.51034482758621,47.48965517241379],[-97.01863354037268,47.981366459627324],[-97.34224598930481,49.657754010695186],[-97.59493670886076,50.40506329113924],[-98.0,51.083333333333336],[-98.1981981981982,52.1981981981982],[-98.0,53.0],[-98.0,54.0],[-99.0,54.0],[-99.0,55.0],[-99.55555555555556,55.44444444444444],[-100.0,55.22222222222222],[-100.17721518987341,55.822784810126585],[-100.5,56.0],[-100.66666666666669,56.333333333333336],[-101.0,56.241379310344826],[-101.24858757062147,56.75141242937853],[-101.56410256410257,57.0],[-101.60000000000001,57.4],[-102.0,57.58620689655173],[-102.23076923076923,58.230769230769226],[-102.0,58.75],[-101.84313725490196,58.84313725490196],[-101.82142857142856,60.17857142857143],[-102.49056603773585,60.509433962264154],[-102.8125,61.0],[-102.79310344827586,61.206896551724135],[-103.0,61.599999999999994],[-103.33333333333333,62.0],[-102.6774193548387,62.677419354838705],[-102.64285714285714,62.99999999999999],[-103.0,63.41666666666666],[-104.5,64.0],[-104.23529411764706,64.23529411764706],[-104.0,64.22222222222223],[-103.65853658536585,64.65853658536585],[-103.61111111111111,65.0],[-104.00000000000001,65.31818181818181],[-104.55555555555556,65.44444444444444],[-105.0,66.45454545454545],[-106.0,66.25],[-106.06557377049181,66.06557377049181],[-106.28571428571429,66.0],[-106.41666666666666,64.58333333333333],[-106.0,64.0],[-106.80952380952381,63.80952380952381],[-108.0,64.15384615384616],[-108.5,64.5],[-108.59375,66.0],[-108.78151260504202,66.21848739495799],[-109.44827586206897,66.55172413793103],[-109.85454545454544,67.14545454545454],[-111.4225352112676,67.57746478873239],[-112.05084745762711,67.94915254237289],[-113.7037037037037,68.29629629629629],[-114.0,69.0],[-114.72727272727272,69.27272727272727],[-115.0,70.0],[-115.3,69.3],[-115.64285714285714,69.35714285714286],[-116.99999999999999,69.05],[-118.0,69.2],[-119.85714285714286,69.14285714285714],[-121.625,69.375],[-122.0,69.6],[-124.0,69.75],[-125.0,69.66666666666667],[-125.30769230769232,69.30769230769232],[-125.28571428571429,69.0],[-127.0,68.89108910891089],[-129.75,69.0],[-130.0,69.16666666666667],[-130.71428571428572,69.28571428571428],[-132.0,69.08333333333333],[-133.0,69.27272727272727],[-134.0,69.125],[-137.0,69.36842105263158],[-138.41095890410958,69.58904109589041],[-142.0,70.44827586206897],[-143.38095238095238,70.38095238095238],[-144.0,70.18181818181817],[-144.1818181818182,70.0],[-145.0,69.9108910891089],[-150.9,70.1],[-151.27586206896552,70.72413793103448],[-151.8,71.0],[-153.8181818181818,71.18181818181819],[-154.0,72.0],[-153.31578947368422,72.3157894736842],[-152.75,73.0],[-153.16326530612244,73.83673469387755],[-154.54166666666666,75.45833333333333],[-155.1764705882353,75.82352941176471],[-156.23076923076923,75.76923076923077],[-157.0,76.0],[-163.0,76.0],[-164.0,76.33333333333334],[-164.33333333333334,76.33333333333334],[-165.0,76.0],[-166.0,76.0],[-166.60000000000002,75.60000000000001],[-167.0,75.5],[-167.36363636363637,75.63636363636364],[-167.66666666666669,76.0],[-167.66666666666669,76.33333333333334],[-169.0,77.0],[-170.0,76.66666666666666],[-172.0,77.5],[-173.0,77.4],[-175.0,77.5],[-175.4,77.4],[-175.6,77.0],[-176.921568627451,76.92156862745098],[-177.8,76.0],[-179.12269938650306,75.87730061349694],[-180.0,75.98305084745763],[-180.0,76.25],[-179.57142857142856,77.0],[-179.57142857142858,77.42857142857143],[-180.0,77.75],[-180.0,82.875],[-179.75,83.0],[-179.55555555555554,83.44444444444443],[-179.6,83.6],[-179.44444444444443,83.55555555555554],[-178.0,84.0],[-179.0,84.33333333333334],[-180.0,84.33333333333334],[-180.0,87.0],[-179.0,87.0],[-179.0,88.0],[-178.4,87.6],[-177.0,87.66666666666667],[-176.5,87.5],[-176.0,87.0],[-176.0,85.0],[-174.0,85.0],[-174.0,86.0],[-172.0,86.0],[-171.8181818181818,85.18181818181819],[-170.0,85.0],[-157.04195804195805,85.04195804195804],[-157.0,85.21428571428571]],[[5.2142857142857135,72.21428571428571],[3.6000000000000005,72.4],[1.0,72.31818181818181],[-0.041666666666666685,72.04166666666667],[-1.0,72.0],[-0.6363636363636364,71.36363636363636],[-0.6666666666666666,71.0],[-0.34782608695652173,70.65217391304347],[0.0,70.42857142857143],[0.4285714285714286,70.42857142857143],[0.5,70.0],[1.0,69.85714285714286],[1.2000000000000002,70.0],[1.2608695652173911,70.26086956521739],[1.0,70.6],[0.6000000000000001,70.60000000000001],[0.7777777777777778,71.22222222222221],[2.0,71.0],[3.0,71.41666666666667],[3.3125,71.3125],[4.325581395348838,71.32558139534883],[4.894736842105264,71.10526315789474],[5.571428571428571,71.42857142857143],[6.0,72.0],[5.2142857142857135,72.21428571428571]],[[-2.081081081081081,72.08108108108108],[-3.0,72.0],[-1.6842105263157894,71.68421052631578],[-1.0,72.0],[-2.081081081081081,72.08108108108108]],[[-5.129032258064516,72.12903225806451],[-5.4,72.0],[-5.363636363636363,71.63636363636363],[-4.0,71.94736842105263],[-3.0,72.0],[-5.129032258064516,72.12903225806451]],[[-98.84313725490196,55.84313725490196],[-99.0,56.400000000000006],[-99.47058823529412,56.470588235294116],[-99.36363636363637,56.0],[-99.47058823529412,55.529411764705884],[-99.0,55.0],[-98.84313725490196,55.84313725490196]],[[-100.25396825396825,57.25396825396825],[-100.34782608695653,56.65217391304348],[-100.0,56.46666666666667],[-99.51515151515152,56.515151515151516],[-99.42857142857143,57.0],[-99.77464788732394,57.225352112676056],[-100.0,57.31999999999999],[-100.25396825396825,57.25396825396825]],[[-97.14285714285714,75.14285714285714],[-97.33333333333334,75.0],[-92.625,74.625],[-92.25,74.75],[-92.0,74.5],[-91.0,75.0],[-92.625,75.375],[-95.0,75.6],[-97.14285714285714,75.14285714285714]],[[-89.85714285714286,36.0],[-90.0,36.09090909090909],[-90.10526315789474,35.89473684210526],[-89.86666666666667,35.86666666666667],[-89.85714285714286,36.0]],[[-89.0,34.5],[-88.82857142857142,34.82857142857143],[-89.0,35.333333333333336],[-89.26086956521739,35.26086956521739],[-89.13953488372093,34.860465116279066],[-89.0,34.5]],[[-88.0,33.5],[-88.18181818181819,33.18181818181818],[-88.0,32.66666666666667],[-87.87755102040816,32.87755102040816],[-88.0,33.5]],[[-79.28947368421052,22.0],[-80.0,22.482142857142858],[-80.46774193548387,22.53225806451613],[-80.70930232558139,23.290697674418603],[-81.0,23.40983606557377],[-82.0,23.2972972972973],[-82.46428571428572,23.53571428571429],[-82.38805970149254,24.0],[-82.53672316384181,24.46327683615819],[-83.0,24.836734693877553],[-83.49397590361446,24.49397590361446],[-83.38862559241707,23.61137440758294],[-83.0,23.305084745762713],[-82.55,23.450000000000003],[-82.2156862745098,22.784313725490197],[-81.0,22.375],[-80.55882352941177,22.441176470588236],[-80.64285714285714,22.0],[-80.4,21.6],[-80.0,21.386363636363637],[-79.5304347826087,21.530434782608694],[-79.28947368421052,22.0]],[[-65.0,77.5],[-65.28571428571429,77.0],[-65.0,76.6],[-64.6,77.0],[-65.0,77.5]],[[-54.0,61.5],[-53.60000000000001,61.6],[-53.0,62.0],[-52.0,62.0],[-51.6,62.6],[-51.333333333333336,63.333333333333336],[-51.0,63.5],[-50.5,63.5],[-50.400000000000006,62.6],[-50.0,62.0],[-49.400000000000006,61.6],[-49.0,61.5],[-47.0,61.5],[-46.6,61.6],[-46.0,62.0],[-45.0,62.0],[-44.6,62.6],[-44.5,63.5],[-44.0,64.0],[-45.0,64.0],[-45.5,64.5],[-45.83333333333333,65.16666666666666],[-46.5,65.5],[-47.75,65.75],[-49.6,65.60000000000001],[-50.400000000000006,65.4],[-51.0,65.0],[-51.71428571428571,65.28571428571428],[-52.0,65.25],[-52.5,65.0],[-52.66666666666667,64.66666666666667],[-53.0,64.5],[-54.0,64.5],[-55.22222222222222,64.22222222222223],[-55.5,64.0],[-55.60000000000001,63.60000000000001],[-57.0,63.0],[-55.60000000000001,62.4],[-55.400000000000006,61.6],[-55.0,61.5],[-54.0,61.5]],[[-47.71428571428571,70.28571428571428],[-48.0,70.33333333333334],[-49.0,70.0],[-48.0,69.875],[-47.5,70.0],[-47.71428571428571,70.28571428571428]],[[-36.333333333333336,65.66666666666667],[-35.6,65.4],[-35.0,65.0],[-33.0,65.0],[-33.5,65.5],[-33.5,66.0],[-34.0,66.33333333333334],[-39.0,66.0],[-39.5,65.0],[-39.0,64.0],[-39.0,63.0],[-38.5,63.5],[-37.5,63.5],[-37.5,64.0],[-38.0,64.5],[-38.4,64.6],[-38.5,65.0],[-38.4,65.4],[-37.66666666666667,65.66666666666667],[-37.0,65.75],[-36.333333333333336,65.66666666666667]],[[-39.6,63.400000000000006],[-40.333333333333336,63.333333333333336],[-41.0,63.0],[-40.0,62.66666666666667],[-39.0,63.0],[-39.6,63.400000000000006]],[[-37.5,63.0],[-37.333333333333336,62.66666666666667],[-37.25,62.0],[-37.1,61.9],[-36.5,62.0],[-36.333333333333336,62.333333333333336],[-35.6,62.6],[-35.66666666666667,63.00000000000001],[-35.85714285714286,63.14285714285714],[-36.714285714285715,63.285714285714285],[-37.0,63.5],[-37.5,63.5],[-37.5,63.0]],[[-24.0,74.28571428571429],[-24.25,74.0],[-24.0,73.6],[-23.5,74.0],[-24.0,74.28571428571429]],[[-20.0,71.66666666666667],[-19.789473684210527,71.78947368421053],[-19.476190476190474,72.47619047619047],[-19.0,73.0],[-19.5,73.5],[-20.0,73.66666666666666],[-20.444444444444443,73.44444444444444],[-20.8,73.0],[-20.5,72.0],[-20.0,71.66666666666667]],[[-15.636363636363637,74.63636363636363],[-17.0,74.4],[-17.4,74.0],[-17.125,73.875],[-13.957446808510637,73.95744680851064],[-13.866666666666667,74.13333333333334],[-14.0,75.0],[-14.600000000000001,75.4],[-15.0,75.5],[-15.4,75.4],[-15.636363636363637,74.63636363636363]],[[-7.4,71.60000000000001],[-7.0,71.33333333333333],[-6.5,71.5],[-6.6000000000000005,72.0],[-6.8545454545454545,72.14545454545454],[-7.571428571428571,72.0],[-7.4,71.60000000000001]],[[-6.666666666666666,71.0],[-6.0,70.75],[-5.666666666666666,71.0],[-5.636363636363637,71.36363636363636],[-6.5,71.5],[-6.666666666666666,71.0]],[[-17.692307692307693,59.69230769230769],[-17.0,59.8],[-16.897435897435898,60.1025641025641],[-17.0,60.33333333333334],[-17.181818181818183,60.18181818181818],[-18.153846153846153,60.15384615384616],[-18.666666666666668,60.0],[-18.444444444444443,59.55555555555555],[-18.0,59.33333333333333],[-17.692307692307693,59.69230769230769]],[[-179.0,78.0],[-177.99999999999997,77.88888888888889],[-177.0,78.0],[-178.4,78.4],[-179.0,78.0]],[[-41.6,63.60000000000001],[-41.5,64.0],[-42.0,64.16666666666667],[-42.5,64.0],[-42.0,63.5],[-41.6,63.60000000000001]],[[-34.5,62.0],[-35.0,62.333333333333336],[-35.400000000000006,62.4],[-35.5,62.0],[-34.77777777777778,61.77777777777777],[-34.5,62.0]],[[-16.0,71.1],[-16.4,71.0],[-16.22222222222222,70.77777777777777],[-15.0,71.0],[-16.0,71.1]],[[-14.149253731343283,70.8507462686567],[-13.125,70.875],[-10.621621621621623,70.62162162162163],[-9.696969696969697,70.69696969696969],[-9.0,71.0],[-10.0,71.41666666666666],[-11.0,71.5],[-12.0,71.5],[-13.0,71.23076923076923],[-14.0,71.29411764705881],[-15.0,71.0],[-14.149253731343283,70.8507462686567]]],[[[-105.66666666666667,61.66666666666667],[-106.0,61.57142857142857],[-106.0576923076923,61.94230769230769],[-106.9423076923077,61.94230769230769],[-107.05172413793103,62.05172413793103],[-107.0,62.230769230769226],[-106.0,62.375],[-105.4,62.0],[-105.66666666666667,61.66666666666667]]],[[[-170.0,90.0],[-170.0,89.0],[-170.75,88.75],[-171.0,88.0],[-173.0,88.0],[-173.0,90.0],[-170.0,90.0]]],[[[-175.4,89.4],[-175.0,90.0],[-174.0,90.0],[-174.0,89.0],[-174.5,88.5],[-175.0,88.5],[-175.28571428571428,88.71428571428571],[-175.4,89.4]]],[[[-30.0,-73.44444444444444],[-30.387096774193548,-73.38709677419354],[-31.142857142857142,-73.0],[-30.452830188679243,-72.54716981132076],[-30.0,-72.42857142857142],[-29.563636363636363,-72.56363636363636],[-29.200000000000003,-73.0],[-30.0,-73.44444444444444]]],[[[-56.0,-58.45161290322581],[-55.52777777777777,-58.52777777777778],[-55.22727272727273,-58.99999999999999],[-56.173469387755105,-59.173469387755105],[-56.73913043478261,-58.99999999999999],[-56.404761904761905,-58.5952380952381],[-56.0,-58.45161290322581]]],[[[-46.95454545454545,-57.95454545454545],[-47.42857142857143,-58.0],[-47.46153846153846,-57.53846153846154],[-47.0,-57.0],[-46.95454545454545,-57.95454545454545]]],[[[-48.60000000000001,-54.6],[-48.666666666666664,-55.0],[-49.5,-55.0],[-49.5,-54.5],[-49.0,-54.0],[-48.60000000000001,-54.6]]],[[[-19.0,-49.77777777777778],[-18.77777777777778,-50.0],[-19.0,-50.25],[-19.4,-50.0],[-19.203821656050955,-49.796178343949045],[-19.0,-49.77777777777778]]],[[[-52.4,-44.6],[-52.0,-44.5],[-51.6,-44.6],[-51.33333333333334,-45.0],[-51.6,-45.4],[-52.0,-45.66666666666667],[-53.0,-45.0],[-52.4,-44.6]]],[[[-21.655172413793103,-34.65517241379311],[-20.341463414634145,-34.65853658536585],[-20.0,-34.46153846153846],[-19.745454545454542,-34.74545454545455],[-19.176470588235293,-35.0],[-19.702127659574465,-35.29787234042553],[-20.62222222222222,-35.37777777777778],[-22.0,-35.294117647058826],[-22.25,-35.0],[-22.0,-34.0],[-21.655172413793103,-34.65517241379311]]],[[[-49.0,8.428571428571429],[-48.64705882352941,7.647058823529411],[-48.69230769230769,7.307692307692308],[-48.42424242424243,7.424242424242425],[-48.0,7.291666666666667],[-47.6,7.4],[-47.266666666666666,7.266666666666667],[-47.18181818181819,7.818181818181818],[-47.0,8.083333333333334],[-44.333333333333336,8.0],[-45.0,7.0],[-44.6,6.4],[-44.0,6.0],[-43.22222222222222,5.777777777777778],[-43.0,5.5],[-42.93939393939394,5.0606060606060606],[-42.666666666666664,5.0],[-42.0,4.0],[-41.0,3.0],[-40.0,2.5],[-39.0,3.0],[-38.4,2.6],[-38.0,2.5],[-37.0,2.5],[-36.92307692307692,2.076923076923077],[-36.5,2.0],[-36.266666666666666,1.7333333333333334],[-36.0,1.6666666666666667],[-35.76470588235294,1.7647058823529411],[-35.77777777777778,2.0],[-34.93457943925234,2.0654205607476634],[-34.847826086956516,1.8478260869565217],[-35.0,1.0],[-34.69230769230769,0.3076923076923077],[-33.75,0.0],[-33.4,-0.4],[-33.0,-0.6],[-32.8974358974359,-0.8974358974358974],[-32.6,-1.0],[-32.0,-1.6],[-31.92156862745098,-1.9215686274509804],[-31.4375,-2.4375],[-31.0,-2.6999999999999997],[-30.53846153846154,-3.5384615384615383],[-29.666666666666668,-4.0],[-28.444444444444443,-5.444444444444444],[-28.0,-5.727272727272727],[-27.481481481481485,-6.481481481481482],[-26.818181818181817,-6.818181818181818],[-26.0,-6.935483870967742],[-24.0,-6.9743589743589745],[-23.666666666666668,-7.666666666666668],[-22.833333333333336,-8.0],[-22.465116279069765,-8.465116279069766],[-21.270270270270274,-9.27027027027027],[-20.642857142857142,-9.357142857142858],[-20.0,-9.0],[-19.814814814814813,-12.0],[-19.961538461538463,-13.038461538461538],[-20.57894736842105,-13.421052631578947],[-21.0,-14.125],[-21.733333333333334,-14.266666666666666],[-21.92105263157895,-15.0],[-22.700000000000003,-15.299999999999999],[-22.92814371257485,-16.07185628742515],[-23.551020408163268,-16.448979591836732],[-23.85185185185185,-17.14814814814815],[-24.064516129032256,-19.064516129032256],[-23.934782608695652,-19.934782608695652],[-23.76923076923077,-20.0],[-23.877551020408166,-20.122448979591837],[-23.941176470588236,-21.941176470588236],[-23.5,-22.0],[-23.96923076923077,-22.03076923076923],[-24.0,-23.0],[-25.0,-23.04],[-25.448598130841123,-23.55140186915888],[-25.52173913043478,-24.0],[-25.97826086956522,-25.0],[-26.0,-25.5],[-26.153846153846153,-25.846153846153847],[-26.954545454545453,-26.045454545454547],[-27.142857142857142,-26.857142857142854],[-29.894736842105264,-27.10526315789474],[-30.157894736842106,-27.842105263157897],[-31.0,-28.0],[-32.125,-28.875],[-32.89473684210527,-29.105263157894736],[-33.0,-29.333333333333336],[-34.0,-30.0],[-34.26086956521739,-31.73913043478261],[-34.925925925925924,-32.074074074074076],[-35.11111111111111,-32.888888888888886],[-36.142857142857146,-33.0],[-36.333333333333336,-33.66666666666667],[-36.666666666666664,-34.0],[-36.951219512195124,-34.048780487804876],[-37.0,-34.33333333333333],[-38.0,-35.5],[-39.0,-36.0],[-41.0,-38.0],[-43.0,-38.0],[-43.0,-39.0],[-44.0,-39.0],[-44.0,-40.0],[-44.333333333333336,-40.66666666666667],[-44.333333333333336,-41.0],[-45.0,-41.66666666666667],[-47.0,-41.75],[-48.0,-42.0],[-49.0,-42.0],[-49.0,-43.0],[-50.0,-43.0],[-50.5,-43.5],[-51.00000000000001,-43.66666666666667],[-52.0,-43.5],[-53.0,-43.66666666666667],[-53.166666666666664,-43.833333333333336],[-53.21052631578947,-44.21052631578947],[-53.0,-45.0],[-53.266666666666666,-45.733333333333334],[-53.333333333333336,-46.66666666666667],[-53.66666666666667,-47.333333333333336],[-54.23529411764706,-47.76470588235294],[-55.0,-47.84615384615385],[-56.0,-47.75],[-56.10526315789473,-47.89473684210526],[-56.0,-48.4],[-55.57142857142858,-48.57142857142858],[-55.153846153846146,-49.15384615384615],[-54.53846153846155,-49.53846153846154],[-54.25,-50.0],[-54.625,-50.375],[-56.210526315789465,-50.78947368421053],[-56.400000000000006,-51.6],[-58.28571428571428,-52.71428571428571],[-58.5,-54.0],[-58.28571428571428,-54.285714285714285],[-58.22222222222222,-55.22222222222222],[-57.5,-56.0],[-56.0,-56.22222222222222],[-55.51724137931035,-56.51724137931035],[-55.3,-57.0],[-55.64999999999999,-57.349999999999994],[-57.464285714285715,-57.53571428571429],[-58.0,-58.0],[-58.81818181818182,-57.81818181818181],[-59.0,-57.0],[-59.13333333333333,-57.86666666666667],[-60.0,-57.92857142857143],[-60.204724409448815,-57.20472440944882],[-61.0,-57.0],[-62.0,-57.0],[-62.0,-56.0],[-63.0,-56.0],[-63.333333333333336,-55.33333333333334],[-63.66666666666667,-55.33333333333334],[-64.0,-55.199999999999996],[-64.01886792452831,-55.0188679245283],[-64.25,-55.0],[-64.5,-54.5],[-65.0,-54.0],[-65.0,-51.0],[-64.47058823529412,-50.529411764705884],[-64.25,-50.0],[-64.08333333333333,-49.91666666666667],[-64.12727272727273,-48.0],[-64.0,-47.36363636363636],[-63.673469387755105,-47.3265306122449],[-63.17543859649123,-46.82456140350877],[-63.0,-44.95833333333333],[-62.32258064516129,-44.677419354838705],[-62.34285714285714,-44.34285714285714],[-62.10619469026548,-43.89380530973451],[-62.144000000000005,-43.144000000000005],[-62.0,-42.55],[-61.63333333333333,-42.36666666666667],[-61.20224719101124,-41.79775280898876],[-61.05161290322581,-40.94838709677419],[-61.07692307692308,-40.0],[-60.5527950310559,-39.447204968944106],[-60.21978021978022,-38.78021978021978],[-60.0,-37.0],[-59.391061452513966,-36.608938547486034],[-59.18103448275862,-36.0],[-59.0,-34.47826086956522],[-58.37748344370861,-33.0],[-58.05,-31.0],[-57.6063492063492,-30.393650793650792],[-57.47899159663865,-30.0],[-57.136882129277566,-27.863117870722434],[-56.224137931034484,-26.0],[-56.31111111111111,-24.0],[-56.219298245614034,-22.0],[-56.38541666666667,-21.0],[-56.90909090909091,-19.909090909090907],[-57.87826086956522,-18.878260869565217],[-59.17788461538461,-18.177884615384613],[-59.58891454965357,-17.58891454965358],[-60.24561403508772,-17.24561403508772],[-60.601010101010104,-16.601010101010104],[-61.94736842105264,-15.0],[-62.53529411764706,-13.535294117647059],[-62.973684210526315,-13.0],[-63.27659574468085,-12.27659574468085],[-63.76978417266187,-11.76978417266187],[-64.27807486631016,-10.27807486631016],[-64.68421052631578,-10.0],[-65.0,-9.454545454545453],[-65.19658119658119,-8.0],[-65.0204081632653,-5.0],[-65.0576923076923,-3.0],[-64.14965986394557,-1.8503401360544218],[-64.04040404040404,0.04040404040404039],[-63.0990099009901,0.09900990099009899],[-62.868421052631575,0.868421052631579],[-62.236111111111114,1.2361111111111112],[-61.974999999999994,2.0],[-61.413043478260875,3.0],[-61.69662921348314,3.3033707865168536],[-62.0,3.2727272727272725],[-62.34532374100719,3.6546762589928052],[-62.45283018867924,4.0],[-62.351219512195115,4.351219512195121],[-62.0,4.712871287128713],[-61.71,4.710000000000001],[-60.80952380952381,6.0],[-59.54455445544555,6.544554455445544],[-59.31645569620254,7.3164556962025316],[-59.0,7.625],[-58.71563981042654,7.7156398104265405],[-58.292929292929294,8.292929292929294],[-57.432432432432435,8.432432432432433],[-57.01818181818182,9.018181818181818],[-55.5,9.0],[-55.28571428571428,8.714285714285714],[-55.0,8.666666666666668],[-54.878787878787875,8.878787878787879],[-54.047619047619044,9.047619047619047],[-54.0,9.25],[-53.8,9.0],[-53.0,8.818181818181818],[-49.8,9.0],[-49.0,8.428571428571429]],[[-61.0,-54.7],[-61.333333333333336,-55.0],[-61.3,-55.3],[-61.0,-55.375],[-60.75,-55.25],[-60.625,-55.0],[-60.75,-54.75],[-61.0,-54.7]]],[[[-1.0,22.333333333333336],[0.41379310344827586,22.413793103448274],[1.0,22.2],[2.0,22.333333333333336],[2.25,22.25],[2.333333333333333,22.0],[3.0,21.42857142857143],[4.0,21.142857142857146],[5.142857142857143,21.142857142857142],[6.0,21.0],[6.800000000000001,21.2],[7.4,21.6],[7.8,22.2],[8.2,22.2],[9.0,21.5],[10.0,21.333333333333336],[10.181818181818182,21.18181818181818],[11.0,21.0],[11.38095238095238,20.38095238095238],[12.399999999999999,20.0],[13.0,19.0],[13.600000000000001,18.6],[14.0,18.5],[14.195121951219512,18.195121951219512],[15.125,18.0],[15.833333333333334,17.0],[15.75,16.25],[15.5,16.0],[16.0,15.8],[16.153846153846153,15.846153846153847],[16.333333333333336,16.0],[16.5,16.5],[17.0,17.0],[18.285714285714285,17.285714285714285],[19.0,17.0],[20.0,16.0],[20.0,15.0],[21.0,14.333333333333332],[21.5,14.5],[21.714285714285715,15.285714285714285],[22.0,15.5],[22.5,15.0],[22.4,14.600000000000001],[22.0,14.0],[23.0,13.0],[23.166666666666668,15.0],[23.523809523809522,15.476190476190474],[24.0,15.625],[25.285714285714285,15.285714285714285],[27.0,15.25],[27.764705882352942,14.764705882352942],[28.0,14.333333333333332],[28.363636363636363,14.636363636363637],[29.25,15.0],[29.25,15.25],[28.77777777777778,15.777777777777779],[28.66666666666667,16.333333333333336],[29.0,16.5],[30.0,16.333333333333332],[30.400000000000002,16.6],[30.666666666666664,17.0],[30.0,18.0],[30.555555555555554,18.444444444444443],[31.285714285714285,18.714285714285715],[32.0,19.5],[32.5,19.5],[33.0,19.0],[33.0,18.0],[34.0,18.0],[34.6,17.6],[35.0,17.5],[36.0,17.5],[36.5,17.0],[36.6,16.6],[37.4,16.400000000000002],[38.0,16.0],[39.0,15.0],[39.6,14.600000000000001],[40.4,14.400000000000002],[40.5,13.5],[40.0,13.0],[41.0,13.0],[41.0,12.0],[42.0,12.0],[43.0,11.0],[43.0,10.0],[42.0,10.0],[42.0,8.0],[43.0,8.0],[43.0,4.0],[44.0,4.0],[44.0,3.0],[43.0,2.0],[43.0,1.0],[42.53846153846154,0.46153846153846156],[42.30769230769231,-0.3076923076923077],[42.0,-0.4],[41.57142857142857,-1.0],[41.4,-2.0],[41.5,-2.5],[42.0,-3.0],[41.0,-3.3333333333333335],[40.833333333333336,-3.833333333333333],[40.75,-5.75],[40.46153846153847,-6.461538461538462],[40.0,-6.75],[39.9,-7.0],[40.22222222222222,-7.777777777777778],[40.047619047619044,-8.047619047619047],[40.0,-9.0],[39.125,-9.125],[39.0,-10.0],[38.0,-10.0],[38.0,-11.023809523809524],[37.04545454545455,-11.045454545454547],[37.0,-11.5],[36.8,-11.8],[35.266666666666666,-12.266666666666666],[35.0,-12.666666666666668],[34.0,-12.5],[33.66666666666667,-12.333333333333334],[33.5,-12.0],[33.0,-11.666666666666666],[32.75,-11.75],[32.333333333333336,-12.333333333333334],[32.0,-12.5],[31.5,-12.5],[31.0,-12.0],[31.0,-14.0],[30.555555555555554,-14.555555555555554],[30.0,-16.0],[30.0,-17.0],[30.5,-17.5],[30.666666666666668,-18.0],[30.473684210526315,-19.0],[29.92857142857143,-20.0],[30.166666666666668,-21.833333333333336],[31.0,-22.0],[30.146341463414636,-22.146341463414636],[30.078947368421055,-23.0],[30.150943396226417,-23.849056603773583],[31.0,-24.692307692307693],[31.41176470588235,-26.0],[31.237288135593218,-26.237288135593218],[31.13157894736842,-27.0],[31.262295081967213,-28.737704918032787],[31.4,-29.0],[31.294117647058822,-30.0],[31.0,-30.263157894736842],[30.444444444444443,-30.444444444444443],[30.0,-31.0],[29.105263157894736,-31.105263157894736],[29.0,-32.0],[27.086956521739133,-32.08695652173913],[27.0,-33.0],[26.153846153846153,-33.15384615384615],[26.0,-34.0],[25.200000000000003,-33.8],[24.5,-34.0],[24.5,-35.0],[25.0,-35.5],[25.080000000000002,-35.92],[25.16216216216216,-36.83783783783784],[25.0,-38.18181818181818],[24.333333333333336,-38.333333333333336],[24.25,-38.75],[23.916666666666664,-39.08333333333333],[23.0,-39.0],[22.0,-38.0],[21.77777777777778,-38.77777777777778],[21.5,-39.0],[21.666666666666668,-39.333333333333336],[21.75,-40.0],[21.2,-40.2],[21.0,-40.599999999999994],[20.80952380952381,-41.19047619047619],[20.88235294117647,-41.88235294117647],[20.8,-42.0],[20.10126582278481,-42.10126582278481],[19.7,-43.0],[19.208955223880597,-43.208955223880594],[18.392857142857142,-44.0],[17.47368421052632,-44.47368421052632],[17.021164021164022,-45.02116402116402],[15.481481481481483,-45.48148148148148],[15.022727272727272,-46.02272727272727],[13.617647058823529,-46.382352941176464],[13.318181818181817,-46.31818181818181],[13.0,-46.63636363636364],[12.0,-46.833333333333336],[10.258064516129032,-46.74193548387097],[5.0625,-46.9375],[4.0,-46.75],[3.1428571428571432,-46.0],[3.2857142857142856,-45.285714285714285],[3.6,-45.0],[3.6923076923076925,-44.69230769230769],[3.7,-44.0],[3.5833333333333335,-43.0],[3.3333333333333335,-42.66666666666667],[3.1923076923076925,-42.0],[3.057142857142857,-41.05714285714286],[3.125,-40.0],[2.3255813953488373,-39.674418604651166],[1.8181818181818181,-39.18181818181818],[1.3684210526315788,-38.0],[1.2352941176470589,-37.0],[1.375,-34.375],[1.5,-34.0],[1.2000000000000002,-33.0],[1.2000000000000002,-32.0],[0.5,-31.0],[0.2608695652173913,-29.73913043478261],[0.1935483870967742,-27.999999999999996],[0.85,-27.0],[1.2857142857142856,-26.0],[1.6470588235294117,-25.647058823529413],[1.8076923076923077,-24.807692307692307],[2.4413793103448276,-24.44137931034483],[2.864864864864865,-24.0],[3.2990654205607477,-23.29906542056075],[3.8,-22.0],[3.7037037037037033,-21.296296296296298],[3.4285714285714284,-21.0],[3.6923076923076925,-20.692307692307693],[3.8235294117647056,-20.0],[3.2857142857142856,-19.0],[3.0,-18.0],[2.966666666666667,-16.0],[2.714285714285714,-15.285714285714285],[2.1818181818181817,-14.818181818181817],[1.8717948717948718,-14.128205128205128],[1.375,-14.0],[1.0,-13.25],[0.8571428571428571,-12.0],[1.0,-11.0],[1.3157894736842104,-10.315789473684209],[1.3333333333333335,-10.0],[1.7142857142857142,-9.714285714285714],[1.6551724137931036,-9.344827586206897],[1.8148148148148149,-8.814814814814815],[2.0,-8.473684210526315],[2.305084745762712,-8.305084745762711],[2.4285714285714284,-8.0],[2.454545454545454,-7.0],[1.6785714285714284,-6.321428571428571],[1.4516129032258063,-5.548387096774194],[0.9393939393939394,-5.0606060606060606],[-0.014814814814814836,-5.014814814814814],[-0.15999999999999998,-4.16],[-0.5714285714285714,-4.0],[-0.7272727272727273,-3.727272727272727],[-1.0,-3.625],[-1.1818181818181817,-3.1818181818181817],[-3.0,-2.5999999999999996],[-4.0,-2.375],[-5.333333333333334,-3.0],[-7.906976744186046,-3.0930232558139537],[-8.0,-3.8000000000000003],[-9.0,-3.666666666666667],[-9.090909090909092,-3.090909090909091],[-10.5,-3.0],[-11.24,-2.24],[-12.173913043478262,-2.1739130434782608],[-13.72972972972973,-2.27027027027027],[-14.0,-2.4545454545454546],[-15.0,-2.428571428571429],[-15.106194690265486,-2.106194690265487],[-15.857142857142858,-2.0],[-16.0,-1.8],[-16.093023255813954,-1.0930232558139534],[-16.444444444444443,-1.0],[-17.0,-0.4444444444444444],[-17.36,0.64],[-18.130434782608695,1.0],[-18.153846153846153,1.8461538461538463],[-18.4,2.0],[-18.6,2.4],[-19.0,2.5999999999999996],[-19.400000000000002,2.6],[-20.0,3.0],[-20.0,5.0],[-20.400000000000002,5.6000000000000005],[-21.0,6.0],[-21.4,6.6000000000000005],[-21.333333333333336,7.0],[-21.5,8.0],[-21.074074074074076,8.074074074074074],[-21.04255319148936,10.0],[-20.043478260869566,10.043478260869566],[-20.0,11.142857142857144],[-19.714285714285715,11.285714285714285],[-19.285714285714285,11.285714285714285],[-19.285714285714285,11.714285714285714],[-19.08,12.08],[-19.068965517241377,13.931034482758621],[-19.266666666666666,14.733333333333334],[-20.0,15.0],[-19.266666666666666,15.266666666666666],[-19.315789473684212,15.684210526315788],[-19.075,16.075],[-19.0,16.6],[-18.20689655172414,17.20689655172414],[-18.0,17.75],[-17.22222222222222,18.22222222222222],[-16.75,19.0],[-16.136363636363637,19.136363636363637],[-15.5,19.5],[-15.181818181818182,20.0],[-14.173913043478262,20.17391304347826],[-14.022727272727272,21.022727272727273],[-13.163265306122447,21.163265306122447],[-13.0,21.333333333333336],[-12.0,21.6],[-11.0,21.5625],[-10.688888888888888,21.68888888888889],[-10.65,22.0],[-10.393939393939393,22.393939393939394],[-10.3,23.3],[-10.0,23.724137931034484],[-9.0,23.72972972972973],[-8.0,23.272727272727273],[-6.517857142857143,23.517857142857142],[-6.325,24.0],[-6.3561643835616435,24.35616438356164],[-6.0,25.0],[-5.527272727272727,24.472727272727273],[-5.458333333333334,24.0],[-5.5094339622641515,23.509433962264154],[-6.0,23.071428571428573],[-6.25,23.25],[-6.049999999999999,22.999999999999996],[-6.1875,22.1875],[-6.375,22.0],[-6.222222222222222,21.77777777777778],[-5.0,21.388888888888886],[-3.5416666666666665,21.541666666666664],[-2.0,22.0],[-1.4444444444444444,22.444444444444443],[-1.0,22.333333333333336]],[[9.0,5.5],[8.75,5.0],[8.846153846153847,3.8461538461538463],[9.0,3.5],[9.333333333333334,5.0],[9.0,5.5]],[[17.333333333333336,-31.0],[17.2,-30.799999999999997],[17.0,-30.8],[16.75,-31.0],[17.0,-31.235294117647058],[17.333333333333336,-31.0]],[[26.25,-18.0],[26.0,-17.75],[25.81818181818182,-17.81818181818182],[25.75,-18.0],[25.916666666666668,-18.083333333333332],[26.25,-18.0]]],[[[-28.161538461538463,3.1615384615384614],[-27.827160493827158,3.1728395061728394],[-27.676923076923075,3.0],[-27.77659574468085,2.7765957446808507],[-28.0,2.671875],[-28.207920792079207,2.792079207920792],[-28.276315789473685,3.0],[-28.161538461538463,3.1615384615384614]]],[[[28.5,17.0],[28.333333333333336,16.666666666666668],[27.833333333333332,16.833333333333332],[27.75,17.0],[28.037037037037038,17.037037037037038],[28.5,17.0]]],[[[-61.0,20.0],[-60.98347107438016,18.016528925619834],[-59.98571428571429,18.014285714285712],[-59.9047619047619,17.904761904761905],[-60.0,17.0],[-61.0,17.5],[-61.12244897959184,18.877551020408163],[-62.0,19.0],[-62.0,20.0],[-61.0,20.0]]],[[[8.0,23.5],[7.8125,23.1875],[6.999999999999999,23.083333333333332],[6.0,23.258064516129032],[5.505376344086022,23.50537634408602],[5.19718309859155,24.197183098591548],[4.533333333333333,24.533333333333335],[4.0,25.166666666666668],[3.0000000000000004,24.200000000000003],[2.5,24.0],[2.2857142857142856,23.71428571428571],[2.0,23.666666666666668],[1.7241379310344827,23.275862068965516],[1.0,23.17391304347826],[0.0,23.32],[-1.280701754385965,23.280701754385962],[-1.8,23.0],[-1.6,22.6],[-2.0,22.0],[-2.6,22.4],[-3.0,22.428571428571427],[-4.181818181818182,23.81818181818182],[-4.114285714285714,24.114285714285714],[-3.0,24.230769230769234],[-2.125,25.125],[0.0,25.849999999999998],[1.8571428571428572,25.857142857142858],[2.0,25.75],[2.125,26.0],[3.0,26.137254901960784],[5.010928961748634,26.010928961748633],[6.544303797468354,25.544303797468352],[8.416666666666668,25.416666666666664],[9.153846153846153,25.153846153846153],[9.125,24.875],[8.75,24.0],[8.375,23.625],[8.0,23.5]]],[[[13.1,25.099999999999998],[13.0,24.88888888888889],[12.625,25.0],[12.647058823529411,25.352941176470587],[13.0,25.375],[13.1,25.099999999999998]]],[[[-4.379746835443038,26.37974683544304],[-4.0,26.384615384615383],[-3.819277108433735,26.180722891566262],[-3.3478260869565215,26.0],[-3.6052631578947367,25.605263157894736],[-4.0,25.464285714285715],[-4.447761194029852,25.55223880597015],[-4.7894736842105265,26.0],[-4.379746835443038,26.37974683544304]]],[[[12.210526315789473,26.210526315789473],[12.307692307692308,25.692307692307693],[12.0,25.714285714285715],[11.0,25.333333333333336],[10.0,26.0],[10.896103896103897,26.103896103896105],[10.961389961389962,27.038610038610038],[11.555555555555555,27.0],[11.652173913043478,26.652173913043477],[12.210526315789473,26.210526315789473]]],[[[13.7,25.7],[13.217391304347826,26.0],[13.38095238095238,26.619047619047617],[13.999999999999998,26.818181818181817],[14.636363636363637,26.636363636363637],[14.818181818181817,25.999999999999996],[13.7,25.7]]],[[[27.0,27.75],[27.4,27.4],[27.6,27.0],[27.153846153846153,26.846153846153847],[27.0,26.666666666666668],[26.869565217391305,27.130434782608695],[27.0,27.75]]],[[[32.2680412371134,27.2680412371134],[32.09285714285714,26.907142857142855],[31.071428571428573,27.0],[31.0,27.5],[30.666666666666664,28.0],[31.0,28.200000000000003],[31.875,27.875],[32.0,27.928571428571427],[32.2680412371134,27.2680412371134]]],[[[29.333333333333336,30.0],[29.0,29.666666666666668],[28.0,30.0],[29.333333333333336,30.0]]],[[[25.400000000000002,31.400000000000002],[25.142857142857142,30.857142857142854],[24.57894736842105,30.421052631578945],[24.42857142857143,30.0],[24.619047619047617,29.619047619047617],[25.0,29.200000000000003],[26.0,29.625],[27.18181818181818,29.18181818181818],[27.2,28.799999999999997],[26.77777777777778,28.22222222222222],[26.0,28.0],[25.0,28.0],[24.19277108433735,27.80722891566265],[23.878787878787875,27.87878787878788],[23.68,28.0],[23.6,28.6],[23.000000000000004,29.200000000000003],[22.84,29.84],[21.5,30.0],[21.0,30.25],[20.666666666666668,30.666666666666668],[20.333333333333336,30.666666666666668],[19.91891891891892,30.91891891891892],[19.0,31.0],[18.972972972972972,31.972972972972972],[18.714285714285715,33.0],[19.0,33.6],[19.85714285714286,33.0],[19.818181818181817,32.81818181818182],[20.25,32.25],[21.0,32.0],[23.0,32.0],[23.523809523809522,32.476190476190474],[24.0,32.714285714285715],[24.416666666666668,32.41666666666667],[24.619047619047617,31.61904761904762],[25.0,31.2],[25.400000000000002,31.400000000000002]]],[[[11.285714285714285,31.285714285714285],[11.0,32.0],[11.714285714285714,31.714285714285715],[12.0,31.833333333333336],[12.25,31.75],[13.0,32.0],[13.636363636363637,31.636363636363637],[14.0,31.714285714285715],[14.168067226890756,30.831932773109244],[13.71830985915493,30.718309859154928],[13.0,31.0],[12.6,30.400000000000002],[12.0,30.166666666666664],[11.166666666666668,31.0],[11.285714285714285,31.285714285714285]]],[[[25.4,32.0],[25.53846153846154,32.46153846153846],[26.000000000000004,32.85714285714286],[26.479999999999997,32.48],[26.66666666666667,32.0],[26.112149532710283,31.88785046728972],[26.0,31.4],[25.52,31.52],[25.4,32.0]]],[[[1.7142857142857142,42.285714285714285],[2.0,43.0],[2.4,42.4],[2.3333333333333335,41.66666666666667],[1.6666666666666665,41.66666666666667],[1.0,42.0],[1.7142857142857142,42.285714285714285]]],[[[-3.5,43.0],[-4.0,42.666666666666664],[-4.5,43.0],[-4.222222222222222,43.22222222222222],[-3.8,43.2],[-3.5,43.0]]],[[[0.8,45.2],[1.4000000000000001,45.4],[2.0,45.0],[1.4000000000000001,44.6],[1.0,44.5],[0.7142857142857142,44.71428571428571],[0.6666666666666666,45.0],[0.8,45.2]]],[[[-2.4761904761904763,45.52380952380952],[-1.8461538461538463,45.15384615384615],[-1.75,44.75],[-2.3333333333333335,44.333333333333336],[-3.0,44.27272727272727],[-3.444444444444444,44.55555555555555],[-3.571428571428571,45.0],[-3.457142857142857,45.457142857142856],[-3.0,45.72727272727273],[-2.4761904761904763,45.52380952380952]]],[[[-0.2857142857142857,50.0],[-0.5238095238095237,49.52380952380952],[-1.0,49.375],[-1.5,49.0],[-1.0,48.0],[-1.1111111111111112,47.0],[-1.5,46.5],[-2.0,46.38461538461539],[-2.457142857142857,46.542857142857144],[-2.806451612903226,47.193548387096776],[-3.3333333333333335,47.333333333333336],[-3.8,47.2],[-4.0,47.5],[-4.2,47.2],[-4.4,46.0],[-5.266666666666667,45.266666666666666],[-5.666666666666667,44.66666666666667],[-6.0,44.5],[-8.0,44.42857142857143],[-8.380952380952381,44.61904761904762],[-8.571428571428571,45.0],[-8.333333333333334,46.0],[-8.555555555555555,47.0],[-8.11111111111111,47.111111111111114],[-8.0,47.5],[-7.0,47.599999999999994],[-6.733333333333333,47.733333333333334],[-6.0,48.75],[-5.0,48.66666666666667],[-4.8,48.8],[-4.833333333333333,49.16666666666667],[-5.4,49.6],[-5.5,50.0],[-5.5,51.0],[-5.146341463414634,51.146341463414636],[-5.073170731707317,52.07317073170732],[-4.4,52.0],[-4.0,51.333333333333336],[-3.6923076923076925,51.69230769230769],[-1.2580645161290323,52.25806451612904],[-0.7037037037037037,52.29629629629629],[-0.3333333333333333,52.0],[-0.5,51.5],[-1.0,51.0],[-0.4444444444444444,50.55555555555555],[-0.2857142857142857,50.0]]],[[[-10.867924528301886,50.0],[-11.11864406779661,49.88135593220339],[-11.875,50.0],[-11.31111111111111,50.31111111111112],[-11.0,50.699999999999996],[-10.867924528301886,50.0]]],[[[-8.761904761904763,54.23809523809524],[-8.75,54.0],[-9.0,53.80769230769231],[-9.833333333333334,54.0],[-9.434782608695652,54.43478260869565],[-8.761904761904763,54.23809523809524]]],[[[-4.4,55.400000000000006],[-4.0,55.33333333333333],[-3.6666666666666665,55.0],[-4.0,54.66666666666667],[-5.0,54.8],[-5.071428571428571,54.92857142857143],[-6.0,55.0],[-5.25,55.25],[-5.0,55.5],[-4.666666666666667,55.33333333333334],[-4.4,55.400000000000006]]],[[[-50.0,63.5],[-50.5,63.5],[-50.400000000000006,64.4],[-49.0,64.5],[-48.33333333333333,64.0],[-48.5,63.5],[-49.0,63.0],[-50.0,63.5]]],[[[12.0,68.57142857142857],[12.4,68.4],[12.8,68.0],[12.38095238095238,67.61904761904762],[12.0,67.5],[11.692307692307693,67.6923076923077],[11.68,68.32000000000001],[12.0,68.57142857142857]]],[[[21.352941176470587,71.35294117647058],[21.0,71.2],[19.692307692307693,71.3076923076923],[19.22222222222222,71.22222222222221],[19.0,71.5],[18.826086956521742,71.17391304347827],[18.333333333333336,71.0],[18.692307692307693,70.6923076923077],[19.0,70.77777777777777],[19.52941176470588,70.52941176470588],[20.0,70.0],[19.666666666666668,69.33333333333334],[19.0,69.125],[18.75,69.25],[18.25,69.25],[18.25,69.75],[18.125,70.0],[18.22222222222222,70.22222222222223],[18.0,70.5],[17.846153846153847,70.15384615384616],[17.235294117647058,70.23529411764707],[17.0,70.15384615384616],[16.75,70.0],[16.555555555555554,69.44444444444444],[15.0,68.75],[14.891891891891891,68.89189189189189],[14.0,69.16666666666667],[13.470588235294116,69.47058823529412],[13.0,70.375],[12.166666666666666,71.0],[12.642857142857142,71.35714285714286],[13.083333333333334,71.91666666666666],[16.083333333333332,71.91666666666666],[17.30769230769231,72.69230769230771],[18.0,72.77777777777777],[18.629629629629626,72.62962962962962],[19.0,72.28571428571429],[19.384615384615383,72.61538461538461],[20.0,72.73684210526316],[21.0,72.66666666666667],[21.444444444444443,72.44444444444444],[21.857142857142858,72.0],[21.692307692307693,71.6923076923077],[21.692307692307693,71.3076923076923],[21.352941176470587,71.35294117647058]]],[[[-20.5,78.5],[-21.4,78.4],[-22.0,78.0],[-23.0,79.0],[-22.5,79.5],[-21.0,79.5],[-20.6,79.4],[-20.0,79.0],[-20.5,78.5]]],[[[60.0,-71.5],[60.11111111111111,-72.0],[59.5,-72.0],[60.0,-71.5]]],[[[137.9,-30.099999999999998],[138.52941176470588,-30.47058823529412],[139.0,-31.0],[139.0,-33.0],[138.0,-33.0],[138.0,-34.0],[139.0,-34.0],[139.0,-38.0],[140.0,-38.0],[140.0,-39.0],[143.0,-39.0],[142.92857142857142,-41.0],[143.15384615384616,-41.15384615384615],[144.0,-41.0],[144.0,-42.0],[147.0,-42.0],[147.0,-43.11111111111111],[148.8181818181818,-43.18181818181818],[149.0,-44.0],[151.0,-44.0],[151.0,-45.0],[153.0,-45.0],[153.1639344262295,-45.83606557377049],[154.33333333333331,-46.0],[154.5,-46.5],[155.0,-47.0],[155.42857142857144,-48.0],[156.0,-48.4],[156.16438356164383,-48.83561643835617],[156.75,-49.0],[157.0,-49.285714285714285],[157.32,-51.0],[158.0,-51.94444444444444],[158.14492753623188,-52.85507246376811],[158.27027027027026,-53.0],[158.31578947368422,-54.0],[158.0,-55.0],[158.08771929824562,-58.0],[158.37037037037038,-58.629629629629626],[158.95238095238093,-59.0],[159.0,-60.0],[158.15555555555557,-60.15555555555556],[158.0,-60.699999999999996],[157.4,-61.0],[157.57142857142856,-61.42857142857143],[158.0,-61.75],[158.0277777777778,-61.97222222222223],[159.0,-62.0],[159.13333333333333,-62.86666666666667],[160.0,-63.0],[160.42105263157896,-63.578947368421055],[161.0,-64.0],[161.16326530612247,-64.83673469387756],[161.8,-65.0],[161.33333333333334,-66.0],[161.76470588235293,-66.23529411764706],[162.0,-67.0],[164.12307692307692,-67.87692307692308],[164.55555555555554,-68.44444444444444],[165.0,-68.62068965517241],[166.1868131868132,-68.81318681318682],[166.71069182389937,-69.28930817610063],[168.0,-69.36764705882354],[168.4018691588785,-69.59813084112149],[168.6629213483146,-70.33707865168539],[169.0,-70.55555555555556],[169.48387096774192,-70.48387096774195],[170.0,-70.0],[171.0,-70.0],[170.68421052631578,-70.68421052631578],[170.76923076923075,-71.0],[170.86046511627907,-71.13953488372093],[171.0,-71.09677419354838],[171.60000000000002,-71.4],[171.84848484848484,-72.0],[171.61290322580646,-72.61290322580645],[171.0,-72.73684210526316],[170.62264150943398,-72.62264150943396],[170.11764705882354,-72.88235294117646],[170.27586206896552,-72.27586206896552],[170.125,-72.0],[170.17021276595744,-71.82978723404256],[170.0,-71.71428571428572],[169.87301587301587,-72.12698412698413],[169.9607843137255,-72.96078431372548],[167.81443298969072,-73.81443298969072],[167.3921568627451,-74.3921568627451],[166.31578947368422,-75.0],[165.92857142857142,-76.0],[167.47191011235955,-76.52808988764045],[168.28571428571428,-77.0],[168.9009900990099,-77.0990099009901],[170.0,-77.7],[171.3877551020408,-77.38775510204081],[171.66666666666669,-76.66666666666667],[172.0,-76.5142857142857],[173.0,-76.94999999999999],[174.0,-76.54545454545455],[174.3030303030303,-76.6969696969697],[174.45454545454544,-77.0],[174.36144578313252,-77.36144578313252],[174.0,-77.88235294117648],[173.2,-77.8],[173.0,-77.33333333333333],[172.8,-78.0],[171.0,-78.4],[170.0,-78.4],[168.41666666666666,-79.0],[169.27272727272725,-80.0],[170.0,-80.57142857142858],[171.16666666666666,-81.0],[173.6153846153846,-81.38461538461539],[174.07142857142858,-81.92857142857142],[175.00000000000003,-82.02702702702703],[177.0,-81.56666666666666],[178.0,-81.80952380952381],[179.23809523809524,-81.76190476190476],[180.0,-82.0],[180.0,-89.0],[179.0,-89.0],[179.38709677419354,-88.38709677419355],[179.3,-87.7],[179.0,-87.5],[178.0,-87.66666666666667],[177.0,-87.5],[171.73333333333335,-87.26666666666667],[170.0,-87.0],[169.0,-87.0],[168.0,-86.66666666666667],[167.0,-86.66666666666667],[164.0,-86.33333333333333],[161.0,-86.25],[160.0,-86.0],[165.0,-85.4],[165.28571428571428,-85.28571428571428],[165.5,-85.0],[165.1025641025641,-84.89743589743588],[154.0,-84.42307692307693],[146.0,-84.71428571428572],[144.5121951219512,-84.48780487804878],[143.80645161290323,-84.19354838709677],[143.34782608695653,-83.65217391304347],[141.7,-83.30000000000001],[141.0,-83.0],[140.0,-83.0],[137.71428571428572,-82.71428571428571],[137.0,-83.0],[136.0,-84.0],[135.0,-84.0],[134.60000000000002,-84.60000000000001],[134.66666666666669,-85.0],[136.0,-85.375],[141.31578947368422,-85.68421052631578],[142.15384615384616,-85.84615384615385],[143.0,-85.77777777777777],[144.0,-86.0],[145.0,-86.0],[146.0,-87.0],[145.0,-87.2],[141.83333333333331,-87.16666666666667],[141.0,-87.0],[140.0,-87.2],[138.0,-86.80000000000001],[136.0,-87.5],[133.0,-87.6],[132.0,-87.25],[131.0,-87.4],[130.0,-86.83333333333333],[129.0,-87.0],[126.625,-86.625],[125.0,-87.0],[124.0,-87.0],[122.0,-87.5],[120.33333333333334,-87.33333333333334],[117.0,-87.5],[116.0,-88.0],[116.0,-89.0],[115.0,-89.0],[115.0,-90.0],[108.0,-90.0],[108.0,-89.0],[105.0,-89.0],[105.0,-90.0],[104.0,-90.0],[103.33333333333334,-89.66666666666667],[103.0,-89.66666666666667],[102.0,-90.0],[101.0,-89.66666666666667],[100.0,-90.0],[93.0,-90.0],[92.4,-89.60000000000001],[92.0,-89.0],[86.0,-89.0],[86.0,-90.0],[85.4,-89.60000000000001],[82.81818181818181,-89.81818181818181],[82.0,-90.0],[28.0,-90.0],[27.0,-89.8],[26.0,-90.0],[2.0,-90.0],[-2.0,-89.88888888888889],[-5.0,-90.0],[-6.0,-89.85714285714286],[-8.0,-90.0],[-9.0,-89.8],[-10.0,-90.0],[-11.0,-90.0],[-12.0,-89.66666666666667],[-12.333333333333334,-89.66666666666667],[-13.0,-90.0],[-14.0,-90.0],[-14.0,-89.0],[-14.942857142857143,-88.94285714285714],[-15.5,-89.0],[-15.714285714285712,-89.28571428571428],[-16.0,-89.33333333333333],[-16.333333333333336,-89.33333333333334],[-17.0,-89.0],[-23.095238095238095,-88.90476190476191],[-25.0,-89.0],[-27.148148148148145,-88.85185185185185],[-29.16,-88.84],[-31.0,-89.0],[-33.0,-89.0],[-34.0,-88.85714285714286],[-35.0,-89.0],[-39.0,-89.0],[-40.0,-88.75],[-41.25,-88.75],[-42.0,-89.0],[-52.0,-89.0],[-52.6,-88.6],[-54.0,-88.5],[-54.400000000000006,-88.6],[-55.0,-89.0],[-56.0,-89.0],[-56.0,-88.0],[-60.0,-88.0],[-60.0,-90.0],[-62.0,-90.0],[-62.5,-89.5],[-62.5,-89.0],[-62.66666666666667,-88.66666666666667],[-63.0,-88.5],[-63.5,-88.5],[-64.0,-88.0],[-64.5,-88.5],[-65.44444444444444,-88.44444444444443],[-66.0,-88.0],[-67.0,-88.0],[-67.6,-88.4],[-68.0,-89.0],[-68.60000000000001,-88.6],[-69.4,-88.4],[-70.0,-88.0],[-73.0,-88.0],[-74.4,-88.4],[-75.0,-88.0],[-79.0,-88.0],[-80.0,-87.4],[-80.46153846153847,-87.53846153846155],[-81.0,-88.0],[-82.0,-88.0],[-82.33333333333334,-87.33333333333334],[-83.0,-87.0],[-81.0,-86.5],[-79.0,-86.25],[-78.5,-86.0],[-75.08695652173913,-85.91304347826087],[-74.26666666666667,-85.73333333333333],[-74.0,-85.5],[-71.0,-85.33333333333334],[-70.0,-85.0],[-67.0,-85.0],[-66.0,-84.66666666666667],[-65.60000000000001,-84.4],[-65.5,-84.0],[-65.80952380952381,-83.80952380952381],[-68.0,-83.5],[-69.66666666666667,-83.0],[-69.0,-82.5],[-68.6,-82.0],[-67.86046511627907,-81.86046511627907],[-67.0,-82.11111111111111],[-66.35294117647058,-81.6470588235294],[-65.0,-81.10000000000001],[-60.0,-79.86666666666667],[-58.0,-79.88461538461539],[-57.0,-79.65384615384616],[-56.35087719298245,-79.64912280701753],[-55.0,-79.875],[-54.27397260273972,-79.72602739726027],[-49.0,-79.5625],[-47.2,-79.0],[-48.00000000000001,-78.80000000000001],[-48.400000000000006,-78.4],[-48.38095238095238,-77.61904761904762],[-48.0,-77.36],[-46.0,-77.53571428571428],[-44.51020408163265,-77.48979591836735],[-43.590909090909086,-77.4090909090909],[-42.66666666666667,-77.0],[-43.400000000000006,-76.4],[-44.27586206896552,-76.27586206896552],[-46.0,-76.28571428571428],[-46.85714285714286,-76.00000000000001],[-46.0,-75.6],[-43.239999999999995,-75.76],[-41.627906976744185,-75.37209302325581],[-40.0,-75.3125],[-39.083333333333336,-75.99999999999999],[-39.18181818181818,-76.18181818181819],[-38.833333333333336,-76.83333333333333],[-37.9,-76.9],[-36.714285714285715,-76.71428571428572],[-36.2,-76.8],[-34.77777777777778,-76.22222222222223],[-34.78260869565218,-76.0],[-34.0,-75.37931034482759],[-33.0,-75.33333333333334],[-31.95,-75.05],[-31.340425531914896,-74.65957446808511],[-30.0,-74.4054054054054],[-28.999999999999996,-74.44736842105263],[-28.0,-74.29545454545455],[-27.32,-74.32],[-27.0,-74.5],[-26.272727272727273,-74.0],[-25.9375,-73.0],[-25.44776119402985,-72.55223880597016],[-25.0,-72.4],[-23.666666666666668,-72.33333333333334],[-21.423076923076923,-71.57692307692308],[-20.0,-71.37931034482759],[-19.566265060240966,-71.56626506024097],[-19.307692307692307,-72.0],[-19.0,-72.19512195121952],[-18.816091954022987,-72.18390804597702],[-18.400000000000002,-71.60000000000001],[-18.0,-71.41666666666666],[-17.0,-71.28],[-16.612903225806452,-71.61290322580645],[-16.442477876106196,-72.44247787610621],[-16.0,-72.60975609756098],[-15.0,-72.07142857142857],[-13.0,-72.02941176470587],[-12.411764705882351,-71.58823529411765],[-11.0,-71.33333333333334],[-10.0,-71.5625],[-8.0,-71.47368421052632],[-7.0,-71.61538461538461],[-5.609756097560976,-71.60975609756098],[-4.833333333333333,-71.83333333333334],[-4.666666666666666,-72.0],[-4.0,-72.08888888888889],[-3.3333333333333335,-72.0],[-3.0,-71.0],[-2.8000000000000003,-72.0],[-2.0,-72.14285714285715],[-1.0,-72.26530612244898],[1.1794871794871793,-72.17948717948718],[2.3333333333333335,-72.0],[2.714285714285714,-71.71428571428571],[3.7073170731707314,-71.70731707317074],[5.625,-72.375],[6.333333333333334,-73.0],[7.0,-73.1025641025641],[7.444444444444445,-73.0],[7.722222222222222,-72.72222222222223],[8.0,-72.66666666666667],[9.0,-72.72727272727272],[10.0,-72.53333333333333],[10.98360655737705,-73.01639344262294],[12.165289256198346,-73.16528925619835],[14.0,-73.13513513513513],[15.0,-73.73529411764706],[15.327272727272726,-73.67272727272727],[15.91304347826087,-73.91304347826087],[16.38095238095238,-73.38095238095238],[17.0,-73.25],[18.238095238095237,-73.23809523809524],[18.625,-73.0],[18.727272727272727,-72.72727272727272],[19.0,-72.5],[20.285714285714285,-72.28571428571428],[20.833333333333332,-72.0],[21.0,-71.5],[21.2,-71.8],[21.666666666666668,-71.66666666666667],[22.0,-71.75],[24.409090909090907,-71.59090909090908],[25.23809523809524,-71.76190476190476],[26.0,-72.25],[27.0,-71.5],[27.333333333333336,-71.66666666666667],[28.0,-72.5],[28.461538461538463,-72.46153846153845],[29.18181818181818,-72.18181818181819],[29.111111111111114,-71.88888888888889],[28.583333333333332,-71.41666666666667],[28.5,-71.0],[29.17241379310345,-70.82758620689656],[29.82758620689655,-70.82758620689656],[30.0,-70.58333333333334],[30.5,-70.5],[30.875,-70.0],[32.5,-70.0],[34.0,-70.2],[34.074074074074076,-70.07407407407408],[34.98425196850393,-69.98425196850393],[35.0,-69.0],[36.0,-69.0],[36.285714285714285,-69.71428571428572],[36.82222222222222,-70.17777777777778],[37.589743589743584,-70.41025641025641],[38.0,-70.72727272727273],[38.457142857142856,-70.45714285714286],[38.400000000000006,-70.0],[38.51020408163265,-69.51020408163265],[39.0,-69.33333333333334],[40.0,-69.2258064516129],[40.74683544303798,-68.74683544303798],[41.662650602409634,-68.66265060240964],[43.0,-68.11538461538461],[44.0,-68.18181818181817],[45.0,-68.0],[46.0,-68.0],[47.0,-68.5],[47.02836879432624,-68.97163120567376],[47.16666666666667,-69.0],[47.476190476190474,-69.52380952380952],[48.5,-70.0],[50.99999999999999,-70.3],[52.16666666666667,-70.16666666666667],[52.64285714285714,-70.35714285714286],[53.27777777777778,-70.27777777777779],[54.6875,-70.3125],[55.0,-70.5],[56.0,-70.4375],[56.94736842105263,-71.0],[57.14285714285714,-72.0],[58.34146341463414,-72.65853658536585],[58.35,-73.0],[58.62318840579711,-73.3768115942029],[59.23684210526316,-73.76315789473685],[59.33333333333333,-74.0],[59.19565217391305,-74.19565217391305],[56.82222222222222,-74.82222222222222],[55.66666666666667,-75.0],[55.99999999999999,-75.05],[56.52941176470588,-75.47058823529412],[56.59375,-76.0],[56.57142857142857,-76.57142857142857],[55.857142857142854,-77.0],[55.875,-78.125],[56.400000000000006,-78.60000000000001],[57.0,-78.61538461538461],[57.72727272727273,-78.0],[57.272727272727266,-77.0],[58.0,-76.33333333333334],[58.25806451612903,-76.25806451612902],[58.605633802816904,-76.3943661971831],[59.264150943396224,-76.26415094339623],[59.269230769230774,-76.0],[59.565714285714286,-75.5657142857143],[60.00000000000001,-75.26923076923077],[60.584415584415595,-75.41558441558442],[61.0,-75.76190476190476],[61.86206896551724,-75.86206896551724],[62.714285714285715,-75.71428571428571],[63.0,-75.4],[64.0,-75.42857142857142],[64.3076923076923,-75.69230769230771],[65.0,-75.72],[65.6923076923077,-75.0],[65.58974358974359,-74.58974358974359],[65.81818181818181,-74.18181818181819],[65.26666666666667,-74.26666666666667],[65.0,-74.10000000000001],[64.33333333333334,-74.0],[65.16666666666666,-73.16666666666667],[65.14285714285714,-73.0],[66.0,-72.4],[66.38709677419355,-72.61290322580645],[67.0,-72.69565217391305],[68.0,-72.33333333333334],[69.0,-72.66666666666667],[69.44444444444444,-72.55555555555556],[69.66666666666667,-72.66666666666667],[69.66666666666667,-72.33333333333334],[70.09523809523809,-71.9047619047619],[71.0,-72.0],[71.73913043478261,-72.26086956521739],[73.0,-72.26666666666667],[74.5,-72.0],[72.5,-71.0],[74.38095238095238,-70.38095238095238],[75.0,-70.0],[75.4,-70.60000000000001],[75.33333333333334,-71.0],[75.5,-71.5],[76.0,-71.71428571428572],[77.0,-71.75],[78.0,-72.14285714285715],[79.33333333333334,-71.66666666666667],[79.75,-71.75],[79.6,-71.4],[79.75,-70.75],[80.0,-70.33333333333334],[80.24242424242425,-70.75757575757575],[80.8,-71.0],[80.75,-71.25],[81.0,-72.0],[81.71428571428571,-71.71428571428571],[82.28571428571428,-71.71428571428571],[83.44444444444443,-71.44444444444444],[84.0,-71.0],[85.0,-71.33333333333334],[85.5,-71.0],[85.25,-70.75],[84.52941176470588,-70.47058823529412],[84.42857142857142,-70.0],[84.74193548387098,-69.74193548387098],[86.7,-69.69999999999999],[88.0,-69.4],[89.0,-69.45454545454545],[89.3125,-69.3125],[89.63157894736844,-68.63157894736842],[90.0,-68.3],[90.46153846153847,-68.46153846153847],[90.60000000000001,-68.4],[90.55555555555556,-68.55555555555556],[90.81818181818181,-69.18181818181819],[91.0,-69.28571428571428],[93.0,-69.46666666666667],[93.25454545454545,-69.25454545454545],[94.0,-69.03571428571429],[95.14035087719297,-69.14035087719299],[95.4,-69.0],[95.0,-68.0],[96.33333333333334,-67.33333333333334],[96.55555555555556,-67.0],[96.88571428571429,-66.88571428571429],[97.14285714285714,-67.0],[97.37037037037035,-67.62962962962963],[100.11235955056179,-67.88764044943821],[101.0,-68.25],[102.0,-68.16666666666667],[103.0,-68.25806451612902],[104.0,-68.68181818181819],[105.00000000000001,-68.33333333333334],[106.0,-68.53333333333333],[106.43243243243244,-68.43243243243244],[107.0,-68.0],[108.0,-68.25],[108.28571428571428,-68.0],[110.0,-67.6046511627907],[111.08421052631579,-67.91578947368421],[111.60000000000001,-68.4],[112.33333333333334,-68.66666666666667],[112.6,-69.0],[112.58620689655172,-69.41379310344827],[113.0,-69.75],[113.63636363636364,-69.63636363636364],[114.19999999999999,-69.2],[114.14285714285715,-69.0],[115.0,-68.53846153846155],[119.0909090909091,-69.0909090909091],[119.18181818181817,-68.81818181818181],[118.85714285714286,-68.14285714285714],[118.9090909090909,-68.0],[120.25,-68.0],[120.60000000000001,-68.4],[121.0,-68.54545454545455],[121.36363636363636,-68.36363636363636],[121.66666666666666,-68.0],[122.72727272727272,-67.72727272727272],[123.0,-66.98823529411766],[124.0,-67.0],[124.57142857142858,-67.42857142857143],[125.875,-68.0],[126.0,-68.25],[126.22222222222223,-68.22222222222223],[126.58620689655173,-68.41379310344828],[127.26086956521739,-68.26086956521739],[127.5263157894737,-67.52631578947368],[128.0,-67.25],[129.0,-67.9090909090909],[129.73333333333332,-67.73333333333333],[130.0,-67.0],[130.8840579710145,-66.88405797101449],[135.04255319148936,-66.95744680851064],[136.0,-67.71428571428571],[138.0,-67.38461538461539],[138.3030303030303,-67.30303030303031],[138.625,-67.0],[139.0,-66.95652173913042],[140.9047619047619,-67.0952380952381],[142.0,-67.5],[144.0,-67.4],[145.0,-67.125],[146.35294117647058,-67.35294117647058],[146.60000000000002,-67.0],[147.02941176470588,-66.97058823529412],[147.1818181818182,-67.0],[147.1818181818182,-67.18181818181819],[147.0,-68.0],[147.4,-68.60000000000001],[148.4516129032258,-68.45161290322581],[149.0,-68.0],[149.43478260869566,-68.56521739130434],[150.0,-69.0],[151.0,-68.46153846153845],[153.21428571428572,-68.21428571428571],[153.5,-68.0],[152.88888888888889,-67.11111111111111],[153.0,-66.66666666666667],[153.28571428571428,-66.28571428571428],[153.71428571428572,-66.28571428571428],[154.5,-66.0],[155.0,-65.33333333333334],[155.44444444444446,-65.55555555555556],[155.2,-66.0],[156.0,-67.0],[157.0,-66.91304347826087],[157.5,-66.5],[157.77777777777777,-66.0],[157.38181818181818,-65.61818181818182],[157.0,-65.36363636363636],[155.52,-65.47999999999999],[155.0,-64.8],[154.0,-64.4],[153.8,-64.2],[152.0,-64.0],[151.8,-63.2],[151.25,-63.0],[151.16666666666666,-62.833333333333336],[149.23529411764707,-62.76470588235294],[146.0,-63.0],[145.0,-62.5],[144.85185185185185,-62.14814814814815],[142.28571428571428,-61.71428571428571],[141.0,-61.0],[140.15384615384616,-60.84615384615384],[140.0,-60.66666666666667],[139.0,-61.0],[138.0,-61.0],[138.0,-60.0],[137.0,-60.0],[136.66666666666669,-61.0],[136.22222222222223,-61.22222222222223],[136.0,-61.18181818181819],[135.94594594594594,-61.05405405405405],[135.33333333333334,-61.0],[135.0,-60.66666666666667],[133.60000000000002,-60.400000000000006],[133.0,-60.0],[132.0,-58.800000000000004],[131.0,-59.0],[129.8181818181818,-58.81818181818182],[126.00000000000001,-58.66666666666667],[125.0,-59.0],[124.0,-59.0],[123.44444444444444,-59.44444444444444],[122.0,-59.75],[120.0,-60.0],[118.0,-60.0],[117.0,-61.0],[116.0,-60.75],[115.83333333333334,-61.0],[115.1,-61.1],[115.0,-61.45454545454545],[114.625,-61.625],[113.0,-62.0],[112.0,-62.0],[110.0,-61.46153846153847],[109.0,-61.800000000000004],[107.66666666666669,-62.0],[104.0,-62.15217391304348],[101.0,-62.0],[100.60000000000001,-61.400000000000006],[100.0,-61.0],[100.5,-60.5],[100.66666666666666,-60.0],[100.9047619047619,-59.9047619047619],[100.9,-59.0],[100.64102564102565,-58.35897435897436],[100.22222222222223,-58.0],[100.0,-57.5],[99.71428571428571,-56.285714285714285],[99.25806451612902,-56.25806451612903],[98.9,-56.0],[98.81132075471697,-55.18867924528302],[98.54545454545453,-55.0],[98.41379310344828,-54.58620689655173],[98.0,-54.0],[97.92857142857143,-52.0],[98.5,-51.5],[98.6923076923077,-51.0],[99.52941176470587,-50.529411764705884],[100.0,-49.827586206896555],[100.6875,-49.6875],[101.0,-48.909090909090914],[101.83333333333334,-48.83333333333333],[102.0,-48.0],[102.94594594594595,-47.945945945945944],[103.0,-47.66666666666667],[103.5,-47.0],[104.09302325581395,-46.906976744186046],[105.0,-47.0],[105.76,-46.760000000000005],[106.0,-46.5],[108.00000000000001,-46.333333333333336],[108.22222222222223,-46.22222222222222],[108.55555555555556,-45.55555555555556],[109.33333333333334,-45.66666666666667],[110.0,-46.333333333333336],[110.25,-46.0],[110.25,-45.0],[110.80000000000001,-44.0],[111.42105263157895,-43.421052631578945],[111.5,-43.0],[111.78947368421052,-42.78947368421053],[112.0,-42.333333333333336],[112.33333333333334,-42.0],[113.45161290322581,-41.45161290322581],[113.875,-41.0],[113.86666666666667,-39.86666666666667],[114.0,-39.666666666666664],[115.0,-39.5],[115.3,-39.3],[115.5,-39.0],[115.57142857142858,-38.57142857142857],[116.23529411764706,-38.23529411764706],[116.5,-37.5],[117.0,-37.0],[118.35294117647058,-36.647058823529406],[118.69230769230771,-36.69230769230769],[118.77777777777777,-36.22222222222222],[118.96923076923076,-35.96923076923077],[120.7142857142857,-35.71428571428571],[121.45000000000002,-35.45],[122.0,-34.333333333333336],[123.00000000000001,-34.333333333333336],[123.4,-34.6],[123.4,-35.0],[123.61290322580645,-35.38709677419355],[124.0,-35.599999999999994],[124.41379310344827,-35.41379310344828],[124.6,-35.0],[124.60000000000001,-34.400000000000006],[124.0,-34.0],[125.0,-33.5],[125.60000000000001,-32.6],[126.4,-32.4],[126.75,-32.0],[126.5,-31.0],[126.0,-30.0],[127.0952380952381,-29.095238095238095],[127.55555555555554,-28.555555555555554],[128.0,-28.400000000000002],[130.68421052631578,-28.315789473684212],[135.0,-28.57142857142857],[135.28571428571428,-28.71428571428571],[135.6923076923077,-29.307692307692307],[136.0,-29.5],[137.0,-29.444444444444443],[137.41666666666669,-29.583333333333336],[137.9,-30.099999999999998]],[[149.0,-69.33333333333334],[146.92,-69.08],[146.42105263157893,-68.57894736842105],[146.0,-68.6],[144.54838709677418,-69.54838709677419],[143.78947368421052,-70.78947368421052],[142.45454545454544,-71.45454545454545],[141.0,-71.57142857142857],[140.0,-71.92857142857143],[138.6153846153846,-71.38461538461539],[138.25,-70.75],[137.60563380281693,-70.3943661971831],[137.2962962962963,-69.7037037037037],[137.0,-69.5],[135.0,-69.46666666666667],[134.62790697674419,-69.62790697674419],[134.3181818181818,-70.31818181818181],[134.21153846153845,-71.0],[134.46153846153848,-71.53846153846153],[135.77777777777777,-72.0],[135.77777777777777,-72.22222222222223],[136.0,-72.4],[137.0,-72.28571428571429],[137.4878048780488,-72.51219512195122],[138.07407407407408,-72.92592592592592],[138.5263157894737,-73.47368421052632],[139.13953488372093,-73.86046511627907],[139.3,-74.3],[139.2,-75.0],[140.0,-75.8],[140.33333333333334,-75.66666666666667],[140.28571428571428,-77.28571428571428],[140.0,-77.5],[139.8181818181818,-76.81818181818181],[139.8181818181818,-76.18181818181819],[139.37037037037038,-76.37037037037037],[137.83333333333331,-76.0],[137.3030303030303,-75.69696969696969],[137.0,-75.73684210526316],[134.95238095238093,-75.04761904761905],[135.0909090909091,-73.9090909090909],[134.60000000000002,-73.4],[134.0,-73.37037037037037],[133.5211267605634,-73.52112676056339],[133.23529411764704,-74.23529411764706],[131.86666666666667,-74.86666666666666],[131.58823529411762,-75.58823529411764],[131.22222222222223,-76.0],[131.72,-76.28],[133.0,-76.36363636363636],[134.14285714285714,-76.85714285714286],[135.08695652173913,-76.91304347826087],[135.60000000000002,-77.4],[136.35897435897436,-77.64102564102564],[138.0,-77.86206896551724],[138.90243902439025,-77.90243902439025],[139.2,-77.8],[139.66666666666669,-78.0],[138.55555555555554,-78.55555555555554],[138.0,-79.0],[137.6,-79.6],[137.5,-80.0],[139.4,-80.60000000000001],[141.1904761904762,-80.80952380952381],[142.44444444444443,-81.55555555555556],[146.0,-81.78571428571429],[146.75,-82.0],[148.8095238095238,-83.19047619047619],[150.0,-83.35],[151.23529411764707,-83.23529411764707],[153.0,-82.8],[155.0,-82.8],[155.4,-82.4],[156.16666666666666,-82.00000000000001],[156.33333333333334,-81.0],[156.15384615384616,-80.84615384615384],[154.8181818181818,-80.81818181818181],[154.0,-81.0],[153.73333333333335,-80.26666666666667],[153.80952380952382,-79.80952380952381],[155.0,-79.4],[156.22222222222223,-79.22222222222223],[156.52941176470586,-78.52941176470587],[157.0,-78.2],[157.58333333333334,-78.41666666666667],[159.0,-78.42857142857142],[159.26086956521738,-78.26086956521739],[159.375,-78.0],[157.58333333333334,-77.58333333333334],[157.25,-77.75],[157.0,-77.5],[156.875,-77.0],[155.42857142857142,-76.0],[155.33333333333334,-75.66666666666667],[154.71428571428572,-75.28571428571428],[153.89999999999998,-75.0],[155.0,-74.7],[156.0,-74.6],[157.0,-74.66666666666667],[157.5,-75.0],[157.9111111111111,-75.08888888888889],[160.0,-75.06666666666666],[160.07142857142858,-73.92857142857143],[160.26923076923077,-73.26923076923077],[160.1590909090909,-72.8409090909091],[158.8,-72.19999999999999],[157.88888888888889,-71.0],[155.65116279069767,-70.34883720930233],[155.375,-70.0],[155.36,-69.64],[155.0,-69.4],[154.0,-69.6],[152.0,-69.09677419354838],[150.77419354838707,-69.2258064516129],[150.0,-69.0],[149.0,-69.33333333333334]],[[129.0,-78.5],[128.64864864864865,-78.35135135135134],[128.45833333333334,-78.0],[128.4313725490196,-77.56862745098039],[128.0,-77.08333333333333],[127.5,-77.0],[129.0,-76.81818181818183],[129.4931506849315,-76.4931506849315],[129.85714285714286,-76.0],[128.95555555555555,-75.04444444444444],[128.6216216216216,-74.37837837837839],[128.22222222222223,-74.0],[128.6,-73.0],[128.2,-72.8],[127.75999999999999,-72.75999999999999],[125.82608695652175,-73.17391304347827],[124.85714285714286,-73.14285714285714],[124.66666666666669,-72.33333333333334],[124.0,-72.0],[124.33333333333334,-71.33333333333334],[124.33333333333334,-71.0],[124.08695652173913,-70.91304347826087],[123.5,-71.0],[123.4,-71.4],[123.0,-71.5],[122.66666666666667,-71.33333333333334],[122.66666666666667,-71.0],[122.0,-70.81818181818181],[121.33333333333333,-71.0],[121.22222222222223,-71.22222222222221],[120.84615384615385,-71.15384615384616],[120.28571428571428,-71.28571428571428],[119.77777777777777,-71.22222222222221],[119.1,-70.9],[118.0,-71.0],[117.26666666666667,-70.73333333333333],[116.0,-70.5],[115.13333333333333,-69.86666666666667],[114.80000000000001,-69.8],[114.66666666666667,-70.0],[114.18181818181819,-70.18181818181819],[113.0,-70.4],[112.0,-70.0],[111.0,-70.4],[110.81818181818181,-70.18181818181819],[110.0,-69.875],[108.57894736842104,-70.57894736842104],[108.11111111111111,-71.0],[108.44444444444444,-71.55555555555554],[109.0,-71.88888888888889],[110.08695652173914,-71.91304347826087],[110.16666666666667,-72.0],[110.06451612903226,-72.06451612903226],[109.0,-72.05],[108.22222222222223,-72.22222222222223],[107.57142857142858,-72.57142857142857],[107.14285714285714,-73.0],[105.0,-73.33333333333333],[99.27272727272727,-73.27272727272727],[98.56521739130434,-73.56521739130434],[98.28571428571428,-74.0],[98.65517241379311,-74.34482758620689],[102.20689655172413,-75.79310344827587],[105.14285714285715,-76.0],[105.44444444444444,-76.55555555555556],[106.0,-76.75],[107.0,-76.77777777777779],[107.66666666666669,-77.0],[108.36363636363636,-77.63636363636364],[109.0909090909091,-77.9090909090909],[110.99999999999999,-78.23076923076923],[113.0,-78.85714285714286],[114.0,-78.77777777777777],[116.0,-79.0],[117.0,-80.0],[118.15384615384616,-80.15384615384616],[119.0,-80.0],[121.0,-80.66666666666667],[123.0,-80.6],[123.28571428571428,-80.71428571428572],[125.15384615384616,-80.84615384615384],[125.69230769230771,-81.3076923076923],[126.0,-81.4],[130.0,-81.57142857142857],[131.86206896551724,-82.13793103448276],[133.0,-82.07692307692308],[135.31578947368422,-82.3157894736842],[136.0,-82.0],[134.46153846153848,-81.53846153846155],[133.55555555555554,-80.44444444444444],[131.0,-80.28571428571429],[130.6,-80.0],[131.0,-79.71428571428572],[132.26086956521738,-79.26086956521739],[132.33333333333334,-79.0],[132.13953488372093,-78.86046511627907],[129.0,-78.5]],[[131.0,-40.0],[130.0,-40.0],[130.0,-41.0],[131.0,-41.0],[131.0,-42.0],[132.71428571428572,-42.285714285714285],[133.0,-42.5],[134.0,-42.333333333333336],[134.4,-42.4],[135.0,-42.0],[135.0,-43.0],[136.0,-43.0],[136.5,-42.5],[136.66666666666666,-42.0],[136.75,-40.0],[136.0,-38.0],[136.0,-37.0],[134.0,-35.0],[130.0,-35.0],[130.0,-33.0],[129.28571428571428,-32.71428571428571],[129.0,-32.0],[128.0,-33.0],[127.66666666666669,-33.66666666666667],[127.6,-34.400000000000006],[128.0,-35.0],[127.0,-35.0],[126.66666666666667,-36.0],[127.0,-36.5],[127.4,-36.400000000000006],[128.0,-36.0],[129.0,-36.0],[129.0,-38.0],[131.0,-38.0],[131.0,-40.0]],[[158.41176470588235,-69.0],[158.7560975609756,-69.2439024390244],[159.0,-69.25641025641025],[159.1904761904762,-69.19047619047619],[159.23809523809524,-68.76190476190476],[159.0,-68.52380952380952],[158.67741935483872,-68.67741935483872],[158.41176470588235,-69.0]],[[163.0909090909091,-69.9090909090909],[163.0,-69.83333333333334],[162.95454545454547,-69.95454545454545],[162.27272727272725,-70.27272727272727],[162.0,-70.6],[161.9646017699115,-71.03539823008849],[163.18691588785046,-71.18691588785046],[163.29850746268656,-70.70149253731343],[163.06451612903226,-70.06451612903226],[163.76470588235293,-70.23529411764707],[164.66666666666669,-70.0],[163.7142857142857,-69.71428571428572],[163.0909090909091,-69.9090909090909]],[[109.16666666666667,-80.0],[108.0,-79.6],[107.1,-79.00000000000001],[107.00000000000001,-78.80000000000001],[105.73913043478261,-78.26086956521739],[104.93333333333334,-78.06666666666668],[104.44444444444444,-77.55555555555556],[104.0,-77.42857142857143],[103.0,-78.08333333333334],[101.81818181818181,-78.18181818181819],[100.0,-78.0],[99.16666666666667,-78.16666666666667],[99.3,-78.7],[99.2,-79.0],[99.61290322580645,-79.38709677419355],[100.0,-79.47999999999999],[103.0,-79.36666666666666],[103.53571428571429,-79.46428571428571],[104.32142857142856,-79.67857142857143],[105.0,-80.4],[107.78947368421052,-80.78947368421052],[108.57142857142857,-80.57142857142857],[109.16666666666667,-80.0]],[[113.0,-85.0],[115.0,-85.66666666666666],[116.47058823529412,-85.47058823529412],[116.80000000000001,-85.0],[115.00000000000001,-84.85714285714286],[113.0,-85.0]],[[121.55555555555556,-85.44444444444444],[122.0,-85.66666666666666],[125.53846153846155,-85.53846153846155],[127.33333333333334,-85.0],[125.0,-84.66666666666667],[122.86666666666666,-84.86666666666667],[122.00000000000001,-84.8],[121.33333333333333,-85.0],[121.55555555555556,-85.44444444444444]],[[-33.84210526315789,-77.15789473684211],[-35.0,-77.36],[-36.0,-77.13333333333333],[-37.32,-77.32],[-37.84615384615385,-77.15384615384616],[-39.0,-77.2],[-39.65217391304348,-76.65217391304348],[-41.5,-77.0],[-40.72727272727273,-77.72727272727272],[-40.7,-78.0],[-41.0,-78.1875],[-44.46153846153847,-78.53846153846155],[-45.27906976744186,-78.72093023255815],[-45.857142857142854,-79.0],[-45.333333333333336,-79.33333333333334],[-44.0,-79.70588235294117],[-43.0,-79.44827586206895],[-41.0,-79.3421052631579],[-40.0,-79.81818181818181],[-38.5,-80.0],[-38.71428571428571,-80.28571428571428],[-39.333333333333336,-80.66666666666667],[-40.0,-80.66666666666667],[-40.121212121212125,-80.87878787878788],[-42.0,-81.0],[-42.71428571428571,-81.28571428571428],[-44.400000000000006,-81.60000000000001],[-46.0,-81.5],[-47.0,-81.19999999999999],[-51.0,-81.25],[-52.0,-81.75],[-53.0,-82.0],[-51.0,-82.75],[-50.0,-82.5],[-48.0,-82.8],[-44.75,-82.75],[-43.0,-83.25],[-39.0,-83.25],[-38.0,-83.5],[-37.0,-83.33333333333334],[-35.0,-83.33333333333334],[-34.0,-83.5],[-33.0,-83.33333333333334],[-32.0,-83.66666666666667],[-31.0,-83.5],[-30.0,-83.5],[-29.0,-83.66666666666667],[-28.0,-83.5],[-26.666666666666668,-83.66666666666667],[-26.0,-84.0],[-26.5,-84.5],[-28.0,-84.5],[-28.400000000000002,-84.60000000000001],[-29.0,-85.0],[-28.200000000000003,-85.2],[-27.0,-85.25],[-26.0,-85.0],[-25.0,-85.0],[-25.0,-84.0],[-23.0,-84.0],[-22.4,-84.4],[-22.0,-84.5],[-21.6,-84.4],[-21.0,-84.0],[-20.0,-84.0],[-20.0,-86.0],[-19.0,-86.42857142857142],[-17.0,-86.33333333333334],[-16.0,-86.0],[-15.0,-86.2],[-14.5,-86.0],[-14.285714285714285,-85.71428571428571],[-13.666666666666668,-85.33333333333334],[-13.0,-85.25],[-12.0,-85.25],[-11.333333333333334,-85.33333333333334],[-11.0,-85.5],[-9.818181818181818,-85.18181818181819],[-4.0,-85.0],[-4.6,-84.60000000000001],[-4.666666666666667,-84.0],[-5.589743589743589,-83.58974358974359],[-9.0,-83.14285714285714],[-10.0,-82.69999999999999],[-11.0,-82.6],[-12.275862068965516,-82.27586206896552],[-13.0,-81.80000000000001],[-14.0,-81.5],[-17.0,-81.5],[-18.0,-81.25],[-19.0,-81.33333333333334],[-20.22222222222222,-81.22222222222223],[-21.0,-81.0],[-21.0,-80.0],[-17.137931034482758,-79.86206896551724],[-16.31578947368421,-79.68421052631578],[-15.714285714285712,-79.28571428571428],[-15.5,-79.0],[-15.92,-77.92],[-17.0,-77.5],[-19.166666666666668,-77.16666666666666],[-19.6,-77.0],[-20.0,-76.75],[-21.0,-75.6923076923077],[-23.6,-75.60000000000001],[-24.0,-75.16666666666666],[-24.454545454545453,-75.54545454545455],[-26.0,-76.13333333333334],[-26.849056603773583,-75.84905660377359],[-27.000000000000004,-75.66666666666667],[-27.148148148148145,-75.85185185185185],[-28.0,-76.16666666666667],[-29.25,-76.0],[-29.18181818181818,-76.18181818181819],[-29.425531914893615,-76.57446808510637],[-29.350877192982452,-77.35087719298245],[-29.0,-77.83333333333333],[-28.333333333333336,-78.0],[-28.6,-78.4],[-29.0,-78.5],[-29.266666666666666,-78.73333333333333],[-29.999999999999996,-78.76923076923077],[-31.368421052631582,-78.36842105263158],[-31.79591836734694,-77.79591836734694],[-32.5,-77.5],[-33.84210526315789,-77.15789473684211]],[[-4.086956521739131,-77.08695652173913],[-3.875,-77.0],[-5.000000000000001,-76.94736842105263],[-5.142857142857143,-77.0],[-4.086956521739131,-77.08695652173913]],[[15.0,-80.9090909090909],[14.5,-81.0],[14.933333333333334,-81.06666666666666],[15.25,-81.0],[15.0,-80.9090909090909]],[[30.272727272727273,-80.0],[30.6,-80.4],[31.0,-80.57142857142858],[31.372093023255815,-80.37209302325581],[31.5,-80.0],[31.275862068965516,-79.72413793103448],[31.0,-79.61904761904762],[30.272727272727273,-80.0]],[[34.0,-73.4],[34.4,-73.0],[34.0,-72.85714285714286],[33.6,-73.0],[33.733333333333334,-73.26666666666668],[34.0,-73.4]],[[41.0,-79.8076923076923],[40.239999999999995,-79.75999999999999],[37.0,-79.125],[36.0,-79.44444444444446],[35.0,-80.0],[35.46153846153847,-80.53846153846153],[36.73913043478261,-81.26086956521739],[38.0,-81.45454545454545],[40.68421052631579,-80.68421052631578],[42.0,-80.63636363636364],[42.5,-80.5],[43.13333333333333,-80.13333333333334],[43.125,-80.0],[42.349999999999994,-79.65],[41.0,-79.8076923076923]],[[38.55555555555556,-71.44444444444444],[39.0,-71.8],[39.38095238095238,-71.38095238095238],[39.13559322033898,-70.86440677966101],[38.57894736842105,-70.57894736842104],[38.42857142857143,-71.0],[38.55555555555556,-71.44444444444444]],[[39.8125,-72.1875],[40.0,-72.75],[40.315789473684205,-72.3157894736842],[40.333333333333336,-72.0],[39.647058823529406,-71.6470588235294],[39.25,-72.0],[39.8125,-72.1875]],[[43.0,-74.4],[43.25,-74.0],[43.0,-73.81818181818181],[42.8,-74.0],[42.78947368421053,-74.21052631578948],[43.0,-74.4]],[[45.0,-81.33333333333334],[44.55555555555555,-81.55555555555556],[44.333333333333336,-82.0],[44.80952380952381,-82.19047619047619],[46.0,-82.22222222222223],[46.66666666666667,-82.0],[45.0,-81.33333333333334]],[[50.0,-76.85294117647058],[49.73684210526316,-77.0],[50.0,-77.1923076923077],[50.714285714285715,-77.0],[50.0,-76.85294117647058]],[[52.72727272727272,-77.27272727272727],[54.270270270270274,-77.27027027027027],[54.625,-77.0],[54.55555555555556,-76.44444444444444],[54.0,-76.0909090909091],[53.6078431372549,-76.6078431372549],[51.4,-77.0],[52.72727272727272,-77.27272727272727]],[[59.21052631578948,-77.78947368421052],[58.42857142857143,-78.0],[59.0,-78.14814814814815],[60.0,-78.0],[59.21052631578948,-77.78947368421052]],[[62.0,-78.66666666666667],[63.72727272727272,-78.72727272727272],[64.0,-78.66666666666667],[64.32432432432432,-78.32432432432432],[64.3157894736842,-78.0],[64.0,-77.71428571428572],[63.0,-77.43478260869566],[62.0,-77.36363636363636],[60.53333333333333,-77.46666666666667],[60.333333333333336,-77.33333333333334],[60.0,-78.0],[62.0,-78.66666666666667]],[[68.0,-79.20833333333333],[69.18604651162791,-79.18604651162791],[69.8,-79.0],[69.21052631578947,-78.78947368421052],[66.7037037037037,-78.7037037037037],[66.0,-78.75],[65.6,-79.0],[68.0,-79.20833333333333]],[[88.0,-76.06666666666666],[88.5,-76.0],[87.99999999999999,-75.91666666666666],[88.0,-76.06666666666666]],[[89.0,-70.85714285714286],[88.875,-71.0],[89.0,-71.0909090909091],[89.08,-70.92],[89.0,-70.85714285714286]],[[90.51020408163265,-73.48979591836735],[91.0,-73.8],[92.63636363636364,-73.63636363636363],[94.0,-73.36363636363636],[94.8,-73.0],[94.42105263157895,-72.57894736842104],[94.0,-72.42857142857143],[91.0,-72.57142857142857],[90.19999999999999,-73.0],[90.51020408163265,-73.48979591836735]],[[94.63999999999999,-70.64],[93.93333333333334,-71.0],[94.24000000000001,-71.75999999999999],[96.0,-71.95348837209303],[96.9298245614035,-71.9298245614035],[97.57142857142858,-71.57142857142858],[97.70588235294119,-71.0],[97.40677966101696,-70.59322033898306],[96.67164179104478,-70.32835820895522],[96.0,-70.31666666666666],[94.63999999999999,-70.64]],[[98.0,-83.11764705882354],[99.5,-83.0],[98.07407407407408,-82.92592592592592],[97.5,-83.0],[98.0,-83.11764705882354]],[[100.82352941176471,-71.1764705882353],[101.0,-71.42857142857142],[102.23809523809524,-71.76190476190476],[104.70731707317074,-71.70731707317074],[105.45,-71.45],[105.81818181818181,-71.0],[105.36,-70.64],[103.0,-70.35294117647058],[100.88461538461539,-70.88461538461539],[100.82352941176471,-71.1764705882353]],[[126.60000000000001,-70.0],[126.72413793103448,-70.27586206896552],[127.92592592592592,-71.07407407407408],[129.125,-71.125],[129.1904761904762,-70.80952380952381],[128.91666666666669,-70.0],[128.40740740740742,-69.5925925925926],[128.0,-69.47619047619048],[126.73333333333333,-69.73333333333332],[126.60000000000001,-70.0]],[[160.0,-81.0],[159.17391304347825,-80.82608695652175],[159.0,-80.6],[158.0,-81.0],[159.15384615384616,-81.15384615384615],[160.0,-81.0]],[[165.0,-81.43589743589743],[165.8095238095238,-81.0],[165.0,-80.63829787234043],[164.0,-80.90697674418605],[161.0,-81.0],[163.0,-81.0909090909091],[165.0,-81.43589743589743]],[[121.0,-36.833333333333336],[120.66666666666667,-37.0],[121.0,-37.16666666666667],[121.5,-37.0],[121.0,-36.833333333333336]],[[103.33333333333334,-83.0],[100.5,-83.0],[101.08333333333334,-83.08333333333334],[103.33333333333334,-83.0]],[[108.0,-84.0625],[109.19999999999999,-84.2],[109.66666666666666,-84.0],[106.86206896551724,-83.86206896551724],[105.88235294117646,-83.88235294117648],[105.75,-84.0],[107.0,-84.11764705882352],[108.0,-84.0625]],[[-35.0,-87.0],[-34.0,-87.14285714285715],[-33.5,-87.0],[-33.66666666666667,-86.66666666666667],[-34.0,-86.5],[-34.5,-86.5],[-35.0,-86.0],[-35.0,-87.0]],[[34.25,-81.0],[34.285714285714285,-80.71428571428572],[34.0,-80.5],[33.75,-81.0],[34.095238095238095,-81.09523809523809],[34.25,-81.0]],[[52.93333333333334,-79.0],[55.0,-79.0952380952381],[55.5,-79.0],[55.2,-78.8],[52.93333333333334,-79.0]]],[[[39.5,-56.0],[39.0,-56.22772277227723],[38.747252747252745,-56.0],[38.792792792792795,-55.792792792792795],[39.0,-55.646153846153844],[39.5,-56.0]]],[[[34.635294117647064,-54.635294117647064],[35.0,-54.55714285714286],[35.28703703703704,-54.71296296296296],[35.436619718309856,-55.0],[35.0,-55.35227272727273],[34.69607843137255,-55.30392156862746],[34.205128205128204,-55.0],[34.635294117647064,-54.635294117647064]]],[[[67.0,-54.63636363636364],[67.44444444444444,-55.0],[67.0,-55.30769230769231],[66.33333333333334,-55.0],[66.60000000000001,-54.6],[67.0,-54.63636363636364]]],[[[63.984848484848484,-54.015151515151516],[63.11904761904762,-54.11904761904762],[62.54545454545455,-54.0],[62.62264150943396,-53.62264150943396],[63.0,-53.375],[63.487804878048784,-53.51219512195122],[64.0,-53.85714285714286],[64.66666666666667,-53.66666666666667],[66.0,-53.92857142857143],[66.25,-54.25],[66.0,-54.333333333333336],[65.6,-55.0],[65.0,-55.375],[64.62962962962963,-54.37037037037037],[63.984848484848484,-54.015151515151516]]],[[[61.18181818181819,-52.81818181818181],[61.166666666666664,-53.0],[60.0,-53.02777777777778],[59.95454545454546,-52.95454545454545],[61.18181818181819,-52.81818181818181]]],[[[57.275862068965516,-53.0],[57.0,-53.11940298507463],[56.83333333333333,-53.0],[56.8,-52.2],[56.625,-52.0],[57.28571428571428,-51.71428571428571],[57.84615384615385,-51.84615384615385],[57.6,-51.400000000000006],[57.808510638297875,-50.808510638297875],[58.0,-50.65384615384615],[59.0,-50.5],[60.0,-50.57692307692308],[60.916666666666664,-51.0],[60.47826086956522,-51.47826086956522],[59.71428571428571,-51.71428571428571],[59.142857142857146,-52.142857142857146],[58.0,-52.086956521739125],[57.41379310344827,-52.41379310344828],[57.275862068965516,-53.0]]],[[[40.68518518518518,-48.68518518518519],[41.0,-48.51428571428571],[43.0,-48.55855855855856],[43.294294294294296,-48.70570570570571],[43.4622641509434,-49.0],[43.35251798561151,-49.35251798561151],[43.0,-49.56321839080459],[41.57948717948718,-49.42051282051282],[40.80232558139535,-49.19767441860465],[40.575,-49.0],[40.68518518518518,-48.68518518518519]]],[[[34.43564356435643,-48.56435643564356],[34.0,-48.352941176470594],[33.76470588235294,-48.0],[34.0,-47.29411764705882],[35.0,-47.22222222222222],[36.0,-47.705882352941174],[37.0,-48.875],[37.22222222222222,-48.77777777777778],[37.10526315789474,-49.0],[36.30588235294118,-49.30588235294118],[36.0,-49.56521739130435],[34.80434782608695,-49.19565217391305],[34.43564356435643,-48.56435643564356]]],[[[37.675213675213676,-47.67521367521367],[38.391752577319586,-47.608247422680414],[38.82608695652174,-48.0],[38.417582417582416,-48.417582417582416],[38.0,-48.52777777777777],[37.55813953488372,-48.441860465116285],[37.42424242424242,-48.0],[37.675213675213676,-47.67521367521367]]],[[[40.16949152542373,-34.16949152542373],[40.03030303030303,-36.03030303030303],[39.269230769230774,-37.0],[39.60714285714286,-38.0],[39.28571428571428,-38.285714285714285],[39.0,-39.34375],[38.0,-39.470588235294116],[37.0,-39.90909090909091],[36.0,-39.63636363636363],[35.69565217391305,-38.69565217391305],[35.69565217391305,-38.30434782608695],[34.98275862068965,-38.0],[34.84848484848485,-37.0],[34.98039215686274,-35.98039215686274],[35.58974358974359,-35.58974358974359],[35.86206896551724,-34.86206896551724],[35.93333333333334,-34.0],[35.82857142857143,-32.17142857142857],[35.4,-32.0],[35.68421052631579,-31.684210526315788],[35.9,-31.0],[37.23728813559322,-30.76271186440678],[37.829787234042556,-30.829787234042552],[38.0,-30.0],[38.92682926829268,-29.926829268292682],[39.0,-29.700000000000003],[39.42424242424242,-29.424242424242426],[39.63636363636363,-29.0],[39.904761904761905,-28.904761904761905],[39.869565217391305,-28.130434782608695],[40.0,-27.684210526315788],[40.40625,-27.40625],[40.519999999999996,-27.0],[41.131147540983605,-26.868852459016395],[41.35820895522388,-27.35820895522388],[41.29787234042553,-27.702127659574465],[42.0,-27.91304347826087],[42.2,-29.0],[42.0,-31.0],[41.563909774436084,-31.56390977443609],[41.0,-33.53846153846154],[40.66666666666667,-33.66666666666667],[40.45454545454545,-34.0],[40.16949152542373,-34.16949152542373]]],[[[72.67391304347825,-32.326086956521735],[72.0625,-32.0],[72.0,-31.0],[73.0,-31.0],[73.6923076923077,-31.30769230769231],[73.9375,-32.0],[73.44776119402985,-32.44776119402985],[72.67391304347825,-32.326086956521735]]],[[[51.07246376811594,-27.92753623188406],[51.263157894736835,-28.0],[51.38461538461539,-28.615384615384613],[51.714285714285715,-29.0],[50.22857142857143,-29.228571428571428],[50.0,-29.66666666666667],[49.77142857142857,-28.771428571428572],[49.85185185185185,-28.148148148148145],[49.333333333333336,-28.0],[49.859649122807014,-27.859649122807017],[51.07246376811594,-27.92753623188406]]],[[[52.0,-38.5],[51.925925925925924,-38.074074074074076],[51.34042553191489,-37.659574468085104],[51.0,-37.714285714285715],[50.583333333333336,-37.416666666666664],[50.411764705882355,-37.0],[51.0,-36.39393939393939],[51.42622950819673,-36.42622950819672],[51.97142857142857,-35.971428571428575],[52.08695652173913,-31.086956521739133],[52.25,-31.0],[52.800000000000004,-30.0],[52.666666666666664,-29.0],[52.900000000000006,-28.900000000000002],[53.142857142857146,-27.857142857142858],[53.142857142857146,-27.142857142857142],[53.5,-27.0],[53.60000000000001,-26.6],[54.0,-26.0],[54.125,-25.125],[54.33333333333334,-25.0],[54.2,-24.8],[53.25,-24.75],[52.6,-24.400000000000002],[52.5,-24.0],[52.6,-22.6],[53.0,-22.0],[52.6,-21.4],[52.5,-21.0],[52.599999999999994,-20.0],[52.375,-19.625],[51.5,-19.0],[51.400000000000006,-17.6],[51.0,-17.0],[51.904761904761905,-16.904761904761905],[51.75757575757576,-16.242424242424242],[52.0,-15.333333333333336],[52.17391304347826,-15.173913043478262],[52.30769230769231,-14.307692307692308],[52.66666666666667,-13.666666666666668],[53.333333333333336,-13.333333333333336],[54.19047619047619,-13.19047619047619],[55.0,-12.75],[57.99999999999999,-12.428571428571427],[58.421052631578945,-12.578947368421051],[59.6,-13.4],[59.916666666666664,-14.083333333333334],[61.23529411764706,-14.764705882352942],[61.63636363636363,-15.363636363636363],[62.23529411764706,-15.764705882352942],[62.900000000000006,-17.1],[63.400000000000006,-17.6],[63.703703703703695,-18.296296296296294],[64.36363636363637,-18.636363636363637],[64.73913043478261,-19.26086956521739],[65.38095238095238,-19.619047619047617],[65.75999999999999,-20.240000000000002],[67.23529411764706,-20.764705882352942],[67.75,-21.25],[69.0,-21.42857142857143],[69.4,-21.6],[69.66666666666667,-22.0],[70.0,-22.22222222222222],[71.46153846153847,-22.53846153846154],[72.0,-23.0],[74.23529411764706,-23.764705882352942],[75.0,-25.0],[75.28571428571428,-26.0],[75.16666666666666,-27.0],[74.71428571428571,-27.714285714285715],[74.21052631578948,-29.210526315789473],[74.0,-29.4],[73.71428571428571,-29.285714285714285],[73.66666666666666,-29.0],[73.30769230769232,-28.692307692307693],[73.0,-28.636363636363633],[72.77142857142857,-28.771428571428572],[72.46666666666667,-29.46666666666667],[71.74193548387098,-29.741935483870968],[71.57894736842105,-30.421052631578945],[72.0,-31.0],[70.0,-31.0],[69.38461538461539,-30.615384615384613],[68.58333333333334,-30.583333333333336],[67.77777777777777,-30.77777777777778],[67.5,-31.0],[66.1311475409836,-31.131147540983605],[64.14285714285714,-32.0],[62.147058823529406,-32.14705882352941],[62.0,-32.333333333333336],[61.266666666666666,-32.266666666666666],[60.400000000000006,-32.4],[60.0,-33.0],[59.026315789473685,-33.026315789473685],[58.31111111111111,-33.31111111111111],[58.03921568627451,-34.03921568627451],[58.0,-35.199999999999996],[57.515151515151516,-35.515151515151516],[57.2,-36.0],[56.38095238095238,-36.38095238095238],[56.07692307692307,-37.0],[56.086021505376344,-40.913978494623656],[55.0,-42.01086956521739],[54.54736842105263,-41.45263157894737],[53.96825396825397,-41.0],[54.39316239316239,-40.39316239316239],[54.88461538461539,-40.0],[55.0,-38.0],[52.09756097560976,-38.09756097560975],[52.0,-38.5]]],[[[43.81818181818182,-24.181818181818183],[43.69230769230769,-24.0],[43.85714285714286,-23.0],[43.729166666666664,-22.0],[44.0,-21.81159420289855],[44.590909090909086,-22.0],[44.70967741935483,-22.29032258064516],[45.0,-22.375],[45.55555555555556,-23.0],[45.15,-24.0],[45.125,-25.0],[45.0,-25.076923076923077],[44.83783783783784,-24.83783783783784],[44.83783783783784,-24.162162162162165],[44.359550561797754,-24.359550561797754],[43.81818181818182,-24.181818181818183]]],[[[42.5,-4.0],[42.63636363636364,-3.6363636363636362],[43.0,-3.6],[43.010666666666665,-4.010666666666666],[42.5,-4.0]]],[[[57.75,-4.0],[57.63636363636364,-3.6363636363636362],[57.71428571428571,-3.2857142857142856],[57.0,-3.0],[58.00537634408602,-2.9946236559139785],[58.01408450704225,-4.014084507042254],[57.75,-4.0]]],[[[56.088235294117645,-2.0],[56.16216216216216,-2.837837837837838],[57.0,-3.0],[55.98412698412698,-3.015873015873016],[55.953125,-2.046875],[55.016666666666666,-2.0166666666666666],[55.0,-1.8333333333333335],[55.015625,-1.984375],[56.088235294117645,-2.0]]],[[[48.0,4.863636363636363],[48.20765027322405,4.2076502732240435],[48.82608695652174,4.0],[48.77142857142857,3.7714285714285714],[49.01492537313433,3.0149253731343286],[49.2,3.0],[49.10526315789473,2.894736842105263],[49.285714285714285,2.2857142857142856],[49.22727272727273,2.0],[49.51428571428571,1.5142857142857142],[50.0,1.2916666666666665],[50.096774193548384,0.09677419354838712],[50.85714285714286,0.14285714285714285],[52.024896265560166,-0.024896265560165998],[50.0,-0.046511627906976716],[49.89312977099237,0.8931297709923665],[47.25,1.0],[47.5,1.5],[48.111111111111114,1.8888888888888888],[48.16666666666667,2.166666666666667],[48.0,2.25],[46.75,2.25],[46.333333333333336,1.6666666666666665],[46.0,1.5],[45.66666666666667,1.6666666666666665],[45.4,2.4],[45.0,3.0],[45.0,8.0],[45.333333333333336,9.0],[45.71428571428571,9.285714285714285],[46.0,9.333333333333334],[46.8,10.0],[46.983193277310924,10.016806722689076],[47.0,8.272727272727273],[46.72727272727273,8.272727272727272],[46.5,8.0],[46.5,7.0],[46.69230769230769,6.6923076923076925],[47.0,6.6000000000000005],[47.25352112676056,5.253521126760563],[48.0,4.863636363636363]]],[[[44.0,10.0],[44.5,9.0],[44.5,8.5],[44.0,8.0],[43.0,8.0],[43.0,10.0],[44.0,10.0]]],[[[46.0,10.363636363636363],[45.51724137931034,10.517241379310345],[45.125,11.0],[45.84782608695652,11.152173913043478],[46.0979020979021,10.902097902097903],[46.0,10.363636363636363]]],[[[44.0,12.0],[44.81481481481482,12.185185185185185],[45.0655737704918,12.065573770491804],[45.19230769230769,11.807692307692307],[45.0,11.09090909090909],[44.16666666666667,11.166666666666668],[44.0,12.0]]],[[[42.11111111111111,13.999999999999998],[42.83673469387755,14.163265306122451],[43.05245901639344,14.052459016393444],[43.15384615384615,13.846153846153847],[43.0,13.11111111111111],[42.22222222222223,13.222222222222221],[42.11111111111111,13.999999999999998]]],[[[41.865546218487395,15.134453781512605],[42.04610951008646,15.046109510086456],[42.16326530612245,14.836734693877553],[41.99999999999999,14.111111111111109],[41.2,14.200000000000001],[41.0,15.0],[41.865546218487395,15.134453781512605]]],[[[40.064516129032256,15.064516129032258],[39.66666666666667,15.333333333333334],[39.0,15.0],[39.333333333333336,15.666666666666668],[39.0,16.333333333333336],[38.5,16.5],[38.333333333333336,17.0],[38.095238095238095,17.095238095238095],[38.0,18.0],[38.72413793103448,18.275862068965516],[39.0,18.19047619047619],[39.22857142857143,17.771428571428572],[39.047619047619044,17.047619047619047],[39.763888888888886,17.236111111111114],[40.083333333333336,17.083333333333336],[40.23287671232877,16.767123287671232],[40.08510638297872,16.085106382978722],[40.724137931034484,16.275862068965516],[41.16783216783217,16.0],[41.26229508196721,15.737704918032787],[41.0,15.0],[40.064516129032256,15.064516129032258]]],[[[37.015037593984964,20.01503759398496],[37.16666666666667,20.0],[37.25,19.75],[37.0,19.0],[36.6,19.6],[36.400000000000006,20.400000000000002],[35.75,20.25],[35.333333333333336,19.666666666666668],[35.0,19.5],[34.5,19.5],[34.0,20.0],[34.5,20.5],[34.666666666666664,21.0],[33.733333333333334,21.266666666666666],[33.18181818181818,21.18181818181818],[33.0,21.5],[32.9938080495356,22.006191950464398],[35.0,22.16891891891892],[36.05012531328321,22.050125313283207],[36.13157894736842,21.86842105263158],[36.04838709677419,21.048387096774196],[36.6,21.0],[36.55555555555556,20.555555555555554],[37.0,20.333333333333332],[37.015037593984964,20.01503759398496]]],[[[45.44444444444444,25.444444444444443],[45.83333333333333,24.833333333333332],[46.57894736842105,24.57894736842105],[47.0,24.0],[48.30769230769231,23.307692307692307],[48.5,23.0],[49.344827586206904,22.344827586206897],[49.77777777777778,21.77777777777778],[50.41176470588235,21.41176470588235],[50.77142857142857,20.771428571428572],[51.400000000000006,20.400000000000002],[51.66666666666667,19.666666666666668],[51.714285714285715,19.0],[51.55555555555556,18.444444444444443],[51.0,18.0],[50.00000000000001,18.266666666666666],[49.71428571428571,18.714285714285715],[48.63636363636363,19.0],[48.0,19.583333333333336],[47.90384615384616,19.903846153846153],[46.91428571428571,20.0],[46.72093023255814,20.72093023255814],[46.22857142857143,20.771428571428572],[45.94244604316547,20.942446043165468],[45.0,21.0],[44.82905982905983,21.82905982905983],[43.98367346938776,21.983673469387757],[43.75903614457832,22.759036144578314],[42.9622641509434,22.962264150943398],[42.710144927536234,23.71014492753623],[42.0,23.89090909090909],[41.56521739130435,24.565217391304348],[40.6551724137931,25.0],[40.35514018691589,25.35514018691589],[39.24,26.0],[38.64963503649635,26.64963503649635],[38.04,27.0],[38.25806451612903,27.741935483870968],[39.0,27.857142857142858],[41.0,27.714285714285715],[41.2,27.2],[41.138888888888886,27.0],[41.46153846153846,26.461538461538463],[42.23300970873787,26.233009708737864],[44.5,26.0],[45.44444444444444,25.444444444444443]]],[[[38.57142857142857,61.57142857142857],[38.25,62.0],[39.0,62.75],[39.6,62.6],[40.0,62.0],[39.5,61.5],[39.0,61.400000000000006],[38.57142857142857,61.57142857142857]]],[[[46.0,68.75],[45.59090909090909,68.4090909090909],[44.85964912280702,68.14035087719299],[44.41860465116279,67.5813953488372],[43.54545454545455,67.0],[42.79310344827586,65.20689655172413],[42.76,64.76],[43.400000000000006,64.4],[44.2,64.2],[44.375,64.0],[44.26086956521739,63.73913043478261],[42.6,63.400000000000006],[42.0,63.0],[41.0,63.0],[40.63636363636364,63.63636363636363],[40.66666666666667,64.0],[40.0,64.8],[39.666666666666664,65.0],[40.0,65.5],[40.333333333333336,66.66666666666667],[41.0,67.5],[41.22222222222222,68.22222222222223],[41.14285714285714,68.85714285714286],[42.0,69.0],[42.6,69.4],[43.0,69.5],[43.214285714285715,69.78571428571429],[44.0,69.9],[45.193548387096776,69.80645161290323],[46.652173913043484,70.34782608695652],[48.340425531914896,70.34042553191489],[48.800000000000004,70.0],[48.44444444444444,69.55555555555554],[48.0,69.42857142857142],[47.0,69.5],[46.6,69.4],[46.26086956521739,68.73913043478261],[46.0,68.75]]],[[[58.5,70.0],[58.66666666666667,70.33333333333334],[59.0,70.5],[59.333333333333336,70.33333333333334],[59.5,70.0],[59.400000000000006,69.6],[59.0,69.5],[58.60000000000001,69.6],[58.5,70.0]]],[[[38.5,73.0],[38.0,72.71428571428572],[37.6,73.0],[37.63636363636364,73.36363636363636],[38.0,73.66666666666667],[38.5,73.0]]],[[[42.0,74.05882352941175],[42.083333333333336,74.0],[42.0,73.83333333333334],[41.0,73.33333333333334],[40.53846153846154,73.46153846153847],[40.0,73.0],[40.44444444444444,73.55555555555554],[40.25,74.0],[40.71428571428571,74.28571428571428],[42.0,74.05882352941175]]],[[[66.54545454545455,74.54545454545453],[66.375,75.0],[67.0,75.5],[68.0,75.66666666666667],[69.33333333333334,75.0],[69.30769230769232,74.6923076923077],[69.0,74.6],[68.71428571428571,74.28571428571428],[68.0,74.14285714285714],[67.25,74.25],[66.54545454545455,74.54545454545453]]],[[[65.44444444444444,75.44444444444444],[65.80000000000001,75.0],[65.66666666666667,74.66666666666667],[65.80000000000001,74.2],[65.28571428571428,74.28571428571428],[64.0,74.0],[63.18181818181819,74.18181818181819],[62.0,74.0],[61.1,74.1],[61.0,74.5],[60.60000000000001,74.6],[60.0,75.0],[59.333333333333336,74.66666666666667],[59.0,74.66666666666667],[58.666666666666664,75.0],[57.42857142857143,75.42857142857143],[57.11111111111111,76.0],[57.66666666666667,76.33333333333334],[59.0,76.70833333333333],[60.42857142857143,76.42857142857143],[61.0,76.0],[61.76923076923077,75.76923076923077],[62.78571428571429,75.78571428571428],[64.0,75.33333333333334],[64.42105263157895,75.57894736842104],[65.0,75.63157894736842],[65.44444444444444,75.44444444444444]]],[[[148.0,-87.0],[147.0,-87.2],[146.0,-87.0],[146.66666666666669,-86.66666666666667],[147.28571428571428,-86.71428571428571],[148.0,-87.0]]],[[[150.33333333333334,-86.66666666666667],[150.5,-87.0],[149.83333333333334,-87.16666666666667],[149.0,-87.0],[150.0,-86.66666666666667],[150.33333333333334,-86.66666666666667]]],[[[152.06451612903226,-85.93548387096774],[153.0,-86.0],[152.4,-86.4],[152.0,-86.5],[151.6,-86.4],[151.0,-86.0],[152.06451612903226,-85.93548387096774]]],[[[156.0,-86.0],[155.33333333333334,-86.33333333333334],[154.66666666666669,-86.33333333333334],[154.0,-86.0],[155.07142857142858,-85.92857142857143],[156.0,-86.0]]],[[[157.5,-86.0],[157.25,-86.25],[156.66666666666669,-86.33333333333334],[156.0,-86.0],[157.11764705882354,-85.88235294117648],[157.5,-86.0]]],[[[125.18867924528303,-76.81132075471697],[125.38461538461539,-77.0],[125.2127659574468,-77.2127659574468],[124.0,-77.6],[123.0,-77.44444444444444],[122.20000000000002,-77.0],[124.0,-76.47058823529412],[125.18867924528303,-76.81132075471697]]],[[[141.33333333333334,-75.66666666666667],[140.55555555555554,-75.44444444444444],[140.5,-75.0],[141.4090909090909,-74.4090909090909],[141.5,-74.0],[142.0,-73.10000000000001],[142.64285714285714,-74.0],[142.8,-75.2],[143.0,-75.33333333333334],[143.28571428571428,-76.0],[143.42857142857144,-77.0],[143.0,-77.42857142857143],[142.71428571428572,-77.28571428571428],[142.47619047619045,-76.52380952380952],[141.84615384615384,-76.15384615384616],[141.33333333333334,-75.66666666666667]]],[[[114.66666666666667,-74.66666666666667],[116.5,-75.0],[115.0,-75.14285714285714],[114.2,-75.0],[114.66666666666667,-74.66666666666667]]],[[[113.22222222222223,-73.77777777777777],[113.4,-74.0],[113.23529411764707,-74.23529411764706],[112.0,-74.11764705882354],[111.80000000000001,-74.0],[111.83333333333334,-73.0],[113.05882352941177,-72.94117647058823],[113.22222222222223,-73.77777777777777]]],[[[93.94736842105263,-67.94736842105263],[95.0,-68.0],[94.25,-68.25],[94.0,-68.5],[93.81818181818181,-68.18181818181819],[93.0,-68.0],[93.94736842105263,-67.94736842105263]]],[[[77.0,-57.473684210526315],[76.775,-57.0],[77.0,-56.73134328358209],[77.42857142857143,-57.0],[77.0,-57.473684210526315]]],[[[176.62237762237763,-52.62237762237762],[176.0,-52.93421052631579],[175.58235294117648,-52.417647058823526],[175.675799086758,-51.67579908675799],[176.0,-51.29702970297029],[176.5275590551181,-51.47244094488189],[176.94666666666666,-52.0],[176.62237762237763,-52.62237762237762]]],[[[175.62686567164178,-49.62686567164179],[176.0,-49.464285714285715],[176.39787798408486,-49.602122015915114],[176.75,-50.0],[176.48387096774195,-50.483870967741936],[176.0,-50.714285714285715],[175.41860465116278,-50.0],[175.62686567164178,-49.62686567164179]]],[[[108.00000000000001,-45.66666666666667],[107.875,-45.125],[107.96850393700787,-44.968503937007874],[108.33333333333334,-45.0],[108.44444444444444,-45.44444444444444],[108.00000000000001,-45.66666666666667]]],[[[166.0,-40.86614173228346],[166.60714285714286,-41.0],[166.0,-41.16190476190476],[165.0,-41.0],[165.61363636363635,-40.61363636363636],[166.0,-40.86614173228346]]],[[[165.25435540069688,-39.745644599303134],[165.39890710382514,-40.0],[165.4679487179487,-40.467948717948715],[165.0,-41.0],[164.63681592039802,-40.36318407960199],[164.5989010989011,-39.5989010989011],[165.25435540069688,-39.745644599303134]]],[[[163.74774774774772,-38.747747747747745],[164.0,-38.64102564102564],[164.24137931034483,-38.758620689655174],[164.39772727272725,-39.39772727272727],[164.0,-39.42424242424242],[163.7142857142857,-39.28571428571428],[163.57575757575756,-39.0],[163.74774774774772,-38.747747747747745]]],[[[139.0349344978166,-29.034934497816593],[140.96506550218342,-29.034934497816593],[141.0,-31.0],[139.0,-31.0],[139.0349344978166,-29.034934497816593]]],[[[61.833333333333336,14.0],[64.0,13.333333333333332],[64.42857142857143,13.0],[65.2,12.8],[65.80000000000001,12.8],[67.2,12.0],[69.75,11.75],[70.8961038961039,10.896103896103897],[72.82456140350877,10.824561403508772],[73.47826086956522,10.478260869565219],[73.97297297297297,9.972972972972974],[76.81818181818181,9.818181818181818],[78.6,9.0],[80.91044776119402,8.91044776119403],[82.63636363636363,8.636363636363637],[83.35294117647058,8.352941176470587],[83.89473684210526,7.894736842105264],[84.0,7.0],[84.57142857142857,6.571428571428572],[88.0,6.428571428571429],[89.0,6.0],[91.71428571428571,5.7142857142857135],[92.43478260869566,5.434782608695652],[94.25,4.0],[95.0,3.6999999999999997],[95.41176470588235,3.411764705882353],[95.69999999999999,2.9999999999999996],[95.4,2.6],[94.74193548387098,2.258064516129032],[94.37037037037037,1.6296296296296298],[94.0,1.4444444444444444],[93.0,1.5],[92.94405594405595,1.9440559440559442],[92.10666666666667,2.1066666666666665],[91.0,2.1142857142857143],[89.8282208588957,2.8282208588957056],[89.0,3.1025641025641026],[88.0,3.1724137931034484],[87.71597633136095,3.7159763313609466],[86.99999999999999,4.05],[86.0,4.108108108108108],[85.64516129032259,4.645161290322581],[85.0,4.977011494252873],[84.66666666666667,5.0],[84.42105263157893,5.421052631578948],[84.0,5.666666666666667],[83.0,5.7142857142857135],[82.96261682242991,5.962616822429906],[80.99999999999999,6.193548387096773],[80.62686567164178,6.62686567164179],[79.0,7.055555555555555],[75.1639344262295,7.163934426229508],[74.0,7.428571428571429],[72.0,7.642857142857142],[70.5,8.0],[69.0,8.666666666666668],[68.0,8.636363636363637],[66.0,9.399999999999999],[65.0,9.5],[64.9245283018868,9.924528301886792],[64.0,10.0],[63.21621621621622,10.216216216216216],[62.65517241379311,10.655172413793103],[61.968503937007874,10.968503937007874],[60.270270270270274,11.27027027027027],[60.0,11.454545454545453],[59.88990825688074,11.889908256880734],[58.114285714285714,12.114285714285714],[57.643410852713174,12.643410852713178],[55.980645161290326,12.980645161290322],[55.625,13.625],[54.90780141843972,13.907801418439716],[54.51048951048951,14.510489510489512],[53.9,14.899999999999999],[53.71428571428571,15.285714285714285],[53.80952380952381,15.80952380952381],[53.19047619047619,15.80952380952381],[52.73913043478261,16.0],[52.66666666666667,16.333333333333336],[53.0,16.75],[55.0,16.555555555555557],[55.416666666666664,16.416666666666668],[55.833333333333336,16.0],[56.86666666666667,15.866666666666667],[57.5,15.5],[57.888888888888886,14.999999999999998],[61.0,14.5],[61.833333333333336,14.0]]],[[[176.60000000000002,83.4],[178.0,83.66666666666667],[178.5,83.5],[179.0,83.0],[180.0,82.875],[180.0,77.75],[179.75,77.75],[179.79999999999998,78.0],[179.0,79.0],[178.75,78.25],[178.76470588235293,77.76470588235294],[179.0,77.33333333333333],[179.33333333333334,77.33333333333334],[179.5,76.5],[180.0,76.25],[180.0,75.98305084745763],[178.06410256410257,75.93589743589745],[175.6867469879518,75.6867469879518],[175.21818181818182,75.78181818181818],[173.73333333333335,75.26666666666667],[173.5,75.0],[170.1025641025641,74.8974358974359],[169.0,74.45833333333334],[167.07079646017698,73.929203539823],[164.13333333333333,73.86666666666667],[163.33802816901408,73.66197183098592],[163.2325581395349,73.23255813953489],[162.91071428571428,72.91071428571429],[162.04000000000002,72.96],[162.0,72.8],[161.40000000000003,72.6],[160.8095238095238,72.19047619047619],[160.0,72.0],[159.0,72.0],[159.0,71.0],[158.0,71.0],[157.0,70.0],[157.6216216216216,69.62162162162163],[158.46808510638297,69.46808510638297],[159.11764705882354,69.11764705882352],[158.88888888888886,68.0],[159.06060606060606,67.0],[158.34848484848487,66.65151515151516],[158.0,66.08000000000001],[157.0909090909091,65.9090909090909],[156.72727272727272,64.27272727272727],[156.0,64.0],[156.0185185185185,62.98148148148148],[155.15384615384616,62.84615384615385],[155.0,62.333333333333336],[154.01818181818183,61.98181818181818],[154.0,61.833333333333336],[153.75,62.0],[153.46153846153848,62.46153846153846],[153.4,63.0],[153.0,63.75],[152.71428571428572,63.71428571428571],[152.5,64.0],[151.55555555555554,64.55555555555554],[151.33333333333334,65.0],[150.60000000000002,65.60000000000001],[150.0,66.66666666666667],[149.66666666666669,67.0],[149.77777777777777,67.77777777777777],[150.0,69.0],[150.63636363636363,69.36363636363636],[151.6,69.4],[152.22222222222223,69.77777777777777],[152.25,70.0],[153.2,70.80000000000001],[153.25,71.0],[154.0,71.85714285714286],[155.07999999999998,71.92],[155.33333333333334,72.66666666666667],[156.0,73.0],[156.32258064516128,73.6774193548387],[156.22222222222223,74.22222222222223],[156.0,74.38461538461539],[155.16666666666669,74.0],[155.2,73.8],[154.71428571428572,73.28571428571428],[154.36363636363637,73.36363636363636],[153.82978723404256,73.17021276595744],[153.48148148148147,72.51851851851853],[152.63636363636363,72.36363636363636],[152.0,72.0],[151.0,72.0],[150.66666666666669,72.66666666666667],[150.0,73.0],[149.0,73.0],[149.33333333333334,72.33333333333334],[149.25,72.0],[149.5,71.5],[150.125,71.125],[150.0,70.75],[149.4,70.60000000000001],[149.0,70.0],[148.66666666666669,70.66666666666667],[148.66666666666666,72.0],[148.4,72.4],[148.0,72.4],[147.6,72.0],[147.33333333333334,71.0],[147.5,69.5],[147.0,69.0],[146.0,69.0],[146.0,68.0],[145.0,68.0],[145.0,67.0],[144.0,67.0],[143.35294117647058,67.35294117647058],[143.0,67.3],[142.85,67.15],[141.95121951219514,67.04878048780488],[141.6923076923077,66.30769230769232],[141.33333333333334,66.33333333333334],[140.82758620689657,66.17241379310344],[140.4313725490196,65.5686274509804],[139.5,65.0],[139.47619047619048,64.52380952380952],[139.0,64.0],[139.0,63.0],[138.47368421052633,63.47368421052632],[136.68421052631578,63.68421052631578],[136.5,64.0],[136.0,64.1],[135.66666666666669,64.0],[135.60000000000002,63.60000000000001],[136.0,63.0],[134.0,63.0],[134.4,63.60000000000001],[134.33333333333334,64.0],[133.90322580645162,64.09677419354838],[133.25,64.0],[133.33333333333334,63.66666666666667],[133.0,63.0],[132.44444444444443,63.44444444444444],[132.0,63.5],[131.0,63.375],[129.94594594594594,63.05405405405405],[127.5,63.0],[127.0,62.66666666666667],[126.73333333333333,62.266666666666666],[125.93103448275863,62.06896551724138],[125.6470588235294,61.35294117647058],[124.96428571428571,61.035714285714285],[124.88888888888889,60.11111111111111],[124.26666666666668,60.266666666666666],[123.69230769230768,60.0],[123.4864864864865,59.513513513513516],[123.0,59.25],[122.76923076923077,58.76923076923077],[122.88888888888889,58.111111111111114],[122.29411764705883,58.294117647058826],[121.84848484848484,58.151515151515156],[121.76190476190476,57.76190476190476],[122.0,56.875],[122.33333333333334,57.00000000000001],[123.2,57.8],[124.0,57.77777777777778],[125.0,57.090909090909086],[125.5,57.0],[126.00000000000001,56.66666666666667],[126.28571428571428,56.71428571428571],[126.5,57.0],[126.84615384615384,57.15384615384615],[126.7142857142857,57.71428571428571],[126.86956521739131,58.1304347826087],[127.26086956521739,58.26086956521739],[128.0,58.0],[128.0,57.0],[128.30769230769232,56.307692307692314],[128.22222222222223,56.0],[128.66666666666669,55.66666666666667],[129.0,55.611111111111114],[129.47826086956522,55.0],[129.57142857142858,54.57142857142857],[130.35714285714286,54.0],[130.32258064516128,53.67741935483871],[129.77142857142857,53.22857142857143],[129.57575757575756,52.42424242424242],[129.22222222222223,52.0],[129.26666666666665,51.733333333333334],[129.0,51.66666666666667],[128.53333333333333,52.53333333333333],[128.44,53.0],[128.66666666666669,54.0],[127.38461538461539,55.0],[127.38461538461537,55.38461538461538],[127.0,55.833333333333336],[126.5,55.5],[126.28571428571428,55.0],[126.48275862068965,54.48275862068965],[126.77272727272728,52.0],[126.61111111111111,51.388888888888886],[126.3,51.0],[126.51724137931035,50.51724137931035],[127.05128205128204,50.05128205128205],[128.0,49.8],[128.5,49.5],[128.72727272727275,49.0],[128.7037037037037,48.29629629629629],[128.55555555555554,48.0],[128.42857142857144,47.0],[128.68,46.68],[128.66666666666669,45.66666666666667],[128.85714285714286,45.142857142857146],[128.018018018018,44.98198198198198],[127.4375,44.5625],[127.25,44.0],[126.47619047619047,43.52380952380952],[124.17391304347827,42.82608695652174],[124.33333333333334,42.333333333333336],[124.234375,42.0],[124.0,41.81012658227848],[123.74789915966386,41.747899159663866],[123.0,42.0],[122.0,42.0],[122.0,41.0],[121.0,40.76470588235294],[120.53571428571429,40.464285714285715],[120.27777777777779,39.0],[120.0,38.411764705882355],[119.60000000000001,38.4],[119.0,38.0],[118.43478260869566,37.56521739130435],[118.0,37.0],[117.47368421052633,37.473684210526315],[116.625,37.625],[116.25,38.0],[116.4,38.4],[116.0,39.0],[115.63636363636363,38.36363636363636],[115.0,38.0],[115.82608695652175,37.82608695652174],[115.80952380952381,36.19047619047619],[114.10526315789474,36.10526315789474],[114.17391304347825,36.826086956521735],[114.0,38.0],[113.0,38.0],[113.30769230769232,38.69230769230769],[113.14285714285714,40.00000000000001],[113.0,40.090909090909086],[112.0,40.0],[112.0,39.0],[110.0,39.0],[110.28571428571428,39.71428571428571],[110.2,40.2],[110.0,40.5],[109.75,40.25],[109.0,40.16666666666667],[108.64285714285714,39.35714285714286],[108.0,39.0],[108.0,38.0],[108.5,37.5],[109.33333333333334,37.333333333333336],[109.66666666666669,36.66666666666667],[110.0,36.0],[110.0,35.0],[111.0,35.0],[111.0,34.0],[113.0,34.0],[113.0,32.0],[113.5,31.5],[113.66666666666669,31.0],[113.0,30.0],[113.0,27.0],[112.6,25.6],[112.7142857142857,25.285714285714285],[112.0,25.0],[111.66666666666667,24.333333333333336],[111.0,24.0],[110.66666666666667,23.333333333333336],[110.0,23.0],[109.86666666666666,22.133333333333333],[109.0,22.0],[108.60000000000001,21.4],[108.0,20.0],[108.0,19.0],[107.66666666666669,18.0],[107.9,17.9],[107.88235294117646,16.11764705882353],[106.0,16.0],[106.0,17.0],[106.16,17.84],[106.5,18.0],[106.0,19.0],[105.22222222222223,19.22222222222222],[104.90909090909092,19.09090909090909],[104.63636363636363,18.363636363636363],[103.44444444444444,17.555555555555557],[103.0,17.0],[102.76470588235294,16.235294117647058],[102.36363636363636,16.363636363636363],[100.94444444444444,16.0],[101.0,15.5],[101.25,15.25],[101.66666666666667,15.333333333333334],[102.25,15.25],[102.83333333333333,14.833333333333334],[105.9,14.899999999999999],[106.28571428571428,14.714285714285712],[106.71428571428571,14.714285714285712],[106.71428571428571,14.285714285714285],[106.85714285714286,14.0],[107.9047619047619,13.904761904761905],[108.0,13.0],[108.4,12.4],[108.5,12.0],[108.33333333333334,11.666666666666668],[108.0,11.5],[107.85714285714285,10.142857142857142],[107.66666666666669,10.0],[107.66666666666667,9.666666666666668],[108.0,9.0],[108.0,7.0],[107.4,6.6000000000000005],[107.0,6.5],[106.60000000000001,6.6000000000000005],[106.0,7.0],[104.0,7.0],[103.66666666666669,7.666666666666668],[103.66666666666666,8.0],[103.0,8.666666666666668],[102.5,8.0],[102.4,7.6],[102.00000000000001,7.333333333333334],[101.66666666666667,7.333333333333334],[101.0,7.0],[100.66666666666669,6.333333333333334],[100.73333333333333,5.7333333333333325],[101.0,5.0],[101.71428571428572,4.7142857142857135],[102.0,4.0],[104.11111111111111,3.888888888888889],[104.5,4.5],[105.0,4.75],[106.80000000000001,4.8],[107.5,4.5],[107.75,3.75],[109.60000000000001,3.6000000000000005],[110.4,3.4000000000000004],[111.0,3.0],[115.0,3.0],[115.4,3.6000000000000005],[116.0,4.0],[116.0,5.0],[115.0,5.0],[114.19999999999999,5.2],[114.0,5.5],[113.60000000000001,5.6000000000000005],[113.5,6.0],[113.10526315789474,6.105263157894736],[113.0,7.0],[113.10526315789474,7.894736842105264],[113.5,8.0],[113.5,9.0],[113.60000000000001,9.4],[114.0,10.0],[114.25,11.0],[114.14285714285715,13.000000000000002],[114.25,13.75],[115.0,14.0],[114.28571428571428,14.285714285714285],[114.16666666666666,15.0],[114.28571428571428,15.714285714285712],[115.75,16.25],[116.0,16.5],[116.28571428571428,16.285714285714285],[116.57894736842104,16.421052631578945],[117.0,16.363636363636363],[117.18823529411765,15.188235294117646],[117.34782608695652,15.0],[117.42105263157895,14.578947368421051],[117.2,14.200000000000001],[118.0,14.0],[118.1764705882353,13.176470588235293],[120.4,13.0],[120.36363636363637,12.636363636363637],[119.75,12.0],[120.0,11.5],[120.33333333333334,11.333333333333334],[120.5,11.0],[120.85714285714286,10.857142857142858],[121.0,10.0],[121.4,9.4],[121.5,9.0],[121.84615384615384,8.846153846153847],[122.0,8.0],[122.0,6.0],[120.0,6.0],[119.0,5.0],[118.0,5.0],[118.0,4.0],[117.0,4.0],[116.60000000000001,3.4000000000000004],[116.60000000000001,2.6],[117.0,2.0],[116.0,2.0],[116.0,1.0],[116.60000000000001,0.6000000000000001],[117.0,0.5],[117.18181818181819,0.8181818181818181],[118.0,1.0],[118.60000000000001,1.4000000000000001],[119.0,1.5],[119.66666666666667,2.3333333333333335],[120.25,2.75],[121.0,3.0],[122.0,4.0],[123.0,3.9166666666666665],[123.28571428571428,3.7142857142857144],[123.71428571428571,3.7142857142857144],[123.55555555555554,3.444444444444444],[123.64705882352939,3.0],[123.57142857142857,2.5714285714285716],[123.75,2.25],[122.0,1.6],[121.0,1.0],[120.47999999999999,0.52],[119.68421052631578,0.3157894736842105],[119.0,-1.0],[118.0,-1.0],[117.0,-0.1428571428571429],[116.66666666666667,-0.33333333333333337],[116.33333333333334,-0.33333333333333337],[116.4,-0.6000000000000001],[116.25,-1.0],[116.625,-1.375],[117.41379310344827,-1.5862068965517242],[117.54545454545453,-2.0],[117.13953488372093,-2.1395348837209305],[117.0,-2.4000000000000004],[115.0,-2.5999999999999996],[109.0,-2.5999999999999996],[108.0,-2.6363636363636367],[107.78378378378378,-2.7837837837837838],[107.0,-2.846153846153846],[104.00000000000001,-2.857142857142857],[103.44444444444444,-2.555555555555556],[103.25,-2.0],[102.37931034482759,-1.6206896551724137],[102.0,-1.1538461538461537],[101.66666666666667,-1.0],[101.60000000000001,-0.4],[101.0,0.0],[102.0,0.5],[102.4,0.4],[103.0,0.0],[106.0,0.0],[106.5,0.5],[107.33333333333334,0.6666666666666667],[108.0,1.0],[107.28571428571428,1.2857142857142856],[105.60000000000001,1.6],[105.0,2.0],[104.0,2.0],[103.0,2.2],[102.9047619047619,2.0952380952380953],[102.0,2.0625],[101.19999999999999,2.2],[101.0,3.0],[100.0,3.6666666666666665],[99.66666666666667,3.666666666666667],[99.0,4.0],[99.0,5.0],[98.0909090909091,5.090909090909091],[97.66666666666669,5.333333333333334],[97.33333333333334,5.333333333333334],[97.0,6.0],[96.19999999999999,6.199999999999999],[96.0,6.4],[95.75,6.25],[95.5,5.5],[95.0,5.4],[94.58620689655173,5.586206896551724],[94.33333333333334,6.0],[94.375,6.375],[94.0,7.0],[93.0,7.083333333333333],[92.36363636363637,7.363636363636364],[92.0,8.0],[91.24242424242425,8.242424242424242],[91.0,8.571428571428571],[90.0,8.8],[88.84615384615384,8.846153846153847],[88.0,10.0],[87.0,10.0],[86.5,9.5],[86.0,9.333333333333334],[84.66666666666667,9.666666666666668],[83.33333333333334,10.333333333333334],[83.0,11.0],[82.28571428571428,10.714285714285715],[82.0,10.75],[81.95454545454545,10.954545454545455],[81.0,11.0],[79.71428571428571,11.714285714285714],[79.0,11.8],[78.36363636363636,12.363636363636363],[77.66666666666667,12.666666666666668],[77.0,13.333333333333334],[76.0,13.5],[75.0,14.0],[74.0,14.0],[72.6,14.600000000000001],[72.0,15.0],[71.0,15.0],[70.4,15.4],[70.0,15.5],[69.6,15.4],[69.0,15.0],[68.66666666666667,15.666666666666668],[67.28571428571428,16.285714285714285],[65.77777777777779,16.77777777777778],[65.5,17.0],[65.0,18.0],[64.0,18.0],[63.400000000000006,18.400000000000002],[62.0,19.0],[60.77777777777778,19.77777777777778],[60.00000000000001,20.333333333333336],[59.0,21.333333333333336],[58.81818181818182,21.81818181818182],[59.0,24.0],[59.400000000000006,24.6],[60.16666666666667,24.833333333333332],[60.5,25.5],[61.57894736842105,26.421052631578945],[62.0,26.5],[63.0,26.4],[64.25,26.75],[65.36363636363637,27.636363636363637],[65.60000000000001,28.400000000000002],[66.0,29.0],[67.0,29.0],[67.3076923076923,29.692307692307693],[67.66666666666666,30.0],[67.5,30.5],[67.0,31.0],[66.0,31.666666666666664],[65.0,32.0],[64.36363636363637,31.636363636363637],[63.0,31.4],[62.5,31.5],[62.0,32.0],[61.66666666666667,31.333333333333336],[61.400000000000006,31.400000000000002],[60.0,31.0],[59.400000000000006,30.6],[59.0,30.5],[58.0,30.5],[57.71428571428571,30.285714285714285],[57.0,30.2],[55.0,30.333333333333336],[54.0,31.0],[53.0,31.0],[52.0,30.666666666666664],[51.5,31.5],[50.25,31.75],[50.0,31.5],[49.84615384615385,32.84615384615385],[48.955882352941174,32.955882352941174],[44.5,33.0],[44.400000000000006,33.4],[44.0,34.0],[43.24460431654676,33.75539568345324],[43.0,33.834951456310684],[42.0,33.743589743589745],[40.99999999999999,34.08333333333333],[40.0,34.125],[39.34375,34.34375],[37.51219512195122,34.512195121951216],[37.13725490196079,35.13725490196079],[36.45255474452555,35.45255474452555],[35.73809523809524,35.73809523809524],[34.2,36.0],[34.22222222222222,36.22222222222222],[33.9375,36.9375],[32.42857142857143,37.0],[32.42857142857143,37.42857142857143],[32.0,38.0],[32.0,39.0],[31.0,39.0],[31.0,38.0],[30.400000000000002,37.6],[30.475,37.0],[29.84860557768924,36.84860557768924],[29.136363636363637,37.0],[29.2,37.2],[28.66666666666667,38.333333333333336],[28.66666666666667,38.66666666666667],[28.0,39.0],[27.0,39.0],[27.0,38.0],[26.181818181818183,37.81818181818181],[26.0,37.5],[25.77777777777778,37.77777777777777],[25.30769230769231,37.69230769230769],[25.0,37.77777777777778],[24.95876288659794,37.95876288659794],[23.842105263157894,38.0],[23.555555555555557,38.55555555555556],[22.93220338983051,38.932203389830505],[22.555555555555557,39.0],[22.333333333333336,39.333333333333336],[22.0,39.45454545454545],[21.883495145631066,39.883495145631066],[19.666666666666664,40.0],[19.46153846153846,40.46153846153847],[18.857142857142858,40.857142857142854],[16.0,40.400000000000006],[15.0,40.38461538461539],[14.545454545454545,40.0],[12.231884057971014,39.768115942028984],[11.0,39.125],[10.5,39.0],[15.0,38.01149425287357],[15.118644067796609,37.11864406779661],[16.045454545454547,37.0],[16.10989010989011,36.10989010989011],[17.03125,36.03125],[17.344086021505376,33.655913978494624],[17.146341463414636,33.146341463414636],[17.153846153846153,32.0],[17.0,31.666666666666664],[16.833333333333332,31.833333333333336],[16.75,33.0],[16.352941176470587,33.35294117647059],[16.0,33.64285714285714],[15.526315789473685,33.47368421052632],[15.1,33.0],[14.799999999999999,33.0],[13.5,34.5],[13.25,35.0],[12.095238095238097,35.095238095238095],[12.0,36.07142857142858],[11.5,36.0],[11.400000000000002,35.6],[11.0,35.0],[11.714285714285714,34.71428571428571],[12.0,34.0],[11.600000000000001,33.4],[11.0,33.0],[10.0,33.75],[9.666666666666668,33.66666666666667],[8.4,34.400000000000006],[8.0,34.5],[7.978947368421053,34.97894736842105],[7.0,35.57142857142857],[6.846153846153846,35.15384615384615],[6.428571428571429,35.0],[5.571428571428571,35.0],[4.619047619047619,35.38095238095238],[4.714285714285714,35.0],[4.246913580246914,34.75308641975309],[4.149253731343284,34.0],[3.803921568627451,33.80392156862745],[3.2459016393442623,33.75409836065574],[3.2075471698113205,33.20754716981132],[3.0,32.765957446808514],[2.4,32.6],[2.3783783783783785,32.37837837837838],[2.0,31.844444444444445],[1.8028169014084507,31.80281690140845],[1.4615384615384617,32.0],[1.0,32.75],[0.6666666666666667,32.66666666666667],[0.75,33.0],[-0.3529411764705882,33.35294117647059],[-1.0,33.0],[-0.4444444444444444,32.55555555555555],[0.4285714285714286,32.42857142857143],[0.5,32.0],[0.33333333333333337,31.66666666666667],[-0.41379310344827586,31.413793103448274],[-1.0,30.714285714285715],[-1.1904761904761905,30.80952380952381],[-1.4615384615384615,31.53846153846154],[-2.074074074074074,31.925925925925924],[-2.36,32.64],[-2.375,33.0],[-2.6551724137931036,33.3448275862069],[-3.0,33.55555555555556],[-4.416666666666667,33.41666666666667],[-4.909090909090908,33.0],[-4.7894736842105265,32.21052631578947],[-4.666666666666666,32.0],[-3.6444444444444444,31.355555555555554],[-3.5,31.0],[-3.6000000000000005,30.6],[-4.0,30.333333333333336],[-5.2,30.0],[-5.666666666666667,29.0],[-5.555555555555555,28.0],[-5.692307692307693,27.692307692307693],[-6.0,27.428571428571427],[-6.216216216216216,27.783783783783782],[-6.133333333333333,29.0],[-6.421052631578947,29.57894736842105],[-7.16,29.84],[-7.84,29.84],[-8.173913043478262,30.0],[-8.076923076923077,30.076923076923077],[-8.013333333333334,31.0],[-8.048780487804878,31.951219512195124],[-8.4,32.0],[-8.072727272727272,32.07272727272727],[-8.03921568627451,32.96078431372549],[-7.761904761904762,33.76190476190476],[-7.705882352941176,35.0],[-7.071428571428571,36.0],[-5.0,36.21052631578947],[-4.538461538461538,36.0],[-4.366013071895425,35.63398692810458],[-4.0,35.46153846153847],[-3.5555555555555554,35.55555555555556],[-3.0,35.90909090909091],[-1.75,35.75],[-1.4444444444444444,36.0],[-1.3636363636363635,36.36363636363636],[-0.7391304347826086,36.73913043478261],[-0.625,37.0],[-0.7,37.3],[-1.0,37.6],[-1.3333333333333333,37.66666666666667],[-1.6666666666666667,38.0],[-2.5,40.0],[-3.7142857142857144,40.285714285714285],[-4.3076923076923075,40.69230769230769],[-4.5,41.0],[-4.333333333333334,41.333333333333336],[-3.6923076923076925,41.69230769230769],[-2.2,41.8],[-2.0,41.66666666666667],[0.36363636363636365,41.36363636363637],[0.6666666666666667,41.0],[1.0,40.0],[1.6666666666666665,40.333333333333336],[2.5,40.5],[2.666666666666667,41.333333333333336],[3.0,41.333333333333336],[3.4000000000000004,41.6],[3.3076923076923084,42.30769230769231],[3.0,43.0],[3.0,44.0],[4.0,44.0],[4.0,45.0],[5.0,45.0],[5.0,46.0],[12.0,46.0],[12.0,47.0],[9.0,47.0],[9.0,48.0],[8.0,48.0],[8.0,49.0],[10.0,51.0],[9.0,51.25],[8.666666666666668,51.00000000000001],[8.5,50.5],[7.818181818181818,50.18181818181818],[6.25,50.25],[5.6000000000000005,50.60000000000001],[5.090909090909091,52.09090909090909],[5.307692307692308,54.30769230769231],[5.0,55.0],[5.777777777777778,54.77777777777778],[6.9523809523809526,55.047619047619044],[8.25,55.75],[9.147058823529411,55.85294117647059],[9.333333333333334,56.0],[9.523809523809524,56.47619047619047],[10.75,57.25],[11.0,58.0],[12.0,58.57142857142857],[12.428571428571429,59.42857142857144],[12.4,59.6],[12.555555555555555,59.55555555555555],[13.8,60.0],[13.846153846153847,61.0],[14.952380952380953,61.047619047619044],[15.627118644067796,61.3728813559322],[16.0,62.1],[17.0,62.599999999999994],[19.303030303030305,62.6969696969697],[21.0,63.285714285714285],[22.0,63.3],[23.0,63.625],[23.370370370370367,63.37037037037037],[23.757575757575758,62.75757575757576],[24.424242424242426,62.42424242424242],[25.0,61.833333333333336],[26.11764705882353,62.11764705882353],[27.0,61.400000000000006],[28.0,61.54545454545454],[29.0,61.5],[30.0,61.75],[30.461538461538463,61.46153846153847],[30.599999999999998,61.0],[31.0,60.66666666666667],[32.0,60.888888888888886],[33.36363636363636,60.36363636363636],[33.57142857142857,60.0],[33.857142857142854,58.85714285714286],[34.0,58.75],[35.0,59.0],[35.400000000000006,59.6],[35.5,60.0],[35.0,60.166666666666664],[34.54545454545455,60.54545454545455],[34.375,61.0],[34.52380952380952,61.476190476190474],[35.0,61.71428571428571],[36.46153846153846,61.46153846153847],[36.75,61.0],[36.66666666666667,60.333333333333336],[36.5,60.0],[36.66666666666667,59.66666666666667],[37.0,59.5],[38.0,59.5],[38.5,60.5],[39.0,60.71428571428571],[40.25,60.75],[40.5,61.0],[40.5,61.5],[41.0,62.0],[45.0,62.0],[45.6,62.4],[46.0,63.0],[47.629629629629626,63.37037037037037],[50.400000000000006,63.60000000000001],[51.0,64.0],[51.0,65.0],[51.6,65.4],[52.0,66.0],[52.0,67.0],[57.0,67.0],[57.4,66.4],[57.333333333333336,66.0],[57.55555555555555,65.55555555555556],[58.0,65.5],[58.36363636363636,65.63636363636364],[58.666666666666664,66.0],[58.5,66.5],[58.0,67.0],[58.0,68.0],[59.0,68.0],[60.0,69.0],[61.0,69.0],[61.400000000000006,69.6],[61.333333333333336,70.0],[61.5,70.5],[62.0,71.0],[64.0,71.0],[64.28571428571428,71.71428571428571],[65.0,72.0],[66.0,73.0],[66.75,72.75],[67.25,72.75],[68.0,73.0],[70.0,73.0],[70.0,74.0],[70.56521739130434,74.43478260869566],[71.0,74.55555555555556],[73.0,74.125],[74.3,74.3],[75.0,74.0],[75.60000000000001,74.4],[76.0,74.5],[78.0,74.8],[78.71428571428571,74.71428571428571],[79.0,74.5],[81.25,74.25],[82.0,74.0],[82.0,73.0],[93.0,73.0],[93.0,74.0],[101.0,74.0],[101.0,73.0],[102.0,73.0],[103.0,72.33333333333334],[104.0,73.0],[105.0,72.5],[106.0,73.0],[106.0,74.0],[110.0,74.0],[110.60000000000001,73.60000000000001],[111.0,73.5],[111.28571428571428,73.71428571428571],[111.33333333333334,74.33333333333334],[111.0,75.0],[109.0,75.0],[109.0,77.0],[108.0,77.0],[108.0,76.0],[101.0,76.0],[101.0,78.0],[103.0,78.0],[104.0,78.5],[104.4,78.4],[105.0,78.0],[107.0,78.0],[107.0,79.0],[115.0,79.0],[116.0,78.0],[116.0,77.0],[113.0,77.0],[113.0,76.0],[124.0,76.0],[124.60000000000001,75.60000000000001],[125.0,75.5],[126.00000000000001,75.66666666666667],[126.25,76.0],[126.28571428571428,76.28571428571428],[126.0,77.0],[126.0,78.0],[129.0,78.0],[129.0,80.0],[134.0,80.0],[134.0,81.0],[141.0,81.0],[141.4,80.4],[141.5,79.0],[141.2,78.8],[140.4,78.60000000000001],[140.0,78.0],[142.0,77.25],[143.0,77.80000000000001],[144.0,77.5],[144.28571428571428,78.0],[144.23529411764707,78.23529411764706],[143.53846153846155,78.53846153846155],[143.25,79.0],[143.53846153846155,79.46153846153847],[144.0,79.75],[145.0,80.0],[145.4,80.60000000000001],[146.0,80.75],[146.4,80.60000000000001],[147.0,81.0],[147.0,82.0],[146.5,82.5],[146.5,83.0],[146.66666666666669,83.33333333333334],[148.60000000000002,84.4],[149.0,85.0],[149.0,86.0],[150.0,86.0],[150.60000000000002,86.4],[151.0,86.5],[151.25,86.25],[151.25,86.0],[152.0,85.5],[153.0,85.72727272727272],[154.42857142857144,85.57142857142858],[154.75,86.0],[154.66666666666669,86.33333333333334],[155.0,86.5],[155.5,86.5],[156.6,85.60000000000001],[157.4,85.4],[157.75,85.0],[157.6923076923077,84.6923076923077],[158.0,84.33333333333334],[158.33333333333334,84.33333333333334],[158.5,84.0],[158.4,83.6],[158.0,83.0],[157.0,84.0],[156.0,84.0],[155.22222222222223,84.22222222222223],[155.0,85.0],[154.66666666666669,84.33333333333334],[153.85714285714286,84.14285714285714],[152.15384615384616,84.15384615384616],[152.0,84.25],[150.84615384615384,84.15384615384616],[150.5,84.0],[150.5,83.5],[150.0,83.0],[149.0,83.0],[149.0,82.0],[152.0,82.0],[152.5,81.5],[152.5,81.0],[152.0,80.0],[153.0,79.71428571428572],[153.33333333333334,80.0],[153.5,80.5],[154.0,80.8],[154.5,80.5],[154.66666666666669,80.0],[155.0,79.75],[155.30769230769232,80.3076923076923],[155.22222222222223,80.77777777777777],[156.0,81.0],[156.0,82.0],[159.0,82.0],[159.33333333333334,81.33333333333334],[159.25,81.0],[159.73913043478262,80.73913043478261],[160.24,80.76],[160.6,81.0],[160.60000000000002,81.4],[161.13333333333333,81.86666666666666],[162.0,82.0],[164.0,82.0],[164.0,81.0],[164.5,81.5],[165.44444444444446,81.55555555555556],[165.66666666666666,82.0],[165.60000000000002,82.4],[166.0,83.0],[165.5,83.5],[165.5,84.0],[164.71428571428572,84.71428571428571],[164.44444444444443,85.44444444444444],[164.0,85.66666666666666],[163.66666666666669,85.66666666666667],[163.60000000000002,86.4],[164.0,87.0],[166.0,87.0],[166.0,86.0],[166.75,85.75],[167.33333333333334,85.33333333333334],[167.5,85.0],[167.5,84.5],[167.0,84.0],[173.0,84.0],[173.4,83.4],[173.5,82.0],[174.0,81.75],[176.0,81.33333333333334],[176.40000000000003,81.60000000000001],[176.57142857142856,82.0],[176.5,83.0],[176.60000000000002,83.4]],[[179.39999999999998,80.0],[178.66666666666669,80.33333333333334],[178.0,80.0],[178.66666666666669,79.66666666666667],[179.0,79.0],[179.39999999999998,80.0]],[[116.60000000000001,38.6],[117.2,38.8],[117.4,39.0],[117.18181818181819,39.18181818181818],[117.0,40.0],[116.0,39.0],[116.60000000000001,38.6]],[[117.42857142857143,40.57142857142857],[118.0,40.8125],[118.24,40.76],[118.6,41.0],[118.73333333333332,41.266666666666666],[119.28571428571428,41.71428571428571],[119.25,42.0],[119.4,42.4],[119.0,42.5],[118.66666666666669,42.333333333333336],[118.0,42.333333333333336],[117.75,41.75],[117.78571428571429,41.214285714285715],[117.30000000000001,41.3],[116.14285714285714,41.0],[116.36363636363637,40.36363636363637],[117.0,40.0],[117.42857142857143,40.57142857142857]],[[-0.6923076923076923,33.69230769230769],[-0.8048780487804879,34.19512195121951],[-1.0,34.44444444444444],[-1.1904761904761905,33.80952380952381],[-1.0,33.0],[-0.6923076923076923,33.69230769230769]],[[51.5,63.5],[51.5,63.0],[51.86666666666667,62.86666666666667],[53.23529411764706,62.76470588235294],[53.66666666666667,63.0],[53.444444444444436,63.44444444444444],[53.0,63.66666666666667],[52.66666666666667,63.66666666666667],[52.0,64.0],[51.0,64.0],[51.5,63.5]],[[146.6,80.4],[146.75,80.0],[146.9047619047619,79.9047619047619],[148.0,80.0],[147.0,81.0],[146.6,80.4]],[[151.0,81.0],[150.66666666666669,80.33333333333334],[150.66666666666669,80.0],[151.0,79.91666666666666],[152.0,80.0],[151.0,81.0]],[[178.0,82.33333333333334],[177.77777777777777,82.22222222222223],[178.0,81.0],[178.33333333333334,82.0],[178.28571428571428,82.28571428571428],[178.0,82.33333333333334]],[[40.0,39.0],[40.0,38.0],[41.0,38.0],[41.0,37.0],[42.0,37.0],[42.0,36.0],[43.0,36.0],[43.0,35.0],[44.0,35.0],[44.0,38.0],[47.0,38.0],[47.0,40.0],[44.0,40.0],[44.0,41.0],[42.0,41.0],[42.0,40.0],[41.0,40.0],[41.0,39.0],[40.0,39.0]],[[4.333333333333334,41.0],[3.666666666666667,41.333333333333336],[3.4000000000000004,40.6],[3.0,40.0],[3.5,39.5],[3.6,39.0],[4.0,38.6],[5.0,39.0],[6.0,39.0],[6.757575757575758,38.75757575757576],[7.8,39.0],[7.666666666666668,39.66666666666667],[7.0,40.0],[6.5,40.5],[6.0,40.75],[4.636363636363637,40.63636363636364],[4.333333333333334,41.0]],[[170.66666666666669,82.0],[170.44444444444443,82.44444444444444],[170.0,82.66666666666666],[169.5,82.5],[169.0,82.0],[170.0,81.75],[170.66666666666669,82.0]],[[48.0,36.166666666666664],[47.75,36.0],[48.0,35.833333333333336],[48.142857142857146,36.0],[48.0,36.166666666666664]],[[4.4,36.400000000000006],[4.0,36.611111111111114],[2.942857142857143,35.94285714285714],[3.0000000000000004,35.8],[3.5217391304347827,35.52173913043478],[4.448979591836734,35.55102040816327],[4.523809523809524,36.0],[4.4,36.400000000000006]],[[16.0,44.0],[16.6,43.60000000000001],[17.333333333333336,43.333333333333336],[18.0,42.5],[18.400000000000002,42.4],[19.0,42.0],[19.333333333333336,43.0],[19.0,44.0],[18.400000000000002,44.400000000000006],[17.6,44.6],[17.0,45.0],[16.6,44.400000000000006],[16.0,44.0]],[[30.000000000000004,56.66666666666667],[30.200000000000003,56.8],[30.2,57.0],[30.529411764705884,57.470588235294116],[31.0,57.66666666666667],[32.0,57.333333333333336],[32.4,57.6],[32.4,58.0],[32.19047619047619,58.19047619047619],[30.000000000000004,58.333333333333336],[29.0,58.0],[29.0,57.0],[30.000000000000004,56.66666666666667]],[[47.25,62.0],[47.0,62.333333333333336],[46.71428571428571,62.285714285714285],[46.66666666666667,62.0],[47.0,61.800000000000004],[47.25,62.0]],[[57.0,65.0],[56.0,65.0],[56.5,64.5],[56.5,64.0],[56.66666666666667,63.66666666666667],[57.4,63.400000000000006],[57.25,63.0],[57.333333333333336,62.333333333333336],[57.6,61.6],[58.0,61.0],[58.33333333333334,61.66666666666667],[58.6,63.0],[58.42857142857143,63.42857142857143],[58.0,63.6],[57.55555555555555,63.55555555555556],[57.0,65.0]],[[61.71428571428571,66.71428571428571],[62.0,66.66666666666667],[62.25,66.75],[62.333333333333336,67.0],[62.14285714285714,67.14285714285714],[61.5,67.0],[61.71428571428571,66.71428571428571]],[[119.55555555555554,42.55555555555556],[120.0,42.6],[121.0,43.25],[121.32432432432434,43.67567567567568],[121.85714285714286,44.0],[120.0,45.2],[119.0909090909091,44.0],[119.21052631578947,43.21052631578947],[119.55555555555554,42.55555555555556]],[[138.16666666666669,78.83333333333333],[138.5,79.0],[138.33333333333334,79.33333333333334],[138.0,79.5],[137.71428571428572,79.28571428571428],[137.66666666666669,79.0],[138.16666666666669,78.83333333333333]],[[140.0,74.25],[142.0,75.0],[140.0,75.75],[139.6190476190476,75.61904761904762],[139.30769230769232,75.69230769230771],[139.0769230769231,75.0],[139.5,74.5],[140.0,74.25]],[[147.0,78.0909090909091],[146.8,78.0],[147.0,77.9375],[147.14285714285717,78.0],[147.0,78.0909090909091]],[[151.0,78.08333333333333],[150.9090909090909,78.0],[151.02739726027397,77.97260273972603],[151.04166666666666,78.04166666666667],[151.0,78.08333333333333]]],[[[130.25,51.25],[131.0,51.0],[129.91489361702128,50.91489361702127],[129.66666666666666,51.0],[129.73333333333332,51.266666666666666],[130.25,51.25]]],[[[106.0,83.0],[106.0,81.0],[105.0,81.0],[104.60000000000001,81.60000000000001],[104.5,82.5],[105.0,83.0],[106.0,83.0]]],[[[116.0,82.0],[116.0,84.0],[119.0,84.0],[119.0,83.0],[117.6,82.4],[117.0,82.0],[116.0,82.0]]],[[[163.33333333333334,85.33333333333334],[163.33333333333331,85.0],[163.75,84.0],[163.60000000000002,83.6],[164.0,83.0],[163.4,83.4],[163.0,83.25],[162.5,83.5],[162.0,84.0],[162.0,85.0],[162.66666666666669,85.33333333333334],[163.33333333333334,85.33333333333334]]],[[[143.75,83.25],[143.0,83.16666666666667],[142.28571428571428,83.28571428571428],[142.0,84.0],[141.77777777777777,83.22222222222223],[141.0,83.125],[140.0,83.25],[139.0,83.1111111111111],[138.22222222222223,83.22222222222223],[138.0,85.0],[137.5,83.5],[137.0,83.25],[136.5,83.5],[136.25,84.25],[136.0,84.5],[135.60000000000002,84.4],[135.33333333333334,83.66666666666667],[135.0,83.5],[134.60000000000002,83.6],[134.0,84.0],[134.0,85.0],[135.89473684210526,85.10526315789474],[136.0,86.0],[141.0,86.0],[141.55555555555554,85.55555555555556],[142.0,85.5],[143.0,85.66666666666667],[143.44444444444443,85.44444444444444],[144.0,84.5],[144.5,84.5],[145.0,84.0],[144.4,83.6],[144.0,83.5],[143.75,83.25]]],[[[159.0,85.0],[158.75,86.25],[159.0,86.5],[159.5,86.5],[160.0,86.0],[160.0,87.0],[161.0,87.0],[161.5,86.5],[161.5,86.0],[162.0,85.0],[161.5,84.5],[160.55555555555554,84.44444444444443],[160.0,83.0],[159.60000000000002,83.6],[159.5,84.0],[159.5,84.5],[160.0,85.0],[159.0,85.0]]],[[[179.63636363636365,84.63636363636363],[179.5,85.0],[179.6,85.4],[180.0,86.0],[180.0,84.33333333333334],[179.63636363636365,84.63636363636363]]],[[[154.5,87.0],[154.33333333333334,86.66666666666667],[153.0,86.75],[152.5,87.0],[152.6,87.4],[153.0,88.0],[153.60000000000002,87.6],[154.33333333333334,87.33333333333334],[154.5,87.0]]],[[[100.0,88.0],[100.0,89.0],[102.0,89.0],[102.0,88.0],[100.0,88.0]]],[[[174.0,89.0],[174.0,90.0],[174.66666666666669,89.66666666666667],[175.0,89.75],[175.5,89.5],[175.6,89.0],[175.46153846153845,88.53846153846155],[174.77777777777777,88.22222222222223],[174.5,87.5],[174.0,87.25],[173.33333333333334,87.33333333333334],[172.6,87.6],[172.0,88.0],[172.6,88.4],[174.0,89.0]]],[[[156.0,90.0],[156.0,89.0],[155.5,88.5],[155.0,88.33333333333334],[154.5,88.5],[154.0,89.0],[153.8,88.19999999999999],[153.0,88.0],[152.2,88.19999999999999],[152.0,89.0],[151.0,89.0],[151.0,90.0],[156.0,90.0]]],[[[158.0,90.0],[160.0,90.0],[158.66666666666669,89.66666666666667],[158.0,90.0]]]]}}]}