{"type":"FeatureCollection","features":[{"type":"Feature","properties":{"ageMa":50},"geometry":{"type":"MultiPolygon","coordinates":[[[[-91.53333333333333,-80.46666666666667],[-92.0,-80.60869565217392],[-93.45,-80.55],[-94.0,-81.0],[-93.75,-80.25],[-94.0,-79.88888888888889],[-95.0,-80.0],[-97.0,-79.47619047619048],[-98.19607843137254,-79.80392156862746],[-100.09523809523809,-79.9047619047619],[-100.09523809523809,-80.09523809523809],[-99.2,-81.0],[-100.0,-81.5],[-103.0,-81.22222222222223],[-106.0,-81.86666666666666],[-106.44444444444444,-82.0],[-107.25641025641025,-82.74358974358975],[-107.41666666666666,-83.0],[-107.3225806451613,-83.32258064516128],[-107.0,-83.625],[-106.7,-83.7],[-102.0,-83.06666666666666],[-101.0,-82.42857142857142],[-100.0,-82.22222222222223],[-99.0,-82.55555555555556],[-97.0,-82.35483870967741],[-95.0,-82.52000000000001],[-92.5072463768116,-82.5072463768116],[-91.66666666666667,-82.66666666666667],[-91.0,-83.0],[-92.0,-84.0],[-94.0,-84.875],[-94.125,-85.125],[-93.38461538461539,-85.38461538461537],[-92.48648648648648,-85.48648648648648],[-90.0,-85.57894736842105],[-88.0,-85.41176470588235],[-86.0,-85.41176470588235],[-84.24489795918367,-84.75510204081633],[-83.0,-84.47826086956522],[-79.0,-84.13636363636364],[-78.66666666666667,-84.0],[-78.57142857142856,-83.0],[-78.0,-82.80952380952381],[-77.0,-82.76470588235294],[-74.29787234042553,-83.29787234042553],[-73.0,-84.0],[-71.8974358974359,-83.89743589743588],[-71.0,-84.46666666666667],[-69.61904761904762,-84.61904761904762],[-68.0,-85.71428571428572],[-67.0,-85.83333333333334],[-66.91666666666667,-86.0],[-69.0,-86.4375],[-72.0,-86.6875],[-73.0,-86.92857142857143],[-74.0,-86.88888888888889],[-75.0,-87.3076923076923],[-77.0,-87.25],[-78.0,-87.44444444444444],[-80.0,-87.54545454545455],[-81.0,-87.375],[-85.0,-87.75],[-89.0,-87.54545454545455],[-91.0,-88.0],[-91.76470588235293,-87.76470588235294],[-93.0,-87.69999999999999],[-94.0,-88.0],[-95.0,-88.0],[-95.42857142857143,-88.57142857142857],[-95.33333333333334,-89.0],[-95.52,-89.48],[-96.0,-89.85714285714286],[-97.0,-89.75],[-98.36363636363637,-89.36363636363636],[-98.81818181818181,-88.81818181818181],[-99.71428571428571,-88.71428571428571],[-100.28571428571428,-88.28571428571428],[-100.33333333333333,-88.0],[-100.81818181818181,-87.81818181818181],[-103.0,-87.63636363636364],[-105.99999999999999,-87.69999999999999],[-107.0,-88.0],[-110.0,-87.85714285714286],[-110.33333333333334,-88.0],[-110.52941176470588,-88.47058823529412],[-111.0,-89.0],[-112.0,-89.0],[-112.625,-88.625],[-114.0,-88.80000000000001],[-115.0,-88.4],[-116.24,-88.75999999999999],[-116.68421052631578,-89.3157894736842],[-118.0,-89.625],[-118.45454545454545,-89.45454545454545],[-119.0,-88.91666666666666],[-122.0,-88.91666666666666],[-122.55555555555556,-89.44444444444444],[-123.00000000000001,-89.66666666666667],[-123.5,-89.5],[-123.80000000000001,-89.0],[-124.0,-88.9090909090909],[-124.80000000000001,-88.8],[-128.0,-88.80000000000001],[-128.33333333333334,-89.0],[-128.53846153846155,-89.46153846153845],[-129.0,-89.85714285714286],[-129.53846153846155,-89.53846153846153],[-129.95121951219514,-88.95121951219511],[-133.8181818181818,-88.81818181818181],[-145.0,-88.95],[-145.5,-89.5],[-146.0,-89.75],[-147.0,-89.66666666666667],[-147.42105263157893,-89.42105263157895],[-147.57142857142856,-89.0],[-147.89473684210526,-88.89473684210527],[-151.0,-88.88888888888887],[-151.33333333333334,-89.0],[-151.4,-89.60000000000001],[-152.00000000000003,-89.85714285714286],[-153.45454545454544,-89.45454545454545],[-153.83333333333334,-89.0],[-154.0,-88.95833333333334],[-157.03571428571428,-88.96428571428571],[-157.5,-89.5],[-158.0,-89.625],[-158.47619047619045,-89.47619047619047],[-159.0,-89.0],[-163.0,-88.95238095238095],[-163.20000000000002,-89.0],[-163.4,-89.60000000000001],[-164.00000000000003,-89.8],[-165.0,-89.66666666666667],[-165.44444444444446,-89.44444444444444],[-165.8,-89.0],[-166.0,-88.94444444444444],[-169.0,-88.85],[-169.42857142857142,-89.0],[-169.61904761904762,-89.38095238095238],[-170.0,-89.57142857142856],[-172.0,-89.85714285714286],[-172.48,-89.48],[-172.8421052631579,-88.84210526315789],[-175.0,-88.75],[-175.33333333333334,-89.0],[-175.51999999999998,-89.48],[-176.0,-89.66666666666667],[-177.0,-89.83333333333333],[-178.31578947368422,-89.68421052631578],[-179.00000000000003,-89.83333333333333],[-179.47619047619045,-89.47619047619047],[-179.71428571428572,-89.0],[-179.57894736842104,-88.57894736842105],[-180.0,-88.42857142857142],[-180.0,-83.62295081967213],[-179.0,-83.37254901960785],[-178.0,-83.30357142857142],[-177.39534883720933,-83.3953488372093],[-176.0,-83.94444444444444],[-175.048,-84.048],[-171.94690265486727,-84.05309734513274],[-171.0,-83.86666666666666],[-165.0,-84.1076923076923],[-164.0,-84.0],[-163.0,-84.140625],[-156.29565217391303,-84.29565217391304],[-155.0,-84.5],[-154.0,-84.40425531914893],[-153.0,-84.59375],[-150.66129032258067,-84.33870967741936],[-148.0,-84.46938775510203],[-147.0,-84.64102564102564],[-139.0,-84.31944444444444],[-131.0,-84.16981132075472],[-124.99999999999999,-84.3623188405797],[-123.77514792899409,-84.22485207100593],[-123.47222222222223,-84.0],[-123.31481481481481,-83.68518518518519],[-123.0,-83.55263157894737],[-121.0,-83.36585365853658],[-119.0,-83.27083333333334],[-118.0,-83.39622641509433],[-115.0,-83.3953488372093],[-113.17777777777778,-83.17777777777778],[-112.0,-83.27272727272728],[-111.625,-83.0],[-111.75999999999999,-82.76],[-112.41379310344827,-82.41379310344828],[-112.6,-82.0],[-112.375,-81.625],[-111.23529411764706,-80.76470588235294],[-107.0,-80.11904761904762],[-104.89999999999999,-80.1],[-103.6875,-79.3125],[-103.5,-79.0],[-103.12987012987013,-78.87012987012987],[-101.77142857142857,-78.77142857142857],[-101.0,-79.125],[-100.36923076923078,-78.63076923076923],[-98.89473684210526,-78.10526315789474],[-98.0,-77.5],[-97.53333333333333,-77.46666666666667],[-97.0,-77.25],[-96.85714285714286,-77.0],[-96.0,-76.77777777777779],[-95.0,-76.74193548387098],[-93.0,-76.1875],[-92.0,-75.69444444444444],[-90.8102189781022,-76.8102189781022],[-90.49333333333334,-77.49333333333334],[-89.80851063829788,-77.80851063829788],[-89.34210526315789,-78.34210526315789],[-89.0,-78.4814814814815],[-88.0,-78.5625],[-87.3,-79.0],[-91.0,-80.0],[-91.53333333333333,-80.46666666666667]],[[-96.11764705882354,-87.88235294117646],[-97.0,-88.0],[-96.0,-88.14285714285714],[-95.66666666666667,-88.33333333333334],[-95.0,-88.0],[-96.11764705882354,-87.88235294117646]],[[-179.0,-88.375],[-178.72727272727272,-88.0],[-179.13793103448276,-87.86206896551724],[-179.66666666666669,-88.0],[-179.44444444444443,-88.44444444444443],[-179.0,-88.375]]],[[[-156.0,-77.44999999999999],[-157.0,-77.38888888888889],[-158.22222222222223,-77.0],[-158.14814814814815,-76.85185185185185],[-157.34146341463412,-76.65853658536585],[-155.6086956521739,-76.6086956521739],[-154.83783783783784,-76.83783783783784],[-152.77777777777777,-76.77777777777777],[-152.44444444444446,-77.0],[-152.7560975609756,-77.2439024390244],[-154.0,-77.46153846153845],[-155.0,-77.21428571428572],[-156.0,-77.44999999999999]]],[[[-87.13636363636364,-76.0],[-87.0,-75.86363636363637],[-86.0,-75.89473684210526],[-85.81818181818183,-76.0],[-87.0,-76.25],[-87.13636363636364,-76.0]]],[[[-121.44444444444446,-76.0],[-121.30769230769232,-75.69230769230771],[-120.0,-75.7],[-119.85000000000001,-75.85],[-119.89285714285714,-76.10714285714286],[-121.0,-76.16],[-121.44444444444446,-76.0]]],[[[-124.6470588235294,-74.6470588235294],[-125.0,-74.35714285714286],[-125.38297872340425,-74.61702127659575],[-125.47368421052633,-75.0],[-125.15384615384616,-76.0],[-125.5111111111111,-76.48888888888888],[-126.23809523809524,-76.76190476190476],[-128.05825242718447,-76.94174757281553],[-134.0,-76.76190476190476],[-134.99999999999997,-76.95238095238095],[-136.94285714285715,-76.94285714285715],[-140.0,-76.66666666666667],[-140.47457627118646,-76.47457627118644],[-142.0,-76.24444444444444],[-144.0,-77.3157894736842],[-145.84615384615387,-77.15384615384616],[-147.0,-77.27777777777777],[-148.0,-77.11764705882354],[-149.0,-77.27777777777777],[-149.2173913043478,-77.21739130434783],[-149.35714285714286,-77.0],[-149.2941176470588,-76.70588235294117],[-149.0,-76.5],[-148.0,-76.66666666666666],[-147.0,-76.0],[-146.75,-75.25],[-146.3125,-75.3125],[-145.84848484848484,-75.15151515151516],[-145.0,-74.64285714285714],[-142.6875,-74.3125],[-140.0,-74.23333333333332],[-139.289156626506,-73.71084337349397],[-139.0,-73.67567567567568],[-137.0,-73.8913043478261],[-135.0,-73.4375],[-134.0,-73.5],[-133.0,-73.36363636363636],[-132.0,-73.45454545454544],[-130.0,-73.27272727272728],[-127.0,-73.53846153846155],[-125.0,-73.44444444444444],[-123.0,-73.6470588235294],[-122.0,-73.44444444444444],[-121.0,-73.41666666666666],[-120.70212765957447,-73.70212765957446],[-120.0,-73.73333333333333],[-119.41176470588235,-73.58823529411764],[-119.0,-73.26315789473685],[-118.61538461538461,-73.38461538461539],[-118.08888888888887,-72.91111111111111],[-117.71428571428572,-73.0],[-118.38461538461539,-73.61538461538461],[-118.26315789473685,-74.0],[-119.0,-74.8235294117647],[-121.0,-74.4375],[-121.46153846153847,-74.53846153846155],[-122.0,-75.0],[-122.71428571428572,-76.0],[-124.23529411764704,-76.23529411764706],[-124.66666666666667,-76.0],[-124.5,-75.0],[-124.6470588235294,-74.6470588235294]]],[[[-116.26530612244898,-74.26530612244898],[-115.31578947368422,-74.0],[-115.33333333333334,-73.66666666666667],[-115.0,-73.45454545454544],[-114.39999999999999,-74.0],[-114.52000000000001,-75.0],[-115.41428571428571,-75.58571428571427],[-116.0,-75.6880733944954],[-116.504,-75.504],[-116.89285714285715,-75.0],[-116.78048780487805,-74.78048780487805],[-116.8108108108108,-74.1891891891892],[-116.26530612244898,-74.26530612244898]]],[[[-103.0,-72.0],[-102.30303030303031,-72.3030303030303],[-100.47619047619047,-72.47619047619047],[-99.6,-73.0],[-101.0,-73.28947368421052],[-103.0,-73.25806451612904],[-104.33333333333334,-73.0],[-104.36363636363636,-72.63636363636363],[-103.84615384615384,-72.15384615384616],[-103.0,-72.0]]],[[[-84.91111111111111,-73.08888888888889],[-85.0,-73.22222222222223],[-85.28571428571428,-73.0],[-85.21052631578948,-72.78947368421052],[-84.66666666666667,-72.33333333333334],[-84.625,-72.0],[-84.0,-71.5],[-83.65517241379311,-71.65517241379311],[-83.3125,-72.3125],[-82.66666666666667,-72.33333333333334],[-82.0,-72.14285714285715],[-81.57142857142857,-72.57142857142857],[-81.45454545454545,-73.0],[-81.625,-73.375],[-82.0,-73.54545454545453],[-82.25531914893617,-73.25531914893617],[-82.68253968253968,-73.31746031746032],[-84.0,-73.05555555555556],[-84.91111111111111,-73.08888888888889]]],[[[-107.0,-71.6],[-105.0,-72.0],[-107.0,-72.28571428571429],[-107.4,-72.0],[-107.0,-71.6]]],[[[-102.71428571428571,-71.0],[-103.0,-72.0],[-104.0,-71.91666666666667],[-104.22222222222223,-71.77777777777777],[-105.0,-72.0],[-104.60000000000001,-71.4],[-104.6875,-71.0],[-104.275,-70.72500000000001],[-104.0,-70.69444444444444],[-102.71428571428571,-71.0]]],[[[-69.58333333333334,-68.41666666666667],[-69.375,-68.375],[-69.4375,-68.5625],[-69.16279069767442,-69.16279069767442],[-68.50617283950616,-69.50617283950618],[-68.13043478260869,-70.0],[-68.28571428571428,-70.71428571428571],[-69.07142857142857,-71.0],[-68.42105263157895,-71.42105263157895],[-68.27777777777777,-72.0],[-68.73333333333333,-73.0],[-69.0,-73.3076923076923],[-69.38297872340425,-73.61702127659575],[-70.0,-73.80769230769232],[-71.0,-73.82758620689656],[-71.58260869565217,-74.41739130434783],[-72.0,-74.55813953488371],[-76.08,-74.92],[-77.0,-75.28260869565217],[-77.65,-75.0],[-78.0,-74.66666666666667],[-79.0,-75.06451612903226],[-80.0,-74.94117647058825],[-80.47058823529412,-74.47058823529412],[-80.8,-74.0],[-80.58333333333334,-73.41666666666667],[-79.66666666666667,-73.0],[-79.41379310344827,-72.58620689655173],[-79.0,-72.33333333333334],[-78.52,-72.52],[-78.0,-73.0],[-77.1923076923077,-73.1923076923077],[-76.8780487804878,-73.1219512195122],[-76.47457627118644,-72.52542372881356],[-76.0,-72.33333333333334],[-74.0,-72.33333333333334],[-72.80952380952381,-72.0],[-72.875,-71.0],[-73.45454545454545,-70.45454545454545],[-73.66666666666667,-70.0],[-74.0,-69.77272727272727],[-74.26315789473685,-69.73684210526315],[-74.56,-70.44],[-76.0,-71.0],[-76.64285714285714,-70.64285714285714],[-77.44444444444444,-70.44444444444444],[-77.61538461538461,-70.0],[-77.41025641025641,-69.58974358974359],[-77.0,-69.38461538461539],[-76.86842105263159,-68.86842105263158],[-78.68,-68.68],[-78.68,-68.32000000000001],[-78.84615384615384,-68.0],[-78.5,-67.5],[-77.70967741935483,-67.29032258064515],[-77.0,-67.36170212765958],[-76.54887218045113,-67.54887218045113],[-76.24074074074073,-68.24074074074073],[-75.4,-68.4],[-75.0,-69.3125],[-74.73684210526316,-69.26315789473685],[-74.77272727272727,-69.0],[-74.41463414634146,-68.58536585365854],[-73.72340425531915,-68.27659574468085],[-73.51851851851852,-68.0],[-73.7560975609756,-66.7560975609756],[-74.5,-66.0],[-74.25,-65.75],[-73.0,-65.41666666666666],[-72.0,-64.55555555555556],[-71.61538461538461,-64.38461538461539],[-69.94366197183099,-64.05633802816901],[-69.5774647887324,-63.4225352112676],[-69.0,-63.111111111111114],[-68.3859649122807,-63.3859649122807],[-68.11111111111111,-64.0],[-68.2,-64.8],[-68.74074074074075,-65.25925925925927],[-70.5,-66.0],[-71.0,-66.5],[-71.22727272727272,-67.0],[-70.53623188405798,-67.53623188405797],[-70.0,-68.20833333333333],[-69.58333333333334,-68.41666666666667]]],[[[-173.62790697674419,-56.372093023255815],[-174.0,-56.61538461538462],[-174.4102564102564,-56.41025641025641],[-174.6153846153846,-56.00000000000001],[-174.80392156862746,-54.80392156862745],[-174.86666666666667,-54.00000000000001],[-174.7058823529412,-53.294117647058826],[-174.0,-53.10344827586207],[-173.0,-53.1764705882353],[-172.0,-53.0],[-171.40000000000003,-53.400000000000006],[-171.13333333333335,-54.00000000000001],[-171.4918032786885,-54.50819672131147],[-172.42857142857142,-55.0],[-172.63636363636363,-55.36363636363637],[-173.22222222222223,-55.77777777777778],[-173.62790697674419,-56.372093023255815]]],[[[-162.12765957446808,-52.87234042553192],[-162.13636363636363,-53.0],[-163.27777777777777,-54.0],[-165.0,-54.95454545454545],[-166.25,-55.25],[-166.875,-54.875],[-168.0,-54.705882352941174],[-168.44444444444446,-54.0],[-167.5897435897436,-53.41025641025641],[-167.28000000000003,-52.72],[-167.11827956989248,-51.88172043010752],[-166.0,-51.733333333333334],[-165.0,-51.370370370370374],[-163.61702127659575,-51.61702127659575],[-162.90697674418604,-52.09302325581395],[-162.67741935483872,-51.322580645161295],[-162.0,-51.125],[-161.46428571428572,-51.46428571428572],[-161.04545454545456,-52.00000000000001],[-161.23076923076923,-52.769230769230774],[-162.12765957446808,-52.87234042553192]]],[[[-171.8181818181818,-51.81818181818182],[-172.8235294117647,-51.82352941176471],[-173.47058823529412,-51.470588235294116],[-173.8181818181818,-50.81818181818181],[-174.44444444444446,-50.44444444444444],[-174.66666666666669,-50.0],[-174.85714285714286,-49.0],[-174.16216216216216,-48.83783783783784],[-173.4,-49.0],[-173.0,-49.333333333333336],[-172.0,-49.30769230769231],[-171.82222222222222,-49.17777777777778],[-171.8095238095238,-49.0],[-171.0,-48.88356164383562],[-170.1904761904762,-49.0],[-170.20689655172413,-49.79310344827586],[-170.68888888888887,-52.31111111111111],[-171.3783783783784,-52.378378378378386],[-171.8181818181818,-51.81818181818182]]],[[[-115.82564102564103,-23.825641025641026],[-115.54166666666667,-24.541666666666664],[-115.0,-24.705128205128204],[-114.84868421052632,-25.0],[-115.0,-25.323943661971832],[-116.13095238095238,-25.13095238095238],[-116.28947368421052,-25.0],[-116.31481481481481,-24.0],[-116.20606060606059,-23.793939393939393],[-115.82564102564103,-23.825641025641026]]],[[[-118.0,-23.50769230769231],[-117.67179487179487,-23.671794871794873],[-117.53623188405797,-24.0],[-117.72052401746723,-24.27947598253275],[-118.23357664233578,-24.233576642335766],[-118.47058823529412,-24.0],[-118.35955056179776,-23.640449438202246],[-118.0,-23.50769230769231]]],[[[-75.0,5.0],[-75.85714285714286,4.857142857142858],[-76.07142857142857,5.0],[-76.0,5.384615384615385],[-75.88636363636364,5.113636363636363],[-75.0,5.0]]],[[[-81.02564102564102,7.0256410256410255],[-81.0,7.25],[-80.93548387096774,7.064516129032258],[-80.38260869565218,7.382608695652174],[-78.94945848375451,7.050541516245487],[-77.97986577181209,7.020134228187919],[-77.86046511627907,6.86046511627907],[-78.0,6.571428571428571],[-79.0,6.363636363636363],[-79.175,6.824999999999999],[-79.68571428571428,6.685714285714285],[-81.02564102564102,7.0256410256410255]]],[[[-81.79381443298969,8.206185567010309],[-81.23076923076923,8.0],[-81.82456140350877,7.824561403508772],[-82.05917159763314,7.940828402366864],[-82.19417475728156,8.194174757281553],[-82.0,9.0],[-81.79381443298969,8.206185567010309]]],[[[-83.82835820895522,11.171641791044777],[-83.67605633802816,11.0],[-83.51578947368421,10.515789473684212],[-83.71428571428571,10.285714285714285],[-83.48275862068965,10.482758620689657],[-82.825,10.175],[-82.62903225806451,9.370967741935484],[-82.0,9.0],[-82.7032258064516,8.703225806451613],[-83.37096774193549,9.0],[-83.51851851851853,9.481481481481483],[-84.0,9.975],[-84.15862068965518,11.158620689655173],[-83.82835820895522,11.171641791044777]]],[[[-94.69230769230771,26.30769230769231],[-94.45454545454544,26.0],[-95.0,25.333333333333336],[-95.08,25.92],[-95.54545454545453,26.0],[-95.36363636363636,26.363636363636363],[-94.69230769230771,26.30769230769231]]],[[[-54.333333333333336,79.0],[-54.285714285714285,79.28571428571428],[-54.0,79.33333333333334],[-53.11111111111111,78.88888888888889],[-52.0,78.66666666666667],[-51.75,78.75],[-51.3,79.3],[-51.0,79.42857142857143],[-50.0,79.5],[-49.63636363636363,79.36363636363636],[-49.0,78.71428571428572],[-48.78947368421052,78.78947368421052],[-48.38095238095238,79.38095238095238],[-47.71428571428571,79.71428571428571],[-47.272727272727266,80.27272727272727],[-47.0,80.375],[-46.0,80.5],[-44.0,80.44444444444444],[-43.66666666666667,80.33333333333334],[-43.0,79.75],[-42.0,79.25],[-41.83333333333333,79.0],[-41.857142857142854,78.85714285714286],[-42.4,78.4],[-42.69230769230769,77.6923076923077],[-43.0,77.33333333333334],[-43.44444444444444,77.55555555555556],[-44.36363636363637,77.63636363636364],[-45.0,78.0],[-45.285714285714285,77.28571428571428],[-46.0,77.0],[-45.18181818181819,76.81818181818181],[-44.55555555555555,76.44444444444444],[-44.0,76.33333333333333],[-43.69230769230769,76.6923076923077],[-43.0,76.92857142857143],[-41.0,76.72222222222221],[-38.826086956521735,76.82608695652175],[-38.55555555555556,77.44444444444444],[-40.0,79.0],[-39.6,79.6],[-39.0,80.0],[-38.0,80.16666666666667],[-37.0,79.625],[-34.0,79.8],[-32.333333333333336,79.66666666666667],[-31.75,79.25],[-31.7,79.0],[-31.368421052631582,78.63157894736842],[-30.0,78.35],[-29.0,78.6875],[-27.0,78.73333333333333],[-26.0,79.41666666666666],[-24.0,79.51851851851853],[-21.0,79.43478260869566],[-20.0,79.0625],[-19.0,79.45],[-18.0,79.54545454545453],[-17.7,79.3],[-17.3,79.3],[-16.146341463414636,78.85365853658537],[-15.299999999999999,78.7],[-14.0,78.82758620689656],[-12.357142857142858,78.64285714285714],[-11.555555555555555,78.0],[-11.2,76.8],[-10.515151515151516,76.48484848484848],[-9.727272727272727,75.27272727272727],[-8.2,74.8],[-6.838709677419354,74.83870967741936],[-5.571428571428571,76.0],[-5.0,76.8],[-4.5,76.5],[-3.7037037037037033,76.29629629629629],[-3.1,75.9],[-2.1714285714285717,75.82857142857142],[-0.041666666666666685,76.04166666666666],[2.0,75.88],[2.4036697247706424,75.40366972477065],[2.553719008264463,74.55371900826447],[3.0,74.18181818181819],[3.2553191489361706,74.25531914893617],[3.870967741935484,74.12903225806451],[4.0,74.33333333333333],[4.222222222222222,74.22222222222223],[4.222222222222222,74.0],[4.611111111111111,73.61111111111111],[5.0,73.46153846153845],[7.0,73.375],[7.476190476190475,73.52380952380952],[7.416666666666666,74.0],[7.163934426229508,74.1639344262295],[6.277777777777778,74.27777777777777],[6.0,74.55555555555556],[5.0625,75.0625],[5.25,75.75],[5.179487179487179,76.0],[5.634285714285714,76.36571428571429],[6.0,76.48484848484848],[6.376470588235295,76.37647058823529],[7.0,75.84615384615384],[9.0,75.73684210526316],[10.121212121212121,75.87878787878788],[10.571428571428571,76.42857142857143],[11.258064516129032,76.74193548387098],[12.0,76.77777777777779],[13.0,76.6],[15.0,76.80952380952381],[16.0,76.6923076923077],[16.41860465116279,76.41860465116278],[16.642857142857142,76.0],[16.461538461538463,75.53846153846155],[15.757575757575758,75.24242424242425],[13.733333333333334,75.26666666666667],[13.000000000000002,75.14285714285715],[12.470588235294116,74.52941176470587],[12.0,74.42857142857142],[11.793103448275861,74.20689655172413],[10.923076923076925,74.0],[10.545454545454545,73.0],[10.307692307692308,72.69230769230771],[9.0,72.33333333333334],[8.567567567567568,72.56756756756758],[8.210526315789473,73.21052631578948],[7.529411764705882,73.47058823529412],[7.260869565217392,72.7391304347826],[6.0,72.55555555555556],[5.67741935483871,72.3225806451613],[5.413793103448276,71.58620689655172],[4.666666666666667,71.33333333333334],[2.8695652173913047,71.13043478260869],[2.473684210526316,70.5263157894737],[2.0,70.25],[1.0,70.2],[0.8571428571428572,69.85714285714286],[1.0,69.5],[1.2666666666666666,69.26666666666667],[1.3333333333333335,69.0],[1.2222222222222223,68.77777777777777],[0.6842105263157894,68.3157894736842],[0.0,68.0],[-0.26666666666666666,67.26666666666667],[-0.6842105263157894,67.3157894736842],[-1.1052631578947367,67.10526315789474],[-1.358974358974359,66.35897435897436],[-2.0,65.55555555555556],[-3.0,65.33333333333334],[-3.5555555555555554,65.0],[-3.741935483870968,64.74193548387098],[-5.705882352941177,63.705882352941174],[-6.181818181818182,63.18181818181819],[-6.380952380952381,62.38095238095237],[-7.0,62.0],[-9.0,62.48148148148148],[-9.270833333333334,62.270833333333336],[-9.535353535353536,61.535353535353536],[-10.0,61.361111111111114],[-12.0,61.12765957446809],[-13.17910447761194,61.179104477611936],[-14.476190476190474,60.47619047619047],[-15.733333333333334,60.0],[-16.0,59.69230769230769],[-17.0,59.368421052631575],[-19.0,59.684210526315795],[-21.339622641509436,59.339622641509436],[-21.818181818181817,59.0],[-22.263157894736842,58.00000000000001],[-22.65432098765432,57.654320987654316],[-23.26086956521739,57.26086956521739],[-24.074766355140188,57.074766355140184],[-24.473684210526315,56.0],[-25.18918918918919,55.189189189189186],[-26.0,55.022222222222226],[-27.0,55.0],[-27.62962962962963,55.37037037037037],[-28.0,55.714285714285715],[-28.059701492537314,55.940298507462686],[-28.962264150943394,56.0377358490566],[-29.666666666666668,56.333333333333336],[-30.0,57.5],[-30.363636363636367,57.63636363636364],[-30.727272727272727,58.272727272727266],[-30.8,59.0],[-30.700000000000003,59.699999999999996],[-30.4,60.0],[-31.333333333333332,61.0],[-30.73913043478261,62.73913043478261],[-30.258064516129032,63.25806451612903],[-29.0,63.5],[-28.0,62.75],[-27.0,62.77777777777778],[-26.8,63.00000000000001],[-26.6,64.0],[-26.724137931034484,64.27586206896552],[-27.0,64.4],[-29.0,64.27272727272728],[-29.41025641025641,64.58974358974359],[-29.61538461538462,65.0],[-29.400000000000002,65.4],[-28.636363636363633,66.0],[-28.5,67.0],[-28.3125,67.3125],[-27.266666666666666,68.26666666666667],[-26.875,68.875],[-26.642857142857146,69.64285714285714],[-26.0,70.33333333333333],[-25.692307692307693,71.0],[-26.22222222222222,72.0],[-26.75,72.25],[-31.0,72.45833333333334],[-31.40625,72.59375],[-31.8125,73.0],[-31.40625,73.40625],[-29.61538461538462,74.0],[-29.555555555555557,75.0],[-29.813953488372093,75.18604651162791],[-30.634408602150536,75.36559139784946],[-32.0,75.37777777777777],[-33.0,75.13513513513514],[-35.04255319148936,75.04255319148936],[-36.0,74.3],[-36.25,74.25],[-36.66666666666667,74.33333333333334],[-40.0,74.26086956521739],[-42.42424242424243,74.42424242424242],[-43.62222222222222,73.62222222222222],[-45.1025641025641,73.1025641025641],[-45.6,72.6],[-46.0,72.4375],[-46.45,72.55],[-47.0,73.11111111111111],[-47.5,72.0],[-47.243902439024396,71.7560975609756],[-46.0,71.61111111111111],[-45.333333333333336,71.66666666666667],[-44.769230769230774,71.76923076923077],[-44.35714285714286,72.0],[-44.227272727272734,72.22727272727272],[-44.0,72.21739130434783],[-43.58333333333333,72.0],[-42.8,71.2],[-41.13333333333333,70.0],[-40.2,69.0],[-40.0,68.4],[-39.6,68.0],[-40.0,67.66666666666666],[-40.25,67.0],[-40.15094339622642,66.84905660377359],[-38.69230769230769,66.30769230769232],[-37.357142857142854,65.0],[-36.631578947368425,64.0],[-37.0,63.5],[-39.0,63.125],[-39.76744186046511,63.23255813953489],[-40.45454545454545,63.54545454545455],[-41.0,64.26666666666667],[-42.11111111111111,64.11111111111111],[-42.166666666666664,64.0],[-41.6,63.400000000000006],[-41.38461538461538,62.61538461538461],[-41.25,62.0],[-41.513513513513516,61.513513513513516],[-43.0625,61.0625],[-43.52631578947369,60.526315789473685],[-44.42857142857143,60.0],[-45.0,59.2],[-45.16666666666667,59.166666666666664],[-45.0,58.0],[-44.13793103448276,57.86206896551724],[-43.904761904761905,57.90476190476191],[-43.09090909090909,59.090909090909086],[-42.9375,59.0625],[-42.357142857142854,58.0],[-42.0,55.0],[-41.8,54.0],[-41.42857142857143,53.0],[-41.214285714285715,52.785714285714285],[-39.6969696969697,52.303030303030305],[-39.44444444444444,52.0],[-39.0,51.2],[-38.75,51.0],[-38.5,50.0],[-38.68421052631579,49.68421052631578],[-39.315789473684205,49.315789473684205],[-40.1875,49.1875],[-40.599999999999994,49.0],[-40.77777777777778,48.77777777777778],[-43.086956521739125,48.086956521739125],[-43.76923076923077,46.769230769230774],[-44.45454545454545,46.45454545454545],[-45.0,45.599999999999994],[-46.400000000000006,45.6],[-47.0,46.0],[-47.839999999999996,46.16],[-48.33333333333333,46.0],[-48.333333333333336,45.66666666666667],[-48.0,45.0],[-47.0,44.8],[-46.515151515151516,44.48484848484849],[-46.272727272727266,44.0],[-46.542857142857144,43.542857142857144],[-47.0,43.27272727272727],[-47.857142857142854,43.14285714285714],[-48.25,43.25],[-48.33333333333333,43.0],[-49.0,42.6],[-50.0,43.0],[-49.400000000000006,43.400000000000006],[-49.0,43.400000000000006],[-48.625,43.625],[-48.64705882352941,44.35294117647059],[-49.0,44.6],[-50.0,44.2],[-51.0,44.0],[-52.0,43.55555555555556],[-53.0,43.75],[-53.28571428571428,43.28571428571428],[-54.06896551724138,43.068965517241374],[-55.095238095238095,42.095238095238095],[-55.84615384615384,40.84615384615385],[-56.2,40.8],[-57.0,41.0],[-57.625,40.625],[-58.0,40.57142857142857],[-59.0,40.1],[-60.0,40.0],[-61.00000000000001,39.2],[-62.0,39.0],[-62.4,38.4],[-63.0,38.0],[-63.57142857142857,36.57142857142858],[-64.23529411764706,36.23529411764706],[-64.5,36.0],[-64.63636363636364,35.63636363636364],[-65.22222222222223,35.22222222222222],[-66.0,35.0],[-66.4,34.400000000000006],[-67.0,34.25],[-68.0,34.4],[-68.25,34.25],[-68.60000000000001,33.6],[-69.25,33.25],[-69.53846153846155,32.53846153846154],[-70.0,32.0],[-71.0,32.0],[-71.71428571428571,31.714285714285715],[-72.0,31.75],[-72.57142857142857,32.42857142857143],[-73.0,32.6],[-74.0,32.25],[-75.0,33.0],[-76.0,32.25],[-76.46153846153845,32.53846153846154],[-76.75,33.25],[-77.5,33.5],[-77.80000000000001,34.0],[-77.5,34.5],[-76.75,35.0],[-77.0,35.5],[-78.71428571428571,36.285714285714285],[-79.11111111111111,36.111111111111114],[-80.0,36.0],[-79.33333333333334,35.66666666666667],[-79.0,35.75],[-78.5,35.5],[-78.4,35.0],[-78.5,34.5],[-79.4,33.4],[-80.0,33.25],[-80.42857142857143,33.57142857142857],[-80.6923076923077,34.307692307692314],[-81.26666666666667,34.266666666666666],[-81.66666666666667,34.0],[-82.0,33.5],[-83.0,33.0],[-83.33333333333334,32.333333333333336],[-83.66666666666667,32.333333333333336],[-84.33333333333334,32.0],[-84.55555555555554,31.555555555555557],[-85.0,31.333333333333336],[-85.5,30.5],[-86.0,30.0],[-87.0,30.333333333333336],[-87.13333333333334,30.133333333333333],[-87.04444444444445,29.955555555555556],[-87.14035087719299,29.14035087719298],[-87.0,28.333333333333332],[-86.77777777777777,28.22222222222222],[-86.71428571428572,28.0],[-87.0,27.5],[-87.26666666666667,25.000000000000004],[-86.78947368421052,24.789473684210527],[-86.17647058823529,24.823529411764703],[-86.07692307692308,24.076923076923077],[-85.0,23.049999999999997],[-85.0,22.0],[-84.47826086956522,21.52173913043478],[-83.91489361702128,21.085106382978726],[-83.6,21.0],[-83.0,20.4],[-82.75,20.75],[-82.0,20.933333333333334],[-81.19047619047619,20.80952380952381],[-81.0,20.5],[-80.63636363636364,20.363636363636363],[-80.5,20.0],[-80.0,19.846153846153847],[-79.75,20.0],[-79.77777777777777,20.77777777777778],[-79.0,22.0],[-78.0,22.5],[-77.6,22.4],[-77.18181818181819,21.81818181818182],[-77.125,21.0],[-77.33333333333334,20.333333333333336],[-78.0,20.0],[-77.23529411764706,19.764705882352942],[-77.19999999999999,18.2],[-77.4,18.0],[-78.0,17.89655172413793],[-78.60563380281691,17.605633802816904],[-79.0,17.299999999999997],[-79.40579710144928,17.594202898550726],[-79.58974358974359,18.41025641025641],[-80.0,18.592592592592595],[-80.33333333333334,18.333333333333336],[-81.0,18.17543859649123],[-82.47826086956522,18.47826086956522],[-83.0,18.0],[-82.87096774193549,17.129032258064516],[-82.6,17.0],[-82.20000000000002,16.0],[-83.16666666666667,15.0],[-83.33333333333334,14.0],[-83.93939393939394,13.93939393939394],[-84.0,13.666666666666666],[-84.3076923076923,13.692307692307693],[-84.66666666666667,14.0],[-85.63636363636364,14.363636363636363],[-86.07142857142857,15.928571428571429],[-86.88235294117648,16.11764705882353],[-87.15625,16.84375],[-88.0,17.161290322580644],[-88.36619718309859,17.633802816901408],[-89.49101796407184,18.508982035928142],[-89.95348837209302,19.000000000000004],[-89.90697674418604,19.093023255813954],[-90.0,19.060606060606062],[-90.29807692307692,19.701923076923077],[-90.88571428571427,20.0],[-90.80000000000001,20.200000000000003],[-91.02758620689654,20.97241379310345],[-91.22222222222223,21.0],[-91.43076923076924,21.56923076923077],[-91.4375,22.0],[-91.73722627737226,22.26277372262774],[-92.44137931034481,22.55862068965517],[-93.32369942196533,23.676300578034684],[-93.84848484848486,24.0],[-93.61538461538461,26.0],[-93.8507462686567,26.149253731343283],[-93.92366412213741,27.076335877862594],[-94.48717948717949,27.512820512820515],[-94.86842105263159,28.13157894736842],[-94.95945945945947,29.04054054054054],[-95.12244897959184,29.122448979591837],[-95.95121951219512,29.04878048780488],[-95.82456140350877,29.82456140350877],[-96.0,30.27777777777778],[-96.41666666666667,30.416666666666668],[-96.83333333333334,30.0],[-96.35714285714286,29.642857142857146],[-96.07692307692307,28.92307692307692],[-95.35294117647058,28.647058823529413],[-95.4,28.400000000000002],[-95.26315789473685,28.000000000000004],[-95.91666666666667,27.0],[-95.84615384615384,26.846153846153847],[-96.0,26.833333333333332],[-96.01438848920863,26.985611510791365],[-96.25,27.0],[-96.7,27.3],[-96.78947368421052,28.210526315789473],[-98.0,28.299999999999997],[-98.10294117647058,28.897058823529413],[-98.69999999999999,28.999999999999996],[-98.53846153846155,29.53846153846154],[-98.0,30.0],[-98.71428571428571,30.285714285714285],[-98.87096774193549,31.129032258064516],[-99.66666666666667,31.333333333333336],[-99.81818181818181,32.18181818181818],[-100.48484848484848,32.515151515151516],[-100.84210526315789,33.15789473684211],[-100.9090909090909,35.090909090909086],[-101.83333333333333,37.0],[-102.0,37.16666666666667],[-102.08695652173913,37.08695652173913],[-102.30769230769232,36.30769230769231],[-103.0,36.142857142857146],[-103.8125,36.1875],[-104.0,36.27272727272727],[-104.24615384615385,36.753846153846155],[-104.72727272727272,37.0],[-104.93548387096774,38.064516129032256],[-105.8,38.2],[-105.75,38.75],[-105.85714285714286,39.0],[-105.76923076923077,39.23076923076923],[-105.88888888888889,39.888888888888886],[-105.0,40.0],[-105.9375,40.0625],[-105.9032258064516,42.0],[-106.28571428571428,42.285714285714285],[-106.71428571428571,42.285714285714285],[-106.71428571428571,42.71428571428571],[-106.94915254237287,43.05084745762712],[-107.94871794871794,43.05128205128205],[-107.87234042553192,43.87234042553192],[-108.0,44.5],[-108.35294117647058,44.64705882352941],[-108.6,45.0],[-109.59183673469387,45.40816326530613],[-110.0,46.11111111111111],[-110.1767955801105,47.17679558011049],[-110.0,47.888888888888886],[-109.75,48.0],[-109.46153846153847,48.46153846153847],[-109.0,48.66666666666667],[-108.87234042553192,48.87234042553192],[-107.00000000000001,48.977272727272734],[-106.83783783783784,49.83783783783784],[-106.22222222222223,49.77777777777778],[-105.58333333333333,50.0],[-105.8125,51.0],[-105.71428571428571,51.285714285714285],[-106.42105263157893,51.57894736842105],[-106.89473684210526,52.10526315789474],[-106.67441860465118,52.674418604651166],[-106.71428571428571,53.28571428571428],[-107.34285714285713,53.65714285714286],[-107.4,54.0],[-107.7,54.3],[-108.0,54.40909090909091],[-108.33962264150944,54.339622641509436],[-108.4090909090909,53.590909090909086],[-108.16666666666667,53.166666666666664],[-108.75,53.25],[-109.0,53.090909090909086],[-109.72727272727272,53.272727272727266],[-109.66666666666669,53.66666666666667],[-109.8,54.0],[-109.60000000000001,54.6],[-108.99999999999999,54.74074074074074],[-108.68888888888888,54.68888888888889],[-108.65,55.0],[-109.25454545454545,55.25454545454545],[-109.81395348837209,55.18604651162791],[-110.0,55.400000000000006],[-110.48,55.52],[-110.46153846153845,56.0],[-111.28,56.28],[-111.72,56.28],[-112.0,56.63636363636364],[-112.29629629629628,56.7037037037037],[-112.44444444444446,57.0],[-112.16666666666667,58.0],[-112.76190476190476,58.23809523809524],[-113.0,59.0],[-113.70588235294117,59.294117647058826],[-113.7142857142857,60.28571428571428],[-114.85714285714286,61.00000000000001],[-115.0,61.25],[-115.13333333333333,61.133333333333326],[-116.52941176470587,61.470588235294116],[-116.77777777777777,62.0],[-116.49122807017544,62.49122807017544],[-115.8688524590164,62.868852459016395],[-116.0,63.22222222222222],[-116.49122807017544,63.50877192982456],[-116.88235294117648,64.11764705882354],[-118.0,64.1],[-118.0,63.900000000000006],[-117.53846153846155,63.46153846153847],[-117.4375,63.0],[-117.5263157894737,62.52631578947369],[-118.0,62.0],[-119.0,62.0],[-119.60000000000001,61.6],[-120.0,61.611111111111114],[-120.08092485549133,61.91907514450867],[-120.38888888888889,62.0],[-119.70212765957447,62.70212765957446],[-119.73076923076925,63.0],[-119.890625,63.109375],[-121.59459459459458,63.4054054054054],[-122.03846153846155,63.96153846153846],[-122.75,64.25],[-124.0,64.31428571428572],[-124.23529411764704,64.76470588235294],[-126.68,65.32],[-126.97468354430379,66.0253164556962],[-128.07407407407408,66.07407407407408],[-128.3125,65.3125],[-129.0,65.17241379310346],[-131.0,65.125],[-132.7560975609756,65.2439024390244],[-133.3448275862069,65.65517241379311],[-133.55555555555554,66.0],[-133.8857142857143,66.11428571428571],[-135.0,66.13333333333334],[-135.2051282051282,65.7948717948718],[-135.2051282051282,65.2051282051282],[-136.10526315789474,65.10526315789474],[-136.3076923076923,65.0],[-136.5609756097561,64.5609756097561],[-137.0,64.35714285714286],[-138.0,64.3076923076923],[-138.47368421052633,64.52631578947368],[-139.0,65.2],[-140.4,65.60000000000001],[-141.0,66.0],[-140.75,66.75],[-140.0,67.0],[-140.60000000000002,67.4],[-140.66666666666669,68.0],[-140.44444444444443,68.44444444444444],[-140.0,68.66666666666667],[-139.0,68.5],[-137.76923076923077,68.76923076923077],[-137.5,69.0],[-137.89655172413794,69.10344827586206],[-139.88571428571427,69.11428571428571],[-142.0,69.3],[-142.16216216216216,69.16216216216216],[-142.31578947368422,68.68421052631578],[-142.26666666666665,68.26666666666667],[-143.0,68.0],[-144.0,68.375],[-145.0,68.5],[-145.64705882352942,67.6470588235294],[-146.31578947368422,67.3157894736842],[-147.1290322580645,67.12903225806451],[-149.33333333333334,67.33333333333334],[-149.6153846153846,66.61538461538461],[-150.0,66.44444444444444],[-151.0,66.625],[-151.28571428571428,66.71428571428571],[-151.5,67.0],[-151.4,67.4],[-151.0,67.6],[-149.75,67.75],[-149.77777777777777,68.77777777777777],[-149.22222222222223,68.77777777777777],[-148.9047619047619,69.0952380952381],[-149.0,69.25],[-150.0,69.16666666666667],[-150.33333333333334,69.33333333333334],[-150.66666666666669,69.33333333333334],[-151.15384615384616,72.0],[-151.75280898876406,72.24719101123596],[-152.28947368421052,72.28947368421052],[-152.86363636363637,72.13636363636364],[-153.0,72.5],[-154.0,72.45454545454544],[-154.4,72.4],[-154.9090909090909,72.0],[-155.0,71.75],[-156.0,71.75],[-157.0,72.5],[-157.26666666666665,72.26666666666667],[-159.0,72.3],[-159.4516129032258,72.54838709677419],[-159.63636363636363,73.0],[-159.60000000000002,73.4],[-160.0,73.8],[-160.25,73.75],[-161.76470588235293,74.23529411764706],[-162.25,75.0],[-161.66666666666669,75.66666666666667],[-160.84615384615384,75.84615384615384],[-160.48,76.48],[-159.73913043478262,76.73913043478261],[-159.0,77.25],[-158.0,77.25],[-157.625,77.625],[-156.87878787878788,77.87878787878788],[-155.0,77.85714285714286],[-154.2,78.0],[-153.625,78.625],[-153.0,78.75],[-149.06896551724137,78.93103448275862],[-147.8709677419355,78.87096774193549],[-147.33333333333334,79.0],[-147.0,79.25],[-146.83333333333334,80.0],[-146.14018691588785,80.14018691588785],[-144.0,79.83333333333334],[-143.84615384615384,80.0],[-141.0,80.26829268292683],[-138.0,80.27131782945736],[-137.27083333333334,80.0],[-137.2549019607843,79.74509803921568],[-136.68539325842696,79.31460674157303],[-136.35398230088495,79.35398230088495],[-135.0,79.08080808080808],[-132.0,79.0],[-131.75510204081633,78.24489795918367],[-130.1095890410959,78.10958904109589],[-128.0,78.20689655172414],[-127.73913043478261,78.0],[-127.54285714285714,77.45714285714286],[-127.0,77.0],[-126.24561403508773,77.24561403508773],[-125.79856115107913,77.20143884892086],[-125.0,76.88235294117646],[-122.17543859649123,76.82456140350877],[-121.00000000000001,76.55000000000001],[-120.0,76.77272727272728],[-119.0,76.77777777777779],[-118.46666666666667,76.53333333333333],[-118.00000000000001,75.92307692307693],[-115.71428571428571,75.71428571428571],[-115.22222222222223,75.77777777777777],[-114.57142857142858,75.57142857142858],[-114.33333333333334,75.66666666666667],[-114.33333333333334,75.33333333333334],[-114.125,75.0],[-114.3,74.0],[-114.0,73.625],[-113.5,73.5],[-113.16666666666667,73.0],[-112.00000000000001,72.73684210526316],[-111.00000000000001,72.80000000000001],[-110.7,72.7],[-110.16666666666666,72.83333333333333],[-110.0,72.0],[-109.19607843137254,71.80392156862744],[-107.0,71.84848484848484],[-106.69696969696969,71.6969696969697],[-106.30303030303031,71.6969696969697],[-106.30303030303031,71.30303030303031],[-106.0,70.77272727272727],[-105.32258064516128,70.67741935483872],[-105.0,70.44444444444444],[-104.52941176470587,70.47058823529412],[-104.0,70.0],[-104.0,71.0],[-104.54545454545455,71.45454545454545],[-105.0,71.3125],[-105.45833333333333,71.54166666666666],[-106.0,73.0],[-106.57142857142858,72.57142857142857],[-107.0,72.45454545454544],[-107.38709677419354,72.61290322580645],[-107.75,73.25],[-108.0,73.42857142857143],[-109.81818181818181,73.18181818181819],[-111.00000000000001,73.33333333333334],[-111.46153846153847,73.53846153846155],[-112.5,74.5],[-112.66666666666667,75.0],[-112.5,75.5],[-112.0,76.0],[-111.4,75.60000000000001],[-110.55555555555554,75.44444444444444],[-110.0,75.0],[-109.44444444444444,75.44444444444444],[-109.0,75.57142857142856],[-108.33333333333334,75.66666666666667],[-106.0,75.6],[-105.0,75.875],[-103.33333333333334,75.66666666666667],[-101.0,75.77777777777777],[-100.0,75.54545454545453],[-97.0,76.0],[-96.0,76.0],[-95.0,75.83333333333334],[-94.88235294117646,75.88235294117646],[-94.83333333333333,76.16666666666667],[-95.0,77.0],[-94.42105263157895,77.42105263157895],[-91.73913043478261,77.73913043478261],[-91.0,78.0],[-90.0,77.83333333333333],[-88.88235294117646,77.88235294117646],[-88.5,78.0],[-88.33333333333334,78.33333333333334],[-88.0,78.5],[-87.0,78.66666666666667],[-86.0,78.44444444444444],[-84.55555555555554,78.44444444444444],[-84.0,78.25],[-83.0,78.5],[-82.0,78.25],[-81.0,78.83333333333334],[-75.0,78.57142857142856],[-74.0,78.0],[-74.52941176470587,77.52941176470588],[-76.0,77.0],[-74.0,76.57142857142857],[-72.0,76.5],[-71.625,76.625],[-71.4,77.0],[-71.7,77.3],[-72.43478260869566,77.56521739130434],[-72.83333333333333,78.16666666666667],[-73.5,78.5],[-73.58333333333333,79.0],[-73.5,80.0],[-72.63636363636363,80.63636363636364],[-72.42857142857143,81.0],[-72.0,81.1578947368421],[-71.4,81.0],[-71.0,80.75],[-70.0,81.0],[-69.0,81.0],[-68.4,81.4],[-68.0,82.0],[-66.85714285714286,82.0],[-66.47999999999999,81.52],[-66.0,81.33333333333334],[-65.0,81.33333333333334],[-63.0,81.0],[-62.266666666666666,79.73333333333333],[-61.0,79.0],[-58.875,78.875],[-57.0,78.44444444444444],[-56.0,78.66666666666667],[-55.0,78.6],[-54.333333333333336,79.0]],[[-138.94594594594594,66.94594594594595],[-138.0,67.0],[-139.0,67.25],[-140.0,67.0],[-138.94594594594594,66.94594594594595]],[[-137.08333333333334,66.91666666666667],[-136.66666666666669,67.0],[-137.0,67.25],[-138.0,67.0],[-137.08333333333334,66.91666666666667]],[[-103.5,72.0],[-103.72413793103448,72.27586206896552],[-104.0,72.33333333333334],[-104.21621621621622,72.21621621621622],[-104.44444444444444,71.55555555555554],[-104.0,71.0],[-103.5,72.0]],[[-38.30769230769231,78.30769230769232],[-39.0,78.0],[-38.4,77.6],[-37.875,77.875],[-37.833333333333336,78.16666666666667],[-38.30769230769231,78.30769230769232]],[[-77.4,36.400000000000006],[-77.0,36.333333333333336],[-76.0,37.0],[-76.0,38.0],[-77.0,38.0],[-77.36363636363637,37.36363636363636],[-78.0,37.0],[-78.0,36.0],[-77.4,36.400000000000006]],[[-84.10000000000001,19.0],[-84.0,18.8],[-83.71428571428571,18.714285714285715],[-83.0,19.0],[-83.75,19.25],[-84.0,19.200000000000003],[-84.10000000000001,19.0]],[[-64.72727272727272,69.72727272727272],[-63.90909090909091,69.9090909090909],[-63.75,70.25],[-63.75,70.75],[-63.0,71.0],[-63.75,71.25],[-64.0,72.0],[-64.5,71.5],[-65.0,71.33333333333334],[-66.0,72.0],[-65.0,73.0],[-65.60000000000001,73.4],[-66.4,73.60000000000001],[-66.60000000000001,74.4],[-67.0,75.0],[-67.4,74.4],[-67.5,73.5],[-68.0,73.0],[-69.0,73.0],[-69.0,72.0],[-70.0,72.0],[-70.66666666666666,71.0],[-69.66666666666667,70.33333333333334],[-69.15384615384616,68.84615384615384],[-68.28571428571428,68.71428571428571],[-67.78571428571428,68.78571428571428],[-67.5,69.0],[-67.35294117647058,69.35294117647058],[-67.0,69.6],[-64.72727272727272,69.72727272727272]],[[-60.28571428571428,71.71428571428571],[-59.8,72.0],[-60.00000000000001,72.33333333333334],[-61.0,72.0],[-60.28571428571428,71.71428571428571]],[[-63.647058823529406,76.6470588235294],[-63.0,77.0],[-64.0,77.42857142857142],[-65.0,77.33333333333334],[-66.25,77.0],[-66.22222222222223,76.77777777777777],[-65.0,76.5],[-63.647058823529406,76.6470588235294]],[[-61.333333333333336,76.0],[-61.0,75.66666666666667],[-60.733333333333334,75.73333333333333],[-60.5,76.0],[-60.69230769230769,76.30769230769232],[-61.0,76.4],[-61.266666666666666,76.26666666666667],[-61.333333333333336,76.0]],[[-57.0,76.0],[-57.83333333333333,76.16666666666667],[-58.0,76.33333333333334],[-59.0,76.5],[-59.333333333333336,76.33333333333334],[-59.5,76.0],[-59.25,75.75],[-59.0,75.71428571428571],[-57.0,76.0]],[[-55.6,74.0],[-55.733333333333334,74.26666666666667],[-56.0,74.33333333333334],[-56.333333333333336,74.0],[-56.0,73.66666666666667],[-55.6,74.0]],[[-52.75,73.75],[-52.71428571428571,74.28571428571428],[-53.0,74.66666666666667],[-54.0,74.66666666666667],[-54.333333333333336,74.33333333333334],[-54.4,74.0],[-54.00000000000001,73.66666666666667],[-53.0,73.5],[-52.75,73.75]],[[-48.55555555555555,75.55555555555556],[-48.5,76.0],[-48.8,76.2],[-50.0,76.375],[-50.25,76.25],[-50.333333333333336,76.0],[-50.26086956521739,75.73913043478261],[-50.0,75.625],[-49.0,75.5],[-48.55555555555555,75.55555555555556]],[[-48.400000000000006,75.4],[-48.33333333333333,75.0],[-48.111111111111114,74.88888888888889],[-47.0,75.0],[-48.400000000000006,75.4]],[[-46.00000000000001,74.8],[-45.0,75.0],[-45.71428571428571,75.28571428571428],[-46.25,75.25],[-47.0,75.0],[-46.00000000000001,74.8]],[[-27.000000000000004,75.66666666666667],[-26.000000000000004,75.85714285714286],[-25.85714285714286,76.00000000000001],[-27.0,76.10344827586208],[-27.428571428571427,76.0],[-27.000000000000004,75.66666666666667]],[[-24.1,78.1],[-24.047619047619047,77.95238095238095],[-23.866666666666667,78.00000000000001],[-23.906976744186046,78.09302325581396],[-24.1,78.1]],[[-21.1,78.1],[-21.057142857142857,77.94285714285715],[-20.875,78.0],[-20.870967741935484,78.12903225806451],[-21.1,78.1]],[[-19.133333333333333,78.13333333333333],[-19.074074074074076,77.92592592592592],[-18.919999999999998,77.92],[-18.88235294117647,78.11764705882354],[-19.133333333333333,78.13333333333333]],[[-18.133333333333333,75.13333333333333],[-18.428571428571427,75.0],[-18.0,74.76923076923076],[-17.0,75.0],[-18.133333333333333,75.13333333333333]],[[-43.84,64.84],[-43.714285714285715,65.0],[-44.0,65.33333333333334],[-45.0,65.25],[-46.0,65.0],[-43.84,64.84]],[[-86.13953488372093,19.13953488372093],[-86.5,19.0],[-86.0,18.714285714285715],[-85.75,19.0],[-86.13953488372093,19.13953488372093]],[[-158.0,74.0],[-157.8181818181818,75.0],[-157.8709677419355,75.12903225806451],[-158.4,75.0],[-158.44444444444443,74.55555555555554],[-158.0,74.0]],[[-146.0,71.0],[-147.0,71.4],[-147.25,71.25],[-147.33333333333334,70.66666666666667],[-147.0,70.33333333333333],[-146.0,71.0]],[[-140.44776119402985,73.55223880597015],[-140.83582089552237,74.16417910447761],[-141.18487394957984,74.18487394957984],[-141.4230769230769,74.0],[-142.05882352941177,73.05882352941177],[-141.5,72.5],[-141.27777777777777,72.0],[-141.21052631578948,70.78947368421052],[-141.0,70.5],[-138.16666666666666,71.0],[-139.63157894736844,71.36842105263159],[-139.775,72.0],[-139.51999999999998,73.0],[-140.44776119402985,73.55223880597015]],[[-130.56521739130434,69.43478260869566],[-130.28571428571428,69.0],[-129.8095238095238,68.80952380952381],[-129.0,69.0],[-128.75,69.75],[-126.0,70.0],[-128.0,70.23076923076923],[-135.2,70.0],[-135.66666666666666,69.0],[-135.0,68.83333333333333],[-134.63636363636363,69.36363636363636],[-134.7142857142857,69.71428571428572],[-134.36363636363637,69.63636363636364],[-133.84615384615387,69.84615384615384],[-132.0,69.96296296296296],[-131.15384615384616,69.84615384615384],[-131.0,69.625],[-130.56521739130434,69.43478260869566]],[[-133.875,77.0],[-134.0,77.125],[-134.0,76.91666666666666],[-133.875,77.0]],[[-132.13483146067415,75.86516853932585],[-131.80327868852459,75.80327868852459],[-131.5,76.0],[-131.77358490566036,76.22641509433961],[-132.1904761904762,76.19047619047619],[-132.26086956521738,76.0],[-132.13483146067415,75.86516853932585]],[[-122.92,68.92],[-122.9298245614035,69.0701754385965],[-123.18181818181817,69.0],[-122.92,68.92]],[[-112.23255813953489,60.76744186046512],[-112.0,60.54545454545455],[-111.0,60.875],[-110.96666666666667,61.03333333333334],[-112.0,61.20833333333333],[-113.14545454545454,61.14545454545455],[-113.4,61.0],[-113.21621621621621,60.78378378378379],[-113.0,60.86666666666667],[-112.23255813953489,60.76744186046512]],[[-107.0909090909091,62.09090909090909],[-107.09803921568627,61.90196078431372],[-106.86301369863013,61.86301369863014],[-106.9047619047619,62.095238095238095],[-107.0909090909091,62.09090909090909]],[[-104.81818181818181,66.81818181818181],[-104.83333333333333,67.0],[-105.02816901408451,67.02816901408451],[-105.0952380952381,66.90476190476191],[-105.0,66.0],[-104.81818181818181,66.81818181818181]],[[-98.5,71.0],[-96.0,70.57142857142857],[-95.0,71.0],[-95.33333333333334,71.66666666666667],[-96.76923076923077,72.23076923076923],[-98.22222222222223,72.22222222222223],[-99.13333333333333,72.13333333333333],[-99.33333333333334,72.0],[-98.5,71.0]],[[-89.5,74.0],[-89.68,74.32],[-90.0,74.44444444444444],[-91.0,74.25],[-91.16666666666667,74.0],[-91.13333333333334,73.86666666666667],[-90.0,73.42857142857143],[-89.63636363636364,73.63636363636363],[-89.5,74.0]],[[-87.82352941176471,20.0],[-88.58333333333333,20.416666666666668],[-89.0,20.5],[-89.42168674698796,20.42168674698795],[-89.53030303030303,20.0],[-89.4,19.6],[-89.0,19.539473684210527],[-88.6045197740113,19.6045197740113],[-87.82352941176471,20.0]],[[-86.8,59.8],[-86.85714285714286,60.142857142857146],[-87.14285714285714,60.142857142857146],[-87.33333333333334,60.00000000000001],[-87.18181818181819,59.81818181818181],[-86.8,59.8]],[[-83.19047619047619,56.80952380952381],[-82.82608695652173,56.826086956521735],[-82.5,57.0],[-83.0,58.0],[-83.4,57.4],[-84.0,57.0],[-83.19047619047619,56.80952380952381]],[[-76.42857142857142,72.0],[-76.3,71.7],[-76.0,71.625],[-75.71428571428571,71.71428571428571],[-75.57142857142856,72.0],[-75.68421052631578,72.3157894736842],[-76.0,72.42857142857142],[-76.42857142857142,72.0]],[[-68.55555555555556,65.55555555555556],[-68.33333333333333,66.0],[-69.0,66.4],[-70.0,66.2],[-71.0,66.2],[-71.33333333333334,66.0],[-71.0,65.66666666666667],[-68.55555555555556,65.55555555555556]],[[-63.00000000000001,66.66666666666667],[-62.8,66.8],[-62.77777777777778,67.0],[-62.875,67.125],[-63.11764705882353,67.11764705882354],[-63.16666666666667,66.83333333333333],[-63.00000000000001,66.66666666666667]],[[-65.33333333333334,74.66666666666667],[-65.0,74.5],[-64.6,75.0],[-65.0,75.5],[-65.3076923076923,75.30769230769232],[-65.5,75.0],[-65.33333333333334,74.66666666666667]],[[-60.0,65.0],[-60.60000000000001,64.6],[-61.44444444444444,64.44444444444444],[-61.666666666666664,64.0],[-62.0,63.8],[-62.25,64.0],[-62.0,65.0],[-62.57894736842105,65.42105263157895],[-64.0,65.44444444444444],[-65.0,65.66666666666667],[-66.0,65.42857142857142],[-67.44444444444444,65.44444444444444],[-68.0,65.0],[-68.71428571428571,64.71428571428571],[-69.55555555555554,64.55555555555554],[-70.0,64.33333333333334],[-71.28571428571428,64.28571428571428],[-72.0,64.0],[-72.5,63.5],[-73.0,63.4],[-73.33333333333334,63.00000000000001],[-73.2,62.0],[-73.52941176470588,61.529411764705884],[-74.21052631578948,61.21052631578947],[-74.33333333333334,61.0],[-74.25,60.75],[-73.57142857142858,60.42857142857143],[-73.2,59.8],[-72.5,59.5],[-72.33333333333334,59.0],[-72.4,58.0],[-72.0,57.66666666666667],[-71.76470588235294,57.76470588235294],[-71.5,58.5],[-71.0,58.800000000000004],[-70.0,59.0],[-68.60000000000001,59.6],[-67.63636363636364,59.63636363636364],[-67.0,60.0],[-64.75,59.25],[-64.5,59.0],[-64.0,58.0],[-63.22222222222222,57.77777777777777],[-62.81818181818182,57.81818181818181],[-62.4,58.400000000000006],[-61.66666666666667,58.66666666666667],[-61.33333333333333,59.0],[-61.400000000000006,59.400000000000006],[-61.0,60.0],[-60.60000000000001,59.400000000000006],[-60.0,59.0],[-59.5,59.5],[-58.84615384615385,59.846153846153854],[-58.66666666666667,60.66666666666667],[-58.77777777777778,61.22222222222223],[-59.0,61.400000000000006],[-59.44444444444444,61.44444444444444],[-60.0,61.0],[-60.0,62.0],[-59.66666666666667,62.66666666666667],[-59.0,63.0],[-58.0,62.83333333333333],[-55.0,61.66666666666667],[-54.5,63.0],[-54.315789473684205,63.315789473684205],[-54.0,63.42857142857143],[-53.625,63.375],[-53.10526315789474,62.89473684210526],[-52.42857142857143,62.57142857142858],[-52.0,62.0],[-51.0,62.4],[-50.333333333333336,62.0],[-49.0,61.625],[-48.7,61.7],[-48.5,62.0],[-49.0,63.0],[-49.6,63.400000000000006],[-50.44444444444444,63.55555555555556],[-51.0,64.0],[-50.5,64.5],[-50.0,64.66666666666667],[-49.0,64.4],[-47.86666666666667,64.86666666666667],[-47.666666666666664,66.0],[-48.0,66.33333333333334],[-49.0,66.0],[-49.71428571428571,66.28571428571428],[-50.0,67.0],[-52.4,67.6],[-52.875,68.125],[-53.18181818181819,68.18181818181819],[-54.0,68.0],[-54.44444444444444,67.44444444444444],[-55.275862068965516,67.27586206896552],[-55.57142857142857,67.0],[-55.57142857142858,66.57142857142858],[-56.0,66.25],[-59.0,66.0],[-57.00000000000001,65.66666666666667],[-56.66666666666667,65.33333333333334],[-56.55555555555556,64.55555555555554],[-57.00000000000001,64.33333333333334],[-59.0,64.375],[-59.5,64.5],[-60.0,65.0]],[[-24.454545454545453,76.0],[-24.0,75.0],[-23.0,74.375],[-22.0,74.63636363636364],[-21.0,74.625],[-20.75,74.75],[-20.625,75.0],[-21.4,75.60000000000001],[-21.545454545454547,76.0],[-21.86111111111111,76.13888888888889],[-24.0,76.125],[-24.454545454545453,76.0]],[[-45.074074074074076,62.074074074074076],[-45.074074074074076,61.925925925925924],[-44.9375,61.9375],[-44.94444444444444,62.05555555555556],[-45.074074074074076,62.074074074074076]],[[-130.0,67.0],[-132.0,67.16],[-132.16,67.0],[-132.0,66.86666666666667],[-130.0,67.0]],[[-104.67741935483872,51.67741935483871],[-104.5,52.0],[-105.12345679012346,52.123456790123456],[-105.55555555555556,52.0],[-105.34482758620689,51.65517241379311],[-104.67741935483872,51.67741935483871]],[[-104.21052631578948,51.21052631578947],[-104.0,50.83333333333333],[-103.0,51.0],[-104.0,51.285714285714285],[-104.21052631578948,51.21052631578947]],[[-97.5,32.0],[-97.76923076923077,32.230769230769226],[-98.18181818181819,32.18181818181818],[-98.17142857142858,31.82857142857143],[-97.71428571428571,31.714285714285715],[-97.5,32.0]],[[-96.58333333333334,30.583333333333336],[-97.0,31.625],[-97.34482758620689,31.344827586206897],[-97.33333333333334,30.666666666666668],[-97.0,30.166666666666664],[-96.58333333333334,30.583333333333336]],[[-90.22727272727272,20.772727272727273],[-90.0,20.861111111111114],[-89.78260869565217,20.782608695652172],[-89.88636363636364,21.113636363636363],[-90.1639344262295,21.163934426229506],[-90.71428571428571,21.0],[-90.22727272727272,20.772727272727273]],[[-67.66666666666667,57.00000000000001],[-67.71428571428571,57.28571428571428],[-68.16666666666666,57.16666666666667],[-68.2,57.0],[-68.0,56.800000000000004],[-67.66666666666667,57.00000000000001]],[[-67.0,57.66666666666667],[-66.75,58.0],[-66.8,58.2],[-67.0,58.333333333333336],[-67.18181818181819,58.18181818181818],[-67.28571428571428,57.71428571428571],[-67.0,57.66666666666667]],[[-104.17647058823529,39.1764705882353],[-104.15384615384616,38.84615384615385],[-103.86666666666667,38.86666666666667],[-104.0,39.3],[-104.17647058823529,39.1764705882353]],[[-103.13333333333334,38.13333333333333],[-103.125,37.875],[-102.80645161290323,37.806451612903224],[-102.625,38.0],[-103.13333333333334,38.13333333333333]]],[[[-110.52941176470588,55.470588235294116],[-110.5,55.0],[-110.6923076923077,54.69230769230769],[-111.0,54.55555555555556],[-111.34782608695653,54.65217391304348],[-111.57142857142857,55.0],[-111.27586206896552,55.275862068965516],[-110.52941176470588,55.470588235294116]]],[[[-71.75,60.75],[-72.0,60.0],[-72.33333333333334,60.66666666666667],[-72.22222222222223,61.22222222222223],[-71.84615384615384,61.153846153846146],[-71.75,60.75]]],[[[-151.25,65.0],[-152.0,64.625],[-153.0,64.57142857142857],[-153.5,65.0],[-153.3,65.3],[-153.0,65.42857142857143],[-152.0,65.42857142857143],[-151.25,65.0]]],[[[-146.88000000000002,65.0],[-146.76,65.24000000000001],[-146.76,65.75999999999999],[-146.24,65.75999999999999],[-146.0,65.88],[-144.375,65.625],[-143.625,65.375],[-143.4,65.0],[-143.68421052631578,64.68421052631578],[-144.375,64.375],[-146.0,64.15384615384616],[-146.55555555555557,64.44444444444444],[-146.88000000000002,65.0]]],[[[-148.53846153846155,65.53846153846155],[-148.0,65.69999999999999],[-147.53333333333333,65.46666666666667],[-147.29999999999998,65.0],[-148.0,64.36363636363636],[-148.48275862068965,64.51724137931035],[-149.0,65.0],[-148.53846153846155,65.53846153846155]]],[[[-150.9090909090909,65.0],[-150.5,65.5],[-150.0,65.71428571428572],[-149.4,65.60000000000001],[-149.0,65.0],[-149.5,64.5],[-150.0,64.375],[-150.9090909090909,65.0]]],[[[-157.5,68.5],[-157.0,68.57142857142857],[-156.57894736842104,68.42105263157895],[-156.42857142857142,68.0],[-156.6,67.6],[-157.0,67.33333333333334],[-158.0,68.0],[-157.5,68.5]]],[[[-178.26086956521738,71.73913043478261],[-177.46153846153848,71.53846153846153],[-177.0,71.0],[-177.51724137931035,70.51724137931035],[-178.0,70.36363636363637],[-179.0,70.28571428571428],[-179.5,70.5],[-179.9090909090909,71.0],[-179.66666666666669,71.66666666666667],[-178.26086956521738,71.73913043478261]]],[[[-169.75,74.75],[-167.0,74.55555555555556],[-166.58333333333334,74.41666666666667],[-166.28571428571428,74.0],[-166.56521739130432,73.56521739130434],[-167.33333333333334,73.33333333333334],[-168.56521739130434,72.56521739130434],[-170.0,72.22222222222223],[-172.0,72.36363636363637],[-172.45161290322582,72.54838709677419],[-173.0,73.25],[-173.125,73.125],[-175.24,73.24000000000001],[-177.0,73.0],[-177.6,72.6],[-178.0,72.5],[-178.375,72.625],[-178.89473684210526,73.10526315789474],[-179.22222222222223,73.22222222222223],[-180.0,72.66666666666667],[-180.0,75.75],[-178.84,75.84],[-177.29629629629628,75.7037037037037],[-176.54545454545453,75.45454545454545],[-176.0,75.0],[-173.11764705882354,74.88235294117648],[-172.5,74.5],[-172.16666666666666,73.83333333333333],[-170.86206896551724,73.86206896551724],[-170.48275862068965,74.48275862068965],[-169.75,74.75]]],[[[-180.0,77.625],[-180.0,79.0],[-179.71428571428572,78.28571428571428],[-179.39999999999998,78.0],[-179.7,77.7],[-180.0,77.625]]],[[[-87.0,80.25],[-88.0,80.44444444444444],[-88.4,80.60000000000001],[-88.71428571428571,81.0],[-87.62962962962962,81.37037037037037],[-87.31578947368422,81.3157894736842],[-87.0,82.0],[-86.0,81.66666666666667],[-85.66666666666667,81.33333333333334],[-85.45,81.45],[-84.0,81.34615384615384],[-83.18181818181819,81.0],[-83.46153846153847,80.46153846153847],[-84.17142857142858,80.17142857142858],[-85.0,80.05263157894737],[-85.75757575757575,80.24242424242425],[-86.0,80.5],[-87.0,80.25]]],[[[-163.0,82.25],[-162.96,82.0],[-162.18947368421053,80.81052631578947],[-161.54545454545453,80.45454545454544],[-160.0,80.20833333333333],[-159.47368421052633,80.0],[-159.55555555555554,79.55555555555554],[-160.0,79.23076923076923],[-161.15384615384613,79.15384615384616],[-165.0,79.0909090909091],[-166.0,79.2],[-167.0,79.48888888888888],[-170.0,79.35483870967742],[-171.0,79.0],[-171.52380952380952,78.52380952380952],[-172.0,78.375],[-172.43478260869566,78.56521739130434],[-172.71428571428572,79.0],[-173.1,79.1],[-173.33333333333334,79.0],[-173.6190476190476,78.61904761904762],[-174.4,78.4],[-175.83333333333334,78.16666666666667],[-176.8181818181818,78.18181818181819],[-178.3,78.7],[-178.58333333333334,79.41666666666667],[-179.0,80.0],[-179.63636363636365,79.63636363636364],[-180.0,79.0],[-180.0,81.33333333333334],[-179.52380952380952,82.52380952380952],[-178.35294117647058,83.35294117647058],[-177.0,83.57142857142857],[-176.0,84.25],[-175.0,83.80000000000001],[-174.0,84.75],[-173.4,84.60000000000001],[-173.0,84.0],[-172.4,84.4],[-172.0,84.5],[-170.0,84.5],[-169.6,84.60000000000001],[-169.0,85.0],[-166.5,85.0],[-166.60000000000002,84.60000000000001],[-168.0,84.0],[-167.14285714285714,83.85714285714286],[-166.0,84.0],[-165.5,84.5],[-165.0,84.66666666666667],[-164.0,84.0],[-163.66666666666669,83.0],[-163.0,82.25]]],[[[-98.22222222222223,81.77777777777777],[-98.33333333333334,82.0],[-98.1,82.10000000000001],[-96.6,82.0],[-96.63636363636364,81.63636363636364],[-97.0,81.33333333333334],[-98.22222222222223,81.77777777777777]]],[[[-99.4,82.0],[-99.625,81.625],[-100.0,81.5],[-100.375,81.625],[-100.5,82.0],[-99.91428571428571,82.08571428571429],[-99.4,82.0]]],[[[-179.01649484536082,89.98350515463918],[-179.0464216634429,89.04642166344294],[-180.0,89.06773618538324],[-180.0,90.0],[-179.01649484536082,89.98350515463918]]],[[[-50.0,-88.0],[-50.60000000000001,-88.4],[-51.0,-88.5],[-52.0,-88.4],[-53.0,-88.0],[-53.0,-87.0],[-52.0,-87.0],[-51.0,-87.66666666666667],[-50.60000000000001,-87.6],[-50.0,-88.0]]],[[[-7.0,-86.0],[-8.0,-87.0],[-8.666666666666668,-86.66666666666667],[-9.0,-86.0],[-8.31578947368421,-85.68421052631578],[-7.684210526315789,-85.68421052631578],[-7.0,-86.0]]],[[[0.0,-82.6923076923077],[0.3076923076923077,-82.6923076923077],[1.0,-83.0],[0.4,-83.4],[0.0,-83.5],[-0.34782608695652173,-83.34782608695652],[-0.5,-83.0],[0.0,-82.6923076923077]]],[[[-60.0,-82.56666666666666],[-61.0,-82.5],[-62.0,-82.25],[-62.66666666666667,-82.33333333333334],[-63.30434782608697,-82.69565217391305],[-63.673469387755105,-83.32653061224491],[-64.0,-83.47058823529412],[-65.0,-83.43478260869566],[-66.3235294117647,-83.67647058823529],[-68.0,-83.66666666666667],[-68.52631578947368,-83.52631578947368],[-69.0,-83.0],[-68.51612903225806,-82.48387096774194],[-67.44444444444444,-82.0],[-64.74025974025975,-81.74025974025975],[-62.25,-81.75],[-61.0,-81.5],[-60.0,-81.5],[-59.69642857142858,-81.69642857142858],[-59.595238095238095,-82.0],[-59.63829787234043,-82.36170212765957],[-60.0,-82.56666666666666]]],[[[-43.66666666666667,-78.0],[-43.0,-77.63636363636363],[-42.69230769230769,-78.0],[-43.0,-78.14814814814815],[-43.66666666666667,-78.0]]],[[[27.229508196721312,-69.22950819672131],[27.0,-69.38888888888889],[26.65853658536585,-69.34146341463415],[26.416666666666664,-69.0],[26.854166666666664,-68.85416666666666],[27.24137931034483,-69.0],[27.229508196721312,-69.22950819672131]]],[[[-64.0,-63.52173913043478],[-65.0,-63.214285714285715],[-65.28947368421053,-63.71052631578947],[-66.0,-63.916666666666664],[-66.9322033898305,-63.932203389830505],[-67.46428571428572,-63.464285714285715],[-67.54166666666667,-63.00000000000001],[-67.38235294117646,-62.61764705882352],[-66.90476190476191,-62.095238095238095],[-66.0,-62.06382978723404],[-65.21538461538462,-62.21538461538461],[-65.0,-62.699999999999996],[-64.0,-62.25],[-63.529411764705884,-62.470588235294116],[-63.0,-62.0],[-63.48275862068965,-62.51724137931035],[-63.368421052631575,-63.0],[-63.63076923076923,-63.369230769230775],[-64.0,-63.52173913043478]]],[[[-52.0,-60.86666666666667],[-52.83870967741936,-60.00000000000001],[-52.302325581395344,-59.69767441860465],[-51.16129032258064,-60.00000000000001],[-51.63380281690141,-60.36619718309859],[-52.0,-60.86666666666667]]],[[[-49.5,-54.0],[-49.75,-54.25],[-50.0,-54.285714285714285],[-50.400000000000006,-54.0],[-50.22222222222222,-53.77777777777777],[-49.77777777777778,-53.77777777777777],[-49.5,-54.0]]],[[[-47.71428571428571,-54.0],[-48.0,-54.285714285714285],[-48.25,-54.25],[-48.5,-54.0],[-48.0,-53.71428571428571],[-47.71428571428571,-54.0]]],[[[-17.338983050847457,-48.66101694915254],[-17.0,-48.58904109589041],[-16.771863117870723,-48.77186311787072],[-16.666666666666664,-49.0],[-16.76923076923077,-49.230769230769226],[-17.0,-49.35294117647059],[-17.205479452054796,-49.20547945205479],[-17.338983050847457,-48.66101694915254]]],[[[-18.22222222222222,-47.77777777777778],[-18.0,-47.66265060240964],[-17.768595041322314,-47.768595041322314],[-17.6056338028169,-48.0],[-17.668639053254438,-48.33136094674557],[-18.19047619047619,-48.19047619047619],[-18.31818181818182,-48.0],[-18.22222222222222,-47.77777777777778]]],[[[-50.0,-35.0],[-50.0,-34.0],[-49.0,-34.0],[-48.5,-34.5],[-48.5,-35.0],[-48.66666666666667,-35.333333333333336],[-49.0,-35.5],[-49.5,-35.5],[-50.0,-35.0]]],[[[-48.5,-32.5],[-48.6,-32.0],[-48.46153846153847,-31.53846153846154],[-48.0,-31.0],[-47.0,-31.0],[-47.44444444444444,-31.555555555555557],[-47.400000000000006,-32.0],[-47.53846153846154,-32.46153846153846],[-48.0,-33.0],[-48.5,-32.5]]],[[[-50.0,-35.0],[-50.0,-37.0],[-51.0,-37.0],[-50.60000000000001,-37.6],[-50.66666666666667,-38.0],[-50.36363636363636,-38.36363636363636],[-48.25,-39.25],[-48.0,-40.0],[-48.25,-40.75],[-51.0,-41.857142857142854],[-51.83333333333333,-41.833333333333336],[-52.6,-41.6],[-52.800000000000004,-41.00000000000001],[-53.0,-40.833333333333336],[-54.0,-41.0],[-53.60000000000001,-41.6],[-53.5,-42.0],[-53.66666666666667,-43.0],[-54.0,-43.25],[-54.22222222222222,-43.22222222222222],[-54.77777777777778,-42.77777777777778],[-55.14285714285714,-42.85714285714286],[-55.25,-43.0],[-55.14285714285714,-43.14285714285714],[-55.160000000000004,-44.16],[-55.0,-44.4],[-54.0,-45.0],[-55.32000000000001,-45.68],[-55.5,-46.0],[-55.44444444444444,-47.0],[-55.629629629629626,-47.37037037037037],[-56.0,-47.55555555555556],[-57.0,-47.61538461538461],[-57.22222222222222,-47.77777777777778],[-57.27586206896552,-49.275862068965516],[-56.2,-50.0],[-57.0,-50.800000000000004],[-58.0,-50.714285714285715],[-58.30769230769231,-51.30769230769231],[-58.30769230769231,-51.69230769230769],[-59.5,-52.0],[-59.25,-52.25],[-59.5,-53.5],[-60.2,-54.0],[-60.5,-55.0],[-60.5,-55.5],[-60.0,-55.285714285714285],[-59.470588235294116,-55.470588235294116],[-58.76470588235294,-55.76470588235294],[-58.6,-56.0],[-58.0,-56.375],[-56.99999999999999,-56.416666666666664],[-56.58823529411764,-56.58823529411764],[-56.36363636363636,-57.0],[-56.86,-57.14],[-57.0,-57.69999999999999],[-58.0,-57.55555555555556],[-59.166666666666664,-57.83333333333333],[-61.0,-57.77777777777778],[-61.15642458100559,-57.15642458100558],[-61.8235294117647,-57.0],[-61.77777777777777,-56.77777777777778],[-62.35294117647058,-56.647058823529406],[-62.77777777777777,-56.77777777777778],[-63.0,-56.0],[-63.898305084745765,-56.10169491525424],[-64.66666666666667,-56.0],[-65.0,-52.800000000000004],[-65.44444444444444,-52.44444444444444],[-66.0,-52.22222222222222],[-66.0,-51.33333333333334],[-65.0,-51.42857142857143],[-64.90322580645162,-51.0],[-64.96428571428572,-49.964285714285715],[-65.33333333333334,-49.33333333333334],[-65.30000000000001,-49.0],[-65.04838709677419,-48.95161290322581],[-64.83333333333333,-47.16666666666667],[-64.3,-47.3],[-64.0,-47.1875],[-63.875,-47.0],[-63.791666666666664,-46.0],[-64.05533596837945,-43.055335968379445],[-64.0,-42.3],[-63.79310344827586,-42.20689655172414],[-63.23529411764706,-41.0],[-63.05755395683453,-40.94244604316547],[-63.02409638554217,-38.975903614457835],[-62.16,-38.84],[-62.0,-38.0],[-62.0,-36.77777777777778],[-61.67058823529412,-36.32941176470588],[-61.69565217391305,-36.0],[-61.29577464788732,-35.0],[-61.45652173913044,-34.0],[-61.16535433070867,-33.0],[-61.07142857142857,-31.0],[-60.491467576791806,-30.50853242320819],[-60.1958041958042,-30.0],[-60.148648648648646,-28.85135135135135],[-60.30851063829787,-27.0],[-60.15584415584415,-26.0],[-60.16901408450704,-24.83098591549296],[-60.0,-24.18918918918919],[-59.82051282051282,-24.0],[-59.89772727272727,-21.897727272727273],[-60.06629834254144,-21.066298342541437],[-61.0,-20.606557377049178],[-62.22857142857143,-19.228571428571428],[-63.0,-19.0],[-63.434782608695656,-18.43478260869565],[-64.18773946360153,-18.18773946360153],[-64.52988855116516,-17.529888551165147],[-65.65168539325842,-16.651685393258425],[-65.96244131455398,-15.96244131455399],[-66.91071428571428,-15.0],[-66.96819085487078,-13.968190854870775],[-67.60330578512396,-13.603305785123966],[-67.94285714285714,-13.0],[-68.0,-12.0],[-68.88235294117646,-11.882352941176471],[-69.09756097560975,-10.097560975609756],[-69.57142857142857,-10.0],[-69.95744680851064,-8.957446808510639],[-70.07843137254902,-7.0],[-69.93582887700535,-5.064171122994653],[-69.5,-5.0],[-69.8125,-4.8125],[-70.0,-4.842105263157895],[-70.12451361867704,-4.124513618677042],[-70.0,-3.1111111111111107],[-69.20689655172413,-2.793103448275862],[-69.31111111111112,-2.311111111111111],[-69.08045977011494,-1.9195402298850575],[-69.0,-0.9827586206896551],[-68.0,-1.0],[-67.84810126582278,-0.15189873417721517],[-67.33333333333333,0.0],[-67.27272727272727,0.2727272727272727],[-67.0,0.5],[-66.93617021276596,1.0],[-66.07407407407408,2.074074074074074],[-66.01764705882353,6.017647058823529],[-65.09756097560975,6.097560975609756],[-65.0,6.800000000000001],[-64.4,6.6000000000000005],[-64.2,6.000000000000001],[-63.75,5.75],[-63.5,6.0],[-63.400000000000006,6.4],[-63.0,7.0],[-63.95652173913044,7.043478260869565],[-64.03932584269663,8.039325842696629],[-62.48148148148149,8.481481481481481],[-62.00000000000001,8.928571428571429],[-61.22222222222223,8.777777777777779],[-61.0,8.0],[-60.48648648648649,8.486486486486486],[-60.0,8.6],[-59.8695652173913,8.130434782608695],[-59.16883116883116,8.168831168831169],[-57.68421052631579,8.0],[-57.42622950819673,7.573770491803279],[-57.0,7.380952380952381],[-56.58064516129033,7.580645161290323],[-56.349999999999994,8.0],[-56.0,8.055555555555555],[-55.730769230769226,8.0],[-55.5,7.5],[-55.0,7.173913043478261],[-54.0,7.125],[-53.307692307692314,7.307692307692308],[-53.307692307692314,7.692307692307693],[-53.16,8.0],[-52.21052631578948,8.210526315789473],[-51.03726708074534,8.037267080745341],[-50.166666666666664,8.166666666666666],[-50.0,8.529411764705882],[-49.78823529411765,8.211764705882352],[-49.71428571428571,7.7142857142857135],[-50.0,7.25],[-50.833333333333336,7.166666666666666],[-51.0,7.25],[-51.05714285714286,7.057142857142857],[-52.2,7.000000000000001],[-52.2,6.000000000000001],[-49.285714285714285,5.7142857142857135],[-49.0,5.0],[-49.0,4.0],[-48.11764705882353,3.8823529411764706],[-47.55555555555556,3.444444444444444],[-47.333333333333336,3.0],[-47.4,2.6],[-47.0,2.0],[-46.0,2.0],[-45.5,2.5],[-44.8,2.8],[-44.0,2.857142857142857],[-43.25,2.75],[-43.0,2.0],[-42.11111111111111,1.8888888888888888],[-42.0,1.75],[-41.00000000000001,1.8333333333333335],[-40.583333333333336,1.4166666666666667],[-40.2,0.0],[-40.4,-1.6],[-41.0,-2.0],[-41.28571428571428,-3.2857142857142856],[-41.2,-3.8],[-41.55555555555555,-4.444444444444445],[-42.333333333333336,-5.0],[-42.22222222222223,-5.222222222222221],[-42.0,-5.142857142857143],[-41.71428571428571,-5.285714285714286],[-41.28571428571428,-5.285714285714286],[-41.13333333333333,-6.133333333333333],[-41.00000000000001,-6.200000000000001],[-40.0,-6.0],[-39.25,-6.25],[-39.25,-6.75],[-39.1,-7.1],[-38.77777777777778,-7.222222222222222],[-38.5,-5.0],[-38.30769230769231,-4.6923076923076925],[-38.0,-4.6],[-37.6,-4.6],[-37.0,-5.0],[-35.285714285714285,-5.285714285714286],[-35.0,-5.5],[-34.55555555555555,-5.555555555555555],[-34.0,-6.0],[-33.4,-5.6000000000000005],[-32.66666666666667,-5.666666666666667],[-32.2,-6.199999999999999],[-32.0,-6.25],[-31.400000000000002,-5.6000000000000005],[-28.999999999999996,-5.428571428571428],[-28.887323943661972,-5.887323943661972],[-28.210526315789473,-6.2105263157894735],[-27.795918367346935,-6.795918367346938],[-27.375,-7.0],[-26.846153846153847,-7.846153846153847],[-25.0,-7.963636363636364],[-24.861538461538462,-8.861538461538462],[-24.647058823529413,-9.352941176470587],[-24.741935483870968,-9.741935483870968],[-24.200000000000003,-10.0],[-24.166666666666668,-10.166666666666666],[-24.38888888888889,-10.61111111111111],[-24.368421052631575,-11.0],[-24.77777777777778,-11.222222222222221],[-25.0,-12.0],[-25.75609756097561,-12.24390243902439],[-25.965065502183407,-13.034934497816595],[-26.83529411764706,-13.16470588235294],[-27.0,-14.074074074074074],[-27.673469387755105,-14.326530612244898],[-28.285714285714285,-15.0],[-28.458333333333336,-16.0],[-28.670886075949362,-16.32911392405063],[-28.837209302325583,-17.0],[-28.78723404255319,-17.78723404255319],[-28.375,-18.0],[-28.428571428571427,-19.0],[-28.555555555555554,-19.444444444444443],[-29.0,-20.0],[-29.240000000000002,-20.759999999999998],[-29.25,-22.0],[-29.806451612903224,-22.193548387096776],[-29.609195402298848,-22.609195402298848],[-30.0,-23.944444444444443],[-30.25,-24.0],[-30.6,-24.400000000000002],[-31.0,-24.42857142857143],[-31.333333333333336,-25.66666666666667],[-32.0,-25.85185185185185],[-32.81818181818182,-25.81818181818182],[-33.0,-25.625],[-33.08955223880597,-25.910447761194032],[-33.887323943661976,-25.887323943661976],[-34.17391304347826,-26.0],[-34.34782608695652,-26.652173913043477],[-36.4,-27.0],[-37.5,-28.5],[-38.0,-28.833333333333336],[-38.0,-29.200000000000003],[-37.6,-29.6],[-37.5,-30.0],[-37.61904761904762,-30.38095238095238],[-38.0,-30.8],[-38.17142857142857,-31.82857142857143],[-39.074074074074076,-31.925925925925924],[-39.333333333333336,-32.66666666666667],[-40.2,-33.0],[-40.57894736842105,-33.421052631578945],[-41.230769230769226,-33.76923076923077],[-41.46153846153846,-34.53846153846154],[-41.99999999999999,-34.888888888888886],[-43.0,-35.0],[-43.333333333333336,-35.66666666666667],[-44.16666666666667,-35.833333333333336],[-44.142857142857146,-36.142857142857146],[-43.5,-36.5],[-43.25,-37.0],[-43.57142857142858,-37.42857142857143],[-44.0,-37.75],[-45.0,-37.75],[-45.5,-37.5],[-46.0,-36.66666666666667],[-47.0,-36.0],[-47.5,-35.5],[-48.0,-34.0],[-48.0,-33.0],[-47.4,-33.4],[-47.0,-33.333333333333336],[-46.5,-33.0],[-46.333333333333336,-32.66666666666667],[-45.77777777777778,-32.22222222222222],[-45.5,-31.0],[-45.5,-30.0],[-46.0,-29.6],[-46.44444444444444,-29.555555555555554],[-47.0,-30.0],[-47.0,-29.0],[-48.0,-29.0],[-48.0,-30.0],[-48.60000000000001,-30.400000000000002],[-49.0,-30.333333333333336],[-49.5,-30.5],[-50.0,-32.0],[-50.5,-30.5],[-51.0,-30.333333333333336],[-51.66666666666667,-31.333333333333336],[-52.285714285714285,-31.714285714285715],[-52.666666666666664,-33.0],[-51.66666666666667,-33.66666666666667],[-51.0,-35.0],[-50.0,-35.0]],[[-61.0,-55.285714285714285],[-61.3125,-55.6875],[-61.28571428571428,-56.285714285714285],[-60.5,-56.0],[-60.5,-55.5],[-61.0,-55.285714285714285]],[[-62.599999999999994,-55.0],[-62.74193548387097,-54.74193548387097],[-63.00000000000001,-54.66666666666667],[-63.33333333333334,-55.0],[-63.0,-56.0],[-62.599999999999994,-55.0]],[[-61.22222222222223,7.222222222222222],[-61.55555555555556,7.0],[-61.400000000000006,6.6000000000000005],[-61.0,6.444444444444445],[-60.28571428571429,7.0],[-61.0,8.0],[-61.22222222222223,7.222222222222222]],[[-34.2,-6.800000000000001],[-34.0,-7.25],[-33.66666666666667,-7.0],[-34.0,-6.0],[-34.2,-6.800000000000001]],[[-47.6,-28.400000000000002],[-47.6,-27.6],[-48.0,-27.0],[-49.0,-28.0],[-49.0,-29.0],[-48.0,-29.0],[-47.6,-28.400000000000002]],[[-47.0,-27.0],[-47.4,-26.400000000000002],[-47.33333333333333,-26.0],[-48.0,-25.0],[-48.333333333333336,-25.66666666666667],[-48.333333333333336,-26.333333333333336],[-48.0,-27.0],[-47.0,-27.0]],[[-47.733333333333334,-23.733333333333334],[-48.0,-23.5],[-48.4,-24.0],[-48.0,-25.0],[-47.733333333333334,-23.733333333333334]],[[-56.0,5.4],[-56.44444444444444,5.444444444444444],[-57.0,5.0],[-56.15384615384615,4.846153846153847],[-55.77777777777778,5.0],[-56.0,5.4]],[[-55.400000000000006,-4.6],[-54.66666666666667,-4.666666666666667],[-54.0,-5.0],[-54.0,-6.0],[-53.60000000000001,-7.4],[-54.66666666666667,-9.0],[-54.333333333333336,-9.333333333333334],[-54.0,-9.399999999999999],[-53.71428571428571,-9.285714285714285],[-53.5,-9.0],[-53.5,-8.5],[-53.0,-8.0],[-52.0,-8.0],[-51.55555555555556,-8.555555555555555],[-51.333333333333336,-9.333333333333334],[-51.0,-9.5],[-50.71428571428571,-9.285714285714285],[-50.42857142857143,-8.571428571428573],[-49.63636363636363,-8.363636363636363],[-49.0,-8.0],[-48.66666666666667,-7.333333333333334],[-47.4,-6.6000000000000005],[-46.6,-6.4],[-46.0,-6.4],[-45.714285714285715,-6.0],[-45.81818181818182,-4.181818181818182],[-46.0,-3.8333333333333335],[-47.0,-3.75],[-47.66666666666667,-4.0],[-47.333333333333336,-5.0],[-47.55555555555556,-5.444444444444444],[-48.0,-5.666666666666666],[-49.5,-5.5],[-50.46153846153847,-4.461538461538462],[-50.66666666666667,-3.666666666666667],[-51.0,-3.3333333333333335],[-51.333333333333336,-3.3333333333333335],[-52.0,-3.0],[-56.0,-3.0],[-55.5,-3.5],[-55.55555555555555,-4.444444444444445],[-57.36363636363637,-4.636363636363637],[-57.66666666666667,-5.0],[-57.5,-5.5],[-57.0,-5.666666666666667],[-55.60000000000001,-5.4],[-55.33333333333333,-5.0],[-55.400000000000006,-4.6]],[[-44.142857142857146,-5.142857142857143],[-43.66666666666667,-5.333333333333334],[-43.66666666666667,-5.0],[-44.1,-4.8999999999999995],[-44.25,-5.0],[-44.142857142857146,-5.142857142857143]],[[-43.400000000000006,-5.6000000000000005],[-43.400000000000006,-6.0],[-43.23529411764706,-6.235294117647059],[-43.0,-6.4],[-42.76470588235294,-6.235294117647059],[-42.69230769230769,-5.692307692307693],[-43.0,-5.5],[-43.400000000000006,-5.6000000000000005]],[[-38.0,-8.333333333333334],[-37.5,-8.0],[-38.0,-7.6],[-38.30769230769231,-7.692307692307693],[-38.285714285714285,-8.0],[-38.0,-8.333333333333334]],[[-56.0,-1.3333333333333335],[-55.90909090909091,-0.9090909090909092],[-56.0,-0.6666666666666667],[-56.166666666666664,-0.8333333333333333],[-56.15384615384615,-1.1538461538461537],[-56.0,-1.3333333333333335]],[[-56.333333333333336,-6.666666666666667],[-56.5,-7.0],[-56.36363636363637,-7.363636363636364],[-56.0,-7.4],[-55.733333333333334,-7.266666666666667],[-55.6,-7.0],[-55.66666666666667,-6.666666666666667],[-56.333333333333336,-6.666666666666667]]],[[[7.75,29.25],[7.916666666666667,28.916666666666668],[7.851851851851852,27.851851851851848],[8.0,27.0],[7.888888888888888,26.0],[8.5,25.0],[9.0,24.894736842105264],[10.0,24.958333333333336],[10.620689655172413,24.620689655172413],[11.0,24.214285714285715],[11.5,24.0],[12.0,23.0],[12.7,22.700000000000003],[14.0,22.444444444444443],[15.0,21.42857142857143],[15.4,21.4],[15.88888888888889,20.888888888888886],[16.666666666666668,20.666666666666668],[17.0,20.4],[18.0,21.0],[17.22222222222222,22.22222222222222],[16.400000000000002,22.4],[16.166666666666668,23.0],[16.767441860465116,23.232558139534884],[17.210526315789473,23.789473684210527],[17.19047619047619,24.0],[17.808988764044944,24.191011235955056],[18.219354838709677,24.219354838709677],[18.772727272727273,24.0],[18.75609756097561,23.75609756097561],[19.0,23.5],[19.114942528735632,23.114942528735632],[19.714285714285715,23.0],[20.216216216216218,22.216216216216218],[20.733333333333334,22.266666666666666],[21.10169491525424,22.10169491525424],[22.857142857142858,22.0],[22.333333333333336,20.666666666666668],[21.57894736842105,20.42105263157895],[21.0,20.0],[21.57894736842105,19.57894736842105],[22.0,19.5],[23.18181818181818,19.818181818181817],[23.545454545454547,20.454545454545453],[25.0,21.363636363636363],[25.363636363636363,21.363636363636363],[25.8,21.0],[25.894736842105264,19.894736842105264],[26.0,19.8],[26.09090909090909,20.90909090909091],[26.90909090909091,20.90909090909091],[27.142857142857146,21.0],[27.53846153846154,21.461538461538463],[28.0,21.6],[29.000000000000004,21.611111111111114],[30.098360655737704,21.901639344262296],[30.122448979591837,22.122448979591837],[29.774647887323944,22.774647887323944],[29.892617449664428,23.107382550335572],[30.408602150537632,23.591397849462364],[30.547511312217196,24.452488687782804],[30.779661016949152,25.0],[30.826666666666664,26.0],[30.924198250728864,26.075801749271136],[31.92857142857143,26.0],[33.315789473684205,25.684210526315788],[33.733333333333334,25.733333333333334],[33.733333333333334,25.266666666666666],[33.891891891891895,24.89189189189189],[34.46153846153846,24.461538461538463],[34.72093023255814,23.72093023255814],[35.0,23.6],[35.333333333333336,23.666666666666668],[35.541666666666664,24.458333333333332],[36.0,24.6875],[36.48888888888889,24.48888888888889],[36.733333333333334,24.0],[36.529411764705884,23.470588235294116],[36.0,23.153846153846153],[35.8,23.2],[35.87096774193549,22.870967741935488],[37.0,22.76470588235294],[37.523809523809526,22.523809523809522],[37.8125,22.0],[37.68421052631579,21.684210526315788],[38.0,21.0],[37.315789473684205,21.31578947368421],[36.625,21.0],[37.0,20.0],[37.66666666666667,19.666666666666668],[37.66666666666667,19.333333333333336],[38.0,18.666666666666668],[38.44444444444444,18.444444444444443],[38.66666666666667,18.0],[39.28571428571428,17.714285714285715],[39.71428571428571,17.714285714285715],[40.0,17.0],[40.46153846153847,16.461538461538463],[40.833333333333336,14.833333333333334],[40.85714285714286,14.0],[41.75,13.0],[41.625,12.0],[42.0,11.5],[42.375,11.375],[42.66666666666667,10.0],[43.30769230769231,9.307692307692308],[43.400000000000006,9.0],[44.24,8.76],[44.882352941176464,8.882352941176471],[44.935483870967744,7.935483870967742],[45.25,7.75],[46.0,8.0],[45.75,7.25],[45.900000000000006,6.9],[46.378378378378386,6.378378378378379],[46.480000000000004,5.4799999999999995],[46.66666666666667,5.0],[46.44444444444444,4.555555555555555],[46.0,4.333333333333334],[45.8125,4.0],[45.324999999999996,3.675],[45.0,3.7868852459016393],[44.27659574468085,3.723404255319149],[43.54022988505747,3.4597701149425286],[42.93103448275862,3.0689655172413794],[42.909090909090914,2.909090909090909],[43.471910112359545,2.4719101123595504],[43.84,2.0],[43.724137931034484,1.2758620689655173],[43.0,1.0],[43.08450704225352,0.0],[42.373333333333335,-0.3733333333333333],[42.0,-1.6428571428571428],[41.30769230769231,-2.307692307692308],[41.0,-3.4444444444444446],[40.173913043478265,-4.173913043478261],[40.10810810810811,-5.0],[39.84,-5.16],[39.160000000000004,-5.16],[39.0625,-6.0],[38.875,-6.125],[38.17857142857143,-6.178571428571429],[38.2,-6.800000000000001],[38.056074766355145,-7.05607476635514],[37.853658536585364,-7.146341463414634],[37.03225806451613,-7.032258064516129],[37.0,-7.25],[36.6,-7.6],[35.3,-8.3],[35.0,-8.75],[34.66666666666667,-8.666666666666668],[34.0,-9.0],[34.0,-8.0],[33.0,-7.875],[32.0,-8.0],[31.5,-8.5],[31.0,-8.6],[30.333333333333336,-9.0],[30.555555555555554,-9.444444444444445],[30.8,-11.0],[31.2,-12.0],[31.652173913043477,-12.347826086956522],[32.08,-12.92],[31.5625,-13.5625],[31.258064516129032,-15.258064516129032],[30.9375,-16.0625],[31.424242424242422,-18.575757575757578],[32.421052631578945,-20.57894736842105],[32.92307692307693,-21.000000000000004],[32.61538461538462,-23.0],[32.888888888888886,-24.0],[32.6,-25.0],[32.16901408450704,-25.16901408450704],[32.0,-25.85714285714286],[30.400000000000002,-26.400000000000002],[29.894736842105264,-26.894736842105264],[29.0,-27.0],[28.42857142857143,-27.42857142857143],[27.733333333333334,-27.733333333333334],[27.77777777777778,-28.0],[27.6,-28.6],[26.923076923076923,-28.92307692307692],[26.0,-29.0],[26.363636363636363,-29.63636363636364],[26.333333333333336,-30.666666666666668],[26.75,-31.25],[27.0,-32.0],[27.10958904109589,-32.89041095890411],[27.0,-33.57142857142857],[26.0,-34.0],[25.444444444444443,-33.55555555555555],[25.0,-32.5],[24.6,-32.6],[24.0,-33.0],[23.555555555555557,-34.0],[23.5,-35.0],[23.6,-35.400000000000006],[24.0,-36.0],[23.14814814814815,-36.14814814814815],[23.256410256410255,-36.74358974358974],[22.92857142857143,-38.0],[21.281690140845072,-39.28169014084507],[20.666666666666668,-40.0],[19.476190476190474,-40.476190476190474],[19.074418604651164,-41.074418604651164],[18.245283018867923,-41.24528301886792],[18.0,-41.54166666666667],[17.0,-41.77272727272727],[13.25,-42.0],[12.0,-42.65789473684211],[11.461538461538463,-42.53846153846154],[11.0,-42.0],[8.736842105263158,-42.736842105263165],[8.0,-42.80769230769231],[7.473684210526316,-42.526315789473685],[7.1923076923076925,-42.0],[7.2439024390243905,-41.756097560975604],[7.0,-41.0],[7.484848484848485,-40.484848484848484],[7.666666666666666,-40.0],[7.432432432432433,-39.567567567567565],[6.800000000000001,-39.0],[6.666666666666666,-38.0],[6.2926829268292686,-36.70731707317073],[5.609756097560976,-36.390243902439025],[4.722222222222222,-35.27777777777778],[4.333333333333334,-33.0],[4.619047619047619,-30.619047619047617],[4.636363636363637,-30.0],[4.333333333333334,-29.0],[4.315789473684211,-28.315789473684212],[4.5,-28.0],[4.0,-27.8125],[3.4583333333333335,-27.0],[3.458333333333333,-26.541666666666664],[2.8214285714285716,-26.17857142857143],[2.6500000000000004,-25.0],[3.0,-24.125],[3.6470588235294117,-23.0],[3.8604651162790695,-22.86046511627907],[3.8444444444444446,-22.155555555555555],[4.0,-21.363636363636363],[4.363636363636363,-21.0],[4.831325301204819,-20.83132530120482],[5.296296296296296,-20.296296296296294],[5.555555555555555,-19.555555555555554],[5.619047619047619,-18.61904761904762],[6.071428571428571,-18.0],[5.833333333333334,-17.166666666666664],[5.166666666666666,-16.833333333333332],[5.357142857142858,-16.357142857142858],[5.114285714285714,-14.885714285714284],[4.777777777777778,-14.222222222222221],[4.428571428571429,-14.0],[4.625,-13.0],[4.2727272727272725,-12.0],[4.166666666666667,-11.833333333333334],[4.0,-11.823529411764707],[3.7142857142857144,-11.285714285714285],[3.2631578947368425,-11.0],[3.0588235294117645,-9.941176470588236],[2.5238095238095237,-9.476190476190476],[2.2857142857142856,-9.0],[2.25,-8.25],[2.555555555555556,-7.555555555555555],[2.5999999999999996,-7.0],[2.829787234042553,-6.829787234042554],[2.67816091954023,-6.32183908045977],[2.754385964912281,-6.0],[3.0,-5.363636363636363],[3.2622950819672134,-5.262295081967213],[3.4210526315789473,-5.0],[3.2,-4.0],[2.7534246575342465,-3.2465753424657535],[2.1818181818181817,-2.9999999999999996],[2.0,-2.6666666666666665],[0.0,-3.225],[-0.6428571428571428,-3.0],[-0.5454545454545454,-2.545454545454545],[-0.6666666666666667,-2.3333333333333335],[-0.33333333333333337,-2.3333333333333335],[0.11764705882352944,-2.1176470588235294],[0.11764705882352944,-1.8823529411764706],[-0.5,-1.5],[-1.2999999999999998,-0.3],[-2.0,0.2222222222222222],[-3.0,0.0],[-6.909090909090909,-0.09090909090909088],[-7.0,-0.4444444444444444],[-8.0,-0.8],[-9.0,-0.5],[-9.117647058823529,-0.11764705882352944],[-9.666666666666668,0.0],[-10.0,0.4],[-10.5,0.0],[-15.0,0.0],[-15.16,0.8400000000000001],[-15.8,1.0],[-16.0,1.2000000000000002],[-16.095238095238095,1.9047619047619047],[-16.5,2.0],[-16.783783783783782,2.2162162162162162],[-17.0,2.4444444444444446],[-17.108695652173914,2.891304347826087],[-17.833333333333332,3.0],[-18.045454545454547,3.9545454545454546],[-18.333333333333336,4.0],[-18.0,5.0],[-19.454545454545453,5.545454545454545],[-19.833333333333336,6.0],[-19.6,7.4],[-20.0,8.0],[-19.0,8.0],[-18.0,9.0],[-18.0,10.0],[-19.0,10.0],[-18.666666666666668,10.666666666666668],[-18.75,11.0],[-18.5,11.5],[-17.6,11.600000000000001],[-17.333333333333332,12.0],[-18.400000000000002,13.600000000000001],[-18.714285714285715,14.285714285714285],[-19.0,15.0],[-19.0,16.0],[-19.666666666666668,16.333333333333336],[-19.6,16.6],[-20.0,18.0],[-19.6,18.6],[-19.0,19.0],[-18.571428571428573,19.571428571428573],[-18.0,20.0],[-17.666666666666668,20.666666666666668],[-16.61904761904762,21.619047619047617],[-16.42857142857143,22.0],[-15.324324324324325,22.324324324324323],[-15.0,23.375],[-12.320987654320987,24.320987654320987],[-11.8125,25.0],[-11.651162790697676,26.0],[-11.0,26.965517241379313],[-10.24,27.240000000000002],[-10.0,27.9],[-9.857142857142858,28.0],[-9.12,28.12],[-9.0,29.19047619047619],[-8.741935483870968,29.258064516129032],[-8.0,28.90909090909091],[-7.5,29.5],[-7.0,29.625],[-6.877551020408164,29.877551020408163],[-6.0,29.926829268292682],[-5.527950310559007,29.472049689440993],[-5.0,28.625],[-4.0,28.675675675675674],[-3.090909090909091,29.090909090909093],[0.0,29.258064516129032],[0.6000000000000001,29.400000000000002],[1.0,30.04],[2.064516129032258,30.064516129032256],[2.717391304347826,29.717391304347828],[4.0,29.7],[5.0,29.42222222222222],[5.582089552238806,29.41791044776119],[6.486486486486487,29.513513513513516],[7.0,29.75],[7.375,29.625],[7.75,29.75],[7.75,29.25]],[[4.333333333333334,27.000000000000004],[3.8909090909090907,27.10909090909091],[3.5,27.0],[4.0,26.4],[4.4,26.6],[4.333333333333334,27.000000000000004]],[[4.636363636363637,26.363636363636363],[4.5,26.0],[5.0,25.6],[6.0,25.833333333333336],[6.064516129032258,26.064516129032256],[5.166666666666666,26.166666666666664],[4.636363636363637,26.363636363636363]],[[20.0,-25.7],[19.833333333333332,-26.166666666666664],[20.0,-26.200000000000003],[20.3,-26.0],[20.0,-25.7]],[[26.8,-27.0],[27.18181818181818,-27.18181818181818],[27.25,-27.0],[27.03921568627451,-26.96078431372549],[26.8,-27.0]],[[41.84210526315789,2.0],[42.0,1.8125],[42.13953488372093,1.8604651162790697],[42.125,2.125],[41.84210526315789,2.0]],[[3.625,-26.0],[3.625,-26.375],[4.130434782608695,-26.0],[4.0,-25.88],[3.625,-26.0]]],[[[-72.37974683544304,2.379746835443038],[-72.37333333333333,2.6266666666666665],[-72.61176470588236,2.611764705882353],[-73.13524590163934,2.864754098360656],[-73.20370370370371,3.2037037037037037],[-71.85301837270342,3.146981627296588],[-71.59420289855072,3.0],[-71.41206030150754,2.587939698492462],[-71.0,2.305084745762712],[-70.84279475982532,1.8427947598253276],[-70.83146067415731,1.0],[-71.0,0.896551724137931],[-71.24193548387098,1.2419354838709677],[-71.26470588235294,1.7352941176470589],[-71.67391304347825,1.6739130434782608],[-72.12605042016807,1.8739495798319328],[-72.37974683544304,2.379746835443038]]],[[[-70.1980198019802,18.198019801980198],[-68.95692307692308,18.043076923076924],[-68.85106382978724,17.851063829787233],[-69.0,17.73076923076923],[-70.0,17.393939393939394],[-71.0,17.384615384615387],[-71.18823529411765,17.811764705882354],[-71.0,18.133333333333333],[-70.1980198019802,18.198019801980198]]],[[[20.839285714285715,26.160714285714285],[22.0,26.296296296296298],[22.14814814814815,26.0],[21.0,25.87323943661972],[20.678571428571427,26.0],[20.839285714285715,26.160714285714285]]],[[[21.26923076923077,28.0],[21.144329896907216,27.855670103092784],[20.862745098039216,27.862745098039216],[20.68181818181818,28.0],[20.75,28.25],[21.0,28.31818181818182],[21.26923076923077,28.0]]],[[[11.263157894736842,29.000000000000004],[11.163934426229508,29.163934426229506],[10.303030303030305,29.303030303030305],[10.103448275862068,30.0],[11.317073170731707,30.317073170731703],[11.857142857142858,30.142857142857146],[12.0,30.545454545454543],[13.0,30.75],[13.450000000000001,30.45],[13.5,30.0],[12.73913043478261,29.73913043478261],[12.210526315789473,29.789473684210527],[12.314606741573034,29.314606741573034],[12.0,28.6],[11.263157894736842,29.000000000000004]]],[[[15.482758620689655,32.0],[15.215384615384615,31.784615384615385],[14.708333333333332,31.70833333333333],[14.066666666666666,32.0],[14.575757575757576,32.42424242424243],[15.282828282828284,32.282828282828284],[15.482758620689655,32.0]]],[[[19.069565217391304,35.0695652173913],[21.0,34.61904761904762],[21.185714285714283,34.18571428571428],[22.800000000000004,34.0],[24.0,33.400000000000006],[24.31578947368421,33.68421052631579],[25.0,33.9],[26.0,33.285714285714285],[27.0,33.0],[26.0,32.333333333333336],[25.375,31.0],[25.85714285714286,30.0],[25.88888888888889,28.999999999999996],[25.0,28.84],[24.652173913043477,29.0],[24.57142857142857,29.571428571428573],[24.230769230769234,30.230769230769234],[24.0,30.272727272727273],[23.753846153846155,30.753846153846155],[23.428571428571427,30.999999999999996],[23.42857142857143,31.42857142857143],[23.0,31.857142857142858],[22.0,32.333333333333336],[21.894736842105264,32.10526315789474],[20.943661971830984,32.056338028169016],[20.440677966101696,31.559322033898304],[19.75609756097561,31.24390243902439],[19.629629629629626,30.629629629629626],[20.0,30.444444444444443],[20.285714285714285,30.0],[19.772727272727273,29.227272727272727],[19.838709677419352,29.0],[19.58904109589041,28.410958904109588],[19.31818181818182,28.0],[19.0,27.890625],[18.651006711409394,28.651006711409394],[18.0,29.0],[17.846153846153847,30.0],[17.53333333333333,30.533333333333335],[17.0,31.0],[16.681159420289852,31.681159420289852],[16.576923076923077,32.0],[17.02409638554217,33.024096385542165],[16.46666666666667,33.46666666666667],[16.0,34.25],[14.507246376811596,34.507246376811594],[14.0,35.22727272727273],[13.615384615384613,35.38461538461539],[13.333333333333336,35.333333333333336],[13.333333333333336,35.66666666666667],[13.149999999999999,36.0],[13.333333333333334,37.0],[13.0,37.23529411764706],[9.875,37.0],[10.928571428571429,36.92857142857143],[10.875,36.125],[11.0,35.85714285714286],[12.0,35.76923076923077],[12.538461538461538,35.53846153846154],[12.76923076923077,35.0],[12.52941176470588,34.470588235294116],[11.75,34.0],[11.733333333333333,33.733333333333334],[13.0,33.714285714285715],[13.5,33.5],[13.833333333333334,33.0],[13.714285714285714,32.71428571428571],[13.8,32.2],[13.2,32.2],[13.0,32.09090909090909],[12.0,32.375],[11.906542056074766,32.90654205607477],[11.285714285714286,33.0],[11.266666666666666,33.266666666666666],[11.0,33.25],[10.887850467289718,33.887850467289724],[10.0,34.0],[9.847457627118644,34.847457627118644],[9.307692307692308,35.0],[9.0,35.285714285714285],[8.836065573770492,35.83606557377049],[8.23076923076923,36.0],[8.0,36.25],[7.571428571428571,36.0],[6.932203389830509,35.93220338983051],[6.153846153846153,36.15384615384615],[6.0,36.333333333333336],[5.666666666666667,36.333333333333336],[5.666666666666666,36.0],[5.27027027027027,35.729729729729726],[4.7368421052631575,35.73684210526316],[4.090909090909091,36.0],[5.0,36.66666666666667],[5.333333333333334,36.66666666666667],[5.333333333333334,37.0],[6.0,37.12987012987013],[6.494464944649447,37.505535055350556],[7.1,39.0],[8.327272727272728,39.32727272727273],[8.693877551020407,39.30612244897959],[9.0,39.78947368421053],[9.363636363636363,40.0],[10.08974358974359,40.08974358974359],[12.0,39.945945945945944],[16.0,39.0],[16.146788990825687,38.146788990825684],[17.04794520547945,38.04794520547945],[17.108695652173914,37.108695652173914],[18.017241379310345,37.0],[18.142857142857142,36.142857142857146],[19.0,35.285714285714285],[19.069565217391304,35.0695652173913]],[[18.964912280701757,30.035087719298247],[19.07142857142857,29.928571428571427],[19.200000000000003,30.0],[19.18181818181818,30.18181818181818],[18.964912280701757,30.035087719298247]]],[[[30.041450777202073,35.04145077720207],[30.8,35.0],[30.34782608695652,34.65217391304348],[30.0,34.55555555555556],[29.666666666666668,34.66666666666667],[29.5,35.0],[30.041450777202073,35.04145077720207]]],[[[27.11650485436893,35.883495145631066],[26.87878787878788,36.121212121212125],[27.000000000000004,36.85714285714286],[27.19672131147541,36.19672131147541],[27.11650485436893,35.883495145631066]]],[[[23.89189189189189,37.10810810810811],[24.0,37.66666666666667],[24.666666666666668,37.0],[24.0,36.956043956043956],[23.89189189189189,37.10810810810811]]],[[[-5.0,43.25],[-5.3428571428571425,43.65714285714286],[-5.3428571428571425,44.34285714285714],[-5.0,44.6],[-4.5200000000000005,44.48],[-4.0,44.0],[-4.285714285714286,43.28571428571428],[-4.636363636363637,43.36363636363636],[-5.0,43.25]]],[[[-39.0,44.714285714285715],[-39.57142857142858,45.42857142857143],[-40.0,45.529411764705884],[-41.0,45.38461538461539],[-41.44444444444444,45.55555555555556],[-41.800000000000004,46.00000000000001],[-41.66666666666667,47.0],[-41.42553191489362,47.42553191489362],[-41.0,47.588235294117645],[-40.0,47.71428571428571],[-39.0,47.285714285714285],[-38.4375,46.5625],[-37.69230769230769,46.30769230769231],[-36.714285714285715,45.285714285714285],[-36.55555555555556,45.0],[-36.61904761904761,44.61904761904762],[-37.0,44.0],[-37.64705882352941,44.35294117647059],[-39.0,44.714285714285715]]],[[[-4.0,48.0],[-3.0,47.0],[-4.0,46.6],[-5.0,47.0],[-5.428571428571429,46.42857142857143],[-6.0,46.272727272727266],[-6.470588235294117,46.529411764705884],[-6.727272727272727,47.0],[-6.699999999999999,49.0],[-6.4375,49.4375],[-5.583333333333334,49.58333333333333],[-5.285714285714286,50.0],[-6.0,50.55555555555556],[-7.0,50.75],[-7.315789473684211,50.315789473684205],[-7.299999999999999,50.0],[-7.548387096774194,49.54838709677419],[-8.0,49.36363636363636],[-9.0,49.4],[-10.0,49.0],[-9.333333333333334,48.0],[-9.75,47.75],[-11.0,47.36363636363636],[-11.466666666666667,47.53333333333334],[-12.0,48.0],[-11.428571428571429,49.0],[-11.2,50.0],[-11.027027027027026,50.02702702702703],[-11.0,50.199999999999996],[-9.68421052631579,50.68421052631578],[-9.333333333333334,51.333333333333336],[-9.0,51.5],[-8.0,51.66666666666667],[-7.846153846153847,51.84615384615385],[-7.909090909090909,53.0],[-7.699999999999999,54.0],[-7.4,54.400000000000006],[-7.0,54.63636363636364],[-6.0,54.625],[-5.583333333333334,54.41666666666667],[-5.193548387096774,53.806451612903224],[-4.571428571428572,53.42857142857143],[-4.333333333333334,53.0],[-4.538461538461539,52.53846153846155],[-5.142857142857143,52.00000000000001],[-4.444444444444445,51.55555555555556],[-3.333333333333333,50.0],[-3.0,49.0],[-3.3636363636363633,48.36363636363636],[-4.0,48.0]]],[[[-60.66666666666667,61.33333333333334],[-60.0,61.0],[-60.60000000000001,60.60000000000001],[-61.0,60.0],[-61.5,60.5],[-61.5,61.0],[-60.66666666666667,61.33333333333334]]],[[[-55.6,64.0],[-55.733333333333334,63.733333333333334],[-56.0,63.6],[-56.66666666666667,64.0],[-56.44444444444444,64.44444444444444],[-55.75,64.25],[-55.6,64.0]]],[[[-51.400000000000006,64.6],[-51.0,64.0],[-51.52380952380952,63.52380952380952],[-52.0,63.375],[-52.476190476190474,63.52380952380952],[-52.714285714285715,64.0],[-52.6,64.4],[-53.0,65.0],[-52.33333333333334,64.66666666666667],[-52.0,64.83333333333334],[-51.400000000000006,64.6]]],[[[-68.0,73.0],[-67.0,73.0],[-66.60000000000001,72.4],[-66.0,72.0],[-67.0,71.5],[-67.5,71.5],[-68.0,72.0],[-68.0,73.0]]],[[[15.0,74.0],[14.538461538461538,73.46153846153847],[14.0,73.3],[13.517241379310345,73.51724137931035],[13.125,74.0],[13.4,74.4],[13.4,74.6],[14.0,74.63636363636364],[14.466666666666667,74.46666666666667],[15.0,74.0]]],[[[17.200000000000003,78.0],[18.0,78.14285714285714],[21.0,78.29761904761905],[21.925925925925924,78.0],[21.733333333333334,77.26666666666668],[20.17391304347826,77.17391304347827],[18.400000000000002,77.4],[17.6,77.6],[17.200000000000003,78.0]]],[[[30.0,78.5625],[31.20689655172414,78.20689655172413],[31.333333333333332,78.0],[31.27272727272727,77.72727272727272],[31.0,77.57142857142857],[30.0,77.5],[29.571428571428573,77.57142857142857],[28.857142857142854,78.0],[29.0,78.25],[29.5,78.5],[30.0,78.5625]]],[[[-56.78947368421052,80.21052631578948],[-56.0,80.0],[-56.71428571428571,79.71428571428571],[-57.21052631578947,79.78947368421052],[-57.333333333333336,80.0],[-57.0,80.4],[-56.78947368421052,80.21052631578948]]],[[[100.6923076923077,-68.6923076923077],[100.33333333333333,-69.0],[100.33333333333333,-70.0],[100.52941176470588,-70.47058823529412],[101.28571428571428,-70.71428571428571],[103.80000000000001,-70.80000000000001],[104.63636363636363,-70.63636363636364],[105.0,-70.0],[105.71428571428571,-70.28571428571428],[107.0,-70.5],[107.75,-71.0],[106.72727272727272,-71.27272727272728],[106.22222222222223,-71.22222222222221],[106.0,-71.5],[105.0,-71.5],[104.63636363636363,-71.63636363636363],[104.33333333333334,-72.0],[102.0,-72.21052631578948],[101.0,-72.10526315789474],[98.25,-72.25],[97.66666666666669,-72.66666666666667],[97.5,-73.0],[97.72413793103448,-73.27586206896552],[99.0,-73.76470588235294],[100.0,-73.8125],[100.75,-74.0],[101.0,-74.25],[102.19999999999999,-74.8],[104.00000000000001,-75.14285714285715],[105.21428571428572,-75.78571428571428],[105.54545454545455,-76.45454545454545],[106.0,-76.71428571428571],[107.0,-76.75],[108.54545454545453,-77.45454545454545],[109.0,-77.83333333333333],[111.60000000000001,-78.4],[112.0,-79.0],[114.0,-79.2],[115.0,-79.5],[115.84615384615384,-80.15384615384616],[117.0,-80.5],[117.44444444444444,-80.44444444444444],[118.0,-80.0],[119.0,-80.0],[122.0,-80.55555555555556],[122.34782608695653,-80.65217391304348],[123.0,-81.10000000000001],[127.0,-81.71428571428571],[128.33333333333334,-81.66666666666667],[129.0,-82.0],[128.375,-82.375],[126.0,-83.0],[125.00000000000001,-82.85714285714286],[124.66666666666667,-83.0],[124.5,-83.5],[123.77777777777777,-83.77777777777777],[123.66666666666667,-84.0],[123.71428571428571,-85.28571428571428],[125.0,-85.6],[126.4,-85.60000000000001],[127.0,-85.71428571428572],[127.5,-86.0],[127.22222222222223,-86.22222222222223],[126.0,-86.44444444444444],[123.75,-86.25],[123.0,-86.0],[122.0,-86.28571428571428],[120.73333333333333,-86.26666666666667],[120.0,-86.0],[119.0,-86.0],[118.0,-85.71428571428572],[117.78947368421053,-85.78947368421052],[117.31578947368419,-86.3157894736842],[117.0,-86.42857142857143],[116.625,-86.375],[116.0,-86.0],[115.0,-86.0],[114.0,-86.28571428571428],[113.0,-86.0],[112.0,-85.5],[110.0,-85.16666666666667],[109.0,-85.16666666666667],[108.0,-85.5],[107.6,-85.4],[107.0,-85.0],[108.16666666666667,-84.16666666666667],[108.2,-84.0],[106.34482758620689,-83.65517241379311],[106.0,-83.0],[105.19047619047619,-82.80952380952381],[100.58333333333333,-82.58333333333333],[99.69999999999999,-82.7],[99.57142857142856,-83.0],[100.0,-83.2],[101.0,-83.33333333333334],[104.0,-83.5],[105.16666666666667,-83.83333333333334],[105.46153846153847,-84.53846153846153],[106.0,-85.0],[106.0,-86.0],[105.33333333333334,-85.66666666666667],[103.0,-85.8],[102.00000000000001,-85.66666666666667],[100.35294117647058,-86.35294117647058],[99.0,-86.42857142857143],[98.0,-86.28571428571428],[96.55555555555554,-86.44444444444444],[94.0,-86.28571428571428],[92.0,-86.5],[91.23529411764706,-87.23529411764707],[91.0,-87.28571428571429],[89.625,-87.375],[89.0,-87.0],[88.0,-87.16666666666666],[87.0,-87.57142857142857],[86.0,-87.33333333333334],[84.0,-87.55555555555556],[81.0,-87.5],[80.00000000000001,-86.86666666666667],[79.0,-87.5],[77.6,-87.4],[74.0,-87.6923076923077],[67.0,-87.78571428571428],[65.0,-87.91666666666666],[64.14285714285714,-88.14285714285714],[63.0,-88.0],[62.0,-88.18181818181817],[61.0,-88.0],[60.0,-88.25],[58.0,-88.26666666666667],[57.434782608695656,-88.43478260869566],[57.0,-88.83333333333334],[56.48648648648649,-88.51351351351352],[56.0,-88.4],[53.0,-88.3529411764706],[52.5,-88.5],[52.00000000000001,-88.85714285714286],[51.519999999999996,-88.47999999999999],[51.0,-88.3125],[49.75757575757576,-88.24242424242425],[49.0,-87.92307692307693],[46.0,-88.0],[43.86206896551724,-87.86206896551724],[43.0,-88.0],[41.0,-88.0],[40.0,-88.3],[39.0,-87.91666666666666],[37.0,-88.0],[36.0,-88.375],[35.0,-87.9090909090909],[33.0,-88.0],[32.36363636363636,-88.36363636363636],[31.0,-88.55555555555556],[29.692307692307693,-88.30769230769232],[29.5,-88.0],[29.0,-87.81818181818181],[28.0,-88.0],[25.095238095238095,-87.9047619047619],[24.8,-88.0],[24.42105263157895,-88.42105263157895],[23.0,-88.85714285714286],[22.0,-88.69999999999999],[20.0,-88.81818181818181],[19.46153846153846,-89.46153846153845],[19.0,-89.66666666666667],[18.0,-89.72727272727272],[17.6,-89.60000000000001],[17.285714285714285,-89.71428571428571],[17.285714285714285,-89.28571428571428],[17.0,-88.91666666666666],[16.75,-89.25],[16.75,-89.75],[16.375,-89.625],[15.0,-89.92307692307693],[13.0,-89.8],[12.0,-89.92857142857143],[11.0,-89.8235294117647],[10.0,-89.93333333333334],[8.0,-89.8235294117647],[7.7142857142857135,-89.71428571428571],[7.153846153846153,-89.84615384615384],[7.153846153846153,-89.15384615384616],[7.0,-88.83333333333334],[6.0,-88.83333333333334],[5.666666666666667,-89.66666666666667],[5.000000000000001,-89.85714285714286],[0.0,-89.83333333333333],[-0.33333333333333337,-89.66666666666667],[-0.75,-89.75],[-0.625,-89.375],[-0.7777777777777778,-88.77777777777777],[-1.0,-88.57142857142857],[-3.0,-88.5],[-3.24,-88.75999999999999],[-3.4615384615384617,-89.53846153846153],[-4.0,-89.76923076923077],[-6.0,-89.72727272727272],[-7.0,-89.9],[-8.428571428571429,-89.57142857142858],[-8.666666666666668,-89.66666666666667],[-8.571428571428573,-89.42857142857143],[-8.73913043478261,-88.73913043478261],[-9.0,-88.4],[-11.0,-88.5],[-11.272727272727273,-88.72727272727272],[-11.5,-89.5],[-11.999999999999998,-89.69999999999999],[-13.0,-89.57142857142856],[-14.0,-89.66666666666667],[-14.8,-88.8],[-15.0,-88.75],[-19.0,-88.66666666666667],[-20.0,-88.4],[-22.0,-88.5],[-23.0,-88.33333333333334],[-24.0,-88.4],[-24.461538461538463,-88.53846153846155],[-25.0,-89.0],[-27.0,-88.33333333333334],[-28.0,-88.42857142857143],[-30.0,-88.375],[-30.476190476190474,-88.52380952380952],[-31.0,-89.0],[-32.0,-88.66666666666667],[-33.4,-88.4],[-36.0,-88.28571428571429],[-38.0,-88.75],[-39.0,-88.5],[-40.0,-88.6],[-41.0,-88.28571428571429],[-42.36363636363636,-88.36363636363636],[-44.0,-87.5],[-44.333333333333336,-87.66666666666667],[-44.57142857142858,-88.42857142857143],[-46.0,-88.75],[-47.0,-88.375],[-48.400000000000006,-88.4],[-49.0,-88.0],[-49.0,-87.0],[-48.0,-87.0],[-47.333333333333336,-87.33333333333334],[-46.0,-87.4],[-45.333333333333336,-87.0],[-45.285714285714285,-86.71428571428571],[-45.0,-86.5],[-42.75,-86.25],[-42.0,-86.0],[-43.0,-85.0],[-43.733333333333334,-84.73333333333332],[-44.23529411764706,-84.76470588235294],[-44.5,-85.0],[-44.6,-85.4],[-45.0,-85.66666666666667],[-46.0,-85.66666666666667],[-47.44444444444444,-85.44444444444444],[-48.0,-85.0],[-48.77777777777778,-84.77777777777777],[-50.0,-84.8],[-51.0,-84.5],[-53.0,-84.41666666666666],[-54.0,-84.21428571428572],[-55.0,-84.38095238095238],[-56.0,-84.28571428571428],[-56.85714285714286,-84.0],[-56.48,-83.52],[-55.0,-83.0],[-54.63636363636364,-82.36363636363636],[-53.0,-82.0],[-51.130434782608695,-80.8695652173913],[-46.702127659574465,-80.70212765957447],[-45.0,-80.9],[-44.0,-80.64285714285714],[-41.39080459770115,-79.60919540229885],[-40.0,-79.28205128205127],[-38.70666666666666,-79.29333333333334],[-36.95652173913044,-79.04347826086956],[-33.0,-79.35483870967742],[-32.0,-79.57894736842105],[-30.666666666666668,-79.33333333333334],[-29.45614035087719,-79.45614035087719],[-28.661971830985916,-79.66197183098592],[-28.29411764705882,-80.0],[-28.510204081632654,-80.48979591836735],[-29.000000000000004,-80.8],[-30.0,-80.86363636363636],[-31.0,-80.64285714285714],[-31.3125,-80.6875],[-32.0,-81.0],[-33.0,-81.0],[-33.53333333333333,-81.46666666666667],[-34.275862068965516,-81.72413793103448],[-35.75,-81.75],[-37.0,-81.55555555555556],[-38.1875,-81.8125],[-40.93333333333333,-81.93333333333332],[-43.15384615384615,-81.84615384615384],[-43.333333333333336,-82.0],[-43.5,-82.5],[-44.23529411764706,-82.76470588235294],[-44.5,-83.0],[-44.0,-83.28571428571428],[-43.0,-83.0],[-42.0,-83.0],[-40.0,-83.5],[-31.0,-83.5],[-29.63636363636364,-83.63636363636363],[-28.0,-83.42857142857142],[-27.0,-83.625],[-26.0,-83.57142857142858],[-25.0,-84.0],[-24.266666666666666,-83.73333333333333],[-22.692307692307693,-83.6923076923077],[-21.846153846153847,-83.84615384615384],[-21.0,-84.25],[-16.0,-84.0],[-12.285714285714285,-84.28571428571428],[-11.555555555555555,-84.55555555555554],[-11.333333333333334,-85.0],[-11.600000000000001,-85.4],[-12.0,-85.4],[-13.181818181818183,-85.81818181818181],[-16.0,-85.8],[-16.4,-86.0],[-16.285714285714285,-86.28571428571428],[-16.0,-86.5],[-15.0,-86.25],[-14.0,-86.33333333333334],[-13.0,-86.25],[-12.0,-87.0],[-11.0,-86.0],[-10.0,-86.66666666666667],[-9.666666666666668,-86.66666666666667],[-9.5,-87.0],[-9.0,-87.33333333333334],[-8.0,-87.0],[-7.0,-87.4],[-5.75,-87.25],[-5.0,-87.0],[-6.0,-86.66666666666667],[-7.0,-86.0],[-6.0,-85.66666666666666],[-5.0,-85.6],[-4.647058823529411,-85.35294117647058],[-4.375,-84.625],[-4.0,-84.25],[-3.7777777777777777,-84.22222222222223],[-3.352941176470588,-84.35294117647058],[-1.0,-84.375],[-0.5454545454545454,-84.54545454545455],[0.6000000000000001,-85.4],[1.0,-86.0],[1.75,-86.25],[2.2666666666666666,-86.26666666666667],[3.0,-86.0],[4.7142857142857135,-86.28571428571428],[7.266666666666667,-86.26666666666667],[8.0,-86.0],[7.5,-85.5],[7.25,-85.0],[7.666666666666668,-84.66666666666667],[8.375,-84.625],[9.0,-85.0],[10.0,-85.25],[10.578947368421051,-84.57894736842104],[11.0,-84.42857142857142],[12.0,-84.36363636363636],[13.0,-84.0],[11.652173913043478,-83.65217391304347],[11.315789473684209,-83.68421052631578],[10.75,-83.25],[10.666666666666668,-83.0],[9.352941176470587,-82.6470588235294],[7.0,-82.39285714285714],[4.626666666666666,-82.37333333333333],[3.7777777777777777,-82.22222222222223],[2.9999999999999996,-81.81818181818181],[1.0,-81.54545454545455],[-0.2,-81.2],[-3.0,-81.0],[-4.0,-80.75],[-5.0,-80.66666666666667],[-6.0,-80.0],[-4.733333333333333,-79.26666666666667],[-4.666666666666667,-79.0],[-4.818181818181818,-78.81818181818181],[-6.0,-78.4],[-6.222222222222222,-78.0],[-6.688888888888888,-77.68888888888888],[-9.0,-77.11764705882354],[-10.0,-77.4090909090909],[-10.36,-77.36],[-11.0,-76.58333333333333],[-12.227272727272727,-76.22727272727272],[-13.0,-75.54545454545453],[-15.0,-75.63157894736842],[-15.489795918367346,-75.48979591836734],[-16.036363636363635,-74.96363636363637],[-16.586206896551722,-75.41379310344827],[-17.0,-75.54545454545453],[-17.17241379310345,-75.82758620689654],[-18.824561403508774,-75.82456140350877],[-19.0,-75.5],[-19.200000000000003,-75.80000000000001],[-21.5,-76.0],[-21.0,-76.13333333333334],[-20.535714285714285,-76.53571428571429],[-20.388059701492537,-77.38805970149254],[-19.4,-78.0],[-19.61290322580645,-78.38709677419355],[-20.0,-78.54545454545453],[-21.0,-78.64285714285714],[-21.375,-78.375],[-21.65625,-77.65625],[-22.0,-77.44999999999999],[-23.0,-77.5],[-25.0,-77.24000000000001],[-27.0,-77.41379310344828],[-29.0,-77.15],[-31.0,-77.46153846153845],[-31.30769230769231,-77.3076923076923],[-31.642857142857142,-76.64285714285714],[-32.0,-76.58333333333333],[-32.294117647058826,-76.70588235294117],[-32.74468085106383,-77.25531914893617],[-34.41176470588235,-77.41176470588235],[-35.0,-77.41666666666667],[-36.0,-77.18181818181819],[-37.65,-77.35],[-40.23880597014926,-77.23880597014926],[-40.800000000000004,-77.0],[-40.38095238095238,-76.61904761904762],[-40.0,-76.46666666666667],[-39.0,-76.68421052631578],[-37.0,-76.64285714285714],[-36.0,-76.77777777777779],[-35.0,-76.44444444444444],[-34.19047619047619,-75.80952380952381],[-32.0,-75.41666666666666],[-29.733333333333334,-76.73333333333333],[-28.866666666666667,-76.86666666666667],[-27.352941176470587,-76.6470588235294],[-26.611940298507463,-76.38805970149254],[-26.0,-75.41666666666666],[-25.0,-75.63636363636363],[-24.641025641025642,-75.35897435897436],[-23.807692307692307,-75.1923076923077],[-23.25,-74.75],[-22.53846153846154,-74.46153846153847],[-22.0,-74.34883720930233],[-19.705882352941174,-74.29411764705883],[-19.444444444444443,-73.55555555555554],[-18.864406779661017,-73.13559322033899],[-18.453333333333333,-72.54666666666667],[-16.784615384615385,-72.21538461538461],[-16.0,-71.6923076923077],[-15.358974358974358,-71.64102564102564],[-14.0,-71.57894736842105],[-13.636363636363637,-71.63636363636363],[-13.0,-72.0],[-12.428571428571429,-71.57142857142858],[-11.0,-71.39285714285714],[-10.630434782608695,-71.63043478260869],[-10.36220472440945,-72.36220472440945],[-10.0,-72.57499999999999],[-9.535353535353536,-72.46464646464646],[-9.148148148148149,-72.0],[-9.0,-71.55555555555556],[-7.000000000000001,-71.26315789473685],[-2.1969696969696972,-71.19696969696969],[-1.0,-71.36585365853658],[3.0,-71.0],[6.0,-71.61764705882352],[9.122448979591837,-71.12244897959184],[11.649999999999999,-71.35],[13.000000000000002,-72.0344827586207],[13.461538461538462,-71.46153846153847],[14.0,-71.29032258064517],[16.0,-71.52941176470588],[16.372093023255815,-71.62790697674419],[16.727272727272727,-72.0],[16.950819672131146,-72.04918032786885],[18.0,-72.1774193548387],[20.0,-72.16666666666667],[21.0,-72.69999999999999],[21.339622641509436,-72.66037735849056],[22.0,-73.0],[22.4,-72.4],[24.0,-72.08333333333333],[24.615384615384613,-71.61538461538461],[26.000000000000004,-71.1],[27.0,-71.07692307692308],[29.0,-70.4],[32.0,-71.36842105263158],[33.294117647058826,-71.29411764705883],[34.0,-71.0],[33.0,-70.0],[33.54545454545455,-69.54545454545455],[34.0,-69.375],[35.0,-69.6],[35.239999999999995,-69.24000000000001],[35.25,-69.0],[36.55555555555556,-68.55555555555556],[37.0,-68.16666666666667],[38.0,-68.625],[38.4,-68.4],[39.0,-68.29411764705881],[40.0,-68.76470588235294],[41.0,-69.0],[42.0,-68.68421052631578],[43.0,-68.0],[45.0,-67.33333333333334],[46.0,-67.5],[47.0,-67.17647058823529],[49.0,-67.3125],[49.48888888888889,-67.5111111111111],[49.785714285714285,-68.0],[49.99999999999999,-68.09677419354838],[52.0,-68.25714285714287],[52.56,-68.44],[53.0,-69.0],[54.0,-68.72727272727272],[54.06896551724138,-68.93103448275862],[54.826086956521735,-68.82608695652173],[56.0,-68.94736842105263],[57.096385542168676,-68.90361445783132],[57.53333333333333,-69.0],[57.64102564102564,-69.35897435897436],[58.0,-69.7],[58.400000000000006,-69.4],[59.0,-69.17647058823529],[60.00000000000001,-69.33333333333334],[60.421052631578945,-69.57894736842104],[60.727272727272734,-70.0],[60.42857142857143,-71.0],[61.00000000000001,-71.14285714285714],[62.22580645161291,-71.7741935483871],[62.4375,-72.0],[61.0,-72.82758620689656],[60.0,-73.0],[60.25806451612903,-73.74193548387098],[60.188235294117646,-74.18823529411765],[59.542857142857144,-74.45714285714286],[59.37037037037037,-73.62962962962962],[58.60000000000001,-73.4],[58.0,-73.0],[57.0,-72.77272727272727],[56.0,-72.73333333333333],[55.69230769230769,-73.0],[56.285714285714285,-73.28571428571428],[56.6875,-73.3125],[56.86111111111111,-74.13888888888889],[57.270270270270274,-74.27027027027027],[57.793103448275865,-74.20689655172413],[57.99999999999999,-74.42857142857142],[58.28571428571428,-74.28571428571428],[59.0,-74.27777777777777],[59.47272727272727,-74.52727272727273],[59.40625,-75.0],[59.506493506493506,-75.4935064935065],[60.0,-75.61290322580645],[61.0,-75.32142857142858],[62.0,-75.54285714285714],[63.32,-75.32],[63.15686274509804,-74.84313725490196],[63.0,-74.88235294117646],[62.516129032258064,-74.48387096774194],[62.26829268292683,-74.0],[62.58041958041958,-73.58041958041959],[63.0,-73.38775510204081],[63.46511627906977,-73.53488372093024],[63.85714285714286,-74.0],[63.81818181818181,-74.18181818181819],[64.43478260869564,-74.43478260869566],[64.71428571428571,-74.28571428571428],[64.56521739130434,-74.56521739130434],[64.73684210526316,-75.0],[64.43076923076923,-75.43076923076924],[64.0,-75.66666666666667],[63.62162162162163,-75.62162162162163],[63.29268292682927,-76.29268292682927],[61.99999999999999,-76.76190476190476],[60.800000000000004,-76.8],[60.44444444444444,-77.0],[61.0,-77.16129032258064],[63.0,-77.29032258064517],[67.7948717948718,-77.2051282051282],[68.32000000000001,-77.32],[68.76470588235294,-77.23529411764706],[69.30769230769232,-77.6923076923077],[69.28571428571428,-78.0],[71.17948717948718,-78.17948717948718],[72.03571428571429,-78.03571428571429],[72.10526315789474,-77.89473684210526],[71.625,-77.375],[71.0,-77.125],[67.0,-76.5625],[66.61702127659575,-76.38297872340425],[65.45454545454545,-75.0],[65.52,-74.52],[66.0,-74.14285714285714],[66.15384615384616,-73.84615384615384],[65.88888888888889,-73.11111111111111],[66.0,-72.9],[66.18181818181819,-72.81818181818181],[66.2,-73.0],[66.68,-73.32],[69.0,-73.0],[69.33333333333334,-71.0],[69.74193548387098,-70.74193548387098],[72.0,-70.72222222222223],[72.4814814814815,-70.4814814814815],[72.81481481481481,-69.81481481481481],[73.23809523809524,-69.76190476190476],[73.625,-70.0],[74.0,-70.6],[74.3076923076923,-70.6923076923077],[74.28571428571429,-71.0],[75.0,-71.20833333333333],[75.55555555555554,-71.0],[75.57894736842104,-70.57894736842104],[76.0,-70.42857142857143],[79.0,-70.55555555555556],[79.27586206896552,-70.72413793103448],[80.0,-70.83333333333334],[80.76,-70.75999999999999],[81.0,-70.57142857142857],[83.0,-70.55555555555556],[83.35714285714286,-70.35714285714286],[83.6875,-69.6875],[84.0,-69.5],[85.0,-69.4],[85.5,-69.5],[86.0,-70.14285714285715],[86.22222222222223,-69.77777777777777],[86.22222222222223,-69.22222222222223],[89.0,-69.0],[89.22222222222223,-68.22222222222223],[89.16666666666667,-68.0],[90.0,-67.64285714285714],[90.35714285714285,-67.64285714285714],[91.0,-68.25],[91.73333333333333,-67.73333333333333],[92.45454545454545,-67.45454545454545],[93.26666666666667,-67.26666666666667],[94.83333333333333,-67.16666666666667],[95.625,-67.375],[96.0,-68.0],[96.35294117647058,-67.35294117647058],[97.0,-67.21428571428571],[97.4,-67.4],[98.0,-67.0],[98.625,-66.625],[100.0,-66.75],[100.7037037037037,-67.29629629629629],[101.375,-67.625],[103.0,-67.79166666666666],[104.0,-67.55000000000001],[105.0,-68.0],[104.38297872340425,-68.38297872340425],[103.0,-68.22727272727273],[102.27777777777777,-68.27777777777777],[100.6923076923077,-68.6923076923077]],[[-41.5,-86.5],[-41.5,-87.0],[-41.333333333333336,-87.33333333333334],[-41.0,-87.5],[-40.0,-87.0],[-39.0,-87.0],[-38.333333333333336,-87.33333333333334],[-37.0,-87.5],[-36.6,-87.4],[-36.0,-87.0],[-36.6,-86.60000000000001],[-37.0,-86.5],[-38.0,-86.33333333333333],[-38.4,-86.4],[-39.0,-86.0],[-40.0,-85.66666666666667],[-41.0,-86.0],[-42.0,-86.0],[-41.5,-86.5]],[[-4.428571428571429,-87.42857142857143],[-3.0,-87.57142857142858],[-1.8666666666666667,-87.13333333333334],[-1.7777777777777777,-86.77777777777777],[-2.4444444444444446,-86.44444444444444],[-3.0,-86.33333333333333],[-4.428571428571429,-86.57142857142858],[-5.0,-87.0],[-4.428571428571429,-87.42857142857143]],[[40.87096774193548,-69.87096774193549],[41.0,-70.28571428571428],[41.5,-70.0],[41.0,-69.0],[40.87096774193548,-69.87096774193549]],[[97.56521739130434,-67.56521739130434],[97.6875,-68.0],[97.6,-68.60000000000001],[97.0,-69.0],[96.0,-69.21052631578948],[95.52941176470587,-69.47058823529412],[95.0,-69.0],[95.48780487804878,-69.51219512195121],[95.43478260869566,-70.43478260869566],[95.0,-70.9090909090909],[94.0,-70.93333333333334],[93.0,-70.61111111111111],[91.52631578947368,-71.52631578947368],[90.72549019607843,-71.72549019607843],[90.22222222222223,-72.0],[91.0,-72.4375],[92.45,-72.45],[93.26315789473685,-72.26315789473685],[93.61290322580646,-71.61290322580645],[94.0909090909091,-71.0909090909091],[96.0,-71.0],[97.0,-71.28571428571428],[97.77777777777777,-71.22222222222221],[99.0,-71.5],[100.0,-71.0],[99.4,-70.60000000000001],[98.60000000000001,-70.4],[98.33333333333334,-70.0],[98.69230769230771,-69.6923076923077],[99.4,-69.4],[99.6,-69.0],[99.28571428571428,-67.71428571428571],[98.0,-67.0],[97.56521739130434,-67.56521739130434]],[[-32.6,-87.4],[-32.0,-87.0],[-33.0,-86.6],[-33.36363636363636,-86.63636363636364],[-34.0,-87.0],[-33.0,-87.5],[-32.6,-87.4]],[[14.0,-84.0],[15.000000000000002,-84.08695652173914],[16.0,-84.0],[15.0,-83.875],[14.0,-84.0]],[[102.31578947368419,-78.68421052631578],[103.0,-79.25],[104.0,-79.5],[105.4,-79.4],[105.4,-79.0],[105.22222222222223,-78.77777777777777],[105.0,-78.0],[104.47619047619047,-77.52380952380952],[104.0,-77.44444444444444],[103.0,-76.75],[101.60000000000001,-76.60000000000001],[101.0,-76.66666666666667],[100.0,-77.0],[99.28571428571428,-76.71428571428572],[98.73913043478261,-76.73913043478261],[98.25,-77.0],[98.33333333333334,-77.33333333333334],[98.0,-77.5],[97.89473684210526,-77.89473684210526],[97.96666666666667,-78.03333333333333],[98.5,-78.0],[98.66666666666667,-77.66666666666667],[99.0,-77.75],[99.13333333333333,-77.86666666666667],[99.10000000000001,-78.0],[100.0,-78.34615384615384],[102.0,-78.5909090909091],[102.31578947368419,-78.68421052631578]],[[106.62962962962962,-80.37037037037037],[107.0,-80.45454545454545],[108.0,-80.28571428571429],[108.33333333333334,-80.0],[108.19047619047619,-79.80952380952381],[107.0,-79.28571428571428],[106.0,-79.75],[105.66666666666667,-79.66666666666667],[105.66666666666667,-80.0],[106.62962962962962,-80.37037037037037]],[[110.83333333333334,-84.16666666666667],[111.00000000000001,-84.33333333333334],[111.5,-84.5],[113.44444444444444,-84.55555555555554],[117.0,-84.28571428571428],[117.4,-84.0],[117.0,-83.83333333333333],[114.20833333333333,-83.79166666666666],[112.0,-83.84615384615385],[110.85714285714286,-84.0],[110.83333333333334,-84.16666666666667]],[[3.0,-77.14285714285714],[3.4000000000000004,-76.4],[4.083333333333333,-76.08333333333333],[4.095238095238095,-75.9047619047619],[3.0,-75.73684210526316],[2.375,-76.0],[2.375,-76.375],[2.0,-77.0],[3.0,-77.14285714285714]],[[9.25,-80.0],[9.0,-79.88888888888889],[8.0,-80.0],[9.25,-80.0]],[[16.0,-79.8],[15.75,-80.0],[16.0,-80.22222222222223],[16.285714285714285,-80.0],[16.0,-79.8]],[[21.0,-79.85714285714286],[20.6,-80.0],[21.0,-80.14285714285715],[22.0,-80.0],[21.0,-79.85714285714286]],[[24.0,-80.13333333333334],[24.285714285714285,-80.0],[23.999999999999996,-79.81818181818181],[22.0,-80.0],[24.0,-80.13333333333334]],[[47.75,-80.25],[48.5,-80.5],[49.0,-81.0],[49.5,-80.5],[50.0,-80.33333333333334],[50.2,-80.0],[49.88235294117647,-79.88235294117646],[49.11764705882353,-79.88235294117646],[48.5,-79.5],[48.22222222222222,-78.77777777777777],[48.0,-78.66666666666667],[47.0,-79.0],[46.30769230769231,-78.69230769230771],[45.0,-78.5263157894737],[44.61538461538461,-78.38461538461539],[44.00000000000001,-77.83333333333333],[43.0,-77.66666666666667],[41.71428571428571,-77.71428571428571],[41.0,-78.0],[40.857142857142854,-78.85714285714286],[40.0,-79.0],[40.88235294117647,-79.11764705882354],[41.54545454545455,-79.45454545454545],[44.0,-80.0],[45.22222222222222,-79.77777777777777],[45.85714285714286,-79.85714285714286],[46.25,-79.75],[46.5,-80.0],[47.0,-80.2],[47.75,-80.25]],[[38.0,-78.70588235294117],[37.44444444444444,-79.0],[37.5,-80.0],[38.125,-80.125],[39.0,-80.0],[39.15384615384615,-79.15384615384616],[40.0,-79.0],[38.0,-78.70588235294117]],[[46.64285714285714,-72.35714285714286],[47.0,-72.55555555555556],[47.41666666666667,-72.41666666666667],[48.0,-72.0],[46.72222222222223,-71.72222222222223],[46.5,-72.0],[46.64285714285714,-72.35714285714286]],[[48.61538461538461,-73.38461538461539],[49.0,-73.71428571428572],[49.416666666666664,-73.0],[49.0,-72.44444444444444],[48.583333333333336,-72.58333333333334],[48.5,-73.0],[48.61538461538461,-73.38461538461539]],[[56.0,-75.83333333333334],[55.857142857142854,-76.00000000000001],[56.0,-76.10526315789474],[56.093023255813954,-76.09302325581396],[56.0,-75.83333333333334]],[[59.476190476190474,-75.52380952380952],[58.83333333333333,-75.83333333333333],[58.64102564102564,-76.64102564102564],[58.0,-76.84848484848484],[56.84313725490196,-76.84313725490196],[56.76470588235294,-77.23529411764706],[57.0,-77.44444444444444],[57.27586206896552,-77.27586206896552],[59.0,-77.21212121212122],[59.63636363636364,-77.0],[59.29411764705882,-76.0],[59.476190476190474,-75.52380952380952]],[[84.0,-78.86666666666667],[83.77777777777777,-79.0],[84.0,-79.14285714285715],[84.2,-79.0],[84.0,-78.86666666666667]],[[93.33333333333334,-75.0],[92.99999999999999,-74.88888888888889],[92.0,-75.0],[93.33333333333334,-75.0]],[[96.0,-75.0],[97.0,-75.33333333333334],[97.15384615384616,-75.0],[97.0,-74.77777777777777],[96.0,-75.0]],[[39.9,-82.0],[41.0,-82.125],[41.16666666666667,-82.00000000000001],[41.1,-81.9],[40.099999999999994,-81.9],[39.9,-82.0]]],[[[67.0,-71.58333333333333],[67.4,-71.60000000000001],[68.0,-72.0],[67.43478260869566,-72.43478260869566],[67.0,-72.55555555555556],[66.62962962962963,-72.37037037037037],[66.64285714285714,-72.0],[67.0,-71.58333333333333]]],[[[62.38775510204081,-49.38775510204081],[62.0,-50.07692307692307],[60.66666666666667,-49.33333333333334],[60.474999999999994,-48.0],[61.0,-47.51162790697674],[62.38961038961039,-47.61038961038961],[62.63829787234043,-48.0],[62.38775510204081,-49.38775510204081]]],[[[37.0,-47.2463768115942],[36.0,-47.390243902439025],[35.735537190082646,-47.264462809917354],[35.62352941176471,-47.0],[36.0,-46.61904761904762],[37.0,-46.66666666666667],[37.44736842105263,-47.0],[37.0,-47.2463768115942]]],[[[43.45945945945947,-47.0],[44.0,-46.59183673469388],[45.0,-46.65573770491803],[45.45652173913044,-47.0],[45.24852071005917,-47.24852071005917],[44.0,-47.27777777777778],[43.45945945945947,-47.0]]],[[[39.0,-45.69047619047619],[39.26,-45.739999999999995],[39.43333333333334,-46.0],[39.29545454545454,-46.29545454545455],[39.0,-46.43333333333334],[38.763636363636365,-46.236363636363635],[38.81294964028777,-45.81294964028777],[39.0,-45.69047619047619]]],[[[36.0,-43.234042553191486],[35.78431372549019,-43.0],[36.0,-42.57692307692308],[36.30555555555556,-43.0],[36.0,-43.234042553191486]]],[[[40.45238095238095,-33.0],[40.25503355704698,-33.25503355704698],[40.0,-34.11538461538461],[39.22857142857143,-34.22857142857143],[39.0,-34.57142857142857],[38.0,-35.0],[37.53846153846155,-34.46153846153846],[37.0,-34.26923076923077],[36.794117647058826,-34.0],[36.65,-33.65],[36.714285714285715,-33.285714285714285],[36.285714285714285,-33.285714285714285],[35.94736842105263,-33.0],[36.0,-32.0],[36.21621621621622,-31.216216216216218],[36.333333333333336,-31.0],[36.753846153846155,-30.753846153846155],[37.0,-30.0],[37.55555555555556,-29.0],[37.26315789473685,-28.736842105263158],[36.839999999999996,-27.160000000000004],[36.55555555555556,-27.0],[36.82222222222222,-26.822222222222223],[37.09090909090909,-26.09090909090909],[38.88059701492537,-25.880597014925375],[39.0,-25.5],[39.400000000000006,-25.400000000000002],[40.54285714285714,-24.54285714285714],[40.91919191919192,-23.91919191919192],[41.392857142857146,-22.0],[42.0,-21.70689655172414],[42.151785714285715,-21.848214285714285],[42.327586206896555,-22.67241379310345],[43.0,-23.6875],[43.149732620320854,-24.850267379679146],[42.99999999999999,-25.823529411764703],[42.425925925925924,-26.425925925925924],[42.0,-28.210526315789473],[41.36170212765957,-29.361702127659573],[41.0,-31.307692307692307],[40.65384615384615,-32.0],[40.45238095238095,-33.0]]],[[[56.0,-21.452380952380956],[56.383333333333326,-21.616666666666664],[56.638888888888886,-22.0],[56.0,-22.348484848484848],[55.646153846153844,-22.0],[55.72619047619048,-21.726190476190478],[56.0,-21.452380952380956]]],[[[57.45945945945945,-20.459459459459456],[57.0,-20.728571428571428],[56.38775510204081,-20.612244897959183],[56.0,-20.321428571428573],[54.0,-20.75],[53.638888888888886,-20.36111111111111],[53.34285714285714,-19.65714285714286],[52.739999999999995,-19.259999999999998],[52.559322033898304,-19.0],[52.53191489361703,-18.0],[52.67883211678832,-17.67883211678832],[53.0,-17.53191489361702],[53.32835820895522,-17.671641791044777],[53.79032258064516,-18.20967741935484],[55.0,-18.314814814814813],[55.40659340659341,-18.59340659340659],[55.674698795180724,-19.325301204819276],[56.0,-19.75],[56.99999999999999,-19.055555555555554],[57.57142857142858,-19.42857142857143],[57.68918918918919,-20.0],[57.45945945945945,-20.459459459459456]]],[[[66.375,-16.625],[66.5,-17.0],[67.0,-17.333333333333336],[67.0,-18.23076923076923],[66.50617283950618,-18.50617283950617],[66.0909090909091,-19.0],[65.88888888888889,-19.0],[65.5,-18.0],[65.91891891891892,-17.0],[66.0,-16.25],[66.375,-16.625]]],[[[57.99999999999999,-16.903225806451612],[57.62162162162163,-16.37837837837838],[57.54838709677419,-16.0],[58.0,-15.348837209302328],[58.421052631578945,-15.578947368421051],[58.595744680851055,-16.0],[58.525,-16.474999999999998],[58.66666666666667,-16.666666666666668],[58.375,-16.625],[57.99999999999999,-16.903225806451612]]],[[[46.0,-14.642857142857142],[46.23529411764706,-14.764705882352942],[46.1556420233463,-15.155642023346303],[46.0,-15.240963855421686],[45.86486486486486,-15.135135135135135],[45.84615384615385,-14.846153846153847],[46.0,-14.642857142857142]]],[[[49.0,-14.357142857142858],[49.23684210526316,-14.763157894736842],[49.23684210526316,-15.0],[49.0,-15.191489361702128],[48.8695652173913,-15.130434782608695],[48.65384615384615,-15.0],[48.66666666666667,-14.666666666666668],[49.0,-14.357142857142858]]],[[[59.234042553191486,-10.76595744680851],[59.32352941176471,-11.0],[59.275000000000006,-11.275],[59.0,-11.458333333333332],[58.868263473053894,-10.868263473053894],[59.0,-10.633333333333333],[59.234042553191486,-10.76595744680851]]],[[[46.35087719298245,3.3508771929824555],[46.322580645161295,3.0],[45.88165680473372,2.8816568047337277],[45.705882352941174,3.294117647058824],[46.0,3.769230769230769],[46.35087719298245,3.3508771929824555]]],[[[47.09090909090909,6.909090909090909],[49.0,7.0],[49.037974683544306,5.962025316455696],[48.381443298969074,4.618556701030927],[48.0,4.356521739130435],[47.57068062827226,4.429319371727749],[47.15384615384616,4.153846153846153],[47.15384615384616,4.846153846153847],[47.03703703703704,5.037037037037037],[47.189655172413794,6.189655172413794],[47.09090909090909,6.909090909090909]]],[[[50.0,8.3125],[50.08064516129033,8.0],[50.0,7.8076923076923075],[49.74358974358974,7.743589743589743],[49.375,8.0],[49.42857142857143,8.428571428571429],[48.5,8.0],[48.400000000000006,7.6],[48.0,7.5],[47.0,8.0],[46.0,8.0],[46.28571428571428,8.714285714285714],[46.08695652173913,9.08695652173913],[46.06896551724138,10.931034482758621],[46.16666666666667,13.0],[46.5,14.0],[46.5,15.0],[47.0,15.087719298245615],[47.04477611940298,14.044776119402984],[47.375,14.0],[47.5,12.0],[48.0,10.0],[48.52777777777778,9.527777777777777],[49.0,9.392857142857142],[49.125,9.125],[49.5,9.0],[49.52173913043478,8.521739130434781],[50.0,8.3125]]],[[[44.84615384615385,16.846153846153847],[44.0,18.0],[45.01754385964912,18.017543859649123],[45.01587301587301,17.015873015873016],[45.5,17.0],[45.0,16.8],[44.84615384615385,16.846153846153847]]],[[[44.0,18.0],[43.5,18.5],[43.3,19.0],[43.83529411764706,19.16470588235294],[44.13861386138614,18.86138613861386],[44.0,18.0]]],[[[42.8705035971223,20.1294964028777],[43.11392405063292,20.0],[43.193548387096776,19.806451612903224],[43.0,19.25],[42.5,19.5],[42.25,20.0],[42.8705035971223,20.1294964028777]]],[[[40.652173913043484,20.652173913043477],[40.266666666666666,21.266666666666666],[39.51219512195122,21.51219512195122],[39.22857142857143,22.228571428571428],[38.66666666666667,22.666666666666668],[38.55555555555556,23.0],[38.529411764705884,23.470588235294116],[39.0,24.0],[39.0650406504065,23.065040650406505],[40.04651162790698,23.046511627906977],[40.14598540145985,22.145985401459853],[41.0212201591512,22.021220159151195],[41.0655737704918,21.065573770491802],[41.85333333333333,21.14666666666667],[42.054590570719604,21.054590570719604],[42.14965986394557,20.85034013605442],[42.0,20.214285714285715],[41.333333333333336,20.333333333333336],[40.652173913043484,20.652173913043477]]],[[[36.9,26.1],[37.07142857142857,25.92857142857143],[37.0,25.5],[36.25,26.0],[36.9,26.1]]],[[[33.0,26.6],[32.949999999999996,26.95],[35.887445887445885,27.112554112554115],[36.171052631578945,27.0],[36.260000000000005,26.740000000000002],[36.0,26.07142857142857],[35.0,26.375],[34.0,26.4],[33.0,26.6]]],[[[46.5,31.0],[46.8360655737705,30.83606557377049],[48.42857142857143,30.42857142857143],[49.0,29.692307692307693],[49.6,29.6],[50.28571428571428,29.285714285714285],[50.375,29.0],[51.4390243902439,28.4390243902439],[51.772727272727266,27.772727272727273],[52.411764705882355,27.41176470588235],[52.77777777777778,26.77777777777778],[53.400000000000006,26.400000000000002],[53.58333333333333,26.0],[53.45161290322581,25.548387096774192],[53.0,25.125],[52.0,25.23076923076923],[51.0625,24.9375],[51.11111111111111,24.11111111111111],[50.945945945945944,24.0],[50.952380952380956,24.952380952380953],[50.0,25.545454545454547],[49.93006993006993,25.93006993006993],[48.89655172413793,26.0],[48.7,26.299999999999997],[48.66666666666667,26.666666666666668],[48.42307692307693,26.576923076923077],[47.85526315789474,26.855263157894736],[46.82758620689655,27.0],[46.529411764705884,27.529411764705884],[46.0,27.727272727272727],[45.886792452830186,27.88679245283019],[44.956112852664575,27.956112852664578],[44.75,28.25],[44.705882352941174,28.705882352941178],[43.42857142857143,28.999999999999996],[43.0,29.352941176470587],[42.85333333333333,29.85333333333333],[41.95465994962217,29.954659949622165],[41.78064516129032,30.780645161290323],[40.400000000000006,31.0],[40.275862068965516,31.275862068965516],[40.0,31.42105263157895],[39.849315068493155,31.84931506849315],[39.214285714285715,32.0],[39.607142857142854,32.39285714285714],[40.725,32.275],[41.1151832460733,32.1151832460733],[42.901408450704224,32.098591549295776],[43.0,32.58333333333333],[43.35897435897436,32.35897435897436],[43.4375,32.0],[43.76315789473684,31.763157894736842],[45.67741935483871,31.677419354838708],[46.333333333333336,31.333333333333336],[46.5,31.0]]],[[[34.054590570719604,30.945409429280396],[33.0,30.93617021276596],[32.45161290322581,30.548387096774192],[32.413333333333334,30.0],[32.0,29.65934065934066],[31.000000000000004,30.043478260869566],[29.04878048780488,29.951219512195124],[29.0,29.0],[28.333333333333336,30.000000000000004],[28.08,30.08],[28.0,30.333333333333336],[27.6,30.400000000000002],[27.833333333333336,30.0],[27.5,29.5],[27.0,29.166666666666668],[26.666666666666668,29.333333333333336],[26.333333333333336,29.333333333333336],[26.333333333333336,29.666666666666668],[26.166666666666668,30.0],[26.615384615384613,30.384615384615383],[27.476190476190474,30.523809523809522],[28.517241379310345,32.48275862068966],[28.999999999999996,32.699999999999996],[29.46666666666667,32.46666666666667],[29.7,32.0],[29.90625,31.90625],[32.19512195121951,31.804878048780488],[32.53846153846154,32.46153846153846],[33.18181818181818,32.81818181818182],[34.0,32.87096774193549],[34.75,32.75],[34.9,32.0],[34.27979274611399,31.72020725388601],[34.054590570719604,30.945409429280396]]],[[[63.41666666666667,35.583333333333336],[65.0,35.92857142857143],[65.56521739130434,35.565217391304344],[65.76470588235294,35.0],[65.5,34.5],[65.0,34.27777777777778],[63.38095238095238,34.38095238095238],[62.75,35.0],[63.41666666666667,35.583333333333336]]],[[[37.0,64.25],[36.0,64.5],[35.599999999999994,65.0],[36.0,65.33333333333333],[37.0,65.42857142857143],[37.3,65.3],[37.42857142857143,65.0],[37.35294117647059,64.6470588235294],[37.0,64.25]]],[[[39.0,66.42857142857143],[39.315789473684205,66.3157894736842],[39.5,66.0],[39.315789473684205,65.68421052631578],[38.71428571428571,65.71428571428571],[38.5,66.0],[38.7,66.3],[39.0,66.42857142857143]]],[[[58.0,66.0],[59.0,67.0],[59.400000000000006,66.4],[59.5,66.0],[59.333333333333336,65.66666666666667],[59.0,65.5],[58.60000000000001,65.60000000000001],[58.0,66.0]]],[[[66.4,67.6],[66.0,67.5],[65.60000000000001,67.6],[65.0,68.0],[66.44444444444444,68.55555555555556],[66.66666666666667,69.33333333333334],[67.0,69.5],[67.4,69.4],[67.66666666666667,69.0],[67.5,68.5],[66.4,67.6]]],[[[64.5,69.0],[64.4,68.60000000000001],[64.0,68.5],[63.71428571428571,68.71428571428571],[63.5,69.0],[64.25,69.25],[64.5,69.0]]],[[[43.61538461538461,69.61538461538461],[44.0,69.0],[43.44444444444444,68.55555555555556],[43.0,68.5],[42.0,69.0],[41.0,69.0],[41.0,70.0],[41.6,71.4],[42.2,71.8],[42.57575757575758,72.42424242424242],[43.22222222222222,72.77777777777777],[43.54545454545455,73.45454545454545],[44.243902439024396,73.7560975609756],[46.0,74.0],[47.0,74.0],[47.0,73.0],[46.5,72.5],[45.28571428571429,72.0],[44.3125,70.6875],[43.71428571428571,70.28571428571428],[43.58333333333333,70.0],[43.61538461538461,69.61538461538461]]],[[[47.53846153846154,74.46153846153847],[48.266666666666666,74.73333333333333],[49.677419354838705,74.6774193548387],[50.0,74.44444444444444],[50.400000000000006,74.4],[50.5,74.0],[50.307692307692314,73.6923076923077],[49.629629629629626,73.37037037037037],[49.0,73.34615384615384],[48.0,73.6],[47.55555555555556,73.55555555555554],[47.0,74.0],[47.53846153846154,74.46153846153847]]],[[[32.205128205128204,78.7948717948718],[32.76744186046511,78.76744186046511],[33.0,78.88372093023256],[33.496732026143796,78.4967320261438],[33.50335570469799,77.503355704698],[34.0,77.09756097560975],[34.44444444444444,77.0],[34.0,76.63636363636364],[33.5,77.0],[33.470588235294116,77.47058823529412],[33.0,77.0952380952381],[32.80487804878049,77.19512195121952],[32.16216216216216,77.16216216216216],[32.205128205128204,78.7948717948718]]],[[[42.0,79.35294117647058],[42.275862068965516,79.27586206896552],[42.8,78.0],[42.36363636363636,77.63636363636364],[42.0,77.55555555555556],[40.6,77.6],[39.78947368421053,77.78947368421052],[39.666666666666664,78.0],[39.160000000000004,78.16],[38.0,78.0625],[36.84375,79.0],[37.0,79.23809523809524],[37.57142857142858,79.42857142857144],[40.25454545454545,79.25454545454545],[40.7,79.0],[40.69230769230769,78.69230769230771],[41.0,78.45454545454545],[41.30769230769231,78.69230769230771],[41.333333333333336,79.0],[42.0,79.35294117647058]]],[[[35.0,78.68],[34.0,78.925],[33.53846153846154,78.53846153846155],[33.625,79.0],[35.0,79.59259259259258],[35.31683168316832,79.31683168316832],[35.372093023255815,79.0],[35.24060150375939,78.7593984962406],[35.0,78.68]]],[[[102.00000000000001,-89.8],[101.0,-89.57142857142856],[100.0,-89.57142857142856],[98.63636363636364,-89.36363636363636],[98.33333333333334,-89.0],[99.0,-88.66666666666666],[106.0,-88.55555555555556],[106.34782608695652,-88.65217391304347],[106.80000000000001,-89.0],[106.47058823529412,-89.47058823529412],[106.0,-89.57142857142856],[104.0,-89.57142857142856],[102.8,-89.80000000000001],[102.00000000000001,-89.8]]],[[[124.0,-89.66666666666667],[120.0,-89.57142857142856],[119.0,-89.8],[118.0,-89.66666666666667],[117.00000000000001,-89.8],[115.57142857142858,-89.57142857142858],[114.0,-89.83333333333333],[113.0,-89.57142857142856],[112.00000000000001,-89.8],[111.75,-89.75],[110.61904761904762,-89.38095238095238],[110.42857142857142,-89.0],[110.68,-88.68],[111.0,-88.55555555555556],[117.0,-88.63636363636363],[121.0,-88.5],[123.0,-88.55555555555556],[124.29629629629629,-88.7037037037037],[124.57142857142857,-89.0],[124.4,-89.4],[124.0,-89.66666666666667]]],[[[127.0,-80.16666666666667],[126.80000000000001,-80.0],[128.0,-79.0],[128.66666666666669,-79.33333333333334],[129.0,-80.0],[128.33333333333334,-80.33333333333334],[127.66666666666669,-80.33333333333334],[127.0,-80.16666666666667]]],[[[133.0,-78.41666666666666],[131.73333333333332,-78.73333333333333],[131.42857142857142,-79.0],[131.35294117647058,-79.35294117647058],[131.0,-79.5],[130.53846153846155,-79.46153846153847],[130.0909090909091,-78.9090909090909],[128.0,-79.0],[127.0,-78.77777777777777],[126.5,-78.5],[126.16129032258064,-77.83870967741936],[125.0,-77.67857142857143],[124.58695652173913,-77.41304347826087],[124.36363636363636,-76.36363636363637],[124.66666666666666,-76.0],[125.67647058823528,-75.67647058823529],[127.40963855421685,-75.40963855421687],[128.0,-75.19047619047619],[129.0,-75.75],[130.0,-76.0],[130.5263157894737,-76.47368421052632],[133.04347826086956,-76.95652173913044],[133.4,-77.6],[134.0,-78.0],[133.0,-78.41666666666666]]],[[[121.29268292682927,-76.29268292682927],[119.99999999999999,-76.58333333333333],[119.61111111111111,-76.38888888888889],[119.3,-76.0],[120.0,-75.5625],[121.0,-75.6],[121.85714285714286,-76.00000000000001],[121.29268292682927,-76.29268292682927]]],[[[122.66197183098592,-75.66197183098592],[123.34285714285714,-75.65714285714286],[123.85714285714286,-76.00000000000001],[123.33333333333334,-76.33333333333334],[123.0,-76.38709677419354],[122.64179104477613,-76.35820895522389],[122.0769230769231,-76.0],[122.66197183098592,-75.66197183098592]]],[[[111.75,-73.0],[111.23076923076923,-73.23076923076923],[110.25,-73.0],[110.66666666666667,-72.66666666666667],[111.0,-72.57142857142858],[111.75,-73.0]]],[[[133.0,-71.87878787878788],[135.0,-71.26315789473685],[135.45454545454544,-71.45454545454545],[135.60000000000002,-71.4],[135.54545454545453,-71.54545454545455],[135.73684210526318,-72.0],[135.4,-73.0],[135.63636363636363,-74.0],[135.55555555555554,-74.55555555555554],[134.37037037037035,-75.37037037037037],[134.0,-75.35714285714286],[133.0,-74.61538461538461],[132.27450980392157,-73.72549019607844],[131.0,-73.43181818181819],[129.6271186440678,-73.62711864406779],[129.24137931034483,-74.24137931034483],[128.0,-74.77777777777777],[126.78048780487805,-74.21951219512195],[126.55555555555556,-73.44444444444444],[126.0,-73.0],[126.3125,-72.0],[126.27777777777779,-71.72222222222223],[126.0,-71.44444444444444],[125.62962962962962,-71.62962962962962],[125.31578947368419,-72.3157894736842],[124.0,-72.38888888888889],[123.66666666666667,-72.33333333333334],[123.41666666666666,-72.0],[123.5625,-71.5625],[124.5,-71.0],[124.71428571428572,-70.0],[125.0,-69.71428571428571],[125.44444444444443,-70.55555555555556],[126.0,-70.6923076923077],[127.0,-70.64705882352942],[127.44897959183673,-70.44897959183673],[128.50943396226415,-69.50943396226414],[129.22222222222223,-69.22222222222223],[129.60000000000002,-68.60000000000001],[130.60000000000002,-67.6],[131.0,-67.57142857142857],[131.3,-67.7],[132.0,-68.25],[133.0,-68.33333333333334],[133.37735849056605,-68.62264150943396],[133.43478260869566,-69.0],[133.0,-69.43478260869566],[132.6,-69.6],[132.2941176470588,-70.29411764705881],[132.0,-72.0],[132.78378378378378,-71.78378378378378],[133.0,-71.87878787878788]],[[131.4,-71.60000000000001],[131.0,-71.0],[130.8,-72.0],[131.10256410256412,-72.1025641025641],[132.0,-72.0],[131.4,-71.60000000000001]]],[[[122.38095238095238,-68.61904761904762],[122.80000000000001,-69.0],[122.0,-69.36363636363636],[121.42857142857142,-69.0],[121.66666666666669,-68.66666666666667],[122.0,-68.5],[122.38095238095238,-68.61904761904762]]],[[[85.0,-68.71428571428571],[84.54545454545455,-68.45454545454545],[84.33333333333334,-68.0],[85.0,-67.77777777777779],[85.9090909090909,-68.0],[85.75,-68.25],[85.75,-68.75],[85.4,-68.60000000000001],[85.0,-68.71428571428571]]],[[[110.0,-67.5625],[109.0,-67.6875],[108.54166666666666,-67.45833333333333],[108.21428571428572,-67.0],[109.23157894736842,-66.76842105263158],[110.0,-66.78571428571428],[110.69230769230768,-67.0],[110.38297872340426,-67.38297872340425],[110.0,-67.5625]]],[[[70.3030303030303,-53.696969696969695],[70.5,-54.0],[70.3125,-54.3125],[70.0,-54.41666666666667],[69.71428571428572,-54.285714285714285],[69.44444444444444,-54.0],[69.64285714285714,-53.64285714285714],[70.3030303030303,-53.696969696969695]]],[[[138.04545454545456,-29.045454545454547],[139.00518134715026,-28.99481865284974],[139.015625,-29.984375],[139.984375,-29.984375],[140.11764705882354,-30.11764705882353],[139.75,-30.75],[139.75,-31.25],[140.04166666666666,-31.958333333333332],[140.0,-33.333333333333336],[139.55555555555554,-33.55555555555555],[139.33333333333331,-34.0],[139.55555555555554,-34.44444444444444],[140.0,-34.666666666666664],[140.03225806451613,-36.96774193548387],[140.96774193548387,-36.96774193548387],[141.14285714285714,-37.142857142857146],[140.84615384615384,-37.84615384615385],[140.83333333333334,-39.0],[141.11111111111111,-39.11111111111111],[142.0,-39.0],[141.91304347826087,-41.08695652173913],[142.84,-41.16],[143.33333333333334,-41.333333333333336],[144.0,-41.0],[147.33333333333334,-41.0],[147.0,-41.333333333333336],[146.5,-41.5],[146.0,-42.0],[146.63636363636363,-42.36363636363636],[147.0,-43.0],[148.0,-43.0],[148.0,-44.0],[149.0,-44.0],[149.0,-45.0],[150.13333333333333,-45.13333333333334],[151.0,-44.964285714285715],[151.04444444444445,-45.955555555555556],[152.0,-46.0],[152.28571428571428,-47.71428571428571],[153.7,-47.99999999999999],[154.40816326530611,-48.59183673469388],[155.0,-48.9],[154.88888888888889,-50.0],[155.1374045801527,-50.86259541984733],[155.17391304347825,-51.826086956521735],[155.66666666666669,-52.0],[155.5,-53.0],[155.16,-53.16],[154.58333333333331,-55.0],[155.09411764705882,-58.09411764705882],[155.0,-59.0],[154.16666666666666,-59.166666666666664],[154.0,-59.5],[152.0,-59.92857142857143],[151.3846153846154,-60.38461538461538],[151.0,-60.5],[150.0,-60.66666666666667],[149.0,-60.5],[148.0,-60.55555555555556],[147.41379310344828,-61.41379310344827],[147.0,-61.54545454545454],[146.72093023255815,-61.279069767441854],[145.92105263157896,-61.078947368421055],[143.5,-61.0],[143.0,-60.66666666666667],[142.66666666666669,-61.0],[141.20000000000002,-61.00000000000001],[141.0,-60.0],[140.22222222222223,-60.22222222222222],[140.0,-60.166666666666664],[139.33333333333334,-59.66666666666667],[137.84615384615384,-59.15384615384616],[137.27272727272728,-58.72727272727272],[136.68421052631578,-58.68421052631579],[136.1818181818182,-58.81818181818182],[135.60000000000002,-58.60000000000001],[135.0,-59.0],[135.4,-58.400000000000006],[135.1818181818182,-57.81818181818181],[135.31578947368422,-57.315789473684205],[135.0,-56.0],[134.5,-57.5],[133.78571428571428,-57.785714285714285],[133.38095238095238,-58.38095238095238],[133.0,-58.57142857142857],[132.0,-58.57142857142857],[131.57894736842104,-58.421052631578945],[131.0,-57.75],[130.0,-57.0],[127.54545454545455,-56.45454545454545],[127.0,-56.0],[126.42105263157895,-56.421052631578945],[126.0,-56.5],[125.0,-56.5],[124.60000000000001,-56.400000000000006],[124.0,-56.0],[123.0,-56.0],[122.00000000000001,-56.800000000000004],[120.64705882352939,-56.647058823529406],[119.85714285714286,-56.85714285714286],[119.33333333333334,-57.333333333333336],[119.0,-57.42857142857143],[118.0,-57.42857142857143],[117.00000000000001,-57.66666666666667],[116.0,-57.5],[115.65217391304347,-57.652173913043484],[115.26086956521739,-58.26086956521739],[114.52380952380952,-58.52380952380952],[113.80000000000001,-59.0],[111.0,-59.04615384615385],[109.0,-58.888888888888886],[108.75,-59.0],[106.12389380530973,-59.123893805309734],[105.35555555555555,-59.355555555555554],[105.0,-59.727272727272734],[104.0,-60.0],[103.0,-59.888888888888886],[102.0,-60.02777777777778],[101.5,-60.0],[101.0,-59.66666666666667],[100.72727272727272,-59.272727272727266],[100.25,-59.0],[100.125,-58.0],[100.83333333333334,-57.0],[100.125,-55.0],[100.33333333333334,-54.00000000000001],[100.22222222222223,-53.77777777777777],[99.58333333333334,-53.41666666666667],[99.0,-52.0],[99.0,-51.0],[99.66666666666667,-50.66666666666667],[100.0,-50.0],[99.42857142857143,-49.57142857142857],[99.14285714285714,-49.0],[99.66666666666666,-48.0],[99.90697674418604,-47.906976744186046],[100.0,-47.0],[100.63636363636364,-47.36363636363636],[101.0,-47.400000000000006],[101.61904761904762,-46.61904761904761],[103.0,-46.0],[103.55555555555556,-45.55555555555556],[104.0,-45.42857142857142],[105.0,-45.599999999999994],[106.0,-45.599999999999994],[109.0,-45.2],[109.66666666666669,-44.66666666666667],[110.33333333333334,-44.333333333333336],[110.75,-43.75],[111.28571428571428,-43.28571428571428],[111.5,-42.5],[112.0,-42.0],[112.88888888888889,-43.11111111111111],[113.11764705882354,-43.117647058823536],[113.52,-41.519999999999996],[114.07142857142857,-41.07142857142857],[114.30769230769232,-40.30769230769231],[114.6470588235294,-40.35294117647059],[115.14285714285714,-40.142857142857146],[115.51515151515152,-39.515151515151516],[116.0,-39.27272727272727],[117.0,-39.142857142857146],[118.0,-39.42857142857143],[119.0,-40.27272727272727],[120.33333333333334,-40.333333333333336],[121.0,-40.0],[120.52380952380952,-39.476190476190474],[120.375,-39.0],[120.54545454545455,-38.54545454545455],[121.10526315789474,-38.10526315789474],[121.5,-37.5],[122.0,-37.16666666666667],[122.99999999999999,-37.42857142857143],[124.0,-37.125],[124.5,-36.5],[125.0,-36.333333333333336],[125.5,-36.5],[126.0,-37.0],[127.0,-37.0],[127.66666666666669,-37.333333333333336],[128.0,-38.0],[127.4,-39.0],[127.5,-39.5],[128.60000000000002,-40.4],[129.0,-40.599999999999994],[130.0,-40.25],[131.4,-40.6],[132.6,-41.400000000000006],[132.66666666666669,-42.0],[133.0,-42.285714285714285],[135.25,-42.25],[136.0,-42.0],[136.2,-41.2],[136.6,-40.6],[137.0,-40.5],[137.4,-40.0],[137.26666666666665,-38.733333333333334],[136.4,-38.6],[136.0,-38.0],[136.0,-37.0],[135.60000000000002,-36.400000000000006],[135.33333333333334,-35.66666666666667],[135.25,-35.0],[135.625,-34.625],[136.0,-34.5],[136.33333333333334,-34.66666666666667],[136.5,-35.0],[136.25,-36.0],[136.68421052631578,-36.315789473684205],[137.0,-36.25],[137.46153846153848,-36.46153846153846],[137.6,-36.400000000000006],[137.52941176470588,-36.529411764705884],[137.8181818181818,-38.18181818181818],[138.0,-38.142857142857146],[138.3478260869565,-37.34782608695652],[138.8,-37.0],[138.71428571428572,-36.285714285714285],[138.33333333333334,-35.66666666666667],[138.0,-35.5],[137.75,-35.0],[138.0,-34.666666666666664],[138.44444444444443,-34.44444444444444],[138.66666666666666,-34.0],[138.44444444444443,-33.55555555555555],[138.0,-33.333333333333336],[137.75,-33.0],[138.0,-32.5],[138.33333333333334,-32.333333333333336],[138.5,-32.0],[138.25,-31.75],[138.4,-31.400000000000002],[138.33333333333334,-31.0],[138.13333333333333,-30.866666666666667],[136.91780821917808,-30.91780821917808],[136.4,-31.0],[136.0,-31.4],[134.5,-31.5],[134.0,-31.0],[132.57142857142858,-30.42857142857143],[132.4,-30.0],[131.8857142857143,-29.885714285714286],[130.0,-29.90909090909091],[129.0,-29.428571428571427],[128.625,-29.375],[128.0,-29.0],[128.5,-28.5],[129.15384615384616,-28.153846153846153],[129.71428571428572,-28.285714285714285],[131.0,-28.272727272727273],[132.0,-28.12],[132.29333333333335,-28.706666666666663],[132.63478260869564,-28.63478260869565],[135.0,-28.851351351351354],[136.0,-28.7],[137.2026666666667,-28.797333333333334],[138.04545454545456,-29.045454545454547]],[[143.66666666666669,-41.66666666666667],[144.0,-42.22222222222222],[145.0,-42.0],[144.60000000000002,-41.400000000000006],[144.0,-41.0],[143.66666666666669,-41.66666666666667]],[[141.0,-56.0],[141.5,-56.5],[141.5,-57.0],[142.0,-57.33333333333334],[142.28571428571428,-57.28571428571428],[142.33333333333334,-57.00000000000001],[142.0,-56.0],[141.0,-56.0]],[[145.0,-56.5],[144.0,-57.0],[144.0,-58.0],[144.60000000000002,-57.6],[145.0,-57.66666666666667],[145.44444444444443,-57.44444444444444],[145.5,-57.0],[145.30769230769232,-56.69230769230769],[145.0,-56.5]],[[136.0,-50.0],[135.36363636363637,-49.63636363636363],[134.60000000000002,-49.6],[134.33333333333334,-50.0],[134.5,-50.5],[135.0,-51.0],[134.4,-51.400000000000006],[134.0,-52.0],[134.4,-52.6],[135.0,-53.0],[135.60000000000002,-52.6],[136.5,-52.5],[137.0,-53.0],[137.0,-52.0],[137.5,-51.5],[137.66666666666669,-51.0],[137.0,-50.0],[136.0,-50.0]],[[136.88888888888889,-53.888888888888886],[137.0,-54.142857142857146],[137.33333333333334,-54.333333333333336],[137.66666666666669,-54.333333333333336],[137.6,-54.6],[137.75,-55.0],[138.0,-55.16666666666667],[138.33333333333334,-55.0],[138.52941176470588,-54.529411764705884],[139.0,-54.33333333333334],[139.22222222222223,-54.0],[139.0,-53.6],[138.4,-53.60000000000001],[137.6,-53.400000000000006],[137.0,-53.0],[136.88888888888889,-53.888888888888886]]],[[[81.60000000000001,-6.6000000000000005],[82.0,-6.5],[83.0,-7.0],[81.33333333333334,-7.0],[81.60000000000001,-6.6000000000000005]]],[[[108.45454545454544,1.4545454545454544],[108.71428571428572,1.0],[109.0,0.8333333333333334],[110.0,1.0],[110.4,1.6],[111.0,1.75],[111.46153846153847,1.4615384615384615],[111.75,0.75],[112.5,0.5],[113.0,0.0],[114.66666666666666,0.0],[114.71428571428572,0.2857142857142857],[115.0,0.5],[115.33333333333334,0.33333333333333337],[115.5,0.0],[116.90476190476191,-0.09523809523809523],[117.00000000000001,-0.3333333333333333],[117.13333333333334,-0.13333333333333336],[117.99999999999999,-0.08333333333333333],[118.33333333333334,-0.33333333333333337],[118.125,0.0],[118.53333333333335,0.4666666666666667],[119.0,0.6363636363636364],[119.42105263157893,0.5789473684210527],[119.33333333333334,1.0],[119.52941176470588,1.4705882352941175],[120.0,1.7272727272727273],[121.83333333333334,1.8333333333333333],[121.92307692307693,1.0],[121.0,0.6363636363636364],[119.54285714285714,0.45714285714285713],[119.46666666666667,0.0],[118.51612903225808,-0.5161290322580645],[118.42307692307692,-1.0],[118.07236842105263,-1.0723684210526316],[111.0,-1.144927536231884],[109.5,-1.0],[109.27777777777777,-0.7222222222222222],[109.0,-0.6666666666666667],[108.75,-1.0],[108.0,-1.103448275862069],[107.48275862068965,-1.0],[107.29787234042553,-0.7021276595744681],[106.99999999999999,-0.641025641025641],[106.73118279569891,-0.26881720430107525],[106.0,-0.1297709923664122],[104.0,-0.16129032258064513],[103.71098265895952,0.2890173410404624],[103.80165289256198,0.8016528925619835],[101.88888888888889,1.0],[101.82608695652173,1.8260869565217392],[101.6,2.0],[101.75,2.25],[102.26666666666667,2.2666666666666666],[102.9047619047619,1.9047619047619047],[103.16666666666667,2.0],[103.56521739130434,2.434782608695652],[104.0,2.625],[104.4,2.4],[104.55555555555556,2.0],[104.84905660377358,1.849056603773585],[105.7948717948718,1.794871794871795],[106.0,1.6363636363636362],[108.0,1.7142857142857144],[108.45454545454544,1.4545454545454544]]],[[[123.76,2.24],[123.875,2.0],[122.65289256198348,1.6528925619834711],[122.04545454545455,2.0],[122.27586206896552,2.724137931034483],[123.0,2.875],[123.24000000000001,2.76],[123.8095238095238,2.8095238095238093],[123.76,2.24]]],[[[105.92307692307692,10.923076923076923],[106.55555555555554,10.555555555555554],[106.83333333333334,10.0],[106.45454545454545,9.545454545454547],[105.8125,9.1875],[105.0,9.049999999999999],[104.26666666666667,9.266666666666666],[104.0,10.0],[104.0952380952381,10.904761904761905],[105.92307692307692,10.923076923076923]]],[[[121.35294117647058,10.647058823529411],[121.0,10.4],[120.93548387096774,10.064516129032258],[120.75,10.0],[120.85714285714286,9.857142857142858],[121.64705882352939,9.647058823529411],[121.8125,9.0],[121.72727272727272,8.727272727272727],[122.73333333333332,7.733333333333333],[122.76923076923077,7.0],[122.6,6.4],[122.0,6.23076923076923],[121.64705882352939,6.352941176470588],[121.22222222222223,6.222222222222222],[121.22222222222223,6.777777777777779],[121.0909090909091,7.0],[121.23529411764706,7.764705882352941],[121.5,8.0],[121.22222222222223,8.222222222222221],[120.5,8.0],[120.36363636363637,7.636363636363637],[120.0,7.5],[119.80000000000001,7.2],[118.875,7.125],[118.80952380952381,6.80952380952381],[119.42857142857143,6.428571428571429],[119.75,6.0],[119.46153846153848,5.538461538461539],[118.73333333333332,5.266666666666667],[118.0,4.333333333333334],[116.42857142857143,5.428571428571429],[115.53846153846155,5.538461538461539],[115.0,6.0],[114.60000000000001,6.6000000000000005],[114.5,7.0],[114.18181818181819,7.181818181818182],[114.0,7.5],[113.60000000000001,7.6],[113.0,8.0],[113.60000000000001,8.4],[114.0,8.5],[114.5,9.5],[115.23529411764706,9.764705882352942],[115.44444444444444,10.0],[116.0,12.0],[116.12903225806451,13.870967741935484],[116.36363636363636,14.0],[116.16326530612245,14.163265306122451],[116.08333333333333,15.0],[116.10714285714286,15.892857142857142],[116.36363636363637,16.636363636363637],[117.0,16.80952380952381],[117.82352941176471,16.823529411764707],[119.0,16.555555555555557],[119.18604651162792,14.813953488372093],[119.12844036697247,14.128440366972477],[119.80327868852459,13.80327868852459],[120.08759124087592,13.087591240875913],[121.0,13.0],[121.5,12.5],[121.5,11.0],[121.35294117647058,10.647058823529411]],[[116.20000000000002,7.000000000000001],[116.15384615384616,7.153846153846153],[115.75,7.0],[115.77777777777777,6.777777777777779],[116.0,6.75],[116.20000000000002,7.000000000000001]]],[[[107.8,19.200000000000003],[108.8,20.0],[109.0,20.5],[109.33333333333334,20.333333333333336],[110.0,20.25],[110.25,19.75],[110.0,19.75],[109.71428571428571,19.285714285714285],[109.76923076923077,19.0],[109.4,17.6],[109.0,17.333333333333336],[108.52,17.52],[107.76470588235294,18.764705882352942],[107.8,19.200000000000003]]],[[[112.0,19.0],[111.14814814814815,18.85185185185185],[110.6,19.0],[110.66666666666667,19.333333333333336],[111.33333333333334,19.333333333333336],[112.0,19.0]]],[[[113.0,21.0],[113.34782608695653,20.347826086956523],[113.0,19.46666666666667],[112.51515151515152,19.515151515151516],[112.20000000000002,20.0],[112.4,20.6],[113.0,21.0]]],[[[114.19047619047618,21.19047619047619],[114.13333333333333,21.0],[113.81818181818181,20.81818181818182],[113.0,21.0],[114.00000000000001,21.666666666666668],[114.19047619047618,21.19047619047619]]],[[[118.86666666666667,20.866666666666667],[119.00000000000001,21.900000000000002],[119.14876033057851,21.14876033057851],[119.0,20.830188679245285],[118.86666666666667,20.866666666666667]]],[[[120.0,22.636363636363637],[119.75,22.75],[119.97647058823529,24.023529411764706],[120.16666666666666,23.0],[120.0,22.636363636363637]]],[[[118.27272727272725,28.272727272727273],[118.27272727272728,28.0],[117.5,28.0],[117.625,28.375],[118.0,28.75],[118.27272727272725,28.272727272727273]]],[[[166.99999999999997,75.1111111111111],[166.22222222222223,75.22222222222223],[165.52380952380952,75.52380952380952],[165.375,76.0],[165.61538461538458,76.38461538461539],[167.0,76.66666666666667],[170.0,76.54545454545455],[173.0,76.77777777777779],[174.0,76.66666666666667],[176.0,76.77777777777779],[177.36363636363637,76.63636363636364],[178.0,76.8],[178.60000000000002,76.60000000000001],[178.8,76.0],[180.0,75.75],[180.0,72.66666666666667],[179.71428571428572,72.71428571428571],[179.1818181818182,73.18181818181819],[178.0,73.0],[178.0,72.0],[178.89473684210526,71.89473684210526],[178.94444444444443,71.0],[178.76,70.24],[178.0,70.0],[177.77777777777777,69.22222222222223],[177.35294117647058,69.35294117647058],[177.0,69.25],[176.0,69.375],[175.4,69.0],[175.0,68.33333333333334],[174.71428571428572,68.28571428571428],[174.0,68.375],[173.77777777777777,68.22222222222223],[172.93939393939394,68.06060606060606],[170.0,68.33333333333334],[169.0,68.27777777777777],[168.66666666666669,68.0],[168.5238095238095,67.52380952380952],[168.60000000000002,67.4],[168.46153846153848,67.46153846153847],[168.0,67.23076923076923],[167.4,67.4],[167.06060606060606,68.06060606060606],[166.83333333333334,68.16666666666666],[166.0,68.0],[165.75,67.25],[165.41666666666669,67.41666666666667],[165.0,67.33333333333334],[164.5121951219512,67.51219512195122],[164.16666666666669,68.0],[164.21052631578948,68.21052631578948],[163.625,68.625],[163.0,70.0],[162.0,69.2],[161.68,68.32000000000001],[161.0,68.14999999999999],[159.72413793103448,68.27586206896552],[159.17391304347825,67.82608695652173],[158.82608695652175,67.82608695652173],[158.3,68.30000000000001],[157.5,68.5],[157.20000000000002,69.0],[156.96363636363634,69.03636363636363],[156.85714285714286,69.0],[157.0,68.0],[156.5,67.5],[156.0,67.3],[155.61538461538458,66.38461538461537],[153.57142857142856,66.0],[153.4,65.60000000000001],[152.89473684210526,65.10526315789474],[152.28571428571428,65.28571428571428],[150.875,65.125],[150.44444444444443,64.55555555555554],[148.86111111111111,64.13888888888889],[148.6875,64.0],[148.68421052631578,63.315789473684205],[148.4,62.6],[147.76470588235293,62.23529411764706],[147.0,62.266666666666666],[146.52173913043478,62.52173913043479],[146.3125,63.0],[146.0,63.208333333333336],[143.99999999999997,63.05],[142.85714285714286,63.14285714285714],[142.5,63.0],[142.375,62.625],[142.0,62.25],[141.0,62.44444444444444],[140.0,62.27272727272727],[139.0,62.45454545454545],[138.0,62.26315789473685],[137.0,62.285714285714285],[136.5,62.5],[136.07142857142858,63.07142857142858],[135.6,63.0],[135.3,62.7],[135.0,62.625],[134.76190476190476,62.238095238095234],[134.6190476190476,61.38095238095238],[133.66666666666669,61.0],[133.38709677419354,60.61290322580645],[132.72222222222223,60.27777777777778],[131.85714285714286,60.142857142857146],[131.48275862068965,59.51724137931035],[130.825,59.175],[130.54545454545453,58.45454545454545],[130.0,58.15],[128.8507462686567,58.149253731343286],[128.73684210526318,58.00000000000001],[128.85507246376812,57.85507246376812],[128.8857142857143,56.885714285714286],[129.0,56.733333333333334],[129.3478260869565,56.65217391304348],[130.0,57.0],[130.0,56.0],[131.0,56.0],[131.5,55.5],[131.625,55.0],[132.33333333333334,54.66666666666667],[132.8,54.8],[132.58823529411765,54.411764705882355],[132.76190476190476,53.23809523809524],[132.73684210526318,52.0],[132.32142857142856,51.0],[132.41860465116278,50.581395348837205],[132.26666666666668,50.266666666666666],[132.8181818181818,50.18181818181818],[133.51898734177217,49.51898734177215],[134.23728813559322,49.23728813559322],[134.28,49.0],[134.23076923076923,48.0],[134.37142857142857,47.0],[134.27083333333334,46.72916666666667],[134.0,46.315789473684205],[133.0,46.8],[132.56043956043956,46.43956043956044],[132.45945945945945,46.0],[132.66101694915253,45.66101694915254],[133.53846153846155,45.53846153846154],[133.78,45.0],[133.65625,44.65625],[133.70833333333331,44.291666666666664],[132.96153846153845,43.96153846153847],[133.4,43.400000000000006],[133.4193548387097,43.0],[133.12264150943395,42.87735849056604],[133.0,42.6578947368421],[132.6578947368421,42.65789473684211],[131.38709677419354,43.38709677419355],[130.0,43.57575757575758],[129.59574468085106,43.404255319148945],[129.3768115942029,42.6231884057971],[128.6060606060606,42.60606060606061],[128.1875,43.0],[128.28571428571428,44.0],[129.0,45.0],[129.0909090909091,45.90909090909091],[129.56716417910448,45.56716417910448],[130.3625,45.637499999999996],[130.82857142857142,46.0],[131.0,46.54545454545455],[131.35714285714286,47.0],[131.25,47.25],[131.38095238095238,47.61904761904762],[131.33333333333334,48.0],[131.875,49.0],[131.92,49.92],[131.36363636363637,50.36363636363636],[131.0,50.368421052631575],[130.75,50.25],[130.17391304347825,48.826086956521735],[129.55263157894737,48.44736842105263],[129.29166666666666,48.0],[129.0,47.0],[128.46341463414635,46.53658536585366],[128.0,46.55813953488372],[127.60330578512396,46.396694214876035],[127.22608695652174,45.77391304347826],[126.3103448275862,45.689655172413794],[125.99999999999999,45.35714285714286],[125.65517241379311,45.3448275862069],[125.375,45.0],[125.41666666666666,44.0],[125.68181818181819,43.68181818181818],[126.0,43.53333333333333],[127.0,43.699999999999996],[127.4516129032258,43.45161290322581],[127.84615384615384,42.84615384615385],[127.89655172413794,42.0],[127.0,41.469387755102034],[126.4,41.400000000000006],[125.71428571428571,41.71428571428571],[125.5,42.0],[124.89473684210526,42.10526315789473],[124.9047619047619,40.904761904761905],[124.63934426229508,40.36065573770492],[124.60714285714286,40.0],[124.0,39.10526315789473],[123.17391304347825,39.17391304347826],[123.0,39.5],[122.63636363636363,39.63636363636363],[122.9090909090909,40.0],[122.91666666666666,40.91666666666667],[122.75,41.0],[123.0,41.16666666666667],[123.33333333333334,42.0],[123.33333333333334,42.333333333333336],[123.0,42.357142857142854],[122.0,42.36363636363636],[121.84313725490196,42.15686274509804],[120.93333333333334,42.0],[120.55000000000001,41.45],[119.5,40.5],[118.78947368421052,40.21052631578947],[118.66666666666667,39.0],[118.44444444444444,38.55555555555556],[118.0,38.333333333333336],[117.55555555555556,38.55555555555556],[117.14285714285715,39.0],[117.5,41.0],[117.26666666666667,41.266666666666666],[117.0,41.4],[115.99999999999999,41.42857142857143],[115.0,41.285714285714285],[114.52380952380952,41.52380952380952],[114.375,42.0],[114.12765957446808,42.12765957446808],[113.25,42.0],[112.65517241379311,41.344827586206904],[111.5,41.0],[111.34782608695653,40.652173913043484],[111.0,40.42857142857142],[110.55555555555554,40.55555555555556],[110.33333333333334,41.0],[110.1,41.1],[109.0,41.0],[108.95238095238095,40.047619047619044],[108.0,40.0],[107.875,39.0],[108.0,35.0],[109.0,35.0],[108.9090909090909,34.09090909090909],[109.0,33.75],[109.5,33.5],[109.75,33.0],[110.14285714285714,32.85714285714286],[112.0,33.0],[112.4,33.6],[113.0,33.833333333333336],[113.33333333333334,33.66666666666667],[113.66666666666667,33.66666666666667],[113.66666666666667,33.333333333333336],[114.0,32.85714285714286],[114.25,33.25],[114.25,33.75],[114.75,33.75],[115.0,33.875],[115.33333333333334,33.66666666666667],[115.66666666666669,33.66666666666667],[115.57142857142858,33.42857142857143],[115.77777777777777,32.77777777777778],[115.94444444444444,30.0],[115.90476190476191,29.095238095238095],[115.66666666666667,29.0],[116.78571428571428,28.785714285714285],[116.88461538461539,27.999999999999996],[116.74193548387098,27.258064516129032],[115.94444444444444,27.055555555555557],[115.63636363636363,26.0],[115.81818181818181,25.18181818181818],[115.85714285714286,23.857142857142854],[116.25,23.25],[116.1875,23.0],[115.86666666666667,22.866666666666667],[115.09756097560975,22.90243902439024],[115.0,22.333333333333336],[114.66666666666667,22.666666666666668],[114.66666666666666,23.0],[114.0,25.0],[113.55555555555556,24.444444444444443],[113.0,24.285714285714285],[112.0,24.285714285714285],[111.84,24.16],[111.66666666666667,24.0],[111.625,23.0],[111.41666666666667,22.583333333333332],[111.0,22.375],[110.52380952380952,22.523809523809522],[110.16666666666667,23.0],[110.2,24.000000000000004],[110.0,24.09090909090909],[109.875,23.875],[109.875,23.125],[109.5,23.0],[109.0,22.5],[108.4,21.6],[108.0,21.5],[107.63636363636364,21.636363636363637],[107.5,22.0],[107.0,22.333333333333336],[106.80000000000001,22.2],[106.66666666666667,22.0],[106.88888888888887,20.999999999999996],[106.4848484848485,20.515151515151516],[105.82352941176471,20.176470588235293],[105.76923076923077,20.0],[105.83333333333334,19.0],[105.72222222222223,18.72222222222222],[105.9,18.1],[105.21428571428572,18.214285714285715],[105.0,18.107142857142858],[104.0,18.4375],[103.3,18.0],[104.0,16.75],[105.0,16.733333333333334],[105.58333333333334,16.583333333333332],[106.0,16.285714285714285],[106.30769230769232,16.30769230769231],[106.66666666666667,16.0],[108.0,15.888888888888888],[108.27272727272727,15.727272727272727],[108.69230769230771,15.692307692307693],[108.63157894736844,15.36842105263158],[108.78125,14.78125],[109.0,14.461538461538462],[109.375,14.375],[110.0,13.666666666666668],[110.42857142857143,13.42857142857143],[110.6,13.0],[110.42857142857143,12.571428571428573],[110.0,12.333333333333332],[109.75,11.75],[109.75,11.25],[109.0,11.049999999999999],[108.08,11.08],[107.44444444444444,11.444444444444443],[107.0,12.0],[106.0,12.0],[105.5,11.5],[105.00000000000001,11.333333333333334],[104.55555555555556,11.555555555555555],[104.33333333333334,12.0],[104.0,12.200000000000001],[103.81818181818183,11.818181818181818],[103.81818181818183,11.181818181818182],[103.5,10.5],[103.0,10.333333333333334],[101.60000000000001,10.600000000000001],[101.4,11.0],[100.53846153846155,11.53846153846154],[100.33333333333334,12.0],[100.0,12.176470588235295],[99.0,12.299999999999999],[98.5,12.0],[98.68421052631578,11.684210526315788],[99.26666666666667,11.266666666666666],[99.875,10.0],[100.18181818181819,9.818181818181818],[100.81818181818181,9.818181818181818],[100.68421052631578,9.31578947368421],[100.82857142857142,8.82857142857143],[101.46666666666667,8.466666666666667],[101.63636363636363,8.0],[101.5,7.0],[101.57142857142857,6.571428571428572],[102.0,6.571428571428571],[102.4,6.4],[102.73333333333333,5.7333333333333325],[107.0,5.777777777777779],[107.5,5.5],[107.86206896551724,4.862068965517241],[108.0,4.0],[109.0,4.0],[108.60000000000001,3.4000000000000004],[108.66666666666667,3.0],[108.0,2.5],[107.0,2.75],[106.75,3.0],[106.22222222222223,3.2222222222222223],[106.0,3.75],[104.0,4.2727272727272725],[103.0,4.125],[102.46153846153848,4.461538461538462],[102.22222222222221,5.0],[102.26666666666667,5.266666666666667],[101.60000000000001,5.6000000000000005],[101.33333333333334,6.0],[101.4,6.4],[100.5,6.5],[99.42857142857143,7.428571428571429],[99.1,8.1],[98.2,8.2],[97.51515151515152,8.515151515151516],[97.11111111111111,9.11111111111111],[97.0,9.5],[96.6923076923077,9.307692307692308],[96.71428571428572,9.0],[96.4,8.600000000000001],[96.0,8.444444444444445],[95.5,8.5],[95.375,7.625],[95.0,7.25],[94.66666666666667,7.333333333333334],[94.66666666666667,7.0],[94.93333333333334,6.933333333333333],[95.4,6.4],[95.61538461538461,5.0],[95.1038961038961,4.896103896103896],[93.95652173913044,4.956521739130435],[93.6283185840708,5.628318584070797],[91.8676844783715,5.867684478371501],[91.44982698961938,6.449826989619377],[90.73333333333333,6.733333333333333],[89.0,6.88235294117647],[88.71929824561403,7.280701754385964],[88.6470588235294,7.647058823529411],[88.0,7.89344262295082],[86.45454545454545,8.0],[86.0,8.227272727272727],[85.68224299065422,8.682242990654206],[85.0,8.904761904761905],[84.1875,8.8125],[84.10714285714286,7.107142857142858],[84.84375,7.15625],[86.0,7.0],[85.2,6.800000000000001],[85.12765957446808,6.0],[85.24561403508773,5.245614035087719],[86.0,4.9],[86.24669603524228,3.246696035242291],[86.5090909090909,3.0],[86.51351351351352,2.5135135135135136],[87.0,2.2058823529411766],[87.08695652173914,1.9130434782608696],[87.0,1.4166666666666665],[86.61111111111111,1.6111111111111112],[86.41666666666666,2.0],[86.43478260869566,2.434782608695652],[86.0,2.1515151515151514],[84.26666666666667,2.2666666666666666],[83.52,2.52],[83.25,3.0],[81.21052631578948,3.2105263157894735],[80.55555555555556,3.444444444444444],[80.33333333333333,3.0],[80.6923076923077,2.6923076923076925],[81.52941176470588,2.5294117647058822],[82.0,2.2],[83.0,1.9000000000000001],[83.48648648648648,1.4864864864864866],[83.92857142857143,-0.07142857142857145],[84.60000000000001,-0.4],[84.84615384615384,-1.0],[85.0,-2.0],[84.0,-3.2],[83.47058823529412,-4.470588235294118],[83.0,-4.888888888888889],[82.0,-5.0],[81.52941176470588,-5.529411764705882],[81.0,-5.777777777777779],[80.0,-5.8181818181818175],[79.30434782608697,-6.304347826086957],[77.6875,-6.6875],[77.0,-7.0],[75.92207792207792,-7.077922077922078],[74.44776119402985,-7.447761194029851],[74.05095541401273,-8.050955414012739],[73.19354838709677,-8.193548387096774],[72.53846153846153,-8.538461538461538],[72.21052631578948,-9.0],[71.2,-9.0],[71.0,-8.875],[69.42105263157895,-9.421052631578947],[68.96296296296296,-10.0],[68.0,-10.553191489361701],[67.58823529411765,-10.588235294117647],[67.27586206896551,-11.0],[66.85185185185185,-12.851851851851851],[66.25641025641025,-13.256410256410255],[66.0,-13.833333333333334],[65.0,-15.0],[64.26086956521739,-15.26086956521739],[64.0,-15.5],[63.111111111111114,-14.888888888888888],[63.0,-14.0],[63.18181818181817,-12.999999999999998],[62.2,-12.000000000000002],[62.19512195121951,-11.195121951219512],[62.27272727272727,-9.0],[62.5,-7.0],[62.3,-5.999999999999999],[62.333333333333336,-5.0],[62.5,-4.5],[63.0,-4.0],[63.35294117647059,-3.352941176470588],[64.0,-3.0],[63.60000000000001,-2.4],[63.0,-2.25],[62.0,-2.428571428571429],[61.72727272727272,-2.2727272727272725],[61.625,-2.0],[61.57142857142857,-1.0],[61.75,0.0],[61.26086956521739,0.2608695652173913],[61.0,0.23076923076923078],[60.64285714285714,1.0],[60.62264150943397,1.3773584905660379],[60.85714285714286,2.0],[60.60000000000001,2.6],[60.0,2.8571428571428568],[59.763440860215056,5.236559139784946],[60.33333333333334,7.0],[60.400000000000006,8.4],[60.0,8.285714285714285],[59.932432432432435,9.0],[60.142857142857146,9.142857142857142],[60.55555555555556,9.0],[60.55555555555555,8.555555555555555],[61.0,8.428571428571429],[62.0,9.0],[61.857142857142854,9.857142857142858],[62.0,10.2],[62.5,10.0],[62.66666666666667,9.666666666666668],[63.00000000000001,9.666666666666668],[64.0,10.4],[64.23529411764706,10.235294117647058],[64.56521739130434,9.565217391304348],[65.0,9.444444444444445],[65.45454545454545,9.545454545454547],[66.0,9.714285714285715],[66.86666666666667,11.133333333333333],[68.0,11.125],[68.70588235294117,10.705882352941178],[68.84905660377359,9.849056603773585],[69.6,9.600000000000001],[70.0,8.4],[70.25,8.25],[70.625,7.625],[71.0,7.5],[72.0,7.571428571428571],[73.0,8.285714285714285],[73.25,8.75],[73.08,9.92],[73.66666666666667,10.333333333333334],[76.0,11.0],[77.0,10.6],[77.11320754716981,10.11320754716981],[78.88571428571429,10.114285714285714],[79.0,10.666666666666668],[79.3157894736842,10.684210526315788],[79.42857142857142,11.0],[79.0,11.125],[78.70212765957446,11.702127659574467],[78.0,11.871287128712872],[77.19642857142857,11.803571428571427],[77.0,11.266666666666666],[76.63934426229508,11.639344262295081],[76.68571428571428,12.0],[76.40677966101696,12.406779661016952],[75.888,12.888000000000002],[75.2130177514793,12.78698224852071],[72.35714285714285,13.0],[72.0,13.357142857142856],[71.856,13.856],[70.0,14.0],[69.87155963302752,14.871559633027523],[68.45454545454545,15.0],[68.3125,15.3125],[68.0,15.555555555555555],[67.92233009708738,15.922330097087379],[67.2,16.0],[66.0,16.454545454545453],[65.89655172413794,16.89655172413793],[64.83783783783784,17.16216216216216],[64.0,16.989583333333336],[63.87155963302752,17.871559633027523],[63.0,18.0],[62.6,18.6],[61.94244604316547,18.942446043165468],[61.0,19.047619047619047],[59.90344827586207,19.90344827586207],[58.99999999999999,20.083333333333332],[58.69444444444444,20.694444444444443],[57.917808219178085,20.91780821917808],[57.59633027522936,21.59633027522936],[56.90344827586207,21.90344827586207],[56.61764705882353,22.61764705882353],[55.95454545454545,22.954545454545457],[55.881188118811885,23.881188118811885],[55.086021505376344,23.913978494623656],[54.90588235294118,24.094117647058823],[55.0,24.5],[56.0,24.6],[57.0,24.42857142857143],[57.272727272727266,24.272727272727273],[57.375,24.0],[58.52380952380952,23.523809523809522],[58.96491228070175,22.964912280701753],[59.74358974358974,22.74358974358974],[60.3448275862069,22.344827586206897],[61.0,21.6],[62.0,21.857142857142858],[63.0,20.833333333333332],[63.16326530612245,20.836734693877553],[64.0,21.5],[64.64285714285714,21.0],[64.73684210526316,20.736842105263158],[65.0,20.545454545454543],[66.0,20.45],[66.64285714285714,20.0],[67.54545454545453,19.0],[68.0,18.75],[68.65413533834587,19.345864661654133],[69.2948717948718,19.294871794871796],[69.71875,19.0],[69.76923076923076,18.0],[69.9047619047619,17.904761904761905],[70.12,17.88],[70.672131147541,18.32786885245902],[71.0,18.344827586206897],[71.83333333333333,18.0],[72.0,17.77777777777778],[72.5072463768116,17.507246376811594],[73.0,17.433333333333334],[74.0,17.023809523809526],[75.86363636363636,16.863636363636363],[76.0,16.75],[76.42857142857142,17.0],[76.27272727272728,17.272727272727273],[76.0,17.375],[75.84375,17.84375],[75.80952380952381,18.80952380952381],[75.45454545454545,19.0],[75.28571428571428,19.285714285714285],[74.56521739130434,19.565217391304348],[74.0,20.333333333333336],[73.0,21.0],[72.3,21.3],[71.33333333333334,21.333333333333336],[71.0,21.666666666666668],[70.77777777777777,21.22222222222222],[70.875,21.0],[70.3010752688172,20.698924731182792],[70.0,20.695652173913043],[69.26315789473685,21.0],[69.4,21.6],[70.0,21.823529411764707],[70.27272727272727,21.727272727272727],[70.75,22.0],[70.27272727272727,22.272727272727273],[69.0,22.25],[68.53846153846155,22.53846153846154],[68.3076923076923,23.0],[68.125,24.0],[68.2,24.8],[68.5,25.0],[68.0,25.5],[67.0,25.0],[66.4,25.400000000000002],[66.0,26.0],[65.0,26.333333333333336],[64.5,27.0],[64.19047619047619,27.19047619047619],[63.69230769230769,27.307692307692307],[63.22222222222222,27.22222222222222],[63.22222222222222,27.77777777777778],[63.086956521739125,28.08695652173913],[62.52941176470588,28.529411764705884],[62.222222222222214,29.22222222222222],[62.26086956521739,30.73913043478261],[62.55555555555555,31.444444444444443],[63.00000000000001,31.666666666666668],[64.15384615384616,31.846153846153847],[64.57894736842104,32.421052631578945],[65.24000000000001,32.76],[65.57575757575758,33.42424242424242],[66.0,33.63636363636364],[67.42105263157895,33.421052631578945],[68.0,33.2],[68.5,33.5],[68.86666666666666,34.13333333333333],[69.42857142857143,34.57142857142857],[70.25,34.75],[70.6,35.0],[71.0,35.66666666666667],[71.03076923076924,36.03076923076923],[70.4,36.400000000000006],[70.12698412698413,37.12698412698413],[69.30303030303031,37.3030303030303],[68.8,38.0],[69.0,38.5],[69.02739726027397,39.02739726027397],[67.84810126582278,39.151898734177216],[67.33333333333333,39.0],[67.26086956521739,38.73913043478261],[67.0,38.57142857142857],[64.65217391304348,38.347826086956516],[62.444444444444436,37.55555555555555],[61.55555555555555,37.55555555555555],[61.0,37.75],[60.68421052631579,37.315789473684205],[60.0,37.0],[60.72727272727273,36.72727272727272],[61.22222222222223,36.22222222222222],[61.22222222222223,35.77777777777778],[60.63636363636364,35.36363636363637],[59.99999999999999,35.214285714285715],[59.434782608695656,35.434782608695656],[59.0,36.0],[58.0,34.833333333333336],[57.5,35.0],[57.0,35.5],[56.77777777777778,35.22222222222222],[56.0,35.142857142857146],[54.0,35.30769230769231],[53.0,35.588235294117645],[52.0,35.5625],[50.5929203539823,35.4070796460177],[50.0,35.05555555555556],[49.37037037037037,35.37037037037037],[49.19047619047619,36.0],[51.41791044776119,36.417910447761194],[51.72,36.28],[51.9672131147541,37.0],[52.0,38.0],[51.13888888888889,37.861111111111114],[47.5,38.0],[48.125,38.875],[48.111111111111114,39.11111111111111],[47.55555555555556,39.55555555555555],[47.22222222222222,40.22222222222222],[46.5,40.5],[46.16666666666667,41.00000000000001],[46.5,41.5],[47.11764705882353,41.88235294117647],[47.46153846153846,42.53846153846154],[48.0,42.85714285714286],[49.0,42.57142857142857],[50.0,43.0],[50.0,44.0],[49.5,44.5],[49.23529411764706,45.23529411764706],[48.400000000000006,45.4],[47.5,46.5],[47.333333333333336,47.0],[47.0,47.2],[46.25,47.25],[45.55555555555556,47.55555555555556],[45.333333333333336,48.0],[45.400000000000006,49.0],[45.25,49.25],[44.6,49.400000000000006],[43.44444444444444,48.55555555555555],[43.0,48.5],[42.55555555555556,48.55555555555555],[42.333333333333336,49.0],[42.4,49.400000000000006],[42.0,49.333333333333336],[41.84615384615385,49.15384615384615],[41.23529411764706,49.23529411764706],[40.5,49.0],[40.6,48.60000000000001],[41.0,48.0],[40.6,47.4],[40.0,47.0],[39.77777777777777,46.22222222222222],[39.400000000000006,45.6],[39.0,45.5],[38.5,45.0],[39.0,44.5],[39.400000000000006,44.400000000000006],[39.66666666666667,44.0],[40.0,43.0],[39.714285714285715,42.0],[40.0,41.6],[40.4,41.400000000000006],[40.5,41.0],[41.0,40.72727272727273],[42.0,40.785714285714285],[42.57142857142857,40.57142857142857],[42.785714285714285,40.0],[43.15,39.85],[43.9375,39.9375],[43.904761904761905,38.904761904761905],[44.22222222222222,38.77777777777778],[44.89473684210526,38.89473684210526],[44.77777777777777,38.22222222222222],[44.88,38.0],[44.20754716981132,37.79245283018868],[43.120000000000005,38.0],[43.095238095238095,38.095238095238095],[42.14492753623188,38.14492753623188],[40.68807339449542,38.68807339449542],[39.700934579439256,38.700934579439256],[38.0,39.0625],[35.81818181818182,40.0],[34.77981651376147,40.77981651376147],[33.94444444444444,41.0],[34.11764705882353,41.88235294117647],[35.0,42.0],[34.6,42.6],[34.5,43.0],[35.0,43.5],[35.333333333333336,43.66666666666667],[36.0,43.75],[36.333333333333336,43.66666666666667],[37.0,44.0],[36.333333333333336,44.333333333333336],[36.0,44.25],[35.400000000000006,44.400000000000006],[35.0,45.0],[34.66666666666667,44.333333333333336],[34.44444444444444,44.444444444444436],[33.714285714285715,44.285714285714285],[33.42857142857143,44.0],[33.35294117647059,43.647058823529406],[32.0,43.333333333333336],[30.555555555555554,43.55555555555555],[30.2,44.0],[30.0,45.0],[29.333333333333336,43.66666666666667],[29.0,43.5],[28.6,43.60000000000001],[28.0,44.0],[27.0,44.0],[26.470588235294116,43.52941176470588],[25.789473684210527,43.21052631578947],[25.6,43.0],[25.5,42.5],[25.0,42.0],[24.625,41.375],[24.357142857142858,40.0],[24.12345679012346,39.876543209876544],[24.0,39.5],[23.743589743589745,39.256410256410255],[23.928571428571427,38.0],[23.320987654320987,37.67901234567901],[22.0,37.91],[21.0,37.896907216494846],[20.807692307692307,38.19230769230769],[20.82,38.82],[20.0,38.96629213483146],[18.958477508650518,38.95847750865052],[18.866666666666667,39.13333333333333],[19.0,40.0],[18.285714285714285,39.71428571428571],[17.083333333333332,40.0],[16.939393939393938,40.93939393939394],[16.0,41.0],[15.978260869565217,41.97826086956522],[8.192592592592593,41.80740740740741],[8.0,41.480000000000004],[7.619047619047619,41.38095238095238],[7.333333333333333,41.0],[6.127659574468085,40.87234042553192],[6.0,40.7],[5.636363636363637,40.63636363636364],[5.285714285714286,40.71428571428571],[4.333333333333334,40.0],[3.0,39.509803921568626],[2.0,39.375],[1.872340425531915,39.12765957446808],[0.22535211267605632,38.774647887323944],[-0.46835443037974683,38.46835443037975],[-0.8025751072961373,37.802575107296136],[-1.537190082644628,37.53719008264463],[-1.9285714285714286,37.0],[-2.1842105263157894,36.184210526315795],[-2.127659574468085,35.12765957446808],[-2.3125,34.0],[-2.5686274509803924,33.568627450980394],[-3.121212121212121,33.121212121212125],[-3.4615384615384617,32.46153846153846],[-4.0,32.13636363636364],[-5.0,32.029411764705884],[-6.925925925925926,32.074074074074076],[-7.800000000000001,33.0],[-8.826086956521738,33.17391304347826],[-9.0,33.333333333333336],[-10.0,33.25],[-10.106194690265486,34.10619469026548],[-10.0,34.75],[-9.818181818181818,34.81818181818182],[-9.75,35.0],[-9.866666666666667,35.13333333333333],[-9.95,35.99999999999999],[-9.772727272727272,37.0],[-10.0,37.357142857142854],[-10.134328358208954,38.0],[-10.127906976744185,39.0],[-10.0,39.34375],[-9.0,39.590909090909086],[-8.617647058823529,39.382352941176464],[-7.395604395604395,39.395604395604394],[-6.0,39.88888888888889],[-5.078431372549019,39.92156862745098],[-4.0,39.416666666666664],[-3.2222222222222223,40.0],[-3.2222222222222223,40.22222222222222],[-2.8181818181818183,40.81818181818182],[-2.6923076923076925,41.69230769230769],[-2.7333333333333334,42.266666666666666],[-3.666666666666667,43.0],[-4.0,44.0],[-3.3333333333333335,45.333333333333336],[-2.5714285714285716,45.57142857142857],[-1.4000000000000001,45.6],[-1.0,45.0],[-0.6666666666666667,46.0],[-0.3076923076923077,46.30769230769231],[2.0869565217391304,46.913043478260875],[3.1666666666666665,47.00000000000001],[3.7142857142857144,48.28571428571428],[4.0,48.5],[7.0,49.0],[6.4,49.400000000000006],[5.333333333333334,51.00000000000001],[5.636363636363637,51.36363636363636],[6.307692307692308,51.69230769230769],[6.6000000000000005,52.4],[7.363636363636364,52.63636363636363],[8.0,53.0],[8.333333333333334,54.333333333333336],[8.0,55.0],[7.0,55.42857142857143],[6.375,55.375],[5.0,55.0],[4.578947368421052,54.421052631578945],[4.0,54.230769230769226],[3.0,54.5],[2.6923076923076925,54.69230769230769],[2.375,56.0],[2.2222222222222223,56.22222222222223],[2.066666666666667,57.0],[2.142857142857143,58.0],[3.1395348837209305,58.86046511627907],[4.109589041095891,58.890410958904106],[5.0,59.41666666666667],[6.0,59.58333333333333],[6.222222222222222,59.77777777777778],[6.550000000000001,60.45],[7.428571428571429,61.0],[7.6521739130434785,61.347826086956516],[8.0,61.57142857142857],[8.545454545454545,62.45454545454545],[9.140350877192983,62.859649122807014],[9.38095238095238,63.38095238095238],[9.0,64.0],[9.600000000000001,63.60000000000001],[11.0,64.0],[11.256410256410255,64.74358974358974],[11.714285714285714,65.0],[12.26086956521739,65.73913043478261],[13.5,66.0],[14.0,66.28571428571429],[15.0,66.28571428571429],[15.416666666666668,66.58333333333334],[16.0,66.73333333333335],[17.0,66.66666666666667],[18.0,67.36363636363636],[19.200000000000003,67.19999999999999],[20.0,66.77777777777779],[21.095238095238095,66.90476190476191],[21.588235294117645,67.41176470588235],[22.0,67.5],[22.333333333333336,67.33333333333334],[22.583333333333332,67.0],[22.642857142857146,66.64285714285714],[23.0,66.28571428571429],[23.666666666666664,66.0],[24.0,65.66666666666667],[24.2,65.80000000000001],[25.0,65.85714285714286],[26.0,65.5],[29.48,65.47999999999999],[30.285714285714285,65.28571428571428],[30.71428571428571,64.71428571428571],[32.0,64.58333333333333],[32.41176470588235,64.41176470588235],[32.699999999999996,64.0],[32.48275862068966,63.51724137931034],[31.416666666666664,62.583333333333336],[31.0,62.44444444444444],[30.0,62.42857142857142],[28.684210526315788,62.68421052631579],[28.18181818181818,63.18181818181819],[27.0,63.5],[26.0,63.0],[27.5,61.5],[28.0,60.66666666666667],[30.0,61.0],[30.57894736842105,61.421052631578945],[32.470588235294116,61.529411764705884],[32.733333333333334,62.266666666666666],[33.470588235294116,62.52941176470588],[34.0,63.0],[34.5,62.5],[34.6,62.0],[34.5,61.5],[33.0,61.0],[33.66666666666667,60.66666666666667],[33.800000000000004,60.0],[34.0,59.85714285714286],[34.25,60.0],[34.400000000000006,60.60000000000001],[35.0,61.0],[36.0,61.0],[36.25,62.25],[35.5,63.0],[36.0,63.333333333333336],[36.333333333333336,63.333333333333336],[37.0,63.0],[39.0,63.0],[39.0,64.0],[40.0,64.66666666666667],[41.28571428571428,64.71428571428571],[41.66666666666667,65.0],[42.0,65.5],[42.333333333333336,65.33333333333334],[42.66666666666667,64.66666666666667],[42.75,64.0],[42.66666666666667,63.333333333333336],[42.5,63.0],[43.0,62.800000000000004],[43.2,63.00000000000001],[43.333333333333336,64.66666666666667],[44.0,65.0],[44.400000000000006,65.60000000000001],[45.0,66.0],[47.0,66.0],[47.0,65.0],[48.0,65.0],[48.0,66.0],[49.0,66.0],[49.400000000000006,66.60000000000001],[49.2,67.0],[49.74193548387097,67.25806451612902],[51.0,67.46153846153845],[52.33333333333334,67.33333333333334],[53.00000000000001,66.8],[54.00000000000001,67.66666666666667],[54.400000000000006,67.6],[55.0,68.0],[55.0,67.0],[55.75,66.75],[56.0,66.4],[57.46153846153847,66.46153846153847],[58.0,66.0],[57.5,65.5],[56.63636363636364,65.36363636363637],[56.0,65.0],[55.760000000000005,64.24],[54.8,64.0],[54.66666666666667,63.00000000000001],[54.75,62.0],[54.6,61.400000000000006],[54.0,61.0],[55.0,60.66666666666667],[55.2,60.800000000000004],[55.55555555555555,61.44444444444444],[56.22222222222223,61.77777777777777],[57.0,62.0],[58.0,61.5],[58.36363636363636,61.63636363636363],[59.22222222222222,62.77777777777777],[59.5,63.5],[61.0,63.75],[61.42857142857143,63.42857142857143],[61.71428571428571,62.714285714285715],[62.0,62.599999999999994],[63.285714285714285,62.714285714285715],[64.0,63.0],[64.33333333333334,63.66666666666667],[64.44444444444444,64.44444444444444],[64.0,65.0],[66.0,65.0],[65.66666666666667,64.33333333333334],[66.0,63.5],[66.4,63.400000000000006],[67.0,63.0],[67.77777777777777,62.77777777777777],[68.28571428571428,62.714285714285715],[69.0,63.0],[71.0,63.0],[71.0,64.0],[72.44444444444444,64.55555555555554],[73.0,65.0],[72.5,65.5],[72.25,66.0],[72.5,66.5],[73.36363636363636,66.63636363636364],[74.0,67.0],[73.5,67.5],[73.33333333333334,68.0],[73.4,68.4],[73.0,69.0],[73.0,70.0],[74.0,70.5],[74.5,70.5],[75.0,70.0],[75.0,71.0],[78.0,71.0],[78.25,72.0],[78.57142857142858,72.42857142857143],[79.0,72.6],[79.4,72.4],[79.63636363636364,71.63636363636363],[80.0,71.0],[80.92592592592592,70.92592592592592],[81.0,70.80000000000001],[81.08695652173914,70.91304347826087],[84.0,71.0],[83.4,71.4],[82.6,71.60000000000001],[82.0,72.0],[83.0,73.0],[83.6,72.6],[85.0,72.0],[85.85714285714286,71.85714285714286],[88.0,71.89999999999999],[88.22222222222223,72.22222222222223],[88.22222222222223,72.77777777777777],[88.69230769230771,72.69230769230771],[90.0,73.0],[90.4,73.60000000000001],[91.0,73.625],[92.0,73.9],[94.77777777777777,73.77777777777777],[95.5,73.0],[96.08333333333333,72.91666666666667],[96.33333333333333,73.0],[96.60000000000001,73.4],[97.15384615384615,73.84615384615384],[98.0,74.0],[99.46153846153847,73.46153846153847],[99.73333333333332,72.73333333333333],[100.0,72.66666666666667],[102.0,72.71428571428572],[102.5,73.0],[102.63636363636364,73.36363636363636],[103.0,73.5],[103.4,73.4],[103.5,73.0],[104.0,72.75],[104.22222222222223,72.77777777777777],[104.5,73.5],[105.28571428571428,73.71428571428571],[105.66666666666667,74.33333333333334],[107.0,74.75],[108.0,74.8],[108.47058823529412,74.47058823529412],[108.66666666666667,74.0],[109.0,73.80000000000001],[109.33333333333334,74.0],[109.52941176470588,74.47058823529412],[110.15384615384615,74.84615384615384],[112.85714285714286,74.85714285714286],[114.0,74.71428571428571],[114.47619047619047,74.47619047619047],[114.88888888888889,73.88888888888889],[115.89473684210526,73.89473684210526],[117.37037037037037,73.62962962962962],[119.0,73.75],[119.46153846153848,73.46153846153847],[119.6,73.0],[120.0,72.71428571428572],[120.5,73.0],[120.60000000000001,73.4],[121.18181818181819,73.81818181818181],[124.0,73.85714285714286],[124.80000000000001,73.8],[125.0,73.66666666666667],[127.0909090909091,73.9090909090909],[130.0,74.0],[132.6923076923077,73.6923076923077],[133.77777777777777,73.77777777777777],[134.33333333333334,73.66666666666667],[135.0,74.0],[135.60000000000002,73.60000000000001],[136.4,73.60000000000001],[137.0,74.0],[137.0,73.0],[137.66666666666669,72.66666666666667],[138.13333333333333,72.86666666666667],[138.5,73.5],[140.0,74.0],[140.5,74.5],[141.0,74.57142857142857],[141.5,74.5],[142.0,74.0],[142.0,73.0],[141.4,73.4],[140.78947368421052,73.21052631578948],[140.8181818181818,72.81818181818181],[141.0,72.6],[141.5,72.5],[142.0,71.75],[142.66666666666669,71.66666666666667],[143.33333333333334,71.33333333333334],[143.33333333333334,70.66666666666667],[143.0,70.0],[143.0,69.0],[143.5,69.5],[144.0,69.5],[144.26666666666665,70.73333333333333],[145.0,71.0],[146.0,70.875],[146.22222222222223,71.22222222222221],[146.0,72.0],[146.77777777777777,71.77777777777777],[147.0,71.875],[148.0,71.75],[149.28571428571428,72.0],[149.0,73.0],[149.2,74.0],[149.52941176470588,74.47058823529412],[150.0,74.8],[150.66666666666669,74.66666666666667],[151.0,74.0],[151.25,74.75],[152.0,75.0],[154.0,74.85714285714286],[154.61904761904762,75.38095238095238],[155.36363636363637,75.63636363636364],[155.36363636363637,76.0],[155.54838709677418,76.45161290322581],[156.0,76.7],[156.4375,76.4375],[156.63636363636363,76.0],[156.63636363636363,75.63636363636364],[158.0,75.33333333333334],[159.0,75.54545454545453],[160.0,75.5],[160.99999999999997,75.91666666666666],[163.66666666666669,75.66666666666667],[164.42105263157893,75.42105263157895],[164.94594594594594,74.94594594594594],[167.0,74.94444444444444],[166.99999999999997,75.1111111111111]],[[95.52380952380952,9.476190476190476],[96.0,10.0],[93.86666666666666,10.133333333333333],[93.5,10.0],[93.28571428571428,9.714285714285714],[93.0,9.666666666666666],[92.77777777777777,9.222222222222221],[92.33333333333333,9.0],[92.87096774193549,8.870967741935484],[93.0,8.666666666666668],[93.47058823529412,8.470588235294118],[94.0,7.5],[94.4,7.6],[94.4,8.0],[94.625,8.375],[95.5,8.5],[95.52380952380952,9.476190476190476]],[[53.0,39.0],[53.0,40.0],[52.0,41.0],[51.6,40.4],[51.00000000000001,40.333333333333336],[50.599999999999994,40.0],[51.44444444444444,39.55555555555555],[51.6,39.6],[51.55555555555556,39.44444444444444],[52.0,38.0],[53.0,39.0]],[[51.00000000000001,42.66666666666667],[51.4,43.0],[51.21052631578947,43.21052631578947],[50.63636363636363,43.36363636363636],[50.0,43.0],[51.00000000000001,42.66666666666667]],[[25.0,63.33333333333334],[24.6,63.0],[25.0,62.66666666666667],[26.0,63.0],[25.0,63.33333333333334]],[[46.71428571428571,64.28571428571428],[46.75,63.75],[47.0,63.5],[47.25,63.75],[47.4,64.4],[47.0,65.0],[46.71428571428571,64.28571428571428]],[[50.0,65.5],[50.25,65.75],[50.285714285714285,66.0],[50.0,66.33333333333334],[49.55555555555556,66.44444444444444],[49.0,66.0],[50.0,65.5]],[[52.55555555555555,61.55555555555555],[52.333333333333336,62.0],[52.13333333333334,62.13333333333333],[51.0,62.0],[51.5,61.5],[51.77777777777778,60.77777777777778],[51.75,60.0],[52.0,59.71428571428572],[53.0,60.0],[53.400000000000006,60.60000000000001],[54.0,61.0],[52.55555555555555,61.55555555555555]],[[136.5,72.5],[135.66666666666669,72.33333333333334],[135.33333333333334,71.66666666666667],[135.0,71.66666666666667],[134.7142857142857,71.28571428571428],[134.75,71.0],[137.0,71.0],[137.33333333333334,72.33333333333334],[137.0,73.0],[136.5,72.5]],[[142.4,70.4],[142.0,70.4],[141.0,70.0],[141.9,69.89999999999999],[142.0,69.66666666666667],[142.4,69.6],[143.0,70.0],[142.4,70.4]],[[42.5,50.0],[42.55555555555556,49.55555555555556],[43.5,49.5],[44.0,49.0],[44.0,50.0],[43.0,50.5],[42.5,50.0]],[[76.0,68.66666666666667],[76.04545454545455,69.04545454545455],[75.81818181818181,69.18181818181819],[75.0,69.0],[75.86666666666666,68.86666666666666],[76.0,68.66666666666667]],[[56.0,44.0],[55.0,45.0],[54.5,44.5],[54.00000000000001,44.333333333333336],[53.66666666666667,44.0],[53.63636363636364,43.63636363636364],[54.0,43.0],[54.0,41.0],[55.0,41.0],[55.0,42.0],[56.0,42.0],[56.0,44.0]],[[37.0,43.0],[38.1,42.9],[38.15384615384615,43.15384615384615],[37.71428571428571,43.28571428571428],[37.0,43.0]],[[10.266666666666666,55.266666666666666],[9.0,55.0],[9.75,54.75],[10.222222222222221,54.77777777777778],[11.0,55.0],[10.266666666666666,55.266666666666666]],[[156.20000000000002,75.0],[156.2,75.2],[155.8,75.2],[155.8,75.0],[155.92307692307693,74.92307692307692],[156.20000000000002,75.0]],[[173.0,73.28571428571429],[172.0,73.14285714285715],[171.75,73.0],[171.71428571428572,72.71428571428571],[172.0,72.5],[173.0,72.5],[173.28571428571428,73.0],[173.0,73.28571428571429]],[[174.91304347826087,73.08695652173913],[174.83333333333334,73.0],[175.0,72.5],[175.2,73.0],[174.91304347826087,73.08695652173913]],[[110.0,31.0],[109.80952380952382,30.19047619047619],[109.80000000000001,28.799999999999997],[110.0,28.75],[110.5,29.0],[110.60000000000001,29.400000000000002],[111.0,30.0],[112.0,30.0],[112.0,31.0],[111.10526315789474,31.105263157894736],[111.00000000000001,31.333333333333336],[110.85714285714286,31.142857142857142],[110.0,31.0]],[[115.0,28.6],[114.88888888888889,27.88888888888889],[115.13636363636364,27.863636363636363],[115.18181818181819,28.18181818181818],[115.0,28.6]],[[61.83333333333333,2.166666666666667],[61.5,2.0],[62.0,1.75],[62.5,2.0],[61.83333333333333,2.166666666666667]],[[64.84,4.84],[65.0,4.75],[65.16,4.84],[65.25,5.0],[65.17391304347825,5.173913043478262],[65.0,5.285714285714286],[64.84,5.16],[64.84,4.84]],[[65.89473684210526,8.105263157894736],[66.0,7.857142857142858],[66.33333333333334,8.0],[66.0,8.166666666666668],[65.89473684210526,8.105263157894736]],[[68.27272727272727,7.0],[68.17647058823529,7.1764705882352935],[68.0,8.200000000000001],[67.66666666666667,8.0],[67.77777777777777,7.777777777777778],[67.6470588235294,7.352941176470589],[67.69999999999999,7.0],[68.0,6.666666666666667],[68.27272727272727,7.0]],[[75.62962962962962,5.629629629629629],[76.0,5.5],[76.41666666666667,5.583333333333334],[76.55555555555556,6.0],[75.79591836734693,6.204081632653061],[75.375,6.0],[75.62962962962962,5.629629629629629]],[[77.0,5.0],[78.0,4.5],[78.33333333333334,5.0],[77.80645161290323,5.193548387096774],[77.0,5.0]],[[12.0,49.0],[12.222222222222221,50.22222222222222],[12.0,50.5],[11.666666666666668,50.333333333333336],[10.777777777777779,50.22222222222222],[10.75,50.0],[10.777777777777779,49.77777777777778],[11.600000000000001,49.6],[12.0,49.0]],[[14.0,57.0],[14.0,56.0],[14.600000000000001,56.400000000000006],[15.0,56.33333333333333],[15.444444444444443,56.55555555555556],[15.666666666666668,57.0],[15.4,57.4],[14.666666666666668,57.333333333333336],[14.0,57.0]],[[12.6,54.400000000000006],[12.5,54.0],[12.692307692307693,53.69230769230769],[13.0,53.6],[13.266666666666666,53.733333333333334],[13.4,54.0],[13.363636363636363,54.36363636363637],[13.0,55.0],[12.6,54.400000000000006]],[[19.333333333333336,62.0],[19.0,62.333333333333336],[18.0,62.4],[17.0,62.0],[16.0,62.285714285714285],[15.833333333333332,61.83333333333333],[15.846153846153847,60.15384615384616],[15.600000000000001,59.6],[15.0,59.0],[16.0,58.0],[17.0,59.0],[17.0,60.0],[18.333333333333336,60.66666666666667],[20.0,61.0],[19.400000000000002,61.400000000000006],[19.333333333333336,62.0]],[[23.0,56.33333333333333],[23.666666666666668,57.0],[23.363636363636363,57.36363636363637],[23.0,57.5],[22.692307692307693,57.30769230769231],[22.6,56.6],[23.0,56.33333333333333]],[[27.0,56.0],[27.4,56.6],[27.555555555555554,56.55555555555556],[28.200000000000003,56.8],[28.235294117647058,57.23529411764706],[27.0,57.166666666666664],[26.285714285714285,57.28571428571428],[26.0,58.0],[24.857142857142858,58.14285714285714],[24.666666666666668,58.0],[24.333333333333336,57.0],[24.555555555555554,56.55555555555556],[24.666666666666668,55.66666666666667],[25.0,55.0],[25.6,54.6],[26.0,54.0],[26.22222222222222,55.22222222222222],[25.66666666666667,55.66666666666667],[25.75,56.25],[26.0,56.5],[26.400000000000002,56.400000000000006],[27.0,56.0]],[[28.846153846153847,57.84615384615385],[29.25,58.0],[29.333333333333336,59.0],[29.0,59.16666666666667],[28.0,59.333333333333336],[27.666666666666668,59.0],[28.333333333333336,58.66666666666667],[28.66666666666667,58.66666666666667],[28.846153846153847,57.84615384615385]],[[36.0,59.0],[37.0,58.66666666666667],[37.5,59.0],[37.0,59.5],[36.0,59.0]],[[46.6,49.0],[46.733333333333334,48.733333333333334],[47.0,48.66666666666667],[47.2,48.8],[47.285714285714285,49.0],[47.18181818181819,49.18181818181818],[46.76470588235294,49.23529411764706],[46.6,49.0]],[[50.400000000000006,64.0],[50.28571428571428,64.28571428571428],[50.0,64.5],[49.5,64.0],[49.86206896551724,63.86206896551724],[50.400000000000006,64.0]],[[52.5,58.0],[52.733333333333334,57.733333333333334],[53.0,57.599999999999994],[53.28571428571428,57.71428571428571],[53.4,58.0],[53.25,58.25],[53.0,58.333333333333336],[52.5,58.0]],[[56.733333333333334,60.266666666666666],[56.55555555555556,59.55555555555555],[57.0,59.0],[58.33333333333334,59.66666666666667],[58.22222222222222,60.22222222222222],[57.36363636363637,60.36363636363636],[56.733333333333334,60.266666666666666]],[[56.0,59.0],[56.0,58.0],[56.46153846153846,57.46153846153847],[56.733333333333334,56.733333333333334],[58.0,56.33333333333333],[58.33333333333334,56.333333333333336],[58.33333333333333,56.0],[58.60000000000001,55.60000000000001],[60.0,55.6],[61.0,56.0],[60.36363636363636,56.36363636363637],[58.66666666666667,56.66666666666667],[58.75,57.25],[59.0,57.5],[59.333333333333336,57.66666666666667],[60.25,57.75],[61.0,58.0],[62.0,58.0],[62.0,59.0],[60.75,59.75],[60.66666666666667,60.0],[60.0,60.400000000000006],[59.69230769230769,60.30769230769231],[59.5,60.0],[59.44444444444444,59.55555555555555],[59.0,59.0],[58.33333333333334,58.66666666666667],[57.71428571428571,58.71428571428571],[57.0,59.0],[56.0,59.0]],[[61.69230769230769,55.69230769230769],[62.36363636363636,55.63636363636364],[63.0,56.0],[62.4,56.400000000000006],[62.0,56.5],[61.6,56.400000000000006],[61.0,56.0],[61.69230769230769,55.69230769230769]],[[61.599999999999994,61.0],[61.69230769230769,60.69230769230769],[62.0,60.6],[62.444444444444436,60.55555555555555],[63.0,61.0],[62.0,61.400000000000006],[61.71428571428571,61.28571428571428],[61.599999999999994,61.0]],[[63.71428571428571,58.71428571428571],[64.0,58.5],[64.44444444444444,58.55555555555556],[65.0,59.0],[65.0,60.0],[64.0,60.0],[63.55555555555556,59.44444444444444],[63.71428571428571,58.71428571428571]],[[67.0,61.0],[66.0,61.0],[66.0,60.0],[67.0,60.0],[67.4,59.400000000000006],[67.33333333333333,59.0],[67.66666666666667,58.66666666666667],[68.0,58.5],[69.0,58.5],[69.36363636363636,58.63636363636364],[69.66666666666667,59.0],[69.6,59.400000000000006],[70.0,60.0],[69.0,60.0],[68.5,60.5],[68.5,61.0],[68.33333333333334,61.33333333333334],[67.66666666666667,61.33333333333334],[67.0,61.0]],[[72.28571428571428,60.28571428571428],[72.0,60.400000000000006],[71.6923076923077,60.30769230769231],[71.0,59.0],[72.0,58.0],[73.0,58.0],[72.5,58.5],[72.28571428571428,60.28571428571428]],[[73.33333333333333,63.0],[73.75,62.75],[74.21052631578948,62.78947368421052],[74.4,63.0],[74.33333333333334,63.333333333333336],[74.0,63.5],[73.63636363636363,63.36363636363636],[73.33333333333333,63.0]],[[75.0,65.0],[75.44444444444444,65.55555555555556],[75.33333333333334,66.0],[75.0,66.4],[74.63636363636363,66.36363636363637],[74.5,66.0],[75.0,65.0]],[[75.33333333333334,64.33333333333334],[75.33333333333334,64.0],[75.81818181818181,62.81818181818182],[76.0,62.0],[76.2,62.8],[76.5,63.0],[76.5,64.0],[76.11111111111111,65.11111111111111],[75.60000000000001,65.4],[75.0,65.0],[75.33333333333334,64.33333333333334]],[[83.94285714285715,9.0],[83.69736842105263,9.697368421052632],[83.0,9.908256880733944],[82.13461538461539,9.865384615384615],[82.13084112149532,8.130841121495326],[83.9009900990099,8.099009900990099],[83.94285714285715,9.0]],[[98.6046511627907,24.395348837209305],[98.5177304964539,24.0],[98.60000000000001,23.6],[99.0,23.326732673267326],[99.41463414634146,23.585365853658537],[99.64150943396226,24.0],[99.42767295597484,24.427672955974845],[99.0,24.660194174757283],[98.6046511627907,24.395348837209305]],[[111.5,71.0],[111.4,71.4],[110.66666666666667,71.33333333333334],[110.0,71.0],[110.63636363636363,70.63636363636364],[111.0,70.0],[111.5,71.0]],[[112.0,72.5],[111.60000000000001,71.60000000000001],[112.0,71.5],[112.5,72.0],[112.0,72.5]],[[113.25,68.0],[113.0,68.5],[112.6,68.4],[112.66666666666667,68.0],[113.0,67.5],[113.25,68.0]],[[114.875,67.125],[114.66666666666667,67.0],[115.0,66.66666666666667],[115.2,67.0],[114.875,67.125]],[[124.0,50.0],[123.25,50.25],[122.89473684210526,50.10526315789474],[122.85185185185185,49.85185185185185],[123.00000000000001,49.66666666666667],[124.0,50.0]],[[127.7142857142857,51.71428571428571],[128.0,51.66666666666667],[128.33333333333334,52.33333333333334],[128.0,53.0],[127.89473684210526,52.10526315789474],[127.66666666666667,52.0],[127.7142857142857,51.71428571428571]],[[128.66666666666669,52.66666666666667],[129.0,52.800000000000004],[129.1111111111111,52.99999999999999],[129.0,53.2],[128.0,53.0],[128.66666666666669,52.66666666666667]],[[65.06896551724138,-0.9310344827586207],[64.8,-1.0],[64.86666666666667,-1.1333333333333333],[65.07692307692308,-1.0769230769230769],[65.06896551724138,-0.9310344827586207]],[[11.666666666666668,48.0],[11.400000000000002,48.400000000000006],[10.555555555555554,48.44444444444444],[10.0,48.0],[10.733333333333334,47.733333333333334],[11.19047619047619,47.80952380952381],[11.666666666666668,48.0]],[[14.666666666666668,50.66666666666667],[15.0,50.0],[15.285714285714285,50.71428571428571],[16.0,51.0],[17.2,50.8],[18.0,51.0],[17.4,51.400000000000006],[17.285714285714285,52.285714285714285],[17.0,52.666666666666664],[16.0,52.666666666666664],[14.666666666666668,52.33333333333334],[14.0,52.0],[14.0,51.0],[14.666666666666668,50.66666666666667]],[[17.333333333333336,55.0],[17.555555555555557,55.44444444444444],[18.0,55.5],[18.285714285714285,55.71428571428571],[18.4,56.0],[18.0,56.5],[17.5,56.5],[17.0,57.0],[17.0,56.0],[16.333333333333336,55.66666666666667],[16.0,55.666666666666664],[15.600000000000001,55.400000000000006],[15.5,55.0],[15.714285714285712,54.71428571428571],[16.42857142857143,54.42857142857143],[16.636363636363637,53.63636363636364],[17.0,53.33333333333333],[18.0,53.75],[18.400000000000002,53.60000000000001],[19.0,54.0],[18.0,54.33333333333334],[17.6,54.6],[17.333333333333336,55.0]],[[18.6,53.400000000000006],[19.0,52.66666666666667],[20.0,52.5],[20.285714285714285,52.71428571428571],[20.555555555555554,53.444444444444436],[21.22222222222222,53.77777777777777],[21.285714285714285,54.285714285714285],[20.0,54.5],[19.0,54.0],[18.6,53.400000000000006]],[[19.666666666666668,58.0],[19.764705882352942,57.76470588235294],[20.0,57.599999999999994],[20.266666666666666,57.733333333333334],[20.4,58.0],[20.266666666666666,58.266666666666666],[20.0,58.4],[19.666666666666668,58.0]],[[56.66666666666667,55.0],[57.00000000000001,54.66666666666667],[57.333333333333336,54.66666666666667],[58.0,55.0],[57.4,55.400000000000006],[57.0,55.400000000000006],[56.75,55.25],[56.66666666666667,55.0]],[[68.0,42.0],[67.89473684210526,41.10526315789474],[68.03278688524591,40.9672131147541],[68.0,42.0]],[[71.13793103448276,42.0],[71.54545454545455,41.54545454545455],[72.0,41.36708860759494],[72.418410041841,41.58158995815899],[72.56818181818181,42.0],[72.25673940949936,42.25673940949936],[71.71469329529243,42.28530670470756],[71.13793103448276,42.0]],[[76.33333333333334,58.0],[76.0,58.333333333333336],[74.73333333333333,58.266666666666666],[74.6,58.0],[74.66666666666667,57.66666666666667],[75.0,57.0],[75.5,57.5],[76.25,57.75],[76.33333333333334,58.0]],[[81.55428571428571,10.554285714285713],[81.0,10.76],[80.66850828729282,10.668508287292818],[80.1038961038961,10.896103896103897],[80.0,10.0],[80.07920792079209,9.07920792079208],[81.88,9.12],[81.93137254901961,10.0],[81.55428571428571,10.554285714285713]],[[112.4,68.60000000000001],[112.5,69.0],[111.80000000000001,69.2],[111.83333333333333,68.83333333333334],[112.0,68.66666666666667],[112.4,68.60000000000001]],[[123.6923076923077,42.69230769230769],[124.25806451612902,42.74193548387097],[124.54545454545453,44.0],[124.35294117647058,44.35294117647059],[123.99999999999999,44.42857142857143],[122.91836734693878,44.08163265306122],[122.9047619047619,43.904761904761905],[123.46153846153847,43.46153846153846],[123.69230769230768,43.0],[123.6923076923077,42.69230769230769]],[[13.666666666666668,48.66666666666667],[14.266666666666666,48.733333333333334],[14.5,49.0],[14.363636363636363,49.36363636363636],[14.0,49.4],[13.5,49.0],[13.666666666666668,48.66666666666667]],[[23.0,42.1],[22.833333333333332,41.833333333333336],[22.75,41.0],[23.0,40.875],[23.200000000000003,41.00000000000001],[23.25,42.0],[23.0,42.1]],[[80.0,3.3333333333333335],[80.44444444444444,3.5555555555555554],[80.33333333333334,4.0],[80.0,4.266666666666667],[79.7948717948718,4.205128205128205],[79.73333333333333,3.7333333333333334],[80.0,3.3333333333333335]],[[58.315789473684205,36.68421052631579],[58.375,37.375],[58.0,37.75],[57.77777777777777,37.77777777777777],[56.57894736842105,37.421052631578945],[56.33333333333333,37.0],[56.542857142857144,36.542857142857144],[57.0,36.111111111111114],[58.315789473684205,36.68421052631579]]],[[[109.5,37.5],[110.16666666666666,37.833333333333336],[111.85714285714286,37.857142857142854],[112.5,37.5],[112.625,37.0],[112.5,36.5],[112.0,36.166666666666664],[110.75,36.25],[110.0,36.0],[109.5,36.5],[109.25,37.0],[109.5,37.5]]],[[[122.12121212121212,36.87878787878788],[122.0,36.666666666666664],[121.77777777777779,36.77777777777778],[121.75,37.25],[122.14285714285714,37.857142857142854],[122.10526315789473,38.10526315789474],[121.3,38.3],[121.33333333333334,38.66666666666667],[121.19047619047619,39.0],[121.5072463768116,39.49275362318841],[122.47887323943662,39.47887323943662],[122.89473684210526,38.89473684210526],[123.84615384615384,38.84615384615385],[124.2127659574468,38.212765957446805],[124.625,38.0],[124.10204081632654,37.89795918367347],[124.0,37.5],[123.375,37.0],[122.83783783783784,36.83783783783784],[122.12121212121212,36.87878787878788]]],[[[120.57142857142858,39.57142857142858],[120.25,40.0],[120.58620689655172,40.41379310344827],[121.0,40.400000000000006],[121.24000000000001,40.239999999999995],[121.23076923076923,40.0],[121.48,39.52],[121.0,39.4],[120.57142857142858,39.57142857142858]]],[[[68.66666666666667,65.33333333333334],[69.33333333333334,65.33333333333334],[70.0,65.0],[69.33333333333334,64.66666666666667],[69.0,64.66666666666666],[68.0,65.0],[68.66666666666667,65.33333333333334]]],[[[70.0,68.0],[70.0,67.0],[69.33333333333334,66.66666666666667],[68.66666666666667,66.66666666666667],[68.0,67.0],[69.0,68.0],[70.0,68.0]]],[[[70.33333333333334,73.66666666666667],[70.16666666666667,74.0],[70.52380952380952,74.47619047619047],[71.0,74.625],[72.0,74.5],[72.25,74.75],[72.25,75.0],[72.55555555555556,75.44444444444444],[73.0,75.66666666666667],[74.0,75.63636363636363],[75.0952380952381,75.9047619047619],[76.0,76.4],[76.28571428571428,76.28571428571428],[76.75,75.75],[77.0,75.66666666666667],[77.22222222222223,75.77777777777777],[77.6470588235294,76.35294117647058],[78.0,76.5],[80.0,76.4],[80.42857142857143,76.57142857142857],[80.86666666666667,77.13333333333333],[81.5,77.5],[82.0,78.0],[82.625,77.625],[84.0,77.33333333333333],[87.0,77.4375],[88.0,77.26666666666667],[89.0,77.63157894736842],[92.0,77.625],[92.45454545454545,77.45454545454545],[93.0,77.0],[94.0,77.0],[93.75,76.25],[93.83333333333334,76.0],[93.6,75.4],[91.0,75.0],[90.0,74.25],[89.0,74.0],[87.86666666666667,74.13333333333334],[87.66666666666667,74.0],[87.75,73.0],[87.5,72.5],[87.0,72.25],[86.53846153846155,72.53846153846153],[86.28571428571428,73.28571428571428],[85.57142857142858,73.57142857142858],[85.25,74.0],[85.2,75.0],[85.0,75.2],[83.99999999999999,75.1111111111111],[83.75,75.25],[83.25,75.25],[83.33333333333334,75.66666666666667],[83.19999999999999,76.2],[83.0,76.33333333333334],[82.0,76.0],[82.66666666666667,75.0],[83.0,74.75],[84.0,74.75],[84.5,74.5],[84.75,74.0],[84.46153846153847,73.53846153846155],[84.0,73.25],[83.0,73.0],[81.66666666666667,73.33333333333334],[81.66666666666667,73.0],[82.0,72.0],[81.60000000000001,71.4],[81.0,71.25],[80.5,71.5],[80.4,72.0],[80.5,73.0],[80.66666666666667,73.33333333333334],[81.4,73.60000000000001],[81.26666666666667,74.26666666666667],[81.0,74.33333333333334],[80.0,74.28571428571429],[79.6923076923077,73.6923076923077],[79.6923076923077,73.30769230769232],[78.85714285714286,73.14285714285714],[76.89473684210526,73.10526315789474],[76.55555555555556,72.44444444444444],[76.0,72.0],[75.33333333333334,72.33333333333334],[75.33333333333334,72.66666666666667],[75.11111111111111,73.11111111111111],[74.0,73.5],[73.60000000000001,73.4],[73.0,73.0],[72.6,72.4],[72.33333333333334,71.0],[72.4,70.60000000000001],[72.0,70.0],[71.77777777777777,69.22222222222223],[71.66666666666667,68.66666666666667],[72.33333333333334,68.33333333333334],[72.28571428571428,67.71428571428571],[72.0,67.0],[71.5,67.5],[71.5,68.0],[71.33333333333334,68.33333333333334],[71.0,68.25],[70.5,68.5],[70.25,69.25],[69.55555555555554,69.55555555555554],[69.42857142857142,70.0],[69.46153846153847,70.46153846153847],[69.0,71.0],[68.0,71.0],[67.28571428571428,71.28571428571428],[66.15384615384616,71.15384615384616],[65.4,71.4],[65.2,72.0],[65.57894736842105,72.42105263157895],[66.3157894736842,72.68421052631578],[67.3,72.7],[67.83333333333333,72.83333333333333],[69.5,72.5],[70.0,72.0],[70.5,72.5],[71.22222222222221,72.77777777777777],[71.33333333333334,73.0],[70.66666666666667,73.33333333333334],[70.33333333333334,73.33333333333334],[70.33333333333334,73.66666666666667]]],[[[80.77777777777777,78.22222222222223],[78.71428571428571,78.28571428571428],[77.0,78.08333333333333],[76.5,78.5],[76.3125,79.0],[76.54166666666667,79.45833333333333],[77.0,79.6875],[78.53846153846155,79.53846153846155],[80.0,79.625],[81.26865671641791,79.26865671641791],[81.6923076923077,79.0],[81.52941176470588,78.52941176470587],[82.0,78.0],[81.47058823529412,78.47058823529412],[80.77777777777777,78.22222222222223]]],[[[123.47058823529412,78.52941176470587],[123.0,78.2],[122.0,78.125],[121.36363636363636,78.36363636363636],[121.125,79.0],[121.51724137931035,79.48275862068965],[122.0,79.63636363636363],[123.36363636363637,79.36363636363636],[123.57142857142856,79.0],[123.47058823529412,78.52941176470587]]],[[[74.0,79.73333333333333],[75.0,79.66666666666667],[75.42105263157895,79.42105263157895],[75.61538461538461,79.0],[75.43243243243244,78.56756756756758],[75.0,78.27272727272727],[73.33333333333334,78.33333333333334],[73.0,78.6],[72.68421052631578,78.3157894736842],[71.0,78.10526315789473],[70.25,78.25],[70.0,79.0],[69.22222222222223,79.22222222222223],[67.05555555555556,79.05555555555556],[66.20689655172413,79.20689655172414],[65.63636363636364,79.63636363636364],[65.42857142857142,80.0],[67.0,80.60714285714286],[68.0,80.36538461538461],[68.47500000000001,80.475],[69.0,80.8125],[70.22727272727272,80.22727272727272],[70.72972972972974,79.72972972972974],[72.0,79.78571428571428],[72.63636363636363,79.63636363636364],[73.0,79.33333333333334],[73.38095238095238,79.61904761904762],[74.0,79.73333333333333]]],[[[73.0,83.0],[73.54838709677419,83.45161290322581],[74.0,83.59322033898306],[75.0,83.5],[76.41666666666666,83.0],[76.38461538461539,82.61538461538461],[75.85714285714286,82.14285714285714],[75.29166666666666,82.29166666666666],[74.76666666666667,82.23333333333333],[73.41025641025641,82.41025641025641],[73.0,83.0]]],[[[91.375,82.375],[91.42857142857143,82.57142857142858],[91.24000000000001,83.24000000000001],[90.75,83.75],[89.6,84.0],[89.77777777777777,84.22222222222223],[90.47058823529412,84.52941176470588],[93.0,84.66666666666667],[93.42857142857144,84.42857142857143],[93.6,84.0],[94.62962962962963,83.62962962962962],[95.4,83.0],[93.0,82.17857142857143],[92.0,82.11764705882352],[91.375,82.375]]],[[[133.0,-89.4],[131.0,-89.8],[130.0,-89.5],[126.0,-89.625],[125.58333333333334,-89.41666666666667],[125.375,-89.0],[125.66666666666667,-88.66666666666667],[126.0,-88.58333333333334],[134.0,-88.66666666666666],[136.0,-88.5],[136.34782608695653,-88.65217391304347],[136.57142857142856,-89.0],[136.4,-89.4],[136.0,-89.66666666666667],[134.0,-89.4],[133.0,-89.4]]],[[[153.0,-89.75],[149.0,-89.5],[148.625,-89.375],[148.5,-89.0],[148.60000000000002,-88.6],[150.0,-88.25],[151.0,-88.25],[152.0,-88.57142857142857],[153.0,-88.4],[154.0,-88.5],[154.375,-88.625],[154.5,-89.0],[154.33333333333334,-89.33333333333334],[153.0,-89.75]]],[[[144.0,-89.57142857142856],[143.0,-89.66666666666667],[140.0,-89.5],[139.0,-89.66666666666667],[138.0,-89.4],[137.73333333333335,-89.26666666666667],[137.6,-89.0],[137.77777777777777,-88.77777777777777],[139.0,-88.4],[140.0,-88.625],[141.0,-88.375],[144.0,-88.42857142857142],[145.0,-88.2],[145.77777777777777,-88.22222222222223],[146.5,-88.5],[146.75,-89.0],[146.375,-89.375],[145.0,-89.8],[144.0,-89.57142857142856]]],[[[159.4,-88.4],[160.0,-88.25],[161.0,-88.4],[161.75,-88.25],[163.0,-88.33333333333334],[163.4,-89.0],[163.26666666666665,-89.26666666666667],[162.0,-89.57142857142856],[160.0,-89.5],[159.60000000000002,-89.4],[159.0,-89.0],[159.4,-88.4]]],[[[160.16981132075472,-71.16981132075472],[160.3272727272727,-70.67272727272727],[160.25641025641025,-70.25641025641025],[160.77142857142857,-70.22857142857143],[161.00000000000003,-70.09756097560975],[161.73913043478262,-70.26086956521739],[161.8901098901099,-71.1098901098901],[163.0,-71.125],[163.37735849056605,-70.37735849056605],[164.92857142857142,-70.07142857142857],[165.88888888888889,-70.11111111111111],[166.47619047619045,-70.52380952380952],[166.58823529411762,-71.0],[166.825,-71.175],[167.72093023255815,-71.27906976744185],[168.36363636363637,-72.0],[168.0,-72.5],[167.8974358974359,-73.0],[167.5081967213115,-73.50819672131146],[167.0,-73.69999999999999],[165.0,-73.96969696969698],[162.58333333333331,-75.0],[161.5625,-76.0],[162.84745762711864,-77.15254237288136],[163.83720930232556,-77.16279069767442],[166.0,-78.0],[165.0,-78.28571428571428],[163.88235294117646,-78.88235294117646],[162.92592592592592,-78.92592592592592],[162.4788732394366,-79.47887323943662],[161.54545454545453,-80.0],[162.4406779661017,-80.55932203389831],[162.76470588235293,-81.0],[163.135593220339,-81.13559322033899],[165.0,-81.4814814814815],[168.0,-81.65384615384615],[168.28571428571428,-81.71428571428571],[169.0,-82.22222222222223],[169.11267605633802,-82.11267605633803],[170.0,-82.0909090909091],[171.6530612244898,-82.34693877551021],[172.99999999999997,-83.05128205128204],[173.45962732919256,-83.54037267080744],[173.55555555555554,-84.44444444444443],[174.0,-84.74193548387096],[174.47668393782385,-84.47668393782384],[174.66666666666666,-84.0],[174.61181434599158,-83.61181434599158],[175.00000000000003,-83.06122448979592],[175.9154929577465,-83.08450704225352],[177.0,-83.68421052631578],[179.0,-83.36170212765958],[180.0,-83.62295081967213],[180.0,-88.42857142857143],[179.0,-88.625],[178.0,-88.57142857142857],[177.75,-88.75],[177.48000000000002,-89.48],[176.00000000000003,-89.83333333333333],[175.0,-89.4],[174.0,-89.4],[173.73333333333335,-89.26666666666667],[173.33333333333334,-88.66666666666667],[173.0,-88.5],[171.0,-88.4],[170.68421052631578,-88.68421052631578],[170.41666666666669,-89.41666666666667],[170.0,-89.625],[169.00000000000003,-89.8],[166.77777777777777,-89.22222222222223],[166.66666666666669,-89.0],[166.75,-88.75],[168.0,-88.0],[164.0,-87.8125],[163.00000000000003,-87.92307692307693],[159.10526315789474,-87.89473684210526],[158.0,-87.66666666666667],[157.0,-87.80000000000001],[156.0,-87.57142857142857],[155.0,-87.80000000000001],[154.0,-87.57142857142857],[153.0,-87.6],[152.0,-87.33333333333334],[151.0,-87.80000000000001],[150.0,-87.80000000000001],[149.0,-87.57142857142857],[148.625,-87.625],[148.0,-88.0],[146.4,-87.6],[146.0,-87.0],[145.4,-87.4],[145.0,-87.5],[143.33333333333334,-86.66666666666667],[143.0,-86.0],[144.0,-85.625],[144.57894736842104,-85.57894736842105],[149.0,-85.55555555555556],[150.33333333333334,-85.0],[149.0,-84.72222222222223],[144.33333333333334,-84.66666666666667],[140.0,-84.35],[134.0,-84.6086956521739],[130.0,-84.46153846153845],[129.0,-84.58823529411765],[127.0,-84.54545454545453],[125.6470588235294,-84.35294117647058],[125.0,-84.0],[125.33333333333334,-83.33333333333334],[126.0,-83.0],[127.72727272727272,-83.27272727272727],[129.0,-83.28571428571428],[131.0,-83.64285714285714],[134.2,-83.19999999999999],[134.41666666666666,-83.0],[134.2702702702703,-82.72972972972974],[134.0,-82.58333333333333],[132.57575757575756,-82.42424242424242],[132.0,-82.22222222222223],[130.8095238095238,-82.19047619047619],[130.33333333333334,-82.0],[130.4,-81.0],[130.57142857142858,-80.57142857142857],[132.0,-80.33333333333334],[134.0,-80.71428571428572],[135.28571428571428,-80.71428571428572],[137.0,-80.5],[138.0,-81.0],[137.8,-82.00000000000001],[137.92592592592592,-82.07407407407408],[140.0,-83.125],[141.0,-82.81818181818181],[142.0,-83.27272727272728],[144.13793103448276,-83.13793103448276],[144.39999999999998,-83.0],[144.60000000000002,-82.6],[145.0,-82.25],[146.0,-82.3],[146.62962962962962,-81.62962962962962],[147.38095238095238,-81.38095238095238],[150.17391304347825,-81.17391304347827],[152.0,-81.2],[153.05128205128207,-81.05128205128204],[154.0,-81.04761904761904],[156.6346153846154,-81.36538461538461],[158.17449664429532,-81.1744966442953],[158.2888888888889,-81.0],[158.21311475409834,-80.78688524590164],[157.33043478260868,-80.6695652173913],[156.0,-80.83333333333333],[153.0,-80.93333333333332],[152.25,-80.75],[152.0,-80.4],[151.71428571428572,-80.28571428571428],[151.0,-79.6],[150.60000000000002,-79.6],[150.66666666666669,-80.0],[150.42105263157893,-80.42105263157895],[150.0,-80.66666666666667],[147.68421052631578,-80.3157894736842],[147.25,-80.0],[148.0,-79.625],[150.42857142857142,-79.42857142857144],[150.5,-79.0],[150.33333333333334,-78.0],[151.1818181818182,-77.81818181818181],[151.71428571428572,-78.28571428571428],[153.0,-78.55555555555556],[154.0,-78.0],[152.62962962962962,-77.37037037037037],[152.44444444444446,-77.0],[151.6190476190476,-76.38095238095238],[151.38461538461542,-76.0],[151.47619047619048,-75.52380952380952],[151.0,-75.0],[151.55555555555554,-75.44444444444444],[153.0,-74.71428571428571],[153.4,-75.0],[153.90322580645162,-75.09677419354838],[156.0,-75.22727272727272],[156.33333333333334,-75.0],[157.25,-73.25],[157.16867469879517,-72.83132530120481],[156.0,-72.0],[155.5,-71.0],[155.22580645161293,-70.7741935483871],[153.75903614457832,-70.24096385542168],[153.56521739130437,-70.0],[153.57446808510636,-69.57446808510637],[154.0,-69.23076923076923],[154.20689655172413,-69.20689655172413],[154.6888888888889,-69.31111111111112],[156.0,-69.15],[156.60747663551402,-69.39252336448598],[157.0,-69.41176470588235],[158.35,-70.0],[159.0,-70.61904761904762],[159.31372549019608,-70.68627450980392],[159.47058823529412,-71.0],[160.0,-71.20454545454545],[160.16981132075472,-71.16981132075472]]],[[[168.0,-77.61290322580645],[168.25263157894736,-77.74736842105264],[168.38709677419354,-78.0],[168.24242424242425,-78.24242424242425],[168.0,-78.36363636363636],[167.25,-78.0],[167.66666666666669,-77.66666666666667],[168.0,-77.61290322580645]]],[[[137.77777777777777,-77.0],[137.4,-77.4],[137.0,-77.58333333333333],[136.0,-77.6923076923077],[135.53846153846155,-77.46153846153847],[135.35714285714283,-77.0],[135.5909090909091,-76.5909090909091],[136.0,-76.5],[137.32558139534885,-76.67441860465117],[137.77777777777777,-77.0]]],[[[139.21818181818182,-72.78181818181818],[139.46153846153845,-73.0],[139.0,-73.54545454545453],[138.70731707317074,-73.29268292682927],[138.68421052631578,-73.0],[138.81538461538463,-72.81538461538462],[139.21818181818182,-72.78181818181818]]],[[[137.1,-70.9],[137.11111111111111,-69.88888888888889],[136.63636363636363,-69.36363636363636],[136.55555555555554,-69.0],[136.6521739130435,-68.65217391304347],[137.0,-68.5],[137.36363636363637,-68.63636363636364],[137.76923076923077,-69.23076923076923],[140.89473684210526,-69.10526315789474],[141.3846153846154,-69.61538461538461],[141.5,-70.0],[141.0,-70.41666666666667],[139.79591836734693,-70.79591836734694],[139.2,-71.2],[137.81395348837208,-71.18604651162791],[137.1,-70.9]]],[[[157.0,-64.375],[156.0,-64.33333333333333],[155.0,-64.57142857142857],[154.77777777777777,-64.77777777777777],[154.0,-64.85],[153.54666666666665,-64.45333333333333],[152.07142857142856,-64.0],[151.4864864864865,-63.513513513513516],[151.0,-63.30769230769231],[150.90243902439025,-63.09756097560975],[150.42857142857142,-63.0],[150.6190476190476,-62.61904761904761],[151.35294117647058,-62.35294117647058],[152.0,-62.3],[154.0,-62.599999999999994],[154.3157894736842,-62.315789473684205],[155.0,-62.10000000000001],[156.0,-62.27272727272727],[156.2,-62.8],[156.88888888888889,-63.0],[157.0,-63.25],[157.0,-64.375]]],[[[135.4,-60.0],[134.71428571428572,-60.0],[135.0,-59.0],[135.4,-59.6],[135.4,-60.0]]],[[[142.0,-39.0],[141.6,-38.4],[141.5,-38.0],[141.85714285714286,-37.857142857142854],[142.0,-37.916666666666664],[142.0,-39.0]]],[[[168.0,-37.425],[167.14999999999998,-37.0],[167.8265306122449,-36.826530612244895],[168.22972972972974,-37.0],[168.21794871794873,-37.217948717948715],[168.0,-37.425]]],[[[164.98461538461538,-36.0],[166.0,-35.818897637795274],[166.26436781609195,-36.0],[166.21296296296296,-36.21296296296296],[165.80672268907563,-36.193277310924366],[164.98461538461538,-36.0]]],[[[146.0,2.9000000000000004],[146.46153846153845,2.4615384615384617],[146.34615384615387,2.0],[146.11042944785277,1.8895705521472392],[146.00574712643677,0.9942528735632183],[145.05084745762713,0.9491525423728814],[145.0793650793651,0.07936507936507936],[144.873417721519,-0.12658227848101267],[144.25210084033614,-0.25210084033613445],[144.28776978417267,-0.7122302158273381],[144.10554089709763,-1.1055408970976253],[143.8076923076923,-1.1923076923076923],[143.31034482758622,-1.0],[142.96638655462186,-0.03361344537815125],[141.8,0.0],[142.89473684210526,0.10526315789473684],[142.89189189189187,2.0],[143.0,2.1904761904761907],[143.18604651162792,2.186046511627907],[143.42857142857144,1.4285714285714286],[145.0,1.1666666666666665],[145.42857142857144,1.4285714285714286],[145.66666666666669,1.3333333333333333],[145.52631578947367,1.526315789473684],[145.625,2.0],[145.51351351351352,2.4864864864864864],[146.0,2.9000000000000004]]],[[[147.0574712643678,3.942528735632184],[147.0,2.739130434782609],[146.55555555555557,2.555555555555556],[146.14285714285717,3.0],[146.0,4.0],[146.52380952380952,4.476190476190476],[147.0,4.555555555555555],[147.1818181818182,4.181818181818182],[147.0574712643678,3.942528735632184]]],[[[137.78231292517006,4.217687074829932],[138.0,4.390243902439025],[138.2,3.8],[138.0,3.6097560975609757],[137.78231292517006,4.217687074829932]]],[[[144.19047619047618,3.1904761904761907],[144.8095238095238,3.1904761904761907],[144.94736842105263,4.0],[144.96296296296296,4.962962962962963],[144.0,5.0],[143.9322033898305,6.067796610169491],[144.14736842105265,6.147368421052631],[145.04255319148936,6.042553191489362],[145.11764705882354,5.117647058823529],[145.33333333333331,5.0],[146.0,4.0],[145.85714285714286,3.0],[145.48000000000002,2.52],[145.0,2.7142857142857144],[143.76470588235293,2.764705882352941],[143.7391304347826,3.0],[144.19047619047618,3.1904761904761907]]],[[[137.28571428571428,5.0],[137.16260162601625,4.83739837398374],[136.375,5.0],[136.81308411214954,5.186915887850468],[137.0,5.121951219512195],[137.28571428571428,5.0]]],[[[148.0,7.684210526315789],[147.50943396226413,7.4905660377358485],[147.31578947368422,7.0],[147.43478260869563,6.434782608695652],[147.83333333333334,6.0],[147.75,5.75],[148.0,5.800000000000001],[148.0677966101695,5.0],[147.84313725490196,4.843137254901961],[147.5,5.0],[147.4,5.4],[147.0,5.444444444444445],[146.70588235294116,5.705882352941177],[146.72222222222223,6.0],[146.49056603773585,6.490566037735849],[145.8909090909091,6.890909090909091],[145.9189189189189,7.0],[146.1875,7.1875],[146.72727272727272,7.2727272727272725],[146.85714285714286,7.857142857142858],[147.4494382022472,8.55056179775281],[147.4878048780488,9.0],[148.51724137931035,9.482758620689655],[148.8490566037736,10.0],[149.96938775510205,10.03061224489796],[150.7979797979798,10.202020202020202],[151.0,10.588235294117647],[151.15748031496062,10.15748031496063],[151.0,9.166666666666666],[150.0,8.904761904761905],[149.51898734177217,8.481012658227849],[149.40625,8.0],[149.1818181818182,7.818181818181818],[148.71891891891892,7.71891891891892],[148.1142857142857,7.885714285714286],[148.0,7.684210526315789]]],[[[130.0,41.75],[129.7530864197531,41.75308641975309],[129.64912280701753,42.35087719298245],[130.0,42.3448275862069],[130.3125,42.0],[130.0,41.75]]],[[[134.375,52.0],[134.56521739130434,52.43478260869565],[134.75,54.0],[134.23076923076923,55.0],[134.28571428571428,55.28571428571428],[134.0,55.6],[133.63636363636363,55.63636363636364],[133.33333333333334,56.0],[133.6923076923077,56.307692307692314],[134.4,56.400000000000006],[135.0,56.0],[135.41666666666669,55.416666666666664],[135.64999999999998,54.65],[136.0,54.36363636363636],[136.32,54.32],[136.5,54.0],[135.86206896551724,53.13793103448276],[135.35714285714286,52.0],[135.42105263157893,50.578947368421055],[135.0,50.2],[134.72972972972974,51.72972972972973],[134.375,52.0]]],[[[132.0,57.3],[132.5,57.0],[132.4,56.6],[132.0,56.400000000000006],[131.55555555555554,56.44444444444444],[131.0,56.0],[131.0,57.0],[132.0,57.3]]],[[[163.4242424242424,64.42424242424242],[163.7,64.0],[163.4375,63.5625],[163.0,63.41666666666666],[162.79591836734693,63.20408163265306],[162.77777777777777,62.77777777777777],[163.0,62.0],[162.84615384615384,61.153846153846146],[162.28571428571428,61.28571428571428],[161.84615384615384,61.153846153846146],[160.83050847457628,61.16949152542373],[160.53846153846155,60.46153846153846],[159.80392156862746,60.196078431372555],[159.66666666666669,60.00000000000001],[159.8235294117647,59.0],[159.68421052631578,58.68421052631579],[159.8181818181818,58.18181818181818],[159.3157894736842,58.315789473684205],[158.83333333333334,58.16666666666667],[158.57142857142858,57.57142857142858],[158.66666666666669,57.333333333333336],[158.42857142857144,57.42857142857143],[158.0,57.25],[157.6086956521739,57.608695652173914],[157.48888888888888,58.48888888888889],[157.20000000000002,59.0],[156.52380952380952,59.52380952380952],[156.0909090909091,60.09090909090909],[156.0,61.0],[155.16666666666669,62.0],[155.4,62.6],[156.52941176470586,64.47058823529412],[157.32258064516128,64.6774193548387],[157.82608695652175,65.17391304347825],[158.52941176470588,65.47058823529412],[159.53488372093022,66.46511627906976],[160.15686274509804,66.84313725490196],[160.36363636363637,67.63636363636364],[161.0,67.85],[162.30769230769232,67.6923076923077],[162.77777777777777,67.77777777777777],[163.46153846153848,67.46153846153847],[163.6,67.0],[163.48000000000002,66.52],[162.92592592592592,66.07407407407408],[162.88235294117646,65.88235294117648],[163.0,65.88888888888889],[163.36363636363637,65.36363636363637],[163.4242424242424,64.42424242424242]],[[161.90697674418604,65.09302325581396],[161.8974358974359,64.8974358974359],[162.1290322580645,64.87096774193549],[162.1904761904762,65.19047619047619],[161.90697674418604,65.09302325581396]],[[159.91836734693877,63.08163265306122],[159.89743589743588,62.8974358974359],[160.0,62.800000000000004],[160.05882352941177,63.05882352941177],[159.91836734693877,63.08163265306122]]],[[[140.83333333333334,78.16666666666667],[141.4,78.60000000000001],[142.0,78.85714285714286],[143.0,79.0],[143.66666666666669,78.66666666666667],[143.57142857142858,78.42857142857143],[143.66666666666669,78.0],[143.48,77.52],[143.0,77.14285714285714],[142.0,77.14285714285714],[141.4,77.4],[140.85714285714286,77.85714285714286],[140.83333333333334,78.16666666666667]]],[[[130.60000000000002,78.4],[132.0,78.875],[134.0,78.88888888888889],[135.0,78.69999999999999],[136.0,78.875],[136.28571428571428,79.28571428571428],[136.28571428571428,79.71428571428571],[136.71428571428572,79.71428571428571],[137.0,79.85714285714286],[137.48,79.47999999999999],[137.83333333333334,78.0],[137.47619047619045,77.52380952380952],[136.66666666666669,77.33333333333334],[135.0,77.22222222222223],[131.66666666666669,77.33333333333334],[131.2,77.19999999999999],[130.4,77.4],[130.0,78.0],[130.60000000000002,78.4]]],[[[169.0,80.44444444444444],[170.5,80.5],[170.55555555555554,80.0],[171.0,79.6],[172.125,80.0],[172.0,81.0],[172.66666666666669,81.33333333333334],[173.0,81.25],[173.375,81.625],[174.0,81.875],[175.0,81.89999999999999],[176.0,81.55555555555556],[177.0,81.75],[177.375,81.375],[177.52380952380952,80.52380952380952],[178.0,80.0],[177.6,79.4],[177.0,79.25],[176.85714285714286,79.0],[177.0,78.83333333333334],[178.22222222222223,78.77777777777777],[178.53846153846155,79.46153846153847],[179.42857142857144,79.57142857142858],[179.79310344827587,81.20689655172413],[180.0,81.33333333333334],[180.0,77.625],[179.66666666666669,77.66666666666667],[179.26666666666665,78.26666666666667],[179.0,78.25],[178.77777777777777,78.22222222222223],[178.60000000000002,77.4],[178.0,77.2],[177.0,77.44444444444444],[176.0,77.28571428571428],[175.47058823529412,77.47058823529412],[175.0,78.14285714285714],[174.25,78.25],[174.0,79.0],[173.8,78.2],[173.0,78.0],[172.48,77.52],[172.0,77.33333333333334],[171.51999999999998,77.52],[171.0,78.0],[170.33333333333334,77.66666666666667],[169.0,77.38461538461539],[168.51515151515153,77.51515151515152],[168.0,78.0],[167.0,78.10000000000001],[166.73333333333335,77.26666666666668],[166.2941176470588,77.29411764705883],[166.0,77.17241379310344],[165.16216216216216,77.16216216216216],[164.0,77.375],[163.82857142857142,77.17142857142858],[163.0,77.11111111111111],[161.0,77.33333333333334],[159.8181818181818,77.18181818181819],[154.0,77.1578947368421],[153.27272727272725,77.27272727272727],[153.0,78.0],[152.72727272727272,77.27272727272727],[152.30769230769232,77.3076923076923],[151.06896551724137,77.06896551724138],[149.0952380952381,77.0952380952381],[148.0,77.16666666666667],[147.58333333333334,77.58333333333334],[147.5,78.0],[147.0,78.41666666666666],[146.0,78.45454545454544],[145.67741935483872,78.32258064516128],[145.44444444444446,78.0],[145.42105263157893,77.57894736842104],[145.0,77.2],[144.57894736842104,77.57894736842104],[144.14285714285717,79.0],[144.53846153846155,79.46153846153847],[145.0,79.6],[148.1818181818182,79.81818181818181],[148.75,80.0],[149.0,80.25],[149.2,80.2],[149.25,80.0],[150.0,79.75],[152.07999999999998,79.92],[153.25806451612902,79.74193548387098],[153.89473684210526,79.89473684210526],[154.67741935483872,79.67741935483872],[155.0,79.72222222222223],[155.55555555555554,80.0],[155.55555555555557,80.44444444444444],[156.0,80.8],[156.6,80.60000000000001],[156.8,80.0],[158.48648648648648,79.48648648648648],[159.0,79.0],[160.0,79.0],[160.57894736842104,79.42105263157895],[161.3030303030303,79.69696969696969],[161.55555555555554,80.0],[161.43478260869566,80.43478260869566],[161.0,80.83333333333333],[159.76923076923077,80.76923076923077],[159.5,81.0],[159.625,81.375],[160.0,81.75],[161.0,81.19999999999999],[161.625,81.375],[162.4,81.4],[164.85714285714286,80.85714285714286],[165.0,80.5],[165.1,80.89999999999999],[166.0,81.75],[166.75,81.0],[167.0,80.9],[168.0,80.78571428571428],[169.0,80.44444444444444]]],[[[157.625,81.375],[158.0,81.5],[158.33333333333334,81.33333333333334],[158.5,81.0],[158.27272727272725,80.72727272727272],[157.625,80.625],[157.25,81.0],[157.625,81.375]]],[[[172.0,81.0],[171.42857142857142,80.57142857142857],[170.5,80.5],[171.0,82.0],[172.0,82.0],[172.0,81.0]]],[[[176.375,84.0],[176.60000000000002,84.4],[177.0,84.625],[177.4,84.4],[177.55555555555554,84.0],[177.35714285714286,83.64285714285714],[177.0,83.44444444444444],[176.61538461538458,83.61538461538461],[176.375,84.0]]],[[[141.31578947368422,83.68421052631578],[139.86666666666667,83.13333333333333],[138.84615384615384,83.15384615384616],[138.33333333333334,82.66666666666667],[138.0,82.57142857142857],[137.0,82.5],[136.6521739130435,82.65217391304348],[136.42857142857142,83.0],[136.63636363636363,83.36363636363636],[137.0,83.57142857142857],[138.15384615384616,83.84615384615384],[138.33333333333334,84.66666666666667],[138.55555555555554,84.55555555555554],[139.0,84.66666666666667],[140.375,84.625],[140.75,84.75],[141.33333333333334,84.66666666666667],[141.25,85.0],[142.0,85.75],[143.0,85.5],[144.4,85.4],[144.8,85.0],[144.35294117647058,83.6470588235294],[144.0,83.5],[143.625,83.625],[143.0,84.25],[142.0,84.5],[141.57142857142858,84.42857142857143],[141.31578947368422,83.68421052631578]]],[[[156.0,85.6],[158.0,85.66666666666667],[158.38095238095238,85.38095238095238],[158.57142857142856,85.0],[158.5,84.5],[157.0,83.75],[156.32,84.32],[155.53846153846155,84.53846153846153],[155.0,85.0],[155.5,85.5],[156.0,85.6]]],[[[154.0,85.73333333333333],[154.38095238095238,85.61904761904762],[154.6923076923077,85.69230769230771],[155.0,85.0],[154.60000000000002,84.4],[153.8,84.2],[152.33333333333334,84.33333333333334],[152.06666666666666,85.0],[152.4,85.60000000000001],[153.0,85.73684210526316],[154.0,85.73333333333333]]],[[[138.33333333333334,86.0],[138.52,86.47999999999999],[139.0,86.66666666666667],[139.44444444444446,86.44444444444444],[139.66666666666669,86.0],[139.42857142857144,85.57142857142858],[139.0,85.4],[138.53846153846155,85.53846153846155],[138.33333333333334,86.0]]],[[[148.66666666666666,89.0],[149.77777777777777,89.22222222222223],[150.74468085106383,89.25531914893617],[151.0,89.46153846153845],[151.46153846153848,89.46153846153845],[151.66666666666669,89.33333333333334],[153.0,89.33333333333333],[154.0,89.66666666666667],[154.60000000000002,89.60000000000001],[155.30769230769232,89.30769230769232],[155.4,89.0],[150.0,88.91176470588235],[148.66666666666666,89.0]]],[[[180.0,89.06773618538324],[179.0464216634429,89.04642166344294],[179.00759013282735,90.0],[180.0,90.0],[180.0,89.06773618538324]]]]}}]}