{"type":"FeatureCollection","features":[{"type":"Feature","properties":{"ageMa":30},"geometry":{"type":"MultiPolygon","coordinates":[[[[-159.875,-79.0],[-159.34146341463415,-78.65853658536585],[-159.0,-78.58823529411765],[-158.72549019607845,-78.72549019607843],[-156.0666666666667,-78.93333333333334],[-155.86666666666667,-78.86666666666667],[-155.66666666666669,-79.0],[-157.0,-79.54545454545453],[-159.0,-79.53846153846155],[-159.875,-79.0]]],[[[-161.2926829268293,-78.70731707317074],[-161.0,-78.7],[-160.71428571428572,-78.71428571428571],[-160.14285714285717,-79.0],[-161.0,-79.35294117647058],[-161.85714285714286,-79.0],[-161.2926829268293,-78.70731707317074]]],[[[-154.75,-77.75],[-154.5,-78.0],[-155.0,-78.33333333333334],[-155.13333333333333,-78.13333333333333],[-155.0,-77.75],[-154.75,-77.75]]],[[[-79.30769230769232,-77.6923076923077],[-79.0,-77.33333333333334],[-78.42857142857142,-78.0],[-79.0,-78.36363636363636],[-79.21621621621622,-78.21621621621622],[-79.30769230769232,-77.6923076923077]]],[[[-123.0,-74.75999999999999],[-122.33333333333334,-75.0],[-122.33333333333334,-75.33333333333334],[-122.0,-75.5],[-120.60000000000001,-75.60000000000001],[-120.0,-76.0],[-119.36363636363636,-75.63636363636364],[-119.0,-75.66666666666667],[-118.6,-76.0],[-118.16666666666666,-76.16666666666667],[-117.0,-76.19047619047619],[-116.33333333333334,-76.33333333333334],[-115.6875,-76.6875],[-115.72222222222221,-77.0],[-116.3953488372093,-77.6046511627907],[-116.65333333333334,-78.34666666666666],[-117.0,-78.6842105263158],[-119.0,-78.8108108108108],[-119.64999999999999,-78.64999999999999],[-120.0,-77.42857142857143],[-120.75,-77.0],[-120.75,-76.75],[-122.0,-76.6],[-122.2,-76.2],[-123.0,-76.0],[-123.88888888888889,-76.11111111111111],[-124.45833333333333,-76.54166666666667],[-124.44,-77.44],[-124.0,-77.84615384615384],[-122.77142857142857,-77.77142857142857],[-122.33333333333334,-78.0],[-122.73333333333332,-78.26666666666667],[-124.0,-78.33333333333334],[-124.66666666666666,-79.0],[-124.91666666666667,-79.08333333333334],[-128.75,-79.25],[-129.4848484848485,-79.51515151515152],[-130.0,-79.85714285714286],[-130.5,-79.5],[-131.0,-79.33333333333334],[-132.0,-79.38461538461539],[-134.20408163265307,-79.20408163265306],[-139.0,-79.27272727272727],[-140.0,-79.0],[-141.0,-79.13333333333333],[-142.48717948717947,-78.48717948717949],[-144.0,-78.32692307692308],[-145.30434782608697,-78.69565217391305],[-146.0,-79.22222222222223],[-147.0,-79.4],[-148.0,-79.23529411764706],[-150.0,-79.23076923076923],[-151.0,-79.35],[-152.0,-79.16666666666667],[-153.2,-79.2],[-153.44444444444446,-79.0],[-153.4,-78.60000000000001],[-153.0,-78.33333333333334],[-152.0,-78.5],[-151.0,-78.125],[-150.0,-78.0],[-149.85714285714286,-77.14285714285714],[-149.14285714285714,-77.14285714285714],[-148.0,-76.64705882352942],[-143.0,-76.2],[-141.0,-76.39393939393939],[-140.0,-75.9375],[-138.75,-76.0],[-138.0,-76.27272727272728],[-135.88059701492537,-76.11940298507463],[-134.0,-76.26086956521739],[-132.95238095238093,-76.04761904761905],[-130.95061728395063,-76.04938271604938],[-130.6,-76.0],[-130.3,-75.7],[-130.0909090909091,-75.0],[-129.79999999999998,-75.0],[-129.33333333333334,-75.33333333333334],[-128.7037037037037,-75.29629629629629],[-128.0,-75.0],[-127.26666666666667,-75.26666666666667],[-127.0,-75.5],[-126.0,-75.0],[-125.0,-75.625],[-124.52380952380952,-75.47619047619047],[-124.16666666666667,-75.0],[-123.0,-74.75999999999999]]],[[[-114.0,-77.06060606060606],[-114.16666666666667,-76.83333333333333],[-113.0,-76.73333333333333],[-112.8048780487805,-76.8048780487805],[-112.73333333333333,-77.0],[-112.90697674418605,-77.09302325581396],[-114.0,-77.06060606060606]]],[[[-115.22222222222223,-75.77777777777777],[-115.0,-75.66666666666667],[-114.77777777777777,-76.0],[-114.83333333333333,-76.16666666666667],[-115.2,-76.2],[-115.22222222222223,-75.77777777777777]]],[[[-78.48275862068967,-74.51724137931035],[-78.0,-74.41666666666666],[-77.0,-74.5],[-76.0,-74.10000000000001],[-75.4,-74.4],[-75.18181818181817,-75.0],[-75.8125,-75.1875],[-76.90163934426229,-75.09836065573771],[-78.0,-75.30434782608695],[-78.53846153846153,-75.0],[-78.48275862068967,-74.51724137931035]]],[[[-84.5,-74.0],[-84.0,-73.9],[-80.66666666666667,-74.0],[-81.0,-74.25],[-84.5,-74.0]]],[[[-104.3076923076923,-74.3076923076923],[-104.4,-74.0],[-104.0,-73.6],[-103.61290322580645,-73.61290322580645],[-103.25,-74.0],[-103.57142857142858,-74.42857142857143],[-104.0,-74.54545454545453],[-104.3076923076923,-74.3076923076923]]],[[[-78.7,-73.7],[-78.53846153846155,-74.46153846153847],[-79.26086956521739,-74.26086956521739],[-79.6,-74.0],[-79.0,-73.66666666666666],[-78.7,-73.7]]],[[[-98.0,-75.4],[-99.0,-75.20588235294117],[-99.85000000000001,-75.15],[-100.25,-75.25],[-100.75,-75.0],[-100.4,-74.0],[-100.7,-73.7],[-100.76470588235294,-73.0],[-100.35135135135134,-72.64864864864865],[-99.63888888888889,-72.63888888888889],[-99.13333333333333,-73.0],[-99.19047619047619,-73.19047619047619],[-99.0,-74.0],[-97.0,-74.33333333333334],[-95.0,-74.27272727272728],[-94.0,-74.55555555555556],[-93.0,-74.66666666666667],[-92.75,-74.75],[-92.71428571428572,-75.0],[-98.0,-75.4]]],[[[-101.64285714285714,-72.64285714285714],[-101.28571428571428,-73.0],[-101.46153846153847,-73.53846153846155],[-102.0,-73.83333333333334],[-102.33333333333334,-73.66666666666667],[-102.66666666666667,-73.66666666666667],[-102.66666666666667,-73.33333333333334],[-102.83333333333334,-73.0],[-102.0,-72.58333333333333],[-101.64285714285714,-72.64285714285714]]],[[[-179.7190635451505,-62.719063545150505],[-179.74233128834356,-63.0],[-180.0,-63.40975609756097],[-180.0,-62.5578947368421],[-179.7190635451505,-62.719063545150505]]],[[[-179.28571428571428,-54.71428571428571],[-178.8181818181818,-54.81818181818182],[-178.66666666666669,-55.0],[-179.0,-55.25],[-179.04651162790697,-55.04651162790698],[-179.28571428571428,-55.0],[-179.28571428571428,-54.71428571428571]]],[[[-179.66666666666669,-54.0],[-179.66666666666669,-54.333333333333336],[-180.0,-54.375],[-180.0,-54.0],[-180.0,-52.0],[-179.83471074380165,-52.83471074380165],[-179.23076923076923,-53.0],[-179.34285714285716,-53.65714285714286],[-179.66666666666669,-54.0]]],[[[-177.0,-51.724637681159415],[-176.53703703703704,-51.46296296296296],[-176.3421052631579,-51.0],[-176.36363636363637,-50.63636363636363],[-176.0,-50.42222222222222],[-174.95580110497238,-50.95580110497238],[-174.0,-50.871428571428574],[-172.0,-51.0],[-174.0,-52.96666666666667],[-175.0,-53.45454545454545],[-176.5,-53.5],[-178.06611570247935,-52.06611570247934],[-178.0,-51.900000000000006],[-177.0,-51.724637681159415]]],[[[-170.36363636363637,-50.63636363636363],[-171.0,-51.0],[-171.0,-49.960629921259844],[-170.0,-50.0],[-170.36363636363637,-50.63636363636363]]],[[[-176.4318181818182,-49.56818181818182],[-176.85454545454547,-50.14545454545454],[-177.0,-50.074074074074076],[-178.0,-50.41935483870968],[-178.54285714285714,-50.457142857142856],[-179.0,-50.888888888888886],[-179.89999999999998,-50.900000000000006],[-180.0,-50.75],[-180.0,-47.0],[-179.00000000000003,-46.2],[-178.71428571428572,-47.285714285714285],[-178.92857142857142,-47.92857142857143],[-178.0,-48.230769230769226],[-177.04761904761904,-47.952380952380956],[-176.0625,-48.0625],[-175.92265193370167,-48.92265193370166],[-176.0,-49.269230769230774],[-176.4318181818182,-49.56818181818182]]],[[[-76.91666666666666,6.0],[-76.78947368421052,6.789473684210526],[-76.6,7.0],[-75.94915254237289,7.0],[-75.73170731707317,6.0],[-76.0,5.917293233082707],[-76.91666666666666,6.0]]],[[[-75.61538461538461,17.0],[-76.0,16.65753424657534],[-76.3875968992248,16.612403100775197],[-76.79591836734694,16.79591836734694],[-77.0,16.6875],[-77.1639344262295,16.83606557377049],[-77.13157894736841,17.0],[-75.81203007518798,17.18796992481203],[-75.61538461538461,17.0]]],[[[-77.0,23.115384615384617],[-75.0,23.045454545454547],[-74.88235294117648,22.88235294117647],[-75.57142857142858,22.571428571428573],[-75.875,22.0],[-77.02222222222223,22.0],[-77.125,23.0],[-77.0,23.115384615384617]]],[[[-100.80000000000001,23.0],[-101.0,22.0],[-101.016,22.984],[-102.0,23.0],[-101.125,23.125],[-100.80000000000001,23.0]]],[[[-42.666666666666664,82.0],[-42.66666666666667,81.66666666666667],[-43.0,81.5],[-44.0,81.5],[-45.0,81.0],[-44.25,80.75],[-44.0,80.4],[-43.0,80.5],[-42.89473684210526,80.89473684210526],[-42.0,81.0],[-41.0,81.5],[-40.833333333333336,81.83333333333334],[-40.0,81.89999999999999],[-37.0,81.7],[-36.470588235294116,81.52941176470588],[-35.266666666666666,80.73333333333332],[-34.0,80.30000000000001],[-33.51724137931034,80.51724137931035],[-33.0,81.11111111111111],[-31.84,81.16],[-31.0,80.66666666666667],[-30.733333333333334,80.73333333333332],[-30.599999999999998,81.0],[-30.0,81.33333333333334],[-27.61290322580645,81.61290322580645],[-26.0,81.58333333333333],[-25.0,81.7],[-24.0,81.6],[-23.741935483870968,81.74193548387098],[-22.0,82.0],[-15.0,82.17241379310344],[-11.999999999999998,81.70588235294117],[-9.2,81.0],[-9.2,80.0],[-9.054054054054053,79.94594594594595],[-8.5,80.0],[-8.285714285714285,80.28571428571428],[-8.0,80.33333333333333],[-7.0,80.0],[-5.083333333333334,79.91666666666667],[-3.4000000000000004,79.6],[-3.0,79.33333333333334],[-2.909090909090909,78.9090909090909],[-3.0,78.5],[-3.25,78.25],[-5.1,78.1],[-5.722222222222222,78.27777777777777],[-7.0,78.0625],[-7.444444444444444,77.44444444444444],[-8.0,77.11111111111111],[-8.5,77.0],[-9.0,76.0],[-8.666666666666668,75.33333333333334],[-8.714285714285714,74.71428571428571],[-10.0,74.5],[-10.277777777777779,74.27777777777777],[-10.51111111111111,73.5111111111111],[-11.0,73.0],[-11.285714285714285,72.28571428571428],[-11.714285714285714,71.71428571428571],[-12.38095238095238,71.38095238095238],[-13.0,71.25],[-13.375,71.0],[-12.76,70.75999999999999],[-12.275862068965516,70.72413793103448],[-12.355555555555556,70.35555555555555],[-12.222222222222223,70.0],[-13.0,69.50877192982456],[-14.0,70.0],[-14.614035087719298,69.61403508771929],[-14.799999999999999,69.0],[-14.857142857142858,68.0],[-15.0,67.83333333333334],[-15.591549295774648,67.59154929577466],[-16.469945355191257,67.46994535519126],[-17.10169491525424,67.10169491525423],[-17.352941176470587,66.6470588235294],[-17.0,66.0],[-16.495238095238093,65.5047619047619],[-15.0,64.425],[-14.0,64.41935483870968],[-13.765765765765767,64.23423423423424],[-13.754716981132075,63.75471698113208],[-14.344827586206897,63.344827586206904],[-14.675675675675675,62.67567567567568],[-15.305555555555557,62.30555555555556],[-15.6986301369863,61.698630136986296],[-16.0,61.56],[-16.275000000000002,61.72500000000001],[-16.55294117647059,62.44705882352941],[-17.0,62.949999999999996],[-17.557692307692307,62.55769230769231],[-18.0,62.425],[-20.0,62.31372549019608],[-20.472972972972972,62.527027027027025],[-21.142857142857142,62.85714285714286],[-21.451612903225804,63.4516129032258],[-21.0,63.53846153846154],[-20.684210526315788,64.0],[-21.0,64.28571428571428],[-21.210526315789473,64.21052631578948],[-21.52112676056338,63.52112676056339],[-26.27777777777778,63.72222222222222],[-26.674418604651166,64.32558139534883],[-30.0,64.4],[-31.096774193548388,64.09677419354838],[-31.563636363636363,63.56363636363636],[-32.18181818181818,63.18181818181819],[-32.521126760563384,62.521126760563384],[-33.08333333333333,62.083333333333336],[-33.45454545454545,61.45454545454545],[-34.23529411764706,60.99999999999999],[-34.470588235294116,60.0],[-35.0327868852459,59.032786885245905],[-35.794871794871796,58.794871794871796],[-36.0,58.6],[-37.0,58.77777777777778],[-38.0,59.2962962962963],[-39.0,59.413793103448285],[-40.83673469387755,60.163265306122454],[-41.20253164556962,60.79746835443038],[-41.888888888888886,61.0],[-42.0,62.0],[-42.56521739130435,62.434782608695656],[-43.28571428571428,63.71428571428571],[-44.0,64.0],[-44.0,65.0],[-44.66666666666667,65.33333333333334],[-45.0,66.0],[-45.0,67.0],[-44.0,67.33333333333333],[-43.75,67.75],[-43.75,68.0],[-44.0,68.2],[-44.6,68.4],[-44.8,69.0],[-43.9,70.0],[-44.486486486486484,70.51351351351352],[-44.81818181818181,71.0],[-44.6,72.0],[-45.18181818181819,72.81818181818181],[-45.57142857142857,74.0],[-46.81818181818182,75.18181818181819],[-49.0,75.51724137931035],[-52.70967741935483,75.29032258064515],[-54.57142857142857,75.42857142857143],[-55.875,76.0],[-55.857142857142854,76.14285714285714],[-56.285714285714285,76.71428571428572],[-56.66666666666667,76.66666666666667],[-57.42857142857143,77.0],[-56.629629629629626,77.62962962962962],[-56.58333333333333,78.0],[-56.696969696969695,78.30303030303031],[-58.0,78.4090909090909],[-59.17777777777778,78.17777777777778],[-59.69230769230769,77.6923076923077],[-63.0,77.0],[-63.916666666666664,75.91666666666667],[-65.0,75.5625],[-65.88888888888889,74.88888888888889],[-67.5,74.0],[-67.23255813953489,73.76744186046511],[-64.57575757575758,73.42424242424242],[-63.372549019607845,72.62745098039215],[-62.628865979381445,72.37113402061856],[-62.0,71.86666666666667],[-59.70149253731343,71.29850746268656],[-59.19047619047619,70.80952380952381],[-57.69230769230769,70.3076923076923],[-57.0,69.875],[-56.166666666666664,69.83333333333333],[-56.0,69.75],[-55.666666666666664,69.0],[-55.75,68.0],[-54.77358490566038,67.77358490566039],[-54.0,67.82352941176471],[-53.175,66.825],[-51.54761904761905,66.45238095238095],[-51.13636363636364,66.0],[-51.35294117647059,65.35294117647058],[-52.0,65.0],[-52.511111111111106,64.5111111111111],[-53.0,64.35294117647058],[-54.46511627906977,64.46511627906976],[-55.0,64.0],[-54.66666666666667,63.0],[-54.66666666666667,62.66666666666667],[-55.0,62.0],[-55.857142857142854,61.857142857142854],[-55.92307692307692,61.0],[-55.769230769230774,60.0],[-55.0,58.900000000000006],[-54.36363636363637,58.63636363636364],[-54.400000000000006,58.400000000000006],[-54.15384615384616,57.84615384615385],[-53.54838709677419,57.45161290322581],[-53.307692307692314,56.69230769230769],[-53.0,56.2],[-52.666666666666664,56.0],[-52.5,55.0],[-52.0,54.833333333333336],[-51.565217391304344,54.43478260869565],[-51.19047619047619,53.80952380952381],[-49.733333333333334,53.266666666666666],[-48.565217391304344,52.43478260869565],[-47.66666666666667,51.0],[-47.66666666666667,50.0],[-47.44444444444444,49.55555555555556],[-47.0,49.33333333333333],[-46.46666666666667,48.53333333333333],[-45.84615384615385,48.153846153846146],[-45.599999999999994,47.0],[-45.599999999999994,46.0],[-45.66666666666667,45.66666666666667],[-46.36363636363637,45.36363636363637],[-47.0,45.28571428571429],[-48.0,45.5],[-49.0,45.333333333333336],[-50.0,45.333333333333336],[-51.0,45.5],[-51.333333333333336,45.333333333333336],[-51.66666666666667,44.66666666666667],[-52.0,44.5],[-54.0,44.5],[-54.400000000000006,44.400000000000006],[-55.66666666666667,43.66666666666667],[-57.32000000000001,43.32],[-57.909090909090914,42.909090909090914],[-58.0,42.5],[-60.0,42.6],[-60.22222222222222,42.77777777777778],[-60.54545454545455,43.45454545454545],[-61.0,43.625],[-61.416666666666664,43.416666666666664],[-61.78947368421053,42.78947368421053],[-62.444444444444436,42.44444444444444],[-62.66666666666667,42.0],[-62.714285714285715,41.28571428571428],[-62.6,40.6],[-63.0,40.0],[-66.0,40.0],[-66.33333333333334,39.0],[-66.94666666666667,38.946666666666665],[-67.0,38.333333333333336],[-67.5,38.0],[-67.97368421052632,37.973684210526315],[-68.22222222222223,37.77777777777777],[-68.6923076923077,37.69230769230769],[-68.77777777777777,37.22222222222222],[-68.96666666666667,36.96666666666666],[-68.99152542372882,34.99152542372881],[-69.97402597402598,34.97402597402597],[-70.0,33.949999999999996],[-70.92307692307692,33.92307692307693],[-71.33333333333334,33.66666666666667],[-71.66666666666667,33.66666666666667],[-71.66666666666667,33.333333333333336],[-71.83333333333333,33.0],[-72.15384615384616,32.84615384615385],[-72.84615384615385,32.84615384615385],[-73.0,32.5],[-73.33333333333334,32.333333333333336],[-73.5,32.0],[-73.9,31.9],[-74.0,31.0],[-74.75,30.75],[-74.85714285714285,30.0],[-74.5,27.0],[-74.8,26.8],[-74.95348837209302,24.953488372093023],[-77.5,25.0],[-77.5,26.0],[-77.6,26.400000000000002],[-78.0,27.0],[-78.0,28.0],[-78.22222222222223,28.77777777777778],[-79.0,29.0],[-79.25,29.75],[-80.0,29.857142857142854],[-80.125,30.125],[-80.125,30.875],[-80.80000000000001,31.2],[-81.0,31.5],[-81.33333333333334,31.333333333333336],[-81.5,31.0],[-82.94117647058823,30.941176470588236],[-83.0,30.666666666666664],[-83.44444444444443,30.444444444444443],[-83.66666666666667,30.0],[-87.92307692307693,29.92307692307692],[-88.69230769230771,29.692307692307693],[-89.71428571428571,29.714285714285715],[-90.66666666666667,29.0],[-90.94736842105263,28.94736842105263],[-91.0,27.0],[-91.60000000000001,26.6],[-92.0,26.0],[-92.4,26.6],[-92.5,27.0],[-92.83333333333334,27.166666666666668],[-93.10526315789474,27.10526315789474],[-93.25,26.0],[-92.5,25.5],[-92.4,25.0],[-92.4,24.0],[-92.625,23.625],[-93.0,23.5],[-93.11538461538461,23.0],[-93.02564102564102,22.0],[-92.0,22.0],[-91.90476190476191,21.095238095238095],[-91.07692307692308,20.923076923076923],[-90.73076923076923,19.730769230769234],[-90.75,19.25],[-90.0,19.048780487804876],[-89.0,19.0],[-87.17391304347827,19.17391304347826],[-87.0,20.0],[-86.03225806451613,20.032258064516128],[-86.0,21.5],[-85.60000000000001,21.6],[-85.0,22.0],[-84.14285714285714,22.142857142857142],[-84.0,23.0],[-82.0,23.0],[-81.84615384615384,22.153846153846153],[-81.0,22.0],[-81.85714285714286,21.857142857142858],[-81.77777777777777,21.22222222222222],[-81.95833333333333,20.958333333333336],[-82.0,19.833333333333336],[-82.5,19.5],[-82.71428571428571,19.0],[-82.90243902439025,18.902439024390244],[-82.96,16.96],[-83.4731182795699,16.473118279569892],[-83.56410256410257,16.0],[-83.46808510638297,15.53191489361702],[-83.0,15.083333333333334],[-82.08,15.08],[-82.0,15.333333333333334],[-81.5,15.5],[-81.0,16.0],[-80.93333333333334,15.066666666666666],[-81.2,14.8],[-81.8,14.8],[-81.93333333333334,13.0],[-82.0,12.8],[-82.5,12.5],[-82.8,12.0],[-82.95555555555555,11.955555555555556],[-83.2,10.0],[-83.0,9.944444444444445],[-82.67924528301887,9.320754716981133],[-80.77142857142857,8.0],[-80.46153846153847,7.538461538461538],[-78.9076923076923,7.092307692307692],[-77.83333333333334,7.166666666666666],[-77.22222222222223,7.0],[-77.69565217391305,6.695652173913044],[-78.0,6.758620689655173],[-78.38888888888889,6.611111111111111],[-78.7,6.7],[-78.66666666666667,6.333333333333334],[-78.97122302158274,5.971223021582734],[-79.19047619047619,6.0],[-79.54054054054053,6.45945945945946],[-80.0,6.515151515151516],[-80.18285714285715,6.817142857142857],[-80.84905660377359,6.849056603773585],[-82.0,7.15],[-82.36042402826855,7.639575971731449],[-83.00542005420054,7.994579945799458],[-83.19883040935673,8.801169590643275],[-84.00542005420054,8.994579945799458],[-84.0625,9.9375],[-85.0262467191601,9.973753280839894],[-85.07407407407408,10.925925925925926],[-85.625,11.0],[-85.69999999999999,11.3],[-86.0,11.6],[-86.02597402597404,11.974025974025974],[-86.35,12.65],[-87.02631578947368,12.973684210526317],[-88.0,13.0625],[-88.24193548387098,13.758064516129032],[-90.0,14.130434782608695],[-90.39087947882736,14.609120521172638],[-91.04615384615386,15.0],[-91.52123552123551,15.478764478764479],[-91.98611111111111,16.0],[-92.29629629629629,16.703703703703702],[-93.00653594771241,16.99346405228758],[-94.0,17.71764705882353],[-95.09907120743034,17.90092879256966],[-95.34042553191489,18.0],[-95.58940397350993,18.410596026490065],[-97.06930693069306,18.93069306930693],[-97.30136986301369,19.698630136986303],[-97.6883116883117,19.68831168831169],[-98.13186813186813,19.86813186813187],[-98.62181818181818,20.37818181818182],[-99.92156862745098,21.000000000000004],[-99.75757575757575,22.757575757575758],[-99.55555555555556,23.0],[-99.86440677966102,23.135593220338983],[-99.98581560283688,24.01418439716312],[-100.66,24.34],[-101.0,25.166666666666668],[-101.57894736842105,25.421052631578945],[-101.75,26.0],[-102.00000000000001,26.217391304347828],[-102.19999999999999,26.200000000000003],[-102.32,24.68],[-101.77777777777777,24.22222222222222],[-101.71428571428572,23.71428571428571],[-102.0,23.0],[-102.05882352941177,23.941176470588236],[-102.66666666666667,24.0],[-102.76470588235294,24.235294117647058],[-103.0,24.153846153846153],[-103.14102564102565,24.858974358974358],[-104.00542005420054,24.994579945799458],[-104.05128205128206,25.94871794871795],[-104.8343949044586,25.8343949044586],[-105.0641975308642,25.935802469135805],[-104.86206896551724,27.13793103448276],[-105.0,27.142857142857146],[-105.28235294117647,27.71764705882353],[-106.00584795321637,27.994152046783626],[-106.22680412371133,29.22680412371134],[-106.05084745762711,29.949152542372882],[-107.0,30.28125],[-107.29299363057325,31.29299363057325],[-107.24806201550388,31.751937984496124],[-108.05221932114883,31.947780678851174],[-108.16949152542372,32.16949152542373],[-108.1320754716981,32.867924528301884],[-108.73493975903614,32.734939759036145],[-110.0,32.89051094890511],[-110.22058823529412,33.220588235294116],[-110.2625,33.7375],[-111.0518134715026,33.94818652849741],[-111.10309278350516,34.103092783505154],[-110.50282485875707,34.502824858757066],[-110.24137931034483,35.0],[-110.38235294117646,35.61764705882353],[-111.0,35.977777777777774],[-112.0,36.0],[-112.2,37.2],[-112.10526315789474,37.89473684210526],[-113.0,37.962500000000006],[-113.10071942446044,38.89928057553957],[-114.00542005420054,38.99457994579946],[-114.21857923497268,39.78142076502732],[-115.0,40.11764705882353],[-115.3135593220339,42.0],[-115.34117647058824,43.0],[-115.0,43.82857142857143],[-114.07843137254903,44.07843137254902],[-113.8,44.8],[-113.41666666666666,45.0],[-113.85185185185185,46.14814814814815],[-114.0081300813008,48.0],[-114.33064516129033,48.66935483870968],[-114.9111111111111,49.0],[-115.16666666666666,49.83333333333333],[-116.0,50.0],[-117.00583090379008,49.99416909620991],[-116.56363636363638,50.56363636363637],[-116.60000000000001,51.0],[-116.81102362204726,51.188976377952756],[-117.23529411764707,51.23529411764706],[-117.81208053691276,50.81208053691275],[-119.0,50.94573643410853],[-119.25,51.25],[-118.45454545454545,52.0],[-119.0,52.21428571428571],[-119.66666666666667,51.66666666666667],[-120.13592233009709,51.86407766990291],[-121.00544959128065,51.99455040871935],[-120.9375,53.0625],[-121.38709677419354,53.612903225806456],[-121.72093023255815,54.27906976744186],[-121.88372093023256,55.116279069767444],[-122.26315789473685,55.26315789473685],[-123.0,55.0],[-122.68,55.68000000000001],[-122.7948717948718,56.00000000000001],[-122.70909090909089,56.29090909090908],[-123.0,56.5],[-124.0,56.599999999999994],[-124.26666666666668,56.733333333333334],[-124.66666666666669,57.333333333333336],[-124.73333333333333,58.00000000000001],[-125.13114754098362,58.131147540983605],[-125.9591836734694,58.04081632653062],[-125.77777777777777,58.77777777777778],[-126.0,59.230769230769226],[-126.32142857142857,59.32142857142857],[-127.0,59.0],[-127.0,58.0],[-127.77777777777777,58.22222222222222],[-128.816091954023,58.183908045977006],[-129.55555555555554,58.44444444444444],[-129.81967213114754,59.18032786885246],[-130.50877192982458,59.49122807017544],[-130.92105263157896,60.078947368421055],[-132.30232558139534,60.302325581395344],[-132.75757575757575,60.24242424242424],[-133.0,60.44444444444444],[-133.14814814814815,60.85185185185185],[-134.0,61.09090909090909],[-135.16326530612244,61.16326530612245],[-135.94594594594594,61.05405405405405],[-136.0,61.5],[-137.0,61.5],[-137.1,61.1],[-140.93548387096774,61.06451612903226],[-141.77777777777777,61.22222222222223],[-142.0,62.0],[-143.0,62.0],[-143.33333333333334,61.33333333333334],[-145.0,61.142857142857146],[-145.0434782608696,61.04347826086956],[-143.71428571428572,60.71428571428571],[-143.23529411764707,60.76470588235294],[-143.0,60.0],[-143.59420289855072,59.59420289855073],[-144.0,59.0],[-145.94117647058823,59.05882352941176],[-146.33333333333334,59.333333333333336],[-147.0,59.0],[-146.54545454545456,59.54545454545454],[-146.61538461538464,60.0],[-147.0,60.41666666666666],[-147.43478260869563,60.434782608695656],[-147.7142857142857,60.28571428571428],[-148.0,60.33333333333334],[-148.125,60.125],[-148.1818181818182,59.81818181818181],[-148.0,59.0],[-148.8181818181818,59.18181818181819],[-149.84615384615384,59.15384615384616],[-150.0,59.333333333333336],[-150.125,59.125],[-151.0,59.07692307692308],[-151.6923076923077,59.307692307692314],[-152.0,59.57142857142857],[-152.5,59.5],[-153.0,58.5],[-153.33333333333334,58.66666666666667],[-154.0,58.75],[-154.07142857142858,58.92857142857143],[-158.0,58.78378378378378],[-158.8,59.0],[-158.6923076923077,59.307692307692314],[-159.0,60.0],[-159.5,60.5],[-161.0,61.0],[-163.0,61.0],[-164.0,62.0],[-164.0,63.0],[-166.0,63.0],[-167.0,62.0],[-168.0,62.0],[-168.0,64.0],[-166.0,64.0],[-166.0,65.0],[-167.0,65.0],[-167.0,66.0],[-168.0,66.0],[-168.8181818181818,66.18181818181819],[-169.0,67.0],[-170.0,67.0],[-171.2,67.19999999999999],[-172.0,67.0],[-171.8,67.8],[-172.0,68.10000000000001],[-173.0,68.0],[-173.0,67.0],[-176.0,67.0],[-176.0,66.0],[-175.60000000000002,65.4],[-175.66666666666669,64.0],[-176.02298850574712,64.02298850574712],[-176.02298850574712,64.97701149425288],[-178.0,65.0],[-178.625,65.375],[-179.0,65.375],[-179.5,65.0],[-180.0,64.93814432989691],[-180.0,72.69999999999999],[-179.8125,72.8125],[-178.13333333333333,72.86666666666667],[-177.66666666666669,72.66666666666667],[-177.33333333333334,72.66666666666667],[-177.0,72.0],[-175.0,72.0],[-174.125,71.875],[-174.0,71.66666666666667],[-173.60000000000002,71.60000000000001],[-173.0,72.0],[-169.0,72.0],[-169.0,71.0],[-165.0,71.0],[-165.0,70.0],[-162.0,70.0],[-162.0,72.0],[-161.0,72.0],[-161.0,73.0],[-158.0,73.0],[-158.0,74.0],[-156.0,74.0],[-156.0,73.0],[-155.0,73.0],[-155.0,74.0],[-149.0,74.0],[-149.0,73.0],[-147.0,72.55555555555556],[-146.0,72.66666666666667],[-145.0,72.42857142857143],[-143.7,72.7],[-143.4,73.0],[-141.96648044692736,73.03351955307262],[-141.57142857142856,73.0],[-141.0,72.66666666666667],[-139.99999999999997,72.91666666666666],[-139.7962962962963,72.2037037037037],[-139.0,72.02564102564102],[-137.0,72.20454545454545],[-134.0,72.0],[-132.0,71.68421052631578],[-131.0,72.0],[-122.13333333333333,72.13333333333333],[-121.5,72.5],[-121.0,73.0],[-118.0,73.0],[-116.57142857142857,72.42857142857143],[-116.4,72.0],[-116.0,71.75],[-115.0,72.0],[-115.0,73.0],[-114.66666666666667,73.66666666666667],[-114.5,74.5],[-114.0,75.0],[-113.60000000000001,75.60000000000001],[-113.5,76.0],[-112.7142857142857,76.71428571428572],[-111.33333333333334,77.33333333333334],[-111.0,77.75],[-110.71428571428571,77.71428571428571],[-110.0,78.0],[-109.0,78.0],[-106.42105263157893,78.42105263157895],[-103.68421052631578,78.68421052631578],[-101.66666666666667,78.66666666666667],[-101.00000000000001,78.80000000000001],[-100.17391304347827,79.17391304347825],[-98.27272727272728,79.27272727272727],[-97.0,79.5],[-93.71428571428571,79.28571428571428],[-93.0,79.0],[-93.0,78.0],[-92.5,78.5],[-91.60000000000001,78.60000000000001],[-91.0,79.0],[-89.0,79.0],[-88.75,80.0],[-88.27272727272727,80.27272727272727],[-84.66666666666667,80.66666666666667],[-84.0,81.0],[-80.92307692307692,81.07692307692307],[-80.5,81.0],[-80.0,80.66666666666667],[-78.77777777777777,80.77777777777777],[-78.30769230769232,80.6923076923077],[-76.0,80.75],[-74.99999999999999,80.9090909090909],[-74.47457627118645,81.47457627118644],[-74.0,81.63636363636364],[-72.0,81.4],[-71.75757575757575,81.24242424242425],[-71.36734693877551,80.63265306122449],[-71.0,80.4],[-70.0,80.33333333333333],[-69.38095238095238,80.38095238095238],[-68.63636363636364,80.63636363636364],[-66.16666666666666,82.0],[-63.74468085106383,82.25531914893617],[-62.0,82.71428571428571],[-56.0,82.79310344827587],[-54.644444444444446,82.64444444444445],[-53.0,82.8235294117647],[-48.08163265306123,82.91836734693877],[-46.0,82.70588235294117],[-42.666666666666664,82.0]],[[-17.575757575757578,66.42424242424244],[-19.0,66.16129032258065],[-19.357142857142858,66.0],[-19.161290322580644,65.83870967741936],[-18.0,65.61111111111111],[-17.0,66.0],[-17.575757575757578,66.42424242424244]],[[-126.91666666666667,59.916666666666664],[-127.0408163265306,60.04081632653061],[-127.5,60.0],[-127.04347826086956,59.95652173913044],[-127.0,59.0],[-126.91666666666667,59.916666666666664]],[[-158.22222222222223,59.77777777777778],[-157.9,59.9],[-155.83333333333334,59.833333333333336],[-155.0,60.0],[-153.0,60.0],[-153.0,61.0],[-155.0,61.0],[-155.5,60.5],[-158.0,60.5],[-158.4,60.400000000000006],[-159.0,60.0],[-158.22222222222223,59.77777777777778]],[[-93.6,78.4],[-95.22222222222223,78.22222222222223],[-96.0,78.0],[-95.0,77.80000000000001],[-93.83333333333334,77.83333333333334],[-93.0,78.0],[-93.6,78.4]],[[-166.0,67.0],[-166.0,68.0],[-167.0,68.0],[-167.0,67.0],[-166.0,67.0]],[[-163.0,67.0],[-163.0,68.0],[-164.0,68.0],[-164.0,67.0],[-163.0,67.0]],[[-55.65517241379311,64.65517241379311],[-55.0,65.0],[-56.25,65.25],[-56.45454545454545,65.0],[-55.65517241379311,64.65517241379311]],[[-48.484848484848484,79.51515151515152],[-49.25,80.0],[-50.0,80.1875],[-50.512195121951216,79.51219512195122],[-51.15384615384615,79.15384615384616],[-54.5,79.0],[-53.0,78.8125],[-51.875,78.875],[-48.7,78.7],[-47.75,78.75],[-47.2,79.0],[-48.484848484848484,79.51515151515152]],[[-41.333333333333336,67.66666666666667],[-41.0,67.33333333333333],[-40.66666666666667,68.0],[-41.0,68.28571428571428],[-41.4,68.0],[-41.333333333333336,67.66666666666667]],[[-24.333333333333332,66.0],[-24.54285714285714,65.54285714285714],[-25.846153846153847,65.0],[-25.431372549019606,64.56862745098039],[-25.0,64.5],[-24.0,64.83333333333334],[-23.0,64.62962962962962],[-22.411764705882355,65.0],[-22.565217391304348,65.43478260869564],[-23.0,65.83333333333333],[-24.0,66.34782608695652],[-24.333333333333332,66.0]],[[-15.953488372093023,68.95348837209302],[-15.888888888888888,69.0],[-15.959183673469388,69.04081632653062],[-15.953488372093023,68.95348837209302]],[[-57.0,59.08333333333333],[-56.214285714285715,60.0],[-56.315789473684205,60.315789473684205],[-56.18181818181818,60.81818181818182],[-57.0,61.0],[-57.61904761904762,60.61904761904762],[-57.84615384615384,60.0],[-57.6,59.400000000000006],[-57.0,59.08333333333333]],[[-132.0,63.95652173913044],[-131.95238095238096,63.95238095238095],[-132.0,64.08333333333333],[-132.0,63.95652173913044]],[[-128.05555555555554,60.99999999999999],[-128.0,60.5],[-127.95918367346938,60.95918367346939],[-128.05555555555554,60.99999999999999]],[[-121.20000000000002,69.0],[-121.4,68.4],[-122.0,68.0],[-120.20289855072464,67.79710144927536],[-118.86666666666667,67.86666666666666],[-118.83333333333334,68.16666666666666],[-119.0,68.33333333333334],[-120.42424242424244,68.57575757575758],[-120.84,69.16],[-120.99999999999999,69.18181818181819],[-121.20000000000002,69.0]],[[-117.77777777777777,67.22222222222223],[-118.13333333333334,67.13333333333334],[-118.00000000000001,66.92307692307692],[-117.66666666666667,67.0],[-117.77777777777777,67.22222222222223]],[[-116.0,66.5],[-115.71428571428572,67.0],[-115.77777777777777,67.22222222222223],[-116.26666666666667,67.26666666666667],[-116.33333333333334,67.0],[-116.0,66.5]],[[-107.00000000000001,76.8],[-106.5,77.0],[-107.0,77.33333333333334],[-107.25,77.25],[-107.33333333333334,77.0],[-107.00000000000001,76.8]],[[-105.0754716981132,28.92452830188679],[-104.71428571428571,29.0],[-105.0,29.22222222222222],[-105.0754716981132,28.92452830188679]],[[-102.85714285714286,26.857142857142854],[-102.86046511627907,27.139534883720927],[-103.0,27.299999999999997],[-103.15789473684211,27.157894736842103],[-103.11111111111111,26.88888888888889],[-102.85714285714286,26.857142857142854]],[[-77.0,60.0],[-76.0,61.0],[-75.60000000000001,61.6],[-75.0,62.0],[-74.0,62.0],[-74.5,62.5],[-74.5,63.0],[-74.8,63.2],[-76.0,63.0],[-77.0,63.25],[-77.46153846153847,63.53846153846155],[-77.73333333333333,64.26666666666667],[-78.0,64.33333333333334],[-79.30769230769232,64.3076923076923],[-81.0,64.0],[-81.5,63.0],[-81.4,62.6],[-81.0,62.5],[-80.0,63.0],[-77.66666666666667,62.333333333333336],[-77.5,62.0],[-77.66666666666667,61.66666666666667],[-79.0,61.0],[-78.4,60.60000000000001],[-77.6,60.400000000000006],[-77.0,60.0]],[[-74.0,77.57142857142857],[-72.75,78.0],[-75.30769230769232,78.30769230769232],[-76.22222222222223,78.22222222222223],[-76.5,78.0],[-76.22222222222223,77.77777777777777],[-74.0,77.57142857142857]],[[-66.75,64.0],[-67.0,64.2],[-67.33333333333334,64.0],[-67.0,63.5],[-66.75,64.0]],[[-121.75,57.0],[-121.96491228070175,57.96491228070175],[-122.00000000000001,58.03448275862069],[-122.21621621621622,57.21621621621621],[-122.5,57.0],[-122.29090909090908,56.709090909090904],[-121.83157894736843,56.83157894736842],[-121.75,57.0]],[[-107.29629629629629,71.29629629629629],[-107.44444444444446,71.0],[-107.0,70.6],[-106.7037037037037,70.7037037037037],[-106.5,71.0],[-106.69230769230771,71.3076923076923],[-107.0,71.4],[-107.29629629629629,71.29629629629629]],[[-83.0,61.0],[-83.0,60.0],[-82.0,60.0],[-82.0,62.0],[-84.0,62.0],[-84.0,61.0],[-83.0,61.0]],[[-72.66666666666667,76.0],[-73.11111111111111,76.11111111111111],[-73.5,76.0],[-73.14285714285714,75.85714285714286],[-72.66666666666667,76.0]]],[[[-10.0,-79.66666666666666],[-9.0,-80.0],[-9.0,-81.0],[-11.0,-81.0],[-11.0,-80.0],[-10.0,-79.66666666666666]]],[[[-40.84615384615385,-79.0],[-41.0,-80.0],[-42.333333333333336,-80.0],[-41.5,-79.5],[-41.4,-79.0],[-41.19047619047619,-78.80952380952381],[-41.0,-78.8],[-40.84615384615385,-79.0]]],[[[-7.0,-78.0],[-6.342857142857143,-77.65714285714286],[-5.235294117647059,-77.76470588235294],[-4.285714285714286,-77.71428571428571],[-4.0,-77.57142857142857],[-3.6000000000000005,-77.6],[-3.0,-78.0],[-3.4000000000000004,-78.60000000000001],[-5.0,-78.80000000000001],[-6.0,-78.66666666666667],[-6.5,-78.5],[-7.0,-78.0]]],[[[-30.0,-77.6],[-29.789473684210527,-77.78947368421052],[-29.81818181818182,-78.0],[-30.0,-78.0909090909091],[-30.5,-78.0],[-30.0,-77.6]]],[[[55.140350877192986,-66.14035087719299],[55.955555555555556,-66.04444444444445],[58.0,-66.70588235294117],[59.0,-66.25],[59.77777777777778,-66.22222222222223],[61.0,-66.5],[62.0,-67.0],[62.0,-68.0],[62.46153846153846,-68.53846153846155],[62.5,-69.0],[63.39130434782609,-69.6086956521739],[63.58064516129032,-70.0],[63.34285714285714,-70.34285714285714],[62.27777777777778,-71.0],[62.0,-71.3125],[60.69696969696969,-71.30303030303031],[60.0,-71.0],[59.8,-71.8],[59.91176470588235,-72.0],[59.69230769230769,-72.69230769230771],[58.0,-72.80952380952381],[57.599999999999994,-73.0],[57.78378378378379,-73.21621621621621],[59.0,-73.33333333333334],[60.0,-73.14999999999999],[61.22222222222223,-73.22222222222223],[61.142857142857146,-73.0],[61.566265060240966,-72.56626506024097],[62.0,-72.37931034482759],[63.0,-72.7872340425532],[63.38461538461538,-72.61538461538461],[64.0,-73.0],[63.583333333333336,-72.41666666666667],[63.75,-71.75],[64.0,-71.625],[65.36363636363637,-71.63636363636363],[66.0,-71.92307692307692],[66.71428571428571,-71.71428571428571],[67.0,-71.25],[67.77777777777777,-70.77777777777777],[67.88571428571429,-69.88571428571429],[68.33333333333334,-69.33333333333334],[68.36363636363636,-69.0],[69.0,-68.66666666666667],[71.35294117647058,-68.6470588235294],[71.82608695652175,-68.82608695652173],[73.0,-68.8],[74.0,-68.08333333333333],[74.13333333333334,-68.13333333333333],[75.0,-67.6],[75.36363636363637,-67.63636363636364],[75.73333333333333,-68.26666666666667],[77.0,-68.0],[79.0,-67.875],[79.43478260869564,-68.56521739130434],[80.0,-68.73684210526315],[80.62962962962962,-68.62962962962963],[82.6,-67.6],[83.0,-67.6],[84.66666666666667,-67.0],[84.36363636363636,-66.63636363636364],[84.3,-66.0],[84.65853658536585,-65.65853658536585],[86.6,-66.0],[86.63636363636364,-66.36363636363637],[87.0,-67.0],[88.0,-66.0],[89.0,-65.89655172413794],[89.68181818181819,-65.68181818181819],[90.0,-65.0],[92.0,-65.0],[92.86666666666666,-64.86666666666667],[94.0,-64.9],[94.875,-65.125],[96.84615384615384,-64.84615384615384],[97.0,-64.66666666666666],[97.06666666666666,-64.93333333333334],[99.0,-65.0],[99.55555555555556,-65.44444444444444],[101.0,-65.425],[102.0,-65.81481481481481],[103.16666666666666,-65.83333333333334],[103.42857142857143,-66.0],[104.0,-67.0],[103.4,-67.4],[103.0,-67.5],[102.69696969696969,-67.30303030303031],[101.0,-67.20588235294117],[99.27777777777777,-67.27777777777777],[98.62162162162163,-67.62162162162161],[98.62162162162163,-68.37837837837839],[99.22857142857143,-68.77142857142857],[101.0,-68.87096774193549],[102.76470588235294,-68.76470588235294],[103.0,-68.55555555555556],[104.0,-68.625],[104.75,-69.0],[104.33333333333334,-69.33333333333334],[104.28571428571428,-69.71428571428572],[104.07142857142857,-70.07142857142857],[102.0,-70.2],[101.0,-70.38461538461539],[97.0,-70.23529411764706],[96.32,-70.32],[95.71428571428571,-70.71428571428571],[95.5,-71.0],[95.73333333333332,-71.26666666666667],[96.4,-71.60000000000001],[97.83333333333334,-72.0],[98.33333333333334,-72.66666666666667],[100.42857142857143,-73.0],[100.60000000000001,-73.4],[101.0,-73.66666666666666],[101.65217391304347,-73.65217391304348],[102.19999999999999,-73.8],[102.5,-74.0],[102.4,-74.4],[102.0,-75.0],[104.0,-75.57142857142857],[106.0,-75.72727272727272],[107.33333333333334,-76.0],[107.0,-77.0],[107.63636363636364,-77.36363636363637],[108.33333333333334,-77.66666666666667],[110.0,-78.0],[111.0,-78.0],[112.0,-79.0],[112.6190476190476,-79.38095238095238],[114.26666666666667,-79.73333333333333],[114.5,-80.0],[115.0,-80.25],[117.0,-80.6],[119.0,-80.33333333333334],[119.33333333333334,-80.0],[119.14285714285714,-79.85714285714286],[118.30769230769232,-79.6923076923077],[117.71428571428571,-79.28571428571428],[117.6,-79.0],[118.30769230769232,-78.30769230769232],[119.13333333333334,-78.13333333333333],[119.41666666666667,-77.41666666666667],[119.41666666666666,-77.0],[118.45,-76.55000000000001],[118.11764705882354,-75.88235294117646],[117.33333333333334,-75.0],[117.73913043478261,-74.73913043478261],[119.0,-74.86666666666666],[119.64516129032259,-74.64516129032259],[121.0,-74.4375],[122.0,-74.44827586206895],[124.09523809523809,-74.9047619047619],[124.55,-75.45],[125.0,-75.6923076923077],[126.0,-75.85714285714286],[126.21052631578948,-76.21052631578948],[126.26086956521739,-76.73913043478261],[127.0,-77.0],[123.8,-77.8],[123.0,-79.0],[123.625,-79.375],[125.0,-79.75],[125.4,-80.0],[126.0,-81.0],[124.5,-82.0],[125.0,-82.21428571428572],[126.0,-82.35294117647058],[127.80952380952381,-81.80952380952381],[129.79310344827587,-81.79310344827586],[132.0,-81.38095238095238],[135.0,-81.54545454545455],[137.0,-81.0625],[138.0,-81.0],[137.0,-80.83333333333333],[136.0,-80.33333333333333],[135.66666666666666,-80.0],[136.0,-79.6],[137.0,-79.44444444444446],[138.88888888888889,-78.88888888888889],[140.07999999999998,-79.08],[140.25,-79.0],[140.5,-78.5],[140.6,-78.0],[141.0,-77.66666666666667],[142.0,-77.52631578947367],[143.4,-77.6],[144.0,-78.25],[145.11764705882354,-78.11764705882354],[145.25,-78.0],[144.6190476190476,-77.38095238095238],[144.0909090909091,-76.0],[144.3,-75.3],[144.86206896551724,-74.86206896551724],[146.0,-74.55555555555556],[146.42105263157893,-74.57894736842105],[147.0,-75.0],[149.125,-75.125],[149.71428571428572,-75.28571428571428],[150.22222222222223,-75.22222222222223],[150.66666666666666,-75.0],[150.75757575757575,-74.75757575757575],[151.30769230769232,-74.3076923076923],[151.25,-74.0],[151.70588235294116,-73.0],[151.42857142857144,-72.57142857142857],[150.75,-72.0],[151.0,-71.0],[149.62790697674419,-70.37209302325581],[149.30434782608694,-70.0],[149.42424242424244,-69.57575757575758],[149.0,-69.125],[148.16666666666666,-69.16666666666667],[147.66666666666666,-69.0],[148.0,-68.8],[149.07407407407408,-68.92592592592592],[149.60000000000002,-69.4],[150.0,-69.23809523809524],[151.0,-69.16],[151.6818181818182,-69.31818181818181],[153.0,-69.32],[153.48571428571427,-69.51428571428572],[154.0,-70.18181818181817],[154.64102564102564,-70.35897435897436],[155.0,-70.63636363636364],[156.0,-70.26315789473685],[156.47619047619045,-70.47619047619047],[156.83333333333334,-70.0],[157.25,-70.0],[156.51351351351354,-70.51351351351352],[156.76315789473682,-71.23684210526315],[159.0,-71.02499999999999],[160.0,-71.175],[160.94666666666666,-70.94666666666666],[162.05405405405406,-71.05405405405405],[164.0,-71.0],[163.9746835443038,-72.0253164556962],[164.9183673469388,-71.91836734693878],[165.2,-72.0],[164.73333333333335,-72.73333333333333],[164.8125,-73.0],[164.53846153846155,-73.53846153846155],[163.82417582417582,-73.82417582417582],[163.43478260869563,-74.43478260869566],[163.0,-74.68181818181819],[162.55882352941177,-74.44117647058823],[162.0,-73.83333333333334],[161.75,-74.0],[160.0,-74.2962962962963],[159.0,-74.625],[158.0,-74.54545454545453],[157.89473684210526,-74.89473684210526],[157.27586206896552,-75.27586206896552],[154.9047619047619,-75.9047619047619],[154.80392156862746,-76.80392156862744],[154.8780487804878,-77.1219512195122],[155.0,-77.33333333333334],[155.95238095238093,-78.04761904761905],[156.4,-78.60000000000001],[156.53846153846155,-79.0],[155.40366972477065,-79.40366972477065],[154.0,-79.56521739130434],[153.53153153153153,-79.46846846846847],[153.0,-78.96875],[152.64179104477614,-79.64179104477611],[152.0,-79.84782608695652],[150.88636363636363,-79.88636363636363],[150.6875,-80.3125],[150.75,-80.75],[149.94444444444443,-81.0],[151.0,-81.16666666666667],[152.21052631578948,-81.78947368421052],[153.0,-82.0],[154.375,-82.625],[155.0,-82.73684210526315],[155.8409090909091,-83.1590909090909],[159.0,-83.81818181818181],[159.2,-84.0],[160.0,-84.24242424242424],[162.67619047619047,-84.32380952380952],[165.0,-84.80952380952381],[166.0,-84.80952380952381],[167.10869565217394,-85.1086956521739],[172.0,-84.92857142857143],[177.29166666666666,-85.29166666666666],[180.0,-85.13235294117646],[180.0,-90.0],[-180.0,-90.0],[-180.0,-85.13235294117646],[-176.68965517241378,-85.6896551724138],[-176.00000000000003,-86.04166666666667],[-171.2830188679245,-86.28301886792454],[-167.22535211267603,-86.22535211267606],[-163.0,-86.48780487804878],[-143.26168224299067,-86.26168224299066],[-136.0,-86.46341463414635],[-127.00000000000001,-86.27848101265823],[-126.04347826086956,-86.0],[-126.08695652173913,-85.08695652173913],[-143.0,-85.06666666666666],[-143.08695652173913,-84.08695652173914],[-147.11111111111111,-84.0],[-147.0,-83.91666666666667],[-142.11764705882354,-83.88235294117648],[-142.0,-83.75],[-139.14285714285714,-83.85714285714286],[-139.0,-83.875],[-138.89473684210526,-84.10526315789473],[-138.89473684210526,-84.89473684210526],[-126.0,-84.96428571428572],[-125.85714285714286,-85.14285714285714],[-125.85714285714286,-85.85714285714286],[-124.07692307692307,-85.92307692307693],[-123.15384615384615,-85.84615384615385],[-123.0,-85.0],[-117.08333333333333,-84.91666666666667],[-115.25,-84.75],[-115.0,-84.0],[-113.60000000000001,-83.4],[-113.0,-83.0],[-112.18181818181819,-82.81818181818181],[-111.83333333333334,-83.0],[-111.33333333333334,-84.0],[-111.33333333333334,-84.33333333333334],[-111.0,-84.66666666666667],[-110.60000000000001,-84.4],[-110.5,-84.0],[-109.0,-83.3125],[-108.0,-83.41666666666666],[-106.0,-83.0],[-105.0,-83.0],[-104.0,-82.66666666666666],[-98.29787234042553,-81.70212765957447],[-96.83333333333334,-81.0],[-94.28070175438596,-80.71929824561403],[-92.0,-80.05263157894737],[-90.42857142857142,-79.0],[-89.22222222222223,-78.77777777777777],[-88.0,-78.77777777777777],[-85.88135593220339,-78.11864406779661],[-85.70833333333333,-78.0],[-85.64999999999999,-77.65],[-86.0,-77.125],[-85.95454545454545,-76.95454545454545],[-79.66666666666666,-77.0],[-79.85714285714286,-77.14285714285714],[-82.03508771929825,-77.03508771929825],[-84.88235294117648,-77.11764705882352],[-84.58024691358024,-77.58024691358024],[-84.65306122448979,-78.0],[-84.29906542056077,-78.29906542056075],[-82.73529411764706,-78.73529411764707],[-82.38028169014083,-79.38028169014085],[-82.0,-79.5625],[-80.67901234567901,-79.67901234567901],[-80.28070175438596,-80.28070175438596],[-80.0,-80.4],[-79.0,-80.34782608695653],[-78.0,-80.88888888888889],[-77.0,-81.0],[-78.0,-81.11111111111111],[-79.0,-81.57692307692307],[-80.25,-81.75],[-81.71428571428571,-82.28571428571428],[-83.0,-82.3],[-83.35,-82.64999999999999],[-83.4375,-83.0],[-83.69491525423729,-83.30508474576271],[-84.0,-83.4090909090909],[-84.36734693877551,-83.36734693877551],[-85.60000000000001,-82.6],[-86.3157894736842,-82.3157894736842],[-86.6,-82.0],[-87.71929824561403,-81.71929824561403],[-89.0,-81.61111111111111],[-91.42857142857142,-82.0],[-91.33333333333334,-83.0],[-91.73333333333333,-83.26666666666667],[-95.125,-83.125],[-96.0,-83.25],[-98.0,-83.85714285714286],[-99.0,-83.83333333333333],[-99.3,-84.0],[-99.28571428571428,-84.28571428571428],[-98.73333333333333,-84.73333333333332],[-98.6,-85.0],[-97.51515151515152,-85.51515151515152],[-95.96153846153845,-86.03846153846153],[-94.71428571428572,-85.28571428571428],[-94.0,-85.0],[-92.66666666666667,-85.0],[-91.44444444444444,-84.55555555555554],[-91.0,-84.0],[-90.5,-83.0],[-90.0,-82.75],[-89.85714285714286,-84.0],[-89.38095238095238,-84.38095238095238],[-88.0,-84.51724137931035],[-85.0,-84.3],[-82.0,-84.54166666666666],[-79.0,-84.4],[-78.0,-84.54166666666666],[-75.19047619047619,-85.19047619047619],[-73.9047619047619,-85.9047619047619],[-73.0,-87.0],[-72.25,-87.25],[-70.0,-87.65],[-68.0,-87.66666666666667],[-65.58333333333334,-87.41666666666667],[-65.0,-87.28571428571429],[-64.15,-86.85],[-61.644444444444446,-86.35555555555555],[-61.0,-86.0],[-60.5625,-85.4375],[-60.0,-85.0],[-60.0,-84.0],[-59.22950819672131,-83.77049180327869],[-58.0,-83.82608695652175],[-56.3125,-84.3125],[-54.0,-84.62666666666667],[-52.42201834862385,-84.57798165137615],[-51.55339805825243,-84.44660194174757],[-51.0,-84.17647058823529],[-50.0,-84.35714285714285],[-49.72972972972973,-84.27027027027027],[-49.61538461538461,-83.38461538461539],[-49.375,-83.0],[-49.06818181818182,-82.93181818181819],[-47.18666666666667,-82.81333333333333],[-46.0,-82.58333333333334],[-42.4,-82.4],[-42.0,-82.41666666666666],[-41.625,-82.625],[-41.44736842105263,-83.0],[-41.63793103448276,-83.36206896551724],[-42.0,-83.55263157894737],[-43.27397260273972,-83.72602739726028],[-44.0,-84.4375],[-45.0,-84.43478260869566],[-46.0,-84.72727272727272],[-47.0,-84.8],[-48.28125,-84.71875],[-49.0,-85.0],[-48.0,-85.29032258064517],[-47.0,-85.28],[-45.0,-85.5909090909091],[-43.0,-85.6875],[-42.0,-85.5],[-41.0,-85.55555555555556],[-39.81818181818181,-85.81818181818181],[-39.12244897959184,-86.12244897959184],[-35.48,-86.47999999999999],[-29.7,-86.7],[-28.870967741935484,-86.87096774193549],[-27.583333333333336,-87.58333333333334],[-26.72222222222222,-87.72222222222223],[-16.0,-88.0],[-15.4,-88.4],[-15.0,-88.5],[-12.0,-88.4],[-9.833333333333332,-88.83333333333333],[-7.0,-88.83333333333334],[-6.0,-88.66666666666666],[-5.0,-88.8],[-0.2222222222222222,-88.77777777777777],[1.0,-88.88888888888889],[5.0,-88.85714285714286],[6.285714285714285,-88.71428571428571],[11.2,-88.8],[12.4,-88.6],[12.666666666666668,-88.66666666666667],[13.0,-88.0],[12.454545454545453,-87.54545454545455],[12.0,-87.375],[8.0,-87.57142857142857],[6.0,-87.33333333333334],[3.0,-87.44444444444444],[1.0,-87.33333333333334],[-2.0,-87.44444444444444],[-3.0,-87.33333333333334],[-4.0,-87.5],[-8.266666666666666,-87.26666666666667],[-10.0,-87.33333333333334],[-11.0,-87.2],[-12.333333333333334,-87.33333333333334],[-13.0,-87.0],[-14.0,-87.0],[-14.600000000000001,-86.60000000000001],[-15.0,-86.5],[-15.25,-86.25],[-18.0,-86.0],[-23.0,-86.0],[-24.0,-85.0],[-25.0,-84.71428571428572],[-27.0,-84.46153846153845],[-31.0,-84.63157894736841],[-33.0,-84.44444444444446],[-34.2,-84.2],[-34.75,-84.0],[-34.714285714285715,-83.0],[-35.0,-82.86666666666667],[-36.0,-82.8125],[-36.464285714285715,-82.46428571428572],[-36.56521739130435,-82.0],[-36.32911392405063,-81.67088607594937],[-36.0,-81.55172413793103],[-34.0,-81.11764705882352],[-33.0,-81.11764705882352],[-32.0,-81.3],[-31.149253731343283,-80.85074626865672],[-30.289473684210527,-80.71052631578948],[-29.0,-80.54545454545455],[-28.0,-80.82352941176471],[-27.0,-80.64705882352942],[-26.633333333333333,-80.36666666666667],[-26.440677966101696,-79.55932203389831],[-26.037735849056602,-78.9622641509434],[-25.0,-79.42857142857142],[-23.333333333333332,-79.0],[-23.22222222222222,-78.77777777777777],[-23.0,-78.7],[-22.0,-78.66666666666667],[-21.5,-79.0],[-20.259999999999998,-79.26],[-19.0,-79.40425531914893],[-15.000000000000002,-79.33333333333334],[-13.23076923076923,-79.76923076923077],[-11.0,-80.0],[-11.5,-80.5],[-12.0,-80.5],[-13.600000000000001,-81.4],[-15.0,-81.5],[-15.153846153846153,-81.84615384615384],[-15.764705882352942,-81.76470588235294],[-16.10810810810811,-81.8918918918919],[-19.0,-82.0],[-19.0,-83.0],[-16.0,-83.0],[-14.846153846153847,-83.15384615384616],[-14.0,-83.0],[-13.4,-82.6],[-13.0,-82.5],[-11.600000000000001,-82.6],[-11.0,-83.0],[-10.4,-82.6],[-9.0,-82.33333333333334],[-8.0,-82.5],[-6.0,-82.5],[-5.0,-82.33333333333334],[-4.0,-82.5],[-2.0,-82.4],[1.0,-82.5],[2.0,-82.33333333333334],[5.0,-82.33333333333334],[6.0,-82.0],[15.0,-82.0],[15.5,-82.5],[17.0,-83.0],[21.125,-83.125],[23.0,-83.0],[22.53846153846154,-83.53846153846155],[22.625,-84.375],[23.0,-84.75],[24.0,-85.0],[25.0,-84.0],[25.0,-83.0],[24.0,-83.0],[24.0,-82.0],[23.38095238095238,-81.61904761904762],[21.09090909090909,-80.9090909090909],[20.137931034482758,-81.13793103448276],[18.764705882352942,-81.23529411764706],[18.333333333333336,-81.0],[16.0,-80.53333333333333],[12.142857142857142,-80.14285714285714],[10.857142857142858,-80.14285714285714],[10.0,-80.0],[9.0,-80.5],[8.0,-80.33333333333333],[6.0,-80.4],[3.0,-80.0],[2.6,-79.4],[2.0,-79.0],[5.0,-78.77777777777777],[5.482758620689656,-78.48275862068967],[5.699999999999999,-78.0],[5.424242424242425,-77.57575757575758],[4.333333333333334,-76.66666666666667],[4.0,-76.52941176470588],[2.0,-76.33333333333333],[1.0,-76.35],[0.5172413793103449,-76.48275862068965],[0.08000000000000002,-75.92],[-0.5714285714285714,-75.57142857142858],[-1.0,-75.4],[-2.0,-75.33333333333334],[-3.0,-74.66666666666667],[-4.866666666666667,-74.86666666666666],[-7.0,-75.46666666666667],[-8.31578947368421,-75.3157894736842],[-9.0,-75.36363636363636],[-9.411764705882353,-75.58823529411764],[-9.8,-76.2],[-10.482758620689657,-76.51724137931035],[-10.583333333333332,-77.0],[-10.411764705882353,-77.41176470588235],[-8.655172413793103,-77.65517241379311],[-8.285714285714285,-78.0],[-8.600000000000001,-78.4],[-9.32,-78.68],[-10.0,-78.75],[-11.0,-78.36363636363636],[-11.605263157894736,-77.60526315789474],[-12.386363636363635,-77.38636363636363],[-12.739130434782608,-77.0],[-12.714285714285714,-76.71428571428572],[-13.0,-76.4],[-13.315789473684209,-76.68421052631578],[-14.0,-77.0],[-15.68,-77.32],[-16.0,-77.5],[-17.0,-77.26666666666667],[-17.619047619047617,-77.38095238095238],[-18.2,-77.8],[-18.22222222222222,-78.0],[-18.75,-78.25],[-19.291666666666664,-78.29166666666666],[-20.25,-78.25],[-20.357142857142858,-78.0],[-20.454545454545453,-77.54545454545455],[-20.0,-77.54545454545453],[-19.636363636363637,-77.36363636363637],[-19.333333333333336,-77.0],[-19.65714285714286,-76.65714285714286],[-20.22222222222222,-76.77777777777777],[-20.428571428571427,-77.0],[-20.52941176470588,-77.47058823529412],[-22.0,-77.625],[-27.0,-77.12],[-28.0,-77.44444444444444],[-28.363636363636363,-77.36363636363637],[-28.888888888888886,-77.0],[-28.41025641025641,-76.58974358974359],[-28.0,-76.42857142857142],[-27.0,-76.76923076923077],[-25.0,-76.63636363636364],[-24.5625,-76.4375],[-24.157894736842106,-75.84210526315789],[-23.0,-75.41666666666666],[-21.0,-75.27777777777777],[-20.0,-75.31818181818181],[-19.53125,-75.53125],[-19.0625,-76.0],[-19.133333333333333,-76.13333333333333],[-18.7,-76.7],[-17.0,-76.71428571428571],[-16.444444444444443,-76.55555555555556],[-16.0,-76.0],[-14.181818181818182,-75.0],[-14.0,-74.33333333333334],[-13.818181818181817,-74.18181818181819],[-13.347826086956522,-74.34782608695652],[-13.0,-74.28571428571429],[-11.608695652173914,-73.3913043478261],[-10.808219178082192,-73.1917808219178],[-9.0,-73.20588235294119],[-7.0,-73.0],[-8.0,-72.88888888888889],[-9.439024390243903,-72.4390243902439],[-10.121212121212121,-72.12121212121212],[-10.117647058823529,-71.88235294117646],[-9.409090909090908,-71.59090909090908],[-7.0,-71.31034482758622],[-6.4,-71.0],[-6.260869565217392,-70.73913043478261],[-5.583333333333334,-70.41666666666667],[-5.0,-70.3125],[-4.541666666666667,-70.54166666666667],[-4.203703703703704,-71.2037037037037],[-4.0,-71.25],[-3.6071428571428577,-71.0],[-3.425,-70.575],[-3.0,-70.34615384615384],[-2.0,-70.42857142857143],[-1.68,-70.67999999999999],[-1.6666666666666665,-71.0],[-1.0,-72.0],[-0.5492957746478874,-71.45070422535211],[-0.36,-71.0],[-0.36,-70.64],[0.16216216216216217,-70.16216216216216],[7.157894736842105,-70.15789473684211],[8.0,-70.0],[8.533333333333333,-69.53333333333335],[9.454545454545455,-69.45454545454545],[10.0,-69.0],[10.0,-70.0],[10.5,-69.5],[11.0,-69.5],[11.285714285714285,-69.71428571428572],[11.375,-70.0],[13.148936170212766,-70.14893617021276],[13.777777777777779,-70.0],[13.846153846153847,-69.84615384615384],[15.0,-69.375],[16.0,-69.53333333333333],[17.0,-69.28571428571428],[17.454545454545453,-69.54545454545455],[17.588235294117645,-70.0],[17.855670103092784,-70.14432989690721],[20.352941176470587,-70.35294117647058],[21.166666666666668,-70.16666666666667],[21.73809523809524,-70.26190476190476],[24.0,-70.04411764705884],[26.0,-70.15254237288136],[26.67058823529412,-70.32941176470588],[27.0,-70.875],[28.037735849056602,-71.0377358490566],[28.545454545454543,-70.54545454545455],[29.30434782608696,-70.30434782608697],[29.636363636363633,-70.0],[29.68,-69.68],[30.22222222222222,-69.22222222222223],[32.0,-69.0],[33.0,-68.7],[35.0,-68.6],[36.21052631578948,-68.78947368421052],[36.22222222222222,-69.0],[37.0,-69.35],[38.0,-69.42105263157895],[38.30769230769231,-69.30769230769232],[38.61538461538461,-69.0],[38.16666666666667,-68.0],[38.6551724137931,-67.65517241379311],[39.22222222222222,-67.0],[41.3170731707317,-66.6829268292683],[41.77777777777778,-66.77777777777777],[44.0,-66.25],[45.07692307692307,-67.07692307692308],[45.470588235294116,-66.47058823529412],[46.76190476190476,-65.76190476190476],[47.0,-65.28571428571429],[47.27586206896552,-65.27586206896552],[47.66666666666667,-65.0],[48.804597701149426,-64.80459770114942],[50.0,-64.6875],[51.0,-64.95121951219512],[52.57142857142857,-65.0],[52.4,-65.4],[52.35294117647059,-66.0],[53.0,-66.30555555555556],[54.0,-66.0344827586207],[55.140350877192986,-66.14035087719299]],[[58.63636363636364,-70.63636363636364],[58.22222222222222,-70.77777777777777],[57.99999999999999,-70.69999999999999],[57.76923076923077,-71.0],[59.3448275862069,-71.3448275862069],[60.0,-71.0],[58.63636363636364,-70.63636363636364]],[[122.0,-78.4],[121.625,-78.625],[121.5,-79.0],[121.71428571428572,-79.28571428571428],[122.0,-79.375],[123.0,-79.0],[122.0,-78.4]],[[13.4,-88.6],[14.0,-88.75],[14.600000000000001,-88.6],[15.0,-88.0],[14.400000000000002,-87.6],[14.0,-87.5],[13.625,-87.625],[13.0,-88.0],[13.4,-88.6]],[[15.600000000000001,-88.4],[16.0,-88.5],[16.333333333333336,-88.33333333333334],[16.5,-88.0],[16.0,-87.75],[15.0,-88.0],[15.600000000000001,-88.4]],[[16.166666666666668,-83.16666666666666],[16.0,-83.07692307692307],[13.105263157894736,-83.10526315789474],[12.333333333333334,-83.33333333333334],[11.818181818181818,-83.81818181818181],[11.8,-84.0],[12.461538461538462,-84.53846153846153],[13.272727272727273,-84.72727272727272],[16.0,-84.8],[16.555555555555554,-84.55555555555554],[16.8,-84.0],[16.700000000000003,-83.7],[17.0,-83.0],[16.166666666666668,-83.16666666666666]],[[-121.96039603960396,-86.03960396039605],[-121.5,-86.0],[-121.60000000000001,-85.60000000000001],[-122.0,-85.33333333333334],[-122.5,-85.5],[-122.66666666666667,-86.0],[-121.96039603960396,-86.03960396039605]],[[49.0,-76.2],[48.0,-76.0],[47.111111111111114,-76.11111111111111],[46.0,-76.44444444444444],[45.0,-77.0],[45.54545454545454,-77.45454545454545],[47.0,-77.41666666666666],[48.0,-77.58823529411765],[49.55555555555556,-77.55555555555556],[50.32,-77.32],[50.5,-77.0],[50.0,-76.6],[49.0,-76.2]],[[44.090909090909086,-76.9090909090909],[43.66666666666667,-77.0],[43.51724137931034,-77.51724137931035],[43.5,-78.0],[44.0,-78.35],[45.0,-78.0],[45.0,-77.0],[44.090909090909086,-76.9090909090909]],[[50.72727272727273,-70.0],[50.769230769230774,-70.23076923076923],[51.0,-70.5],[51.272727272727266,-70.27272727272727],[51.33333333333334,-70.0],[50.853658536585364,-69.85365853658536],[50.72727272727273,-70.0]],[[61.647058823529406,-73.6470588235294],[61.400000000000006,-74.4],[60.869565217391305,-74.86956521739131],[59.81818181818181,-74.81818181818181],[59.0,-75.0],[60.0,-75.27272727272728],[61.0,-75.10344827586206],[62.16438356164384,-75.16438356164383],[62.46153846153846,-75.0],[62.39130434782609,-74.0],[62.26086956521739,-73.73913043478261],[61.647058823529406,-73.6470588235294]],[[64.2,-74.0],[65.36363636363637,-74.63636363636363],[65.71428571428572,-75.0],[66.10666666666667,-75.10666666666667],[67.33333333333334,-75.0],[67.55555555555556,-74.55555555555554],[67.55555555555556,-74.0],[67.29411764705883,-73.70588235294117],[66.0,-73.35],[64.55555555555554,-73.55555555555554],[64.2,-74.0]],[[68.5,-71.0],[68.88235294117646,-71.11764705882354],[69.22222222222221,-71.0],[69.22222222222223,-70.77777777777777],[69.0,-70.6],[68.6923076923077,-70.6923076923077],[68.5,-71.0]],[[75.0,-68.66666666666667],[74.86666666666666,-68.86666666666666],[75.0,-69.05555555555556],[75.18181818181819,-68.81818181818181],[75.0,-68.66666666666667]],[[58.0,-85.92857142857143],[54.00000000000001,-85.66666666666667],[51.0,-85.75],[49.66666666666667,-86.0],[51.0,-86.57142857142857],[52.0,-86.57142857142857],[54.0,-87.0],[53.5,-87.5],[52.71428571428571,-87.71428571428572],[52.0,-87.75],[51.66666666666667,-88.0],[55.160000000000004,-88.16],[57.0,-87.75],[60.0,-87.81818181818181],[67.5,-87.5],[69.30769230769232,-87.3076923076923],[71.0,-86.75],[75.0,-86.16666666666667],[77.0,-86.125],[78.0,-86.4],[80.0,-86.33333333333334],[81.0,-86.42857142857142],[82.0,-86.28571428571428],[83.0,-86.5],[85.0,-86.5],[86.22222222222223,-86.77777777777777],[88.0,-86.71428571428572],[91.0,-87.0],[92.0,-86.85714285714286],[94.0,-87.0],[95.0,-86.88888888888889],[100.86666666666667,-86.86666666666667],[103.71428571428571,-86.71428571428571],[105.0,-86.25],[107.71428571428571,-86.28571428571428],[108.2,-86.2],[108.5,-86.0],[108.0,-85.8],[105.0,-85.75],[103.0,-85.25],[102.0,-85.33333333333334],[99.0,-84.75],[98.0,-85.0],[97.0,-84.6],[95.0,-84.4],[93.0,-84.6],[92.0,-84.5],[87.0,-84.6],[86.0,-84.8],[83.36363636363636,-84.63636363636363],[81.0,-85.0],[79.44444444444443,-85.44444444444444],[76.83333333333333,-85.83333333333333],[74.99999999999999,-85.88888888888889],[72.65217391304347,-85.65217391304348],[68.0,-85.76923076923076],[65.0,-85.57894736842105],[61.0,-85.6470588235294],[58.0,-85.92857142857143]],[[89.36363636363636,-70.0],[89.69565217391305,-70.30434782608697],[90.4375,-70.4375],[91.37209302325581,-70.37209302325581],[91.88888888888889,-70.0],[92.57142857142857,-69.0],[92.0,-68.71428571428571],[91.0,-68.82608695652173],[90.48571428571428,-69.4857142857143],[89.36363636363636,-70.0]],[[97.0,-67.0],[97.22222222222223,-66.22222222222223],[97.19999999999999,-65.80000000000001],[97.0,-65.5],[96.91666666666666,-66.0],[97.0,-67.0]],[[98.0,-77.64285714285714],[99.0,-77.84615384615384],[100.0,-77.44444444444444],[100.4,-77.0],[99.3,-76.0],[99.26086956521739,-75.73913043478261],[98.82608695652173,-75.17391304347825],[98.28571428571428,-74.71428571428571],[98.0,-74.66666666666667],[97.30434782608697,-75.30434782608697],[97.0,-75.38888888888889],[95.375,-75.375],[94.55555555555556,-75.55555555555556],[94.42857142857142,-76.0],[96.0,-76.24],[96.56,-76.44000000000001],[97.18604651162791,-76.81395348837209],[97.61702127659575,-77.38297872340425],[98.0,-77.64285714285714]],[[123.00000000000001,-84.33333333333334],[125.0,-84.33333333333334],[126.0,-84.16666666666667],[127.0,-84.16666666666667],[127.5,-84.0],[123.0,-83.85714285714286],[120.42857142857143,-83.57142857142858],[115.52173913043478,-83.47826086956522],[114.57894736842104,-83.42105263157895],[114.0,-83.25],[113.0,-83.4],[111.63636363636364,-83.36363636363636],[110.77777777777777,-83.22222222222223],[110.33333333333334,-82.66666666666667],[109.5,-82.0],[109.06666666666666,-81.93333333333332],[108.0,-82.0],[107.63636363636364,-82.63636363636363],[106.5,-83.0],[107.0,-83.33333333333334],[108.0,-83.66666666666667],[108.73333333333333,-84.26666666666667],[109.0,-84.33333333333334],[113.0,-84.6],[114.19999999999999,-84.80000000000001],[116.14285714285714,-84.85714285714286],[120.72413793103448,-84.72413793103448],[123.00000000000001,-84.33333333333334]],[[113.33333333333334,-82.0],[113.63636363636364,-82.36363636363636],[114.0,-82.5],[114.30769230769232,-82.30769230769232],[119.0,-82.30434782608695],[120.16666666666666,-82.00000000000001],[119.55555555555554,-81.44444444444444],[119.0,-81.22222222222223],[117.0,-81.25],[115.99999999999999,-81.57142857142857],[113.33333333333334,-82.0]],[[139.66666666666669,-81.0],[140.2,-81.0],[140.0769230769231,-80.92307692307692],[139.66666666666669,-81.0]],[[146.23529411764707,-81.23529411764706],[146.3846153846154,-81.0],[146.23809523809524,-80.76190476190476],[145.0,-80.54929577464787],[143.71428571428572,-80.71428571428572],[143.0,-81.0],[145.0,-81.44444444444444],[146.23529411764707,-81.23529411764706]],[[152.0,-75.1],[152.33333333333334,-75.0],[152.16666666666666,-74.83333333333334],[151.77777777777777,-74.77777777777777],[151.66666666666669,-75.0],[152.0,-75.1]],[[156.14285714285714,-71.85714285714286],[155.7948717948718,-71.7948717948718],[155.69230769230768,-72.0],[156.0,-72.16],[156.14285714285714,-71.85714285714286]],[[-83.0,-81.5],[-82.76,-81.24000000000001],[-82.72727272727273,-81.0],[-83.08108108108108,-80.91891891891892],[-83.27272727272728,-81.0],[-83.0,-81.5]],[[28.0,-88.0],[28.400000000000002,-88.6],[29.0,-88.75],[30.0,-88.42857142857142],[31.0,-89.0],[31.8,-88.8],[33.0,-88.8],[33.66666666666667,-88.66666666666667],[34.0,-88.0],[33.0,-87.42857142857142],[32.0,-87.57142857142857],[28.999999999999996,-87.57142857142857],[28.0,-88.0]],[[34.5,-88.5],[36.0,-89.0],[38.0,-89.0],[38.71428571428571,-88.71428571428571],[40.0,-88.6],[42.0,-88.0],[40.0,-87.66666666666667],[38.0,-87.5],[37.0,-87.66666666666667],[35.0,-87.66666666666667],[34.0,-88.0],[34.5,-88.5]],[[31.666666666666668,-78.0],[31.916666666666668,-78.08333333333333],[32.25,-78.0],[31.666666666666668,-78.0]],[[45.0,-68.4054054054054],[44.57692307692308,-68.57692307692308],[44.3125,-69.0],[44.5,-69.5],[45.0,-69.73333333333333],[45.44,-69.44],[45.64705882352941,-69.0],[45.473118279569896,-68.52688172043011],[45.0,-68.4054054054054]],[[70.19047619047619,-75.19047619047619],[71.0,-75.0],[69.0,-74.85714285714286],[68.5,-75.0],[70.19047619047619,-75.19047619047619]],[[92.0,-80.71428571428572],[92.33333333333334,-80.66666666666667],[92.33333333333333,-81.0],[93.0,-81.36363636363637],[94.36363636363637,-81.36363636363636],[95.0,-81.0],[92.625,-80.375],[92.625,-80.0],[92.0,-79.84848484848484],[91.5,-80.0],[92.0,-80.71428571428572]],[[93.67857142857142,-68.32142857142857],[94.16216216216216,-68.83783783783784],[95.86666666666666,-68.86666666666666],[96.34482758620689,-68.3448275862069],[96.35714285714286,-67.64285714285714],[95.8,-67.19999999999999],[94.25,-67.25],[94.0,-67.35714285714286],[93.72727272727272,-67.72727272727272],[93.67857142857142,-68.32142857142857]],[[95.625,-81.625],[95.4,-82.0],[95.66666666666667,-82.33333333333334],[96.0,-82.5],[96.42857142857143,-82.42857142857143],[97.0,-82.0],[96.0,-81.625],[95.625,-81.625]],[[102.75,-79.25],[103.0,-79.33333333333334],[103.25,-79.0],[103.08,-78.92],[101.84615384615384,-78.84615384615385],[100.78947368421052,-78.78947368421052],[100.0,-79.0],[102.33333333333334,-79.33333333333334],[102.75,-79.25]]],[[[0.0,-76.14285714285715],[0.48,-76.52],[0.24,-77.24],[0.0,-77.46153846153845],[-0.36363636363636365,-77.36363636363637],[-0.5,-77.0],[0.0,-76.14285714285715]]],[[[-13.857142857142858,-73.0],[-14.0,-73.66666666666667],[-14.4,-73.0],[-14.0,-72.77777777777777],[-13.857142857142858,-73.0]]],[[[-61.04,-65.96000000000001],[-62.333333333333336,-66.0],[-63.16666666666667,-66.83333333333333],[-64.04651162790698,-66.95348837209302],[-64.33333333333334,-67.66666666666667],[-65.06349206349206,-67.93650793650794],[-65.14285714285714,-69.0],[-63.0,-69.0],[-62.45283018867924,-69.45283018867924],[-62.0,-70.16666666666667],[-60.853658536585364,-70.85365853658537],[-60.56521739130435,-71.56521739130434],[-59.61702127659574,-72.61702127659575],[-59.5,-73.0],[-59.625,-73.375],[-60.85964912280702,-75.14035087719299],[-61.16,-75.16],[-62.0,-74.84375],[-62.48571428571429,-75.51428571428572],[-63.0,-75.78571428571428],[-64.0,-76.0],[-64.5929203539823,-76.40707964601769],[-65.0,-76.5],[-67.57692307692308,-76.57692307692307],[-69.0,-76.28571428571428],[-70.0,-76.51851851851852],[-70.34567901234567,-76.34567901234567],[-70.74757281553397,-75.74757281553399],[-72.0,-75.60526315789474],[-73.17021276595744,-75.17021276595744],[-74.6,-75.0],[-74.0,-74.0],[-74.4,-73.4],[-75.0,-73.25],[-75.66666666666667,-73.33333333333334],[-76.0,-73.5],[-76.33333333333334,-73.33333333333334],[-78.0,-73.0],[-75.16666666666667,-72.83333333333333],[-74.4,-72.6],[-74.0,-72.0],[-73.44444444444444,-71.55555555555554],[-72.61904761904762,-71.38095238095238],[-72.38095238095238,-70.61904761904762],[-72.0,-70.5],[-71.82222222222222,-70.17777777777778],[-71.88571428571429,-70.0],[-71.64444444444445,-69.35555555555555],[-71.0,-69.16216216216216],[-69.5609756097561,-69.5609756097561],[-69.18333333333334,-70.18333333333334],[-68.74418604651163,-70.25581395348837],[-68.3125,-70.0],[-68.27027027027027,-69.72972972972974],[-67.0,-69.0],[-67.72727272727272,-68.72727272727272],[-68.0,-68.45454545454545],[-68.35294117647058,-68.6470588235294],[-69.0,-68.76190476190476],[-69.45714285714286,-68.45714285714286],[-69.76190476190476,-68.0],[-69.43243243243244,-67.56756756756756],[-69.0,-67.4074074074074],[-68.57692307692308,-67.42307692307692],[-68.25,-67.25],[-68.0,-67.28571428571429],[-67.48484848484848,-66.51515151515152],[-66.72413793103448,-66.27586206896552],[-66.21052631578948,-65.78947368421052],[-65.72413793103449,-65.72413793103449],[-65.33333333333334,-66.0],[-64.91489361702128,-66.08510638297872],[-64.81818181818181,-65.81818181818181],[-64.88888888888889,-65.11111111111111],[-63.0,-64.55555555555556],[-62.81132075471698,-64.18867924528303],[-61.6829268292683,-64.3170731707317],[-61.22222222222223,-64.22222222222223],[-61.0,-64.75],[-59.5,-64.5],[-59.86206896551724,-65.13793103448276],[-60.71428571428571,-65.28571428571428],[-61.0,-65.66666666666667],[-61.04,-65.96000000000001]],[[-73.6470588235294,-74.6470588235294],[-73.0,-74.75],[-72.59322033898306,-74.40677966101696],[-72.0,-74.14814814814815],[-69.9298245614035,-74.0701754385965],[-69.47058823529412,-73.52941176470588],[-69.0,-73.42857142857143],[-68.62790697674419,-73.62790697674419],[-68.46666666666667,-74.0],[-68.0,-74.21875],[-67.46153846153845,-74.0],[-67.3157894736842,-73.68421052631578],[-66.41666666666666,-73.0],[-67.0,-71.92307692307693],[-67.5609756097561,-72.4390243902439],[-68.0,-72.6],[-69.0,-72.53846153846155],[-70.0,-72.71428571428572],[-70.4,-72.6],[-70.66666666666667,-72.66666666666667],[-71.0,-72.0],[-71.60000000000001,-71.60000000000001],[-72.0,-71.8],[-72.22222222222223,-71.77777777777777],[-72.14285714285715,-72.0],[-72.91666666666667,-73.08333333333333],[-73.85714285714286,-73.14285714285714],[-74.0,-74.0],[-73.6470588235294,-74.6470588235294]],[[-70.87096774193549,-71.12903225806451],[-71.1081081081081,-70.89189189189189],[-71.33333333333334,-71.0],[-71.44444444444444,-71.44444444444444],[-71.0,-72.0],[-70.87096774193549,-71.12903225806451]],[[-65.0909090909091,-72.0],[-65.05263157894737,-72.05263157894737],[-64.97297297297298,-72.00000000000001],[-65.0909090909091,-72.0]],[[-68.0,-71.1],[-67.91304347826086,-71.08695652173913],[-68.0,-70.83333333333334],[-68.0,-71.1]]],[[[-58.315789473684205,-63.315789473684205],[-57.82608695652174,-63.826086956521735],[-57.878787878787875,-64.12121212121212],[-58.56756756756757,-64.43243243243244],[-59.5,-64.5],[-59.727272727272734,-64.0],[-59.647058823529406,-63.647058823529406],[-60.0,-63.0],[-59.0,-63.0],[-58.315789473684205,-63.315789473684205]]],[[[-51.57142857142857,-56.0],[-51.44094488188976,-55.55905511811024],[-51.00000000000001,-55.2],[-50.55555555555555,-55.55555555555555],[-50.333333333333336,-56.0],[-51.0,-56.18666666666667],[-51.57142857142857,-56.0]]],[[[-51.0,-52.5],[-50.0,-52.75],[-49.0,-52.5],[-48.625,-52.625],[-48.4,-53.0],[-49.0,-53.375],[-50.2,-53.2],[-51.0,-53.25],[-52.0,-53.0],[-51.400000000000006,-52.6],[-51.0,-52.5]]],[[[-12.824701195219124,-40.82470119521912],[-12.741176470588236,-41.0],[-12.83011583011583,-41.16988416988417],[-13.217821782178218,-41.21782178217822],[-13.647058823529413,-41.0],[-13.244444444444444,-40.75555555555556],[-12.824701195219124,-40.82470119521912]]],[[[-61.0,8.9],[-60.68421052631579,8.31578947368421],[-60.0,8.128205128205128],[-59.0,8.147058823529411],[-58.33333333333334,8.333333333333334],[-58.0,10.0],[-57.199999999999996,9.8],[-57.0,9.5],[-56.0,9.5],[-55.806451612903224,9.193548387096774],[-55.25,9.0],[-55.0,8.5],[-54.94871794871794,8.051282051282051],[-54.5,8.0],[-54.0,7.5],[-53.95918367346939,7.040816326530612],[-53.5,7.0],[-53.0,6.75],[-52.83333333333333,6.166666666666667],[-51.0,6.0],[-51.0,5.0],[-50.0,5.0],[-49.2,5.2],[-49.0,5.5],[-48.60000000000001,5.4],[-48.0,5.0],[-47.08695652173913,5.08695652173913],[-46.8,5.0],[-46.6,4.4],[-46.2,3.8],[-45.5,3.5],[-45.0,3.0],[-44.6,2.4],[-44.0,1.0],[-43.400000000000006,1.4000000000000001],[-43.0,1.5],[-42.84615384615385,1.1538461538461537],[-42.0,1.0],[-42.0,0.0],[-41.0,0.0],[-40.5,-0.5],[-40.0,-0.6666666666666666],[-39.974683544303794,-0.9746835443037974],[-38.9375,-1.0],[-38.78947368421053,-1.7894736842105263],[-38.0,-1.9375],[-37.94871794871795,-2.948717948717949],[-34.75,-3.0],[-34.17647058823529,-3.1764705882352944],[-33.705882352941174,-3.7058823529411766],[-32.934065934065934,-3.9340659340659343],[-31.99009900990099,-3.99009900990099],[-31.83098591549296,-4.830985915492958],[-31.0,-5.0],[-30.529411764705884,-5.529411764705882],[-29.531914893617024,-5.531914893617021],[-29.363636363636367,-5.636363636363637],[-29.0,-5.0],[-28.8989898989899,-7.898989898989899],[-28.791666666666664,-8.0],[-28.8876404494382,-8.112359550561798],[-29.0,-9.714285714285715],[-29.22222222222222,-10.0],[-29.866666666666667,-10.133333333333333],[-30.0,-11.0],[-30.869565217391305,-11.130434782608695],[-30.9831223628692,-12.016877637130802],[-31.82051282051282,-12.179487179487179],[-32.0,-13.100000000000001],[-32.61290322580645,-13.387096774193548],[-32.79545454545455,-15.0],[-32.68421052631579,-15.315789473684209],[-32.75609756097561,-15.75609756097561],[-32.0,-16.0],[-31.9,-18.0],[-32.0,-19.0],[-32.833333333333336,-19.166666666666668],[-33.15384615384615,-21.153846153846153],[-33.15384615384615,-21.846153846153847],[-33.878787878787875,-22.121212121212125],[-34.0,-23.0],[-34.806451612903224,-23.193548387096776],[-35.13793103448276,-23.862068965517242],[-37.0,-24.0],[-37.31111111111111,-24.68888888888889],[-38.6,-25.400000000000002],[-39.0,-25.5],[-39.22222222222222,-25.77777777777778],[-40.0,-26.0],[-40.15384615384615,-26.846153846153847],[-40.5,-27.0],[-40.71428571428571,-28.285714285714285],[-41.0,-29.0],[-41.05,-29.95],[-41.333333333333336,-30.000000000000004],[-42.666666666666664,-32.0],[-42.958333333333336,-32.041666666666664],[-43.0,-32.5],[-43.5,-33.0],[-44.5,-35.0],[-44.94117647058823,-35.05882352941177],[-45.0,-36.0],[-45.84615384615385,-36.15384615384615],[-46.0,-37.0],[-46.857142857142854,-37.142857142857146],[-47.0,-38.0],[-47.75,-38.25],[-48.0,-39.0],[-49.0,-40.0],[-50.0,-40.0],[-50.0,-41.0],[-52.0,-41.0],[-52.0,-42.0],[-53.0,-42.0],[-53.0,-43.0],[-54.0,-43.0],[-54.0,-45.0],[-56.0,-45.0],[-56.333333333333336,-46.66666666666667],[-57.0,-47.0],[-58.06666666666666,-46.93333333333333],[-58.42857142857142,-48.0],[-58.22222222222222,-48.22222222222222],[-57.6,-48.400000000000006],[-57.28571428571428,-48.28571428571428],[-56.0,-49.0],[-56.6,-49.400000000000006],[-57.0,-49.5],[-57.53846153846154,-50.46153846153847],[-58.0,-50.599999999999994],[-58.19047619047619,-50.80952380952381],[-58.33333333333334,-51.333333333333336],[-58.0,-52.0],[-59.0,-52.0],[-59.25,-53.25],[-58.66666666666667,-53.66666666666667],[-58.0,-55.0],[-57.15384615384615,-55.153846153846146],[-57.00000000000001,-55.333333333333336],[-56.5,-55.5],[-56.0,-56.0],[-56.925925925925924,-56.074074074074076],[-57.0,-56.285714285714285],[-57.92857142857142,-57.07142857142857],[-58.0,-57.333333333333336],[-58.36363636363636,-57.63636363636364],[-58.54838709677419,-57.54838709677419],[-59.0,-57.611111111111114],[-59.141025641025635,-57.141025641025635],[-61.57142857142857,-57.0],[-62.03389830508475,-56.03389830508475],[-64.025,-56.0],[-64.25806451612902,-55.25806451612903],[-64.58241758241758,-55.417582417582416],[-65.0,-55.327586206896555],[-65.475,-55.0],[-65.5,-54.5],[-66.0,-54.04545454545455],[-66.016,-53.016000000000005],[-66.25,-53.0],[-66.5,-52.5],[-67.0,-52.25],[-67.0,-50.66666666666667],[-66.63636363636364,-49.63636363636363],[-67.0,-49.0],[-66.80952380952381,-48.19047619047619],[-66.875,-48.0],[-66.58823529411765,-47.411764705882355],[-66.08695652173913,-46.913043478260875],[-66.0,-42.4],[-65.26666666666667,-41.0],[-65.63636363636364,-40.0],[-65.3529411764706,-39.0],[-65.10619469026548,-38.89380530973451],[-65.144,-38.144],[-65.0,-37.57142857142857],[-64.58620689655173,-37.41379310344828],[-64.20588235294117,-36.794117647058826],[-64.07185628742515,-35.92814371257485],[-64.05426356589147,-34.0],[-64.17006802721089,-33.0],[-64.05426356589147,-32.0],[-64.09868421052632,-30.901315789473685],[-63.776119402985074,-30.0],[-63.45021645021645,-29.549783549783548],[-63.221428571428575,-28.77857142857143],[-63.28654970760234,-26.0],[-63.15277777777778,-23.0],[-63.349344978165945,-21.349344978165938],[-64.0,-20.0],[-64.67095115681235,-19.67095115681234],[-65.66129032258064,-18.661290322580648],[-66.3103448275862,-18.310344827586206],[-67.18475750577367,-18.18475750577367],[-67.62903225806451,-17.629032258064516],[-69.0,-17.0],[-69.34509803921569,-16.345098039215685],[-69.97777777777777,-16.0],[-70.12565445026178,-15.125654450261779],[-70.62573099415204,-14.625730994152047],[-71.33777777777777,-13.337777777777777],[-71.82608695652173,-13.0],[-71.98843930635839,-11.988439306358382],[-72.71830985915493,-11.71830985915493],[-72.97183098591549,-10.971830985915492],[-73.07843137254902,-10.07843137254902],[-73.62962962962962,-9.62962962962963],[-74.0,-9.0],[-74.17021276595744,-8.170212765957448],[-74.8,-8.0],[-75.0,-7.75],[-75.0,-6.75],[-74.66037735849056,-6.339622641509434],[-74.625,-6.0],[-74.15789473684211,-5.0],[-74.24000000000001,-4.24],[-74.5,-4.0],[-74.12244897959184,-3.877551020408163],[-74.19672131147541,-3.19672131147541],[-74.0677966101695,-2.9322033898305087],[-74.03960396039605,-1.9603960396039604],[-73.45283018867926,-1.5471698113207548],[-73.01111111111112,-0.9888888888888889],[-72.70833333333333,-0.29166666666666663],[-72.05405405405405,0.05405405405405406],[-72.0,1.0],[-71.07692307692307,2.076923076923077],[-71.0392156862745,3.9607843137254903],[-71.23255813953489,4.767441860465116],[-71.72549019607843,4.7254901960784315],[-72.0,4.840909090909092],[-72.08433734939759,5.0843373493975905],[-72.0,5.318181818181818],[-71.50819672131148,5.508196721311475],[-71.0,6.25],[-70.47619047619047,6.476190476190475],[-70.14285714285714,7.0],[-70.05555555555556,8.0],[-69.12903225806451,8.129032258064516],[-69.0156862745098,9.015686274509804],[-68.0,9.4031007751938],[-67.53571428571429,9.464285714285714],[-67.35714285714286,9.357142857142858],[-67.0,9.909090909090908],[-66.75,10.0],[-65.25,10.0],[-65.125,9.875],[-64.0,9.95],[-63.14814814814815,9.851851851851851],[-62.875,9.0],[-62.48275862068966,8.517241379310345],[-62.0,8.363636363636363],[-61.486486486486484,8.486486486486486],[-61.0,8.9]],[[-55.0,-43.0],[-56.0,-42.6],[-56.23529411764706,-42.76470588235294],[-56.25,-43.25],[-56.0,-43.66666666666667],[-55.5,-43.5],[-55.0,-43.0]],[[-66.0,8.5],[-66.15384615384616,7.846153846153847],[-66.0,7.75],[-66.0,8.5]],[[-63.00000000000001,-54.66666666666667],[-63.42857142857143,-55.0],[-63.400000000000006,-55.400000000000006],[-63.0,-55.75],[-62.7,-55.3],[-62.75,-55.0],[-63.00000000000001,-54.66666666666667]],[[-65.0,-45.5],[-64.92307692307692,-43.92307692307693],[-65.0,-43.714285714285715],[-65.25,-43.75],[-65.5,-44.0],[-65.33333333333334,-45.333333333333336],[-65.0,-45.5]],[[-65.16867469879519,-50.168674698795186],[-64.70833333333333,-50.0],[-65.14141414141415,-49.858585858585855],[-65.4375,-50.0],[-65.16867469879519,-50.168674698795186]]],[[[-74.0,5.871428571428572],[-74.375,6.0],[-74.0,6.185567010309279],[-73.37931034482759,6.0],[-74.0,5.871428571428572]]],[[[-69.7872340425532,20.0],[-70.2127659574468,19.78723404255319],[-70.82926829268293,19.829268292682926],[-71.0,19.299999999999997],[-71.3157894736842,19.315789473684212],[-71.6,19.0],[-71.0,18.8],[-70.65217391304347,18.347826086956523],[-70.4393063583815,18.4393063583815],[-69.0,18.056603773584907],[-68.18181818181817,18.0],[-68.75675675675674,17.756756756756758],[-69.15929203539824,17.84070796460177],[-70.3979057591623,17.602094240837694],[-70.72413793103448,17.724137931034484],[-70.7910447761194,17.208955223880597],[-71.05622489959839,16.943775100401606],[-71.27450980392157,17.27450980392157],[-71.33802816901408,17.661971830985916],[-71.63218390804597,17.632183908045977],[-72.14096916299559,17.859030837004404],[-72.01459854014598,19.985401459854018],[-72.14545454545454,20.854545454545452],[-73.05128205128204,21.0],[-73.11428571428571,21.885714285714286],[-73.76470588235294,21.764705882352942],[-74.46153846153847,22.0],[-74.32432432432432,22.324324324324323],[-73.625,22.375],[-73.25,22.25],[-73.0,22.4],[-72.77777777777777,21.77777777777778],[-72.77777777777777,21.22222222222222],[-72.30769230769232,21.307692307692307],[-72.0,21.181818181818183],[-71.0,21.125],[-70.8082191780822,20.19178082191781],[-70.23529411764707,20.235294117647058],[-69.7872340425532,20.0]]],[[[-72.16666666666667,23.833333333333336],[-72.33333333333334,24.0],[-71.03571428571429,24.035714285714285],[-71.0,24.25],[-70.9375,23.0625],[-70.8,23.0],[-71.0,22.933333333333334],[-71.2,23.0],[-71.4,23.6],[-72.16666666666667,23.833333333333336]]],[[[10.264705882352942,36.73529411764706],[9.711229946524064,36.711229946524064],[9.15625,37.0],[9.666666666666666,38.0],[10.0,38.23529411764706],[10.2,38.2],[10.380281690140844,37.0],[10.264705882352942,36.73529411764706]]],[[[-61.153846153846146,41.15384615384615],[-60.800000000000004,41.2],[-60.0,41.0],[-60.94736842105263,40.94736842105263],[-61.0,40.5],[-61.33333333333334,40.66666666666667],[-61.33333333333333,41.0],[-61.153846153846146,41.15384615384615]]],[[[-52.8,43.2],[-52.75,43.0],[-54.0,43.0],[-53.0,43.33333333333333],[-52.8,43.2]]],[[[-18.96,54.96],[-20.038095238095238,54.96190476190476],[-20.076923076923077,55.0],[-19.875,55.125],[-19.166666666666668,55.16666666666667],[-19.0,55.5],[-18.77777777777778,55.22222222222222],[-18.96,54.96]]],[[[-17.066666666666666,57.06666666666666],[-16.962616822429904,56.96261682242991],[-17.0,56.75],[-17.363636363636363,56.36363636363637],[-17.352941176470587,56.0],[-18.372881355932204,55.62711864406779],[-18.785714285714285,56.0],[-18.0,57.111111111111114],[-17.066666666666666,57.06666666666666]]],[[[-9.588235294117647,61.0],[-9.529411764705882,62.0],[-9.0,62.16666666666667],[-6.0,62.160714285714285],[-5.4,62.0],[-5.913043478260869,60.91304347826087],[-7.0,60.89473684210527],[-9.0,60.375],[-9.588235294117647,61.0]]],[[[16.833333333333332,80.83333333333334],[17.48,80.48],[17.857142857142858,80.00000000000001],[17.75,79.75],[18.5,79.0],[18.2,78.8],[17.75,78.75],[17.333333333333336,79.33333333333334],[16.84,79.16],[13.666666666666668,79.0],[13.857142857142858,78.85714285714286],[14.875,78.875],[16.6,78.60000000000001],[17.0,78.0],[17.0,77.0],[16.22222222222222,77.22222222222223],[16.0,77.14285714285714],[15.0,77.25],[14.0,77.0],[13.266666666666666,77.26666666666668],[13.0,77.66666666666667],[12.714285714285714,77.71428571428571],[12.5,78.0],[12.153846153846153,78.15384615384616],[11.5,78.0],[11.333333333333334,77.66666666666667],[11.0,77.5],[10.8,77.0],[10.333333333333334,76.66666666666667],[9.42857142857143,76.57142857142857],[8.600000000000001,76.60000000000001],[8.0,77.16666666666667],[7.0,77.0],[6.641025641025641,77.64102564102564],[6.122448979591837,78.12244897959184],[4.0,78.2],[2.666666666666667,79.0],[3.1333333333333333,79.86666666666667],[5.0,80.0],[6.1000000000000005,79.89999999999999],[7.071428571428572,80.07142857142857],[8.0,79.92857142857143],[8.846153846153847,80.15384615384616],[9.352941176470587,80.6470588235294],[10.999999999999998,80.91666666666667],[12.76,80.76],[13.0,80.625],[15.0,80.94736842105264],[16.214285714285715,80.78571428571428],[16.833333333333332,80.83333333333334]]],[[[-6.181818181818182,80.18181818181819],[-7.0,80.0],[-6.684210526315789,80.68421052631578],[-6.785714285714286,81.0],[-6.205607476635514,81.20560747663552],[-5.5600000000000005,81.0],[-5.551020408163265,80.55102040816327],[-6.0,80.08333333333333],[-6.181818181818182,80.18181818181819]]],[[[18.617021276595743,-69.38297872340425],[18.25,-69.0],[19.0,-68.86956521739131],[21.5,-69.0],[21.0,-69.375],[20.769230769230766,-69.23076923076923],[20.0,-69.16666666666666],[19.0,-69.47368421052632],[18.617021276595743,-69.38297872340425]]],[[[31.0,-67.77777777777779],[31.129032258064516,-67.87096774193549],[31.235294117647058,-68.23529411764706],[31.0,-68.66666666666667],[30.636363636363637,-68.36363636363636],[30.5,-68.0],[31.0,-67.77777777777779]]],[[[36.94805194805195,-67.94805194805194],[37.0,-67.71428571428571],[37.66666666666667,-68.0],[37.0,-68.22222222222223],[36.78947368421053,-68.21052631578948],[36.8,-68.0],[36.94805194805195,-67.94805194805194]]],[[[64.25,-67.75],[64.33333333333333,-68.0],[63.878787878787875,-68.12121212121212],[63.5,-68.0],[63.69230769230769,-67.6923076923077],[64.25,-67.75]]],[[[111.14285714285714,-66.0],[106.0,-66.45454545454545],[105.60000000000001,-66.4],[105.375,-66.0],[105.72972972972974,-65.72972972972974],[108.0,-65.46666666666667],[108.29090909090908,-65.7090909090909],[109.0,-65.89999999999999],[109.89999999999999,-65.9],[110.26666666666667,-65.73333333333333],[110.81818181818181,-65.81818181818181],[111.0,-65.0],[111.14285714285714,-66.0]]],[[[64.75,-48.0],[65.0,-47.75],[65.66666666666667,-47.66666666666667],[66.0,-47.5],[66.05128205128206,-47.05128205128205],[64.35,-46.65],[64.04166666666667,-46.0],[64.61016949152543,-45.610169491525426],[65.0,-45.53061224489796],[66.0,-45.458333333333336],[67.28695652173913,-45.71304347826087],[67.46478873239437,-46.0],[67.72340425531914,-47.0],[67.57377049180329,-47.57377049180328],[66.88235294117648,-48.11764705882353],[65.22222222222223,-48.22222222222222],[64.75,-48.0]]],[[[39.0,-44.60606060606061],[39.28571428571428,-44.71428571428571],[39.464285714285715,-45.0],[39.0,-45.15294117647059],[38.60606060606061,-45.0],[39.0,-44.60606060606061]]],[[[44.432,-22.432000000000002],[44.22784810126583,-23.0],[44.03921568627451,-24.03921568627451],[44.01980198019802,-25.019801980198018],[43.59322033898306,-25.593220338983052],[43.32835820895522,-26.328358208955223],[43.35443037974684,-26.645569620253166],[43.00877192982456,-28.00877192982456],[41.0,-28.294117647058822],[40.7,-27.3],[40.233333333333334,-27.233333333333334],[39.91139240506329,-27.0],[39.75238095238095,-25.247619047619047],[39.458333333333336,-25.0],[40.15384615384615,-23.153846153846153],[40.38461538461539,-22.0],[40.0,-21.285714285714285],[39.906976744186046,-20.093023255813954],[39.5,-20.0],[39.92857142857143,-19.92857142857143],[40.7,-19.0],[41.92523364485981,-18.925233644859816],[42.275862068965516,-18.724137931034484],[42.696969696969695,-18.696969696969695],[42.86666666666667,-18.0],[43.60000000000001,-17.6],[43.90909090909091,-16.90909090909091],[44.0,-15.761904761904763],[44.565217391304344,-15.565217391304348],[44.84210526315789,-15.0],[45.0,-14.955882352941178],[45.0709219858156,-15.929078014184398],[46.0,-17.19047619047619],[46.14107883817428,-18.141078838174273],[46.0,-18.62962962962963],[45.42372881355932,-19.423728813559322],[45.138888888888886,-20.13888888888889],[44.964285714285715,-22.0],[44.432,-22.432000000000002]]],[[[56.0,-18.46666666666667],[56.31683168316832,-18.683168316831683],[56.0,-19.53333333333333],[55.588235294117645,-19.58823529411765],[55.70833333333333,-20.0],[55.29565217391304,-20.29565217391304],[55.0,-20.31192660550459],[54.70689655172414,-20.0],[55.0,-19.413793103448278],[55.44444444444444,-19.444444444444443],[55.6,-19.0],[56.0,-18.46666666666667]]],[[[56.644444444444446,-16.644444444444446],[56.83111111111111,-15.831111111111111],[57.0,-15.577777777777778],[57.25675675675676,-16.0],[57.56818181818181,-18.0],[57.261780104712045,-18.26178010471204],[56.63503649635037,-18.364963503649633],[56.35897435897436,-18.0],[56.368421052631575,-17.0],[56.644444444444446,-16.644444444444446]]],[[[56.0,-12.600000000000001],[56.421052631578945,-12.421052631578947],[56.811965811965806,-11.811965811965813],[57.0,-11.788461538461538],[57.52702702702703,-12.472972972972974],[58.0,-12.673076923076923],[58.2463768115942,-13.0],[58.0,-13.447368421052632],[57.60747663551402,-13.607476635514018],[57.0,-14.31578947368421],[56.61038961038962,-13.38961038961039],[56.0,-13.210526315789474],[55.78666666666666,-13.0],[56.0,-12.600000000000001]]],[[[65.0,-6.633333333333333],[64.77906976744185,-6.0],[64.82795698924731,-5.0],[65.0,-4.609756097560975],[65.26666666666667,-4.733333333333333],[65.23312883435582,-6.233128834355828],[65.0,-6.633333333333333]]],[[[98.0,1.0],[98.81818181818181,1.1818181818181817],[99.9090909090909,1.0909090909090908],[100.0,0.8888888888888888],[98.0,1.0]]],[[[97.6190476190476,80.61904761904762],[98.0,80.42857142857142],[100.0,81.19999999999999],[102.81818181818181,80.81818181818181],[104.0,80.0],[105.0,80.19999999999999],[105.03076923076922,80.96923076923078],[106.9409594095941,80.9409594095941],[107.0,79.0],[115.0,79.0],[115.0,78.0],[121.0,78.0],[121.0,77.0],[123.0,77.0],[123.5,77.5],[125.5,77.5],[126.0,77.0],[126.0,78.0],[129.0,78.0],[129.0,77.0],[130.0,77.0],[130.0,79.0],[136.0,79.0],[136.0,80.0],[148.0,80.0],[148.0,79.0],[155.0,79.0],[155.60000000000002,79.4],[156.0,79.5],[156.08333333333331,79.08333333333334],[159.0,79.0],[159.0,77.0],[169.0,77.0],[169.0,76.0],[176.0,76.0],[176.0,74.0],[175.0,74.0],[175.5,73.5],[175.5,73.0],[176.1176470588235,72.88235294117646],[177.0,73.0],[179.0,72.71428571428572],[180.0,72.69999999999999],[180.0,64.93814432989691],[179.25174825174827,64.74825174825176],[179.0,64.18181818181817],[178.0,64.2],[177.22222222222223,63.77777777777778],[177.0,63.833333333333336],[176.0,63.5],[175.0,63.54545454545455],[174.66666666666669,63.333333333333336],[174.55555555555554,62.444444444444436],[174.0,62.10526315789473],[173.0,62.8125],[172.0,63.294117647058826],[171.54545454545453,63.0],[171.0,62.142857142857146],[170.5,62.0],[169.02739726027397,61.97260273972602],[168.43243243243245,62.432432432432435],[167.56756756756758,62.432432432432435],[167.0212765957447,61.97872340425532],[167.0,60.95454545454545],[166.10526315789474,60.89473684210526],[166.25806451612902,60.25806451612903],[166.06837606837607,59.93162393162393],[165.9230769230769,59.00000000000001],[165.192,58.80800000000001],[164.9,58.0],[164.13740458015266,57.862595419847324],[164.21556886227546,57.21556886227545],[164.08591885441527,56.914081145584724],[163.2528735632184,56.74712643678161],[163.0,56.15384615384616],[162.1142857142857,55.885714285714286],[161.5,55.0],[161.17924528301887,54.82075471698113],[161.0,54.42424242424242],[160.58208955223878,54.417910447761194],[160.02797202797203,53.97202797202797],[160.0,53.333333333333336],[159.8,53.8],[159.35294117647058,54.35294117647059],[158.71428571428572,54.71428571428571],[158.5,55.0],[158.42857142857142,56.0],[158.125,57.0],[158.0,58.0],[158.52941176470588,58.470588235294116],[158.8095238095238,59.19047619047619],[159.5,59.5],[160.0,60.0],[160.63636363636363,60.36363636363636],[161.0,60.333333333333336],[162.0,61.0],[162.5,61.5],[163.16666666666666,61.83333333333333],[163.4,62.4],[163.0,62.83333333333333],[162.0,63.2],[161.0,62.333333333333336],[160.60000000000002,62.4],[160.5,62.0],[160.0,61.5],[159.85714285714286,62.0],[159.28571428571428,62.285714285714285],[158.22222222222223,62.222222222222214],[158.0,62.4],[157.82222222222222,62.17777777777778],[156.0,62.05882352941176],[155.61290322580646,61.387096774193544],[154.42857142857144,61.0],[154.0,60.0],[153.0,60.0],[152.0,59.75],[151.0,60.0],[150.0,59.66666666666667],[147.66666666666669,59.66666666666667],[146.30769230769232,60.30769230769231],[146.0,60.33333333333334],[144.0,60.2],[142.66666666666669,60.333333333333336],[142.0,60.0],[141.0,60.0],[140.75,59.25],[139.55555555555554,58.44444444444444],[137.83050847457628,58.16949152542373],[137.4,57.6],[136.82222222222222,57.17777777777778],[135.9142857142857,57.08571428571429],[135.73913043478262,56.73913043478261],[135.86666666666667,56.13333333333333],[135.0,56.0],[135.75,55.75],[137.0,55.66666666666667],[137.36363636363637,55.36363636363637],[137.57894736842104,55.421052631578945],[139.0,55.13333333333334],[139.26666666666668,55.266666666666666],[139.73333333333335,55.266666666666666],[139.73333333333335,55.733333333333334],[139.9,56.1],[140.16,56.160000000000004],[140.4,56.0],[140.5,53.0],[140.63636363636363,52.63636363636363],[141.33333333333334,52.33333333333334],[141.57142857142856,52.0],[141.25,51.0],[140.73913043478262,50.26086956521739],[140.0,50.0],[139.5737704918033,50.57377049180328],[139.51851851851853,51.0],[139.79999999999998,52.0],[139.66666666666669,52.66666666666667],[139.33333333333334,53.0],[139.3,53.300000000000004],[139.0,53.6],[138.5,53.0],[138.15,52.849999999999994],[137.64444444444445,52.355555555555554],[137.29411764705884,49.0],[137.83333333333334,48.0],[138.39285714285714,47.39285714285714],[138.275,46.72500000000001],[137.875,46.0],[137.66666666666669,45.0],[137.27272727272728,44.0],[137.0759493670886,43.924050632911396],[137.0,43.25],[136.5,43.0],[136.0,42.983739837398375],[135.2761904761905,42.72380952380952],[135.0,42.12121212121212],[134.66666666666669,42.0],[133.75757575757575,41.75757575757576],[133.1304347826087,41.869565217391305],[132.7014925373134,41.298507462686565],[132.70588235294116,41.0],[131.76585365853657,40.765853658536585],[131.10218978102188,40.89781021897811],[131.0,40.730769230769226],[130.5064935064935,40.493506493506494],[130.0,39.76],[129.0,39.83720930232558],[128.74545454545455,39.74545454545454],[128.0,40.0],[128.1142857142857,39.114285714285714],[128.0,38.6],[127.4,38.0],[127.44444444444444,37.55555555555555],[127.0,37.0],[126.66666666666667,37.66666666666667],[126.75,38.0],[125.9047619047619,38.904761904761905],[125.9375,39.9375],[125.0,40.0],[124.47058823529412,39.529411764705884],[124.33333333333333,39.0],[124.54545454545453,38.54545454545455],[125.0,38.375],[125.40449438202248,38.40449438202247],[125.75,38.0],[125.70731707317074,37.707317073170735],[126.0,37.0],[126.0,36.0],[125.36363636363637,36.36363636363636],[124.80000000000001,36.2],[124.66666666666667,36.0],[124.55555555555554,35.55555555555556],[125.0,35.0],[124.4,35.400000000000006],[123.85714285714286,35.14285714285714],[122.0,35.0],[122.0,36.0],[122.25,37.0],[122.2,37.2],[122.0,37.5],[121.66666666666669,37.66666666666667],[121.33333333333334,38.333333333333336],[120.66666666666667,38.66666666666667],[120.4,39.400000000000006],[120.0,40.0],[119.60000000000001,39.400000000000006],[119.4,38.6],[119.0,38.0],[119.0,37.0],[120.0,37.0],[120.0,36.0],[121.0,36.0],[121.0,32.0],[119.5,30.5],[119.0,29.0],[119.0,28.0],[118.5,27.5],[118.0,27.5],[117.77777777777777,26.77777777777778],[118.0,26.0],[117.0,26.0],[116.2,25.0],[116.22222222222221,24.77777777777778],[115.77777777777777,24.22222222222222],[115.0,24.0],[114.5,23.5],[114.0,23.5],[113.0,23.0],[112.66666666666669,22.333333333333336],[112.0,22.0],[111.60000000000001,21.4],[111.5,21.0],[111.60000000000001,20.6],[112.0,20.0],[111.14285714285714,19.857142857142858],[110.8,19.200000000000003],[110.5,19.0],[110.4,18.6],[110.0,18.0],[109.60000000000001,18.6],[109.0,18.833333333333332],[108.36363636363636,18.636363636363637],[107.80000000000001,18.0],[108.72727272727272,16.727272727272727],[109.0,16.5],[109.4,16.400000000000002],[109.6,16.0],[110.25,15.75],[110.83333333333334,15.833333333333332],[110.60000000000001,15.4],[110.80952380952382,14.80952380952381],[111.28571428571428,14.714285714285712],[112.0,15.0],[112.20689655172413,12.206896551724139],[112.42857142857143,12.0],[112.15625,11.0],[112.06451612903226,10.064516129032258],[112.0,7.0],[112.6,7.4],[113.0,7.333333333333333],[113.01639344262294,6.016393442622951],[113.5,6.0],[113.5,5.0],[113.66666666666667,4.666666666666667],[114.4,4.4],[115.0,4.0],[115.60000000000001,4.4],[116.0,4.5],[116.5,5.0],[117.95348837209302,5.046511627906977],[118.0,6.0],[118.92660550458716,6.073394495412844],[119.0,7.0],[119.96875,7.03125],[120.0,8.0],[120.68141592920352,8.31858407079646],[121.0,9.031746031746032],[122.08333333333333,9.0],[123.0,8.3125],[123.06666666666666,8.066666666666666],[123.71428571428571,8.0],[123.19230769230768,7.8076923076923075],[123.0,6.75],[122.25,6.0],[122.53846153846155,5.538461538461539],[123.0,5.25],[123.17391304347825,4.173913043478261],[123.75,4.0],[123.7037037037037,3.7037037037037033],[124.0,3.2],[124.0,0.8],[123.66666666666667,0.6666666666666667],[123.0,1.0],[123.33333333333334,0.33333333333333337],[123.2,0.0],[123.01680672268907,-0.016806722689075626],[123.0,-1.3333333333333335],[122.33333333333334,-2.0],[122.02631578947368,-2.026315789473684],[122.0,-3.0],[121.0,-4.0],[121.36363636363636,-4.636363636363637],[121.33333333333333,-5.0],[121.14814814814815,-5.148148148148148],[121.41441441441441,-5.585585585585585],[121.36507936507937,-6.0],[121.0,-6.766666666666666],[120.5929203539823,-6.407079646017699],[119.61458333333334,-6.385416666666667],[119.13333333333334,-6.133333333333333],[117.82352941176471,-6.823529411764706],[117.35135135135135,-6.648648648648647],[115.0,-6.511111111111111],[112.1111111111111,-6.0],[111.49019607843137,-5.5098039215686265],[111.0,-5.431818181818182],[110.80710659898477,-5.192893401015229],[109.97500000000001,-5.0],[109.77777777777777,-4.222222222222222],[109.28070175438596,-4.280701754385965],[108.35483870967742,-3.645161290322581],[108.0,-3.6915887850467293],[107.0632911392405,-3.0],[107.0,-2.7916666666666665],[106.6774193548387,-2.6774193548387095],[105.99386503067485,-3.0061349693251533],[106.29629629629629,-2.2962962962962963],[106.17391304347825,-2.0],[105.84313725490196,-1.843137254901961],[104.97142857142858,-2.0],[104.94285714285715,-1.0571428571428572],[102.97826086956522,-1.0],[103.95238095238096,-0.9523809523809523],[103.95454545454545,0.0],[103.46153846153847,0.46153846153846156],[102.69590643274853,0.695906432748538],[102.27777777777779,1.0],[102.19999999999999,1.2000000000000002],[101.54362416107382,1.5436241610738255],[101.19047619047619,2.0],[101.52447552447552,2.4755244755244754],[102.38461538461539,2.615384615384615],[103.0,3.0],[103.85714285714286,2.8571428571428568],[104.0,2.5],[105.0,2.5],[105.28571428571428,2.714285714285714],[105.25,3.0],[105.08695652173913,3.0869565217391304],[105.0,3.5],[104.66666666666667,3.666666666666667],[104.5,4.0],[103.18181818181819,5.181818181818182],[102.92307692307692,5.923076923076923],[101.875,7.0],[101.81818181818181,7.818181818181818],[101.66666666666667,8.0],[101.4,9.4],[101.0,10.0],[101.0,11.0],[100.33333333333334,11.333333333333334],[100.33333333333334,11.666666666666668],[100.0,12.5],[99.75,12.0],[99.88235294117648,11.882352941176471],[99.92307692307692,11.000000000000002],[98.51724137931035,10.482758620689657],[98.1923076923077,10.0],[98.25,9.0],[97.81395348837209,8.813953488372093],[97.23529411764706,8.764705882352942],[97.34482758620689,8.344827586206897],[97.23622047244095,7.7637795275590555],[96.58333333333334,7.583333333333333],[96.0,8.0],[96.28571428571428,7.285714285714286],[96.11428571428571,7.0],[96.14634146341464,6.146341463414634],[96.375,6.0],[96.54545454545453,5.545454545454545],[97.03076923076922,5.030769230769231],[97.0,3.333333333333333],[96.66666666666667,3.0],[96.71428571428571,2.714285714285714],[97.0,2.5],[97.0909090909091,2.090909090909091],[97.5,2.0],[97.4,1.6],[97.0,1.5],[96.95833333333333,1.9583333333333333],[95.5,2.0],[95.0,2.5],[94.9607843137255,2.9607843137254903],[93.98591549295774,2.9859154929577465],[93.95454545454545,3.9545454545454546],[92.8,4.0],[92.6,4.6],[92.0,4.8],[91.9622641509434,4.962264150943396],[90.98666666666666,4.986666666666667],[90.95833333333333,5.958333333333334],[89.98518518518519,5.985185185185185],[89.94594594594595,6.945945945945946],[88.97368421052632,7.0],[88.94736842105263,7.947368421052632],[87.66666666666667,8.0],[87.44444444444444,8.444444444444445],[86.8,8.8],[86.2,8.8],[85.94594594594595,8.945945945945946],[84.06060606060606,8.93939393939394],[84.0,8.666666666666668],[83.6,8.4],[83.33333333333333,8.0],[82.0655737704918,7.934426229508197],[82.0,7.777777777777778],[81.5,7.5],[81.22222222222223,7.0],[80.15384615384616,6.846153846153846],[80.0,6.583333333333334],[79.22222222222223,6.0],[78.38167938931298,5.618320610687023],[78.0,5.137931034482758],[76.08823529411765,4.911764705882352],[75.73913043478261,4.739130434782608],[75.21052631578948,4.7894736842105265],[74.66666666666667,4.0],[74.1311475409836,3.8688524590163933],[74.01428571428572,1.0],[73.16949152542372,0.8305084745762712],[73.0,-1.0],[73.07142857142857,-2.0],[73.3157894736842,-2.6842105263157894],[74.0,-2.8666666666666667],[74.03092783505154,-5.0],[72.85667752442997,-5.143322475570033],[72.67647058823529,-5.0],[72.88461538461539,-4.0],[72.92,-3.08],[72.81818181818181,-2.8181818181818183],[72.92,-2.08],[72.0,-2.037037037037037],[71.15789473684211,-2.1578947368421053],[71.0,-2.428571428571429],[70.0,-2.75],[69.7948717948718,-1.2051282051282053],[69.66666666666667,-1.0],[69.85714285714286,0.0],[68.975,1.0],[69.14814814814815,2.0],[68.86206896551724,3.862068965517241],[68.5,4.0],[68.08333333333334,5.083333333333334],[68.14285714285714,5.857142857142857],[68.0,8.0],[68.33333333333334,9.0],[68.0,10.0],[67.0,10.0],[66.66666666666667,10.666666666666668],[66.66666666666667,11.0],[66.0,12.0],[65.97142857142858,12.971428571428572],[65.83333333333333,13.0],[65.75,13.25],[65.75,13.75],[65.0,14.5],[64.94871794871796,14.948717948717949],[64.75,15.0],[64.5,16.0],[64.18181818181819,16.18181818181818],[64.0,16.5],[63.75,16.25],[62.0,15.976744186046512],[61.65625,16.65625],[61.10714285714286,17.107142857142858],[61.0,17.5],[60.86046511627907,17.13953488372093],[60.108108108108105,16.89189189189189],[58.0,16.98701298701299],[57.97142857142857,17.97142857142857],[56.0,17.982758620689655],[55.513513513513516,18.513513513513512],[54.596153846153854,18.596153846153847],[54.0,19.0],[51.0,18.96],[50.35294117647058,18.64705882352941],[50.46153846153847,18.46153846153846],[50.38461538461539,18.0],[50.559633027522935,17.559633027522935],[51.58928571428571,16.589285714285715],[52.0,16.54],[52.48214285714286,16.0],[52.52845528455285,15.528455284552846],[53.05172413793104,15.0],[52.8,14.8],[52.285714285714285,14.714285714285712],[51.833333333333336,13.0],[51.12987012987013,12.870129870129869],[51.0,12.166666666666666],[50.1578947368421,11.842105263157896],[50.0,11.0],[49.0,11.0],[48.256,10.744],[47.25225225225225,10.747747747747747],[45.66,10.34],[45.291666666666664,10.0],[45.38888888888889,9.61111111111111],[45.16666666666667,9.166666666666668],[45.83333333333333,9.166666666666668],[46.33333333333333,9.0],[46.63636363636364,8.636363636363637],[46.75,8.0],[46.230769230769226,7.769230769230769],[45.94444444444444,7.0],[45.323809523809516,6.676190476190476],[45.0,5.0],[44.45614035087719,4.5438596491228065],[44.08064516129032,3.9193548387096775],[44.0,2.941176470588235],[43.256410256410255,2.7435897435897436],[43.27906976744186,2.2790697674418605],[43.15789473684211,2.0],[42.66666666666667,1.6666666666666665],[42.3125,1.6875],[42.3125,1.3125],[42.151515151515156,1.0],[41.6875,0.6875],[41.333333333333336,0.6666666666666667],[41.12903225806452,0.0],[40.8,-0.2],[40.22727272727273,-0.2272727272727273],[40.07692307692308,-1.0],[39.125,-1.125],[39.018779342723,-2.0187793427230045],[38.05797101449275,-2.0579710144927534],[38.02010050251256,-3.020100502512563],[37.08,-3.08],[37.0,-4.05],[36.1025641025641,-4.102564102564102],[36.13953488372093,-4.8604651162790695],[36.0,-5.272727272727273],[35.529411764705884,-5.529411764705882],[35.16216216216216,-6.162162162162163],[35.19512195121951,-6.804878048780488],[34.82456140350877,-7.824561403508772],[34.736842105263165,-8.736842105263158],[34.58333333333333,-9.0],[34.61538461538461,-9.384615384615383],[35.0,-10.0],[35.03333333333334,-12.0],[35.24778761061947,-12.752212389380531],[35.48275862068965,-13.0],[35.53846153846154,-13.461538461538462],[36.04123711340206,-14.041237113402062],[36.04285714285714,-18.04285714285714],[35.5,-18.5],[35.10666666666667,-19.106666666666666],[34.400000000000006,-19.400000000000002],[34.0,-20.153846153846153],[33.38461538461538,-20.384615384615383],[32.173913043478265,-21.173913043478258],[32.0,-22.5],[31.5,-23.0],[31.057142857142857,-23.057142857142857],[31.0,-25.0],[31.10126582278481,-25.89873417721519],[31.0,-27.111111111111114],[30.515151515151516,-27.515151515151516],[30.333333333333336,-28.0],[30.0,-28.307692307692307],[29.0,-28.166666666666668],[28.476190476190474,-28.476190476190474],[28.133333333333333,-29.133333333333333],[28.05,-31.0],[27.486486486486488,-31.486486486486488],[26.548387096774192,-33.0],[25.54471544715447,-33.54471544715447],[25.192,-34.192],[24.55066079295154,-34.55066079295154],[24.145299145299145,-35.14529914529915],[23.485436893203886,-35.48543689320388],[23.0418410041841,-36.04184100418411],[22.188034188034187,-36.18803418803419],[22.0,-36.733333333333334],[21.2,-37.0],[19.13953488372093,-36.86046511627907],[17.789473684210527,-37.21052631578947],[17.210526315789473,-37.21052631578947],[17.0,-38.0],[16.22222222222222,-37.77777777777777],[15.846153846153847,-37.84615384615385],[14.0,-37.699999999999996],[13.839080459770114,-37.160919540229884],[13.3,-37.0],[13.0,-36.66666666666667],[12.865168539325843,-36.13483146067416],[12.647058823529411,-36.0],[12.647058823529411,-35.647058823529406],[13.040000000000001,-34.96],[12.515151515151516,-34.484848484848484],[12.163265306122447,-33.83673469387755],[12.0,-32.85714285714286],[11.53846153846154,-32.46153846153846],[11.206896551724139,-31.79310344827586],[11.0,-31.0],[10.25,-30.75],[10.285714285714285,-30.285714285714285],[10.0,-29.0],[9.55,-28.450000000000003],[9.357142857142856,-28.0],[9.5,-27.0],[9.23076923076923,-26.0],[9.2,-25.0],[9.0,-24.0],[8.566666666666666,-23.433333333333334],[8.518518518518519,-23.0],[8.107142857142858,-22.0],[7.571428571428571,-21.42857142857143],[7.40650406504065,-20.59349593495935],[7.0344827586206895,-20.0],[7.085106382978724,-19.085106382978722],[7.588235294117647,-18.588235294117645],[7.829457364341085,-17.829457364341085],[7.898989898989899,-16.8989898989899],[8.35483870967742,-16.35483870967742],[9.044943820224718,-15.04494382022472],[9.410256410256409,-14.0],[9.415584415584416,-13.584415584415584],[9.0,-12.666666666666668],[9.0,-11.0],[8.820512820512821,-10.179487179487179],[8.5,-9.5],[8.0,-9.0],[7.882352941176471,-7.117647058823529],[7.000000000000001,-6.615384615384617],[6.483870967741936,-5.516129032258064],[5.866666666666667,-5.0],[5.75,-4.25],[5.421052631578948,-3.578947368421052],[5.0,-3.2],[5.0,-2.909090909090909],[5.5,-2.5],[5.764705882352942,-1.7647058823529411],[5.648351648351648,-1.3516483516483515],[5.7611940298507465,-0.7611940298507462],[6.000000000000001,-0.2],[6.25,0.0],[5.947368421052632,0.9473684210526316],[5.2926829268292686,0.7073170731707317],[4.862068965517241,0.8620689655172413],[4.6571428571428575,1.3428571428571427],[4.923076923076923,1.9230769230769231],[2.0,1.972972972972973],[1.911111111111111,2.9111111111111114],[1.6470588235294117,3.6470588235294112],[-0.3225806451612903,4.67741935483871],[-1.0,4.833333333333334],[-1.6521739130434783,4.6521739130434785],[-1.9375,4.0],[-3.893805309734513,3.893805309734513],[-4.2926829268292686,3.7073170731707314],[-4.793103448275862,3.793103448275862],[-5.012820512820513,2.9871794871794872],[-6.0,2.9622641509433962],[-6.300000000000001,3.7],[-7.066666666666666,3.9333333333333336],[-8.0,3.95],[-9.818181818181818,3.8181818181818183],[-10.0,3.5384615384615383],[-10.38888888888889,3.388888888888889],[-10.583333333333332,3.0],[-12.0,3.0],[-12.41860465116279,3.5813953488372094],[-13.0,3.8333333333333335],[-13.210526315789474,4.2105263157894735],[-13.26086956521739,4.739130434782608],[-13.761904761904763,4.761904761904762],[-14.384615384615385,5.0],[-15.0,5.666666666666667],[-15.077669902912621,5.922330097087379],[-16.0,6.0],[-16.127659574468083,6.872340425531915],[-17.0,6.9750000000000005],[-17.0,8.0],[-18.09090909090909,8.0],[-18.142857142857142,8.857142857142858],[-18.6,9.4],[-19.25,9.75],[-20.0,9.799999999999999],[-20.035714285714285,14.0],[-19.833333333333332,14.166666666666666],[-19.214285714285715,14.214285714285715],[-19.054054054054056,15.054054054054054],[-19.0,16.666666666666668],[-18.666666666666668,17.0],[-19.0,17.333333333333336],[-19.068965517241377,18.06896551724138],[-18.548387096774196,18.548387096774196],[-18.416666666666664,19.0],[-18.631578947368425,19.368421052631582],[-19.0,19.583333333333336],[-19.454545454545453,19.545454545454547],[-20.0,20.0],[-19.5,20.5],[-19.16,21.16],[-18.77777777777778,22.22222222222222],[-18.77777777777778,22.77777777777778],[-18.5,23.0],[-18.045454545454547,23.045454545454547],[-18.0,24.0],[-17.185185185185183,24.185185185185183],[-16.666666666666668,25.0],[-15.378378378378379,25.37837837837838],[-15.0,26.8],[-13.191780821917806,27.191780821917806],[-12.63855421686747,27.63855421686747],[-12.558823529411764,28.0],[-11.909090909090908,29.0],[-12.0,30.0],[-11.258823529411764,30.258823529411764],[-11.0,31.178571428571427],[-10.392156862745097,31.3921568627451],[-9.7,32.0],[-9.647058823529411,32.35294117647059],[-10.0,33.0],[-9.074074074074074,33.074074074074076],[-9.0,33.5],[-8.181818181818182,34.18181818181818],[-8.11111111111111,35.0],[-8.619047619047619,35.38095238095238],[-8.9375,36.0625],[-9.4,36.6],[-10.0,36.91304347826087],[-11.0,36.851851851851855],[-11.2,37.0],[-11.258064516129032,37.25806451612903],[-11.0,37.66666666666667],[-10.777777777777779,37.77777777777777],[-10.75,38.0],[-11.333333333333334,38.66666666666667],[-11.333333333333332,39.0],[-11.769230769230768,40.0],[-11.588235294117647,41.0],[-12.0,42.0],[-11.015503875968992,43.01550387596899],[-8.0,42.78947368421052],[-5.142857142857143,43.14285714285714],[-5.0,44.333333333333336],[-4.5,45.0],[-5.181818181818182,45.81818181818182],[-6.0,46.0],[-6.461538461538462,46.53846153846154],[-7.6,47.4],[-8.0,48.0],[-7.5,48.5],[-7.0,48.5],[-6.555555555555555,48.44444444444444],[-6.25,47.75],[-5.8,47.8],[-5.5,48.0],[-5.5,48.5],[-5.0,49.0],[-6.0,49.0],[-7.0,49.333333333333336],[-8.0,49.0],[-8.5,48.5],[-10.0,48.5],[-10.333333333333334,48.66666666666667],[-10.5,49.0],[-10.363636363636363,49.36363636363636],[-9.777777777777779,49.77777777777778],[-9.666666666666668,50.0],[-9.600000000000001,50.400000000000006],[-10.0,51.0],[-10.666666666666668,50.66666666666667],[-11.333333333333334,50.66666666666667],[-13.307692307692308,50.307692307692314],[-13.692307692307693,49.69230769230769],[-14.0,49.6],[-14.088888888888889,50.91111111111111],[-15.035714285714286,51.0],[-15.133333333333333,51.86666666666667],[-17.0,51.84615384615385],[-17.166666666666668,52.0],[-16.846153846153847,52.15384615384615],[-16.153846153846153,52.15384615384615],[-16.01298701298701,53.01298701298701],[-14.03960396039604,53.03960396039604],[-13.1875,53.1875],[-13.142857142857142,53.857142857142854],[-13.022727272727273,54.02272727272727],[-11.131578947368421,54.131578947368425],[-11.0,54.3125],[-10.428571428571429,54.42857142857143],[-10.026666666666667,55.026666666666664],[-10.0,56.0],[-9.238095238095237,56.23809523809524],[-9.296296296296296,56.7037037037037],[-9.06060606060606,58.06060606060606],[-7.235294117647059,58.23529411764706],[-7.235294117647059,58.76470588235294],[-7.07843137254902,59.07843137254902],[-5.857142857142857,59.142857142857146],[-5.5,59.0],[-5.25,57.75],[-4.666666666666666,57.0],[-4.0,55.0],[-2.5,54.0],[-2.0,53.0],[-1.0,53.0],[-1.4000000000000001,52.4],[-1.3333333333333335,52.0],[-1.0,51.66666666666667],[-0.7142857142857142,51.71428571428571],[-0.4,52.4],[0.4,52.6],[1.0,53.0],[1.6,52.6],[3.0,52.5],[4.0,52.0],[8.0,52.0],[8.555555555555555,52.44444444444444],[9.25,52.75],[9.555555555555555,53.444444444444436],[10.0,54.0],[10.0,56.0],[8.333333333333334,56.333333333333336],[7.6,56.6],[7.0,57.0],[6.0,57.0],[5.0,58.0],[4.6,57.4],[4.0,57.0],[3.3076923076923084,57.30769230769231],[2.0,57.4],[1.6666666666666665,57.66666666666667],[1.4000000000000001,58.400000000000006],[0.8333333333333334,59.0],[0.625,61.0],[0.45454545454545453,61.45454545454545],[-0.4,62.0],[0.0,62.10526315789473],[1.0,62.06896551724138],[3.0,62.516129032258064],[4.0,62.590909090909086],[5.357142857142858,63.35714285714286],[5.625,63.375],[5.625,63.625],[6.0,64.42857142857143],[6.41025641025641,64.58974358974359],[7.75,66.0],[8.465116279069766,66.53488372093022],[8.833333333333332,67.0],[8.80952380952381,67.19047619047619],[9.31578947368421,67.68421052631578],[9.68421052631579,67.68421052631578],[10.5,68.0],[11.0,68.5],[11.15,68.85],[11.829787234042552,69.17021276595744],[12.16,69.84],[14.0,70.66666666666667],[15.636363636363637,70.63636363636364],[18.0,71.0],[19.0,71.5],[21.0,71.33333333333333],[22.0,71.63636363636364],[24.0,71.45454545454547],[24.333333333333336,71.33333333333334],[24.73913043478261,70.73913043478261],[25.0,70.57142857142857],[27.0,70.5],[27.384615384615383,70.38461538461539],[27.8,69.8],[28.0,69.71428571428571],[32.833333333333336,69.83333333333333],[33.333333333333336,69.66666666666667],[34.0,70.0],[33.66666666666667,69.33333333333334],[33.90909090909091,68.9090909090909],[35.68421052631579,68.68421052631578],[36.45454545454545,68.45454545454545],[36.833333333333336,68.0],[36.77777777777778,67.77777777777777],[37.0,67.5],[38.0,68.0],[38.0,69.0],[39.0,69.75],[40.0,70.0],[42.0,70.0],[41.6,69.4],[41.66666666666667,68.66666666666667],[42.0,68.0],[42.333333333333336,68.66666666666667],[43.0,69.0],[43.0,70.0],[43.333333333333336,70.66666666666667],[44.0,71.0],[45.0,70.66666666666667],[45.285714285714285,70.71428571428571],[45.81818181818182,71.18181818181819],[46.66666666666667,71.33333333333334],[47.0,72.0],[46.333333333333336,73.0],[47.0,74.0],[48.66666666666667,75.33333333333334],[49.75,76.0],[49.71428571428571,76.28571428571428],[50.0,77.0],[52.5,77.0],[54.30769230769231,77.6923076923077],[56.0,77.875],[58.275862068965516,77.72413793103448],[58.80952380952381,77.80952380952381],[59.6,77.6],[60.0,77.33333333333333],[60.5,77.5],[60.0,76.0],[59.0,76.0],[58.349999999999994,76.35],[55.869565217391305,76.13043478260869],[55.57142857142857,76.0],[55.34782608695652,75.65217391304347],[54.0,75.3125],[53.28571428571429,75.0],[52.565217391304344,74.43478260869566],[51.66666666666667,74.0],[50.75,73.0],[51.42857142857143,72.0],[51.25,71.75],[50.0,71.375],[48.333333333333336,71.33333333333334],[48.0,71.5],[47.6,71.4],[47.5,71.0],[47.6,70.60000000000001],[48.0,70.0],[48.66666666666667,70.33333333333334],[50.0,70.25],[51.0,70.0],[53.0,70.0],[53.42857142857143,70.57142857142857],[53.5,71.0],[53.785714285714285,71.21428571428572],[55.0,71.36363636363636],[56.0,71.0],[56.54545454545454,70.54545454545455],[58.75,70.75],[61.2,70.80000000000001],[61.5,71.0],[61.28571428571428,71.28571428571428],[60.0,72.0],[60.5,72.5],[61.0,72.5],[62.0,73.0],[63.0,73.0],[63.400000000000006,73.60000000000001],[63.5,74.0],[63.400000000000006,74.4],[63.0,75.0],[63.60000000000001,75.4],[64.0,76.0],[65.28571428571428,76.28571428571428],[67.66666666666667,76.33333333333334],[68.4,76.60000000000001],[69.0,77.0],[77.0,77.0],[77.0,78.0],[76.0,78.0],[76.0,81.0],[78.0,81.0],[78.0,80.0],[79.0,80.0],[79.0,76.0],[80.0,76.0],[80.0,78.0],[82.0,78.0],[82.5,78.5],[83.5,78.5],[84.0,78.0],[85.0,78.0],[85.0,79.0],[85.5,79.5],[86.4,79.6],[87.0,80.0],[88.0,80.0],[88.0,81.0],[87.4,81.4],[87.0,82.0],[87.5,82.5],[88.18181818181819,82.81818181818181],[89.0,83.0],[92.93548387096774,82.93548387096774],[93.73913043478261,82.73913043478261],[95.0,81.88888888888889],[97.0,82.0],[97.66666666666669,81.66666666666667],[97.55555555555554,81.44444444444444],[97.6190476190476,80.61904761904762]],[[-4.0,48.888888888888886],[-2.5384615384615388,48.46153846153847],[-2.142857142857143,48.0],[-2.0,47.5],[-1.8,47.8],[-1.0,48.0],[-1.3333333333333333,48.66666666666667],[-1.3333333333333335,49.0],[-1.6363636363636362,49.36363636363636],[-2.3636363636363638,49.63636363636363],[-3.0,49.714285714285715],[-3.6000000000000005,49.6],[-4.0,49.333333333333336],[-5.0,49.0],[-4.0,48.888888888888886]],[[44.15384615384615,68.84615384615384],[45.0,69.0],[43.66666666666667,69.33333333333334],[43.0,69.0],[44.15384615384615,68.84615384615384]],[[173.4,74.4],[173.0,74.5],[172.6,74.4],[172.0,74.0],[172.6,73.60000000000001],[173.0,73.5],[173.4,73.60000000000001],[174.0,74.0],[173.4,74.4]],[[170.0,73.0],[171.0,73.0],[171.0,74.0],[167.0,74.0],[167.0,73.0],[168.0,73.0],[169.0,72.5],[170.0,73.0]],[[170.66666666666669,72.33333333333334],[170.75,72.0],[171.0,71.875],[172.0,72.0],[171.0,73.0],[170.66666666666669,72.33333333333334]],[[132.20408163265307,43.795918367346935],[132.6470588235294,44.35294117647059],[133.0,44.46153846153846],[133.22222222222223,44.22222222222222],[133.67441860465118,44.32558139534884],[134.0,44.24561403508772],[134.53061224489798,44.46938775510204],[135.35616438356163,45.64383561643835],[135.86666666666667,46.0],[135.94444444444443,47.0],[135.77777777777777,47.22222222222222],[136.0,48.0],[135.44897959183675,47.55102040816327],[134.0,47.64],[133.55244755244755,47.447552447552454],[132.5,45.5],[131.83333333333334,45.16666666666667],[131.48648648648648,44.513513513513516],[131.0,44.1],[130.0,44.11111111111111],[129.0,44.875],[127.5,44.5],[127.13698630136986,43.86301369863014],[126.50574712643679,43.49425287356322],[126.34848484848484,43.0],[126.48101265822784,42.48101265822785],[126.90476190476191,42.0],[126.81818181818181,41.81818181818182],[126.8888888888889,41.111111111111114],[126.18181818181819,41.18181818181818],[125.33333333333334,41.0],[125.5,40.5],[126.0,40.33333333333333],[126.26666666666668,40.733333333333334],[127.0625,40.9375],[127.17391304347825,41.826086956521735],[128.0,41.90909090909091],[128.74074074074073,42.25925925925927],[129.0,42.77777777777777],[129.56521739130434,42.56521739130435],[130.46153846153845,42.53846153846154],[132.0,42.714285714285715],[132.140350877193,42.85964912280702],[132.20408163265307,43.795918367346935]],[[118.0,41.0],[117.0,41.16666666666667],[116.625,40.375],[115.5,40.0],[115.55555555555554,39.55555555555555],[116.0,39.0],[117.4,39.400000000000006],[118.0,39.0],[117.6,39.6],[118.0,41.0]],[[113.0,3.5],[112.5,3.5],[112.0,4.0],[112.4,4.6],[112.5,5.0],[112.4,5.4],[112.0,6.0],[111.0,6.0],[110.0,5.0],[109.0,5.0],[109.0,4.0],[110.0,4.0],[110.0,3.0],[110.5,3.5],[111.5,3.5],[112.0,3.0],[112.0,2.0],[113.0,2.0],[113.4,2.6],[113.5,3.0],[113.33333333333334,3.3333333333333335],[113.0,3.5]],[[109.0,6.0],[108.0,6.0],[108.0,5.0],[109.0,5.0],[109.0,6.0]],[[111.0,2.0],[111.0,1.0],[112.0,1.0],[112.0,2.0],[111.0,2.0]],[[106.0,6.0],[107.0,6.0],[107.0,8.0],[106.0,8.0],[106.0,9.0],[105.0,9.0],[104.60000000000001,9.600000000000001],[104.5,10.0],[104.13333333333334,10.133333333333333],[104.0,10.5],[103.88888888888889,8.88888888888889],[104.0,8.5],[104.5,8.5],[105.0,8.0],[105.0,7.0],[106.0,7.0],[106.0,6.0]],[[119.55555555555554,-1.4444444444444444],[119.0,-1.25],[118.0,-1.6666666666666667],[117.68421052631578,-1.6842105263157894],[117.25,-2.0],[117.33333333333334,-2.3333333333333335],[117.0,-3.0],[120.0,-3.0],[119.77777777777777,-2.2222222222222223],[119.85714285714286,-2.0],[119.55555555555554,-1.4444444444444444]],[[97.22222222222223,80.22222222222223],[96.88888888888889,80.11111111111111],[94.0,80.22222222222223],[93.0,80.0],[91.0,80.0],[91.0,79.0],[90.0,79.0],[90.0,78.0],[92.0,78.0],[92.0,79.0],[94.0,79.0],[95.0,78.0],[95.60000000000001,78.4],[96.4,78.60000000000001],[98.22222222222223,78.77777777777777],[99.0,79.0],[98.16666666666666,79.16666666666667],[97.5,79.5],[97.22222222222223,80.22222222222223]],[[100.89312977099237,30.106870229007633],[100.9010989010989,28.9010989010989],[101.27692307692308,28.723076923076924],[101.73770491803279,28.737704918032787],[102.0,28.200000000000003],[102.5,28.5],[102.8,29.0],[102.54545454545453,29.545454545454543],[102.0,30.25],[101.95744680851064,30.04255319148936],[101.19718309859155,30.197183098591548],[100.89312977099237,30.106870229007633]],[[105.35,37.65],[104.85714285714286,37.0],[105.00000000000001,36.66666666666667],[106.0,36.18181818181818],[106.32142857142857,36.67857142857143],[106.61538461538461,38.0],[106.35555555555555,38.355555555555554],[106.0,38.470588235294116],[105.46666666666667,38.0],[105.35,37.65]],[[108.0,19.25],[108.5,19.5],[108.71428571428571,20.285714285714285],[109.8,21.0],[109.5,21.5],[109.0,21.8],[108.0,21.5],[107.25,20.0],[107.53846153846155,19.53846153846154],[108.0,19.25]],[[132.5,73.0],[132.33333333333334,73.33333333333334],[132.0,73.5],[131.6,73.4],[131.0,73.0],[132.0,72.80000000000001],[132.5,73.0]],[[167.0,65.05882352941175],[166.66666666666669,65.0],[166.88888888888889,64.88888888888889],[167.08333333333334,64.91666666666667],[167.0,65.05882352941175]],[[-3.413793103448276,37.41379310344828],[-3.857142857142857,37.0],[-4.214285714285714,36.214285714285715],[-5.0,36.09090909090909],[-6.205128205128204,36.205128205128204],[-6.258064516129032,36.0],[-6.648854961832061,35.648854961832065],[-7.463768115942029,35.463768115942024],[-7.96969696969697,35.0],[-7.857142857142858,33.142857142857146],[-7.333333333333334,33.333333333333336],[-7.0,33.23255813953488],[-6.0,33.68888888888889],[-5.0,33.21739130434783],[-3.0,33.21621621621622],[-2.383838383838384,33.38383838383839],[-2.0,34.0],[-1.1285714285714286,34.12857142857143],[6.711711711711711,34.288288288288285],[7.000000000000001,34.8],[7.916666666666667,34.916666666666664],[9.054054054054053,34.05405405405405],[9.068965517241379,33.06896551724138],[9.5,33.0],[9.600000000000001,32.6],[10.0,32.0],[10.0,31.0],[10.2,30.200000000000003],[12.0,30.076923076923077],[12.105263157894736,29.894736842105264],[12.105263157894736,29.105263157894736],[12.894736842105264,29.105263157894736],[13.11111111111111,29.0],[13.222222222222221,28.22222222222222],[13.777777777777779,28.22222222222222],[14.05263157894737,28.05263157894737],[16.333333333333332,28.0],[16.555555555555554,27.555555555555554],[17.0,27.333333333333336],[17.444444444444443,27.555555555555554],[17.666666666666668,28.0],[17.235294117647058,28.235294117647058],[17.0,29.0],[18.37735849056604,29.37735849056604],[18.675675675675677,29.324324324324326],[18.644444444444446,29.644444444444446],[18.822222222222223,30.0],[19.130081300813007,30.130081300813007],[20.01449275362319,30.014492753623188],[20.041666666666668,29.041666666666668],[22.012658227848103,29.012658227848103],[22.046511627906977,28.046511627906977],[25.166666666666668,28.0],[25.333333333333336,27.666666666666668],[25.333333333333336,27.333333333333336],[25.66666666666667,27.333333333333336],[26.0,27.166666666666664],[26.333333333333336,27.333333333333336],[26.666666666666668,27.333333333333336],[26.666666666666668,27.666666666666668],[26.833333333333332,28.0],[27.080000000000002,28.08],[27.92,28.08],[28.0,28.25],[28.071428571428573,28.071428571428573],[30.916666666666668,28.083333333333336],[30.981651376146786,29.01834862385321],[31.736842105263158,28.736842105263158],[32.10204081632653,28.897959183673468],[32.13513513513514,29.135135135135137],[31.740259740259738,29.740259740259738],[31.88095238095238,30.119047619047617],[32.46994535519126,30.530054644808743],[32.78125,32.0],[32.5609756097561,33.0],[33.0,34.0625],[33.2,34.2],[33.8,34.2],[33.588235294117645,34.588235294117645],[33.68181818181818,35.0],[33.121212121212125,36.121212121212125],[32.87096774193549,36.12903225806452],[32.48837209302325,35.51162790697674],[32.0,35.08695652173913],[31.362499999999997,36.3625],[30.0,36.78082191780822],[29.37974683544304,36.620253164556964],[29.109375,36.0],[29.0,34.983870967741936],[28.75,35.0],[28.0,35.75],[27.5,35.5],[27.25,35.0],[26.058823529411764,34.94117647058824],[26.0,34.0],[25.0,34.0],[24.0,34.0],[23.846153846153843,35.84615384615385],[23.307692307692307,36.30769230769231],[23.0,37.0],[22.0,37.0],[21.454545454545453,37.45454545454545],[21.0,37.652173913043484],[20.523809523809522,37.476190476190474],[20.166666666666668,37.0],[20.947368421052634,35.00000000000001],[20.0,33.96610169491525],[19.692307692307693,34.69230769230769],[18.933333333333334,35.0],[18.8125,36.0],[18.409448818897637,36.40944881889764],[17.653179190751445,36.653179190751445],[17.387096774193548,37.38709677419355],[17.0,37.96],[16.75,38.0],[16.939393939393938,38.060606060606055],[16.96551724137931,39.0],[16.0,39.77777777777778],[15.0,40.095238095238095],[14.0,40.76190476190476],[13.6875,40.6875],[13.125,40.875],[13.0,40.66666666666667],[12.666666666666668,40.66666666666667],[12.6,41.400000000000006],[13.0,42.0],[12.0,42.0],[11.0,42.666666666666664],[10.0,42.5],[9.333333333333334,42.0],[9.555555555555555,41.55555555555555],[10.0,41.333333333333336],[11.285714285714285,41.28571428571428],[11.555555555555555,40.55555555555556],[12.0,40.33333333333333],[12.333333333333334,40.333333333333336],[12.333333333333334,40.0],[12.555555555555555,39.55555555555555],[13.142857142857142,39.14285714285714],[13.631578947368421,39.36842105263158],[14.25,39.25],[14.575,38.575],[15.8125,38.0],[15.600000000000001,37.6],[16.0,37.25],[16.04,37.0],[15.88888888888889,37.0],[15.457142857142857,37.457142857142856],[15.0,37.38095238095238],[13.847457627118644,37.847457627118644],[12.666666666666666,38.0],[12.444444444444445,38.44444444444444],[12.0,38.66666666666667],[11.942857142857143,38.94285714285714],[11.666666666666668,39.0],[11.444444444444443,39.44444444444444],[11.0,39.666666666666664],[10.933333333333334,39.93333333333334],[9.0,40.0],[8.974025974025974,40.97402597402598],[8.666666666666668,41.0],[8.444444444444445,41.44444444444444],[8.0,41.66666666666667],[7.975,41.975],[7.0,42.0],[5.849372384937238,41.84937238493724],[5.538461538461538,42.0],[5.304347826086957,42.30434782608695],[4.0,42.791666666666664],[2.813953488372093,42.18604651162791],[2.6666666666666665,42.0],[1.0,41.62222222222222],[0.0,41.2625],[-1.5333333333333332,41.0],[-1.6,40.6],[-2.0,40.0],[-2.0,39.0],[-2.8333333333333335,38.833333333333336],[-3.0,38.66666666666667],[-3.413793103448276,37.41379310344828]],[[5.727272727272727,49.0],[5.25,50.25],[4.783783783783784,50.21621621621622],[4.636363636363637,50.0],[4.428571428571429,49.0],[4.5,48.5],[5.0,48.5],[5.727272727272727,49.0]],[[4.0,48.5],[3.571428571428571,48.0],[4.0,47.33333333333333],[4.428571428571429,48.0],[4.5,48.5],[4.0,48.5]],[[7.285714285714286,45.285714285714285],[7.0,45.5],[6.6000000000000005,45.4],[6.5,45.0],[7.333333333333334,45.0],[7.285714285714286,45.285714285714285]],[[16.0,55.0],[15.5,55.5],[15.0,55.666666666666664],[13.600000000000001,55.400000000000006],[13.0,55.0],[13.75,54.75],[14.0,54.833333333333336],[14.636363636363637,54.63636363636364],[15.0,54.333333333333336],[16.0,55.0]],[[20.0,54.75],[20.2,55.0],[20.0,55.25],[19.333333333333336,55.33333333333334],[19.0,55.5],[17.6,55.400000000000006],[17.0,55.0],[17.846153846153847,54.84615384615384],[20.0,54.75]],[[23.5,43.0],[23.285714285714285,43.28571428571428],[23.0,43.333333333333336],[22.5,43.0],[23.142857142857146,42.85714285714286],[23.5,43.0]],[[30.555555555555554,48.44444444444444],[30.999999999999996,48.57142857142857],[31.5,48.5],[32.0,48.0],[32.6,49.400000000000006],[33.0,50.0],[32.0,50.142857142857146],[31.5,50.5],[31.090909090909093,51.090909090909086],[30.363636363636367,51.36363636363636],[30.0,52.0],[29.0,52.0],[28.5,53.0],[27.4,53.400000000000006],[27.200000000000003,54.0],[27.000000000000004,54.142857142857146],[26.66666666666667,54.00000000000001],[26.5,53.0],[25.66666666666667,52.33333333333334],[25.5,52.0],[27.333333333333336,50.0],[27.6,48.60000000000001],[28.0,48.0],[28.6,47.6],[29.0,47.5],[29.400000000000002,47.6],[30.555555555555554,48.44444444444444]],[[34.0,49.0],[35.285714285714285,48.71428571428571],[36.0,49.0],[37.22222222222222,48.22222222222222],[38.0,48.0],[39.0,48.0],[39.77777777777777,48.22222222222222],[40.5,48.5],[41.0,49.0],[41.0,50.0],[40.4,50.400000000000006],[39.0,51.0],[36.0,51.0],[36.0,50.0],[35.285714285714285,50.28571428571428],[34.857142857142854,50.14285714285714],[33.0,50.0],[34.0,49.0]],[[31.6,65.60000000000001],[32.0,65.0],[32.333333333333336,65.66666666666667],[33.0,66.0],[32.0,66.14285714285715],[31.5,66.0],[31.6,65.60000000000001]],[[33.714285714285715,65.71428571428571],[34.285714285714285,65.71428571428571],[34.666666666666664,66.0],[34.0,66.22222222222223],[33.0,66.0],[33.714285714285715,65.71428571428571]],[[49.77777777777778,46.22222222222222],[51.0,46.0],[53.0,46.0],[54.0,45.0],[54.6,45.4],[55.33333333333334,45.66666666666667],[55.5,46.0],[55.25,46.25],[55.0,47.0],[54.285714285714285,47.285714285714285],[54.285714285714285,47.71428571428571],[54.08695652173913,48.086956521739125],[53.00000000000001,48.2],[52.55555555555555,48.55555555555555],[52.15384615384615,49.15384615384615],[52.095238095238095,50.095238095238095],[51.66666666666667,50.333333333333336],[51.25,49.75],[50.0,49.75],[49.5,50.0],[49.33333333333334,50.333333333333336],[49.0,50.5],[48.0,50.5],[47.0,50.66666666666667],[46.0,51.0],[44.333333333333336,50.66666666666667],[43.60000000000001,50.400000000000006],[42.4,49.6],[42.0,48.0],[42.4,47.4],[43.0,47.0],[44.0,47.0],[44.6,46.6],[45.0,46.5],[49.77777777777778,46.22222222222222]],[[50.33333333333333,51.0],[50.55555555555555,50.55555555555555],[51.0,50.33333333333333],[51.400000000000006,50.60000000000001],[51.33333333333334,51.00000000000001],[51.00000000000001,51.33333333333334],[50.63636363636363,51.36363636363636],[50.33333333333333,51.0]],[[54.0,36.0],[54.6,35.6],[55.0,35.5],[56.285714285714285,35.71428571428571],[57.00000000000001,35.66666666666667],[58.470588235294116,36.529411764705884],[59.0,36.699999999999996],[60.25,36.75],[61.71428571428571,37.285714285714285],[62.0,38.0],[62.0,39.0],[61.0,40.0],[60.71428571428571,40.71428571428571],[60.0,41.0],[59.77777777777778,41.77777777777778],[59.285714285714285,42.285714285714285],[59.0,43.0],[58.0,44.0],[57.4,43.60000000000001],[56.6,43.400000000000006],[56.0,43.0],[55.60000000000001,42.4],[55.5,42.0],[55.60000000000001,41.6],[56.0,41.0],[56.66666666666667,39.0],[56.421052631578945,38.57894736842105],[55.33333333333333,38.0],[55.0,37.666666666666664],[54.5,37.5],[54.0,37.0],[54.0,36.0]],[[62.0,50.0],[62.0,51.0],[61.0,51.285714285714285],[60.71428571428571,51.0],[60.199999999999996,50.0],[60.400000000000006,49.400000000000006],[61.0,49.2],[62.0,50.0]],[[62.5,44.5],[63.0,44.333333333333336],[63.285714285714285,45.0],[63.0,45.666666666666664],[62.55555555555555,45.44444444444444],[62.33333333333333,45.0],[62.5,44.5]],[[72.6470588235294,70.35294117647058],[72.57142857142857,70.0],[72.66666666666667,69.66666666666667],[73.0,69.5],[73.30000000000001,69.69999999999999],[73.42857142857143,70.0],[73.375,70.375],[73.0,70.75],[72.6470588235294,70.35294117647058]],[[79.08333333333333,45.0],[75.75,45.0],[77.10989010989012,44.89010989010989],[79.08333333333333,45.0]],[[80.14285714285715,46.0],[79.89655172413792,46.0],[79.86666666666667,45.866666666666674],[80.0,45.78571428571428],[80.14285714285715,46.0]],[[160.33333333333334,63.00000000000001],[159.96,63.0],[160.0,62.5],[160.4,62.6],[160.33333333333334,63.00000000000001]],[[163.78947368421052,63.21052631578947],[163.2,63.0],[163.61904761904762,62.61904761904761],[164.79999999999998,63.0],[163.78947368421052,63.21052631578947]],[[33.904761904761905,-2.0952380952380953],[33.869565217391305,-2.8695652173913047],[34.0,-3.4285714285714284],[34.400000000000006,-3.4000000000000004],[34.6,-3.0],[34.666666666666664,-2.0],[34.25,-1.0],[33.8,-0.8],[33.0,-1.0],[33.77777777777778,-1.2222222222222223],[33.69230769230769,-1.6923076923076925],[33.904761904761905,-2.0952380952380953]],[[18.0,48.0],[18.285714285714285,48.71428571428571],[18.095238095238095,49.095238095238095],[17.666666666666668,49.0],[17.6,48.60000000000001],[18.0,48.0]],[[18.6,47.6],[19.0,47.5],[19.285714285714285,47.71428571428571],[20.0,47.800000000000004],[21.307692307692307,47.69230769230769],[21.5,48.0],[20.733333333333334,48.266666666666666],[20.18181818181818,48.18181818181819],[20.0,48.5],[19.75,48.25],[19.0,48.166666666666664],[18.714285714285715,48.28571428571428],[18.0,48.0],[18.6,47.6]],[[11.0,45.85714285714286],[11.5,46.0],[12.0,46.5],[12.4,46.6],[13.0,46.66666666666667],[14.0,46.5],[15.0,46.800000000000004],[15.285714285714285,46.71428571428571],[15.714285714285712,47.285714285714285],[16.5,47.5],[17.0,48.0],[16.363636363636363,48.36363636363636],[16.0,48.4],[15.0,48.2],[14.833333333333334,47.833333333333336],[14.833333333333334,47.16666666666667],[14.25,47.25],[12.935483870967742,47.064516129032256],[11.0,47.125],[10.8,47.0],[10.666666666666668,46.66666666666667],[10.75,46.25],[9.0,46.0],[11.0,45.85714285714286]],[[22.735294117647058,38.73529411764706],[23.0,38.25],[23.450000000000003,38.55],[23.6,39.0],[23.0,39.9],[22.67857142857143,39.32142857142857],[22.735294117647058,38.73529411764706]],[[29.26086956521739,40.73913043478261],[29.25,41.0],[29.69747899159664,41.30252100840336],[31.0,41.40229885057471],[32.0,41.76470588235294],[32.702127659574465,41.70212765957447],[33.22857142857143,41.22857142857143],[33.702127659574465,41.29787234042553],[34.0,41.208955223880594],[37.0,41.59615384615384],[37.628571428571426,41.628571428571426],[38.0,41.45833333333333],[39.0,41.76744186046512],[40.25806451612903,41.74193548387097],[40.888888888888886,42.0],[39.0,42.5],[38.0,43.25],[36.6231884057971,43.6231884057971],[36.11363636363637,44.0],[35.839999999999996,44.84],[35.333333333333336,44.66666666666667],[34.80898876404495,44.80898876404494],[34.54054054054054,45.0],[34.507246376811594,45.492753623188406],[34.6,45.6],[34.400000000000006,45.6],[34.0,45.952380952380956],[33.095238095238095,45.904761904761905],[33.095238095238095,45.095238095238095],[33.0,44.984375],[32.9,45.099999999999994],[32.9,45.900000000000006],[32.0,45.949999999999996],[31.525,45.475],[31.525,45.0],[31.0,44.730769230769226],[30.0,45.0],[29.888888888888886,45.888888888888886],[28.08,45.92],[27.77777777777778,45.77777777777778],[27.22222222222222,45.77777777777778],[27.0,45.0],[26.076923076923077,44.92307692307692],[26.0,44.66666666666667],[25.555555555555554,44.444444444444436],[25.333333333333332,44.0],[24.833333333333332,43.833333333333336],[24.166666666666668,43.833333333333336],[24.083333333333336,43.0],[24.166666666666668,42.16666666666667],[25.0,42.083333333333336],[25.019230769230766,41.0],[25.210526315789473,40.21052631578947],[25.593220338983052,40.406779661016955],[28.67123287671233,40.32876712328767],[29.26086956521739,40.73913043478261]],[[43.2,41.2],[43.0,42.0],[42.42857142857143,41.57142857142858],[41.66666666666667,41.333333333333336],[41.61538461538461,41.0],[42.27777777777777,40.72222222222222],[42.72222222222222,40.72222222222222],[42.964285714285715,40.0],[45.130434782608695,39.869565217391305],[45.75,40.0],[45.0,40.333333333333336],[44.65714285714286,40.65714285714286],[44.66666666666667,41.0],[43.69230769230769,41.30769230769231],[43.2,41.2]],[[45.666666666666664,43.0],[45.44444444444444,43.44444444444444],[45.0,43.66666666666667],[44.9375,43.0],[45.108108108108105,42.89189189189189],[45.666666666666664,43.0]],[[46.5,39.5],[46.42857142857143,39.0],[47.21052631578948,38.78947368421053],[47.888888888888886,39.0],[47.77777777777778,39.77777777777777],[47.0,39.88888888888889],[46.5,39.5]],[[76.04761904761905,41.047619047619044],[75.9375,41.0],[76.18181818181819,40.81818181818182],[76.5,41.0],[76.04761904761905,41.047619047619044]],[[80.0,41.5],[79.0,41.5],[78.25,41.0],[77.66666666666667,40.0],[80.0,39.625],[81.0,39.125],[82.4,39.6],[83.0,40.0],[82.0,40.800000000000004],[81.0,41.333333333333336],[80.0,41.5]],[[15.714285714285712,46.28571428571428],[15.8,45.0],[15.666666666666668,44.333333333333336],[15.0,44.0],[16.0,43.75],[18.0,43.66666666666667],[18.25,43.75],[18.400000000000002,44.400000000000006],[18.0,45.0],[16.133333333333333,45.13333333333334],[16.0,46.5],[15.714285714285712,46.28571428571428]],[[20.02409638554217,39.024096385542165],[19.875,39.0],[20.0,38.875],[20.04878048780488,38.951219512195124],[20.02409638554217,39.024096385542165]],[[25.0,35.09090909090909],[25.81818181818182,35.18181818181819],[25.90909090909091,36.0],[25.81818181818182,36.81818181818182],[25.0,36.90909090909091],[24.461538461538463,36.53846153846154],[24.09090909090909,36.0],[24.181818181818183,35.18181818181819],[25.0,35.09090909090909]],[[26.0,37.14285714285714],[26.545454545454547,38.0],[26.0,39.0],[25.4,38.0],[25.5,37.5],[26.0,37.14285714285714]],[[45.0,22.0],[45.333333333333336,23.0],[45.06666666666666,23.066666666666666],[44.6,23.6],[44.44444444444444,24.0],[44.0,24.57142857142857],[43.72727272727273,24.727272727272727],[43.400000000000006,25.400000000000002],[42.6,26.0],[42.09836065573771,26.098360655737704],[42.0,26.375],[41.629629629629626,26.62962962962963],[41.5,27.0],[41.151515151515156,27.151515151515152],[41.0,27.5],[40.642857142857146,27.642857142857142],[40.0,28.444444444444443],[39.0,28.8],[38.75,28.75],[38.75,29.0],[38.27272727272727,29.272727272727273],[38.0,29.333333333333336],[37.77777777777777,29.22222222222222],[37.625,29.0],[38.0,28.400000000000002],[38.333333333333336,28.333333333333336],[38.333333333333336,28.0],[39.333333333333336,27.333333333333336],[39.5,27.0],[40.272727272727266,26.272727272727273],[40.63636363636364,25.636363636363637],[41.57142857142858,24.57142857142857],[43.26086956521739,23.26086956521739],[44.0,21.666666666666668],[44.400000000000006,21.6],[45.0,22.0]],[[47.27586206896552,20.724137931034484],[47.114285714285714,21.114285714285714],[46.80487804878049,21.195121951219512],[46.0,21.0],[46.28571428571428,20.285714285714285],[47.0,20.0],[47.27586206896552,20.724137931034484]],[[85.60000000000001,32.6],[86.0,32.0],[87.0,33.0],[87.75,34.0],[87.0,34.27272727272727],[85.60000000000001,34.400000000000006],[85.0,34.333333333333336],[84.82608695652175,34.173913043478265],[83.0,34.0],[83.71428571428571,33.714285714285715],[85.60000000000001,32.6]],[[90.33333333333334,28.0],[90.0,28.299999999999997],[89.05882352941177,29.058823529411764],[88.0,29.5],[86.8125,29.1875],[85.5,28.0],[85.4,27.0],[85.75999999999999,26.759999999999998],[87.0,26.5],[88.0,26.0],[88.99999999999999,25.88888888888889],[89.85714285714286,26.142857142857146],[91.0,27.0],[90.5,27.5],[90.33333333333334,28.0]],[[90.6470588235294,10.352941176470587],[90.5,10.0],[90.625,9.625],[91.0,9.399999999999999],[91.4,9.600000000000001],[91.6,10.0],[91.35294117647058,10.352941176470587],[91.0,10.5],[90.6470588235294,10.352941176470587]]],[[[24.705882352941174,33.294117647058826],[25.0,34.0],[25.350877192982455,33.35087719298245],[25.27027027027027,33.0],[25.105820105820104,32.89417989417989],[24.88095238095238,32.88095238095238],[24.705882352941174,33.294117647058826]]],[[[12.0,35.37777777777778],[12.395348837209301,35.0],[12.34,34.66],[12.0,34.34615384615385],[11.634408602150536,34.634408602150536],[10.11111111111111,35.0],[10.846153846153847,35.15384615384615],[11.0,35.32],[12.0,35.37777777777778]]],[[[17.666666666666668,77.33333333333334],[18.22222222222222,77.22222222222223],[19.0,77.0],[18.400000000000002,76.60000000000001],[18.0,76.5],[17.6,76.60000000000001],[17.0,77.0],[17.666666666666668,77.33333333333334]]],[[[60.33333333333334,78.0],[60.71428571428571,78.28571428571428],[61.48275862068966,78.51724137931035],[62.0,78.59090909090908],[63.358974358974365,78.35897435897436],[63.77777777777778,78.0],[63.400000000000006,77.6],[62.625,77.375],[61.3,77.3],[60.5,77.5],[60.33333333333334,78.0]]],[[[37.833333333333336,81.16666666666667],[38.0,81.33333333333334],[39.0,81.0],[38.0,80.5],[37.81818181818181,80.81818181818181],[37.833333333333336,81.16666666666667]]],[[[50.68421052631578,80.68421052631578],[50.5,81.0],[50.60000000000001,81.4],[51.0,81.5],[51.46153846153847,81.46153846153847],[51.6,81.0],[51.315789473684205,80.68421052631578],[51.0,80.57142857142858],[50.68421052631578,80.68421052631578]]],[[[69.5,81.5],[70.0,82.0],[71.0,82.0],[71.0,81.0],[70.18181818181819,80.81818181818181],[69.5,81.0],[69.5,81.5]]],[[[53.333333333333336,82.0],[53.71428571428571,82.28571428571428],[54.54545454545455,82.45454545454545],[56.0,82.38461538461539],[57.2,82.0],[56.47619047619047,81.52380952380952],[56.0,81.375],[55.0,81.375],[53.75,81.75],[53.333333333333336,82.0]]],[[[48.0,81.5],[46.0,82.0],[46.81818181818182,82.18181818181819],[49.33333333333334,82.33333333333334],[50.0,82.0],[48.0,81.5]]],[[[52.5,82.0],[52.0,81.66666666666667],[51.6,81.60000000000001],[51.83333333333333,82.16666666666667],[52.0,82.25],[52.5,82.0]]],[[[159.17543859649123,-79.17543859649123],[158.0,-79.0],[158.30588235294118,-78.30588235294118],[158.24074074074076,-78.0],[158.5030303030303,-77.5030303030303],[159.0,-77.26785714285715],[160.0,-77.56666666666666],[161.0,-77.37777777777778],[161.4148148148148,-77.58518518518518],[161.6222222222222,-78.0],[161.40579710144928,-78.40579710144928],[161.0,-78.60869565217392],[160.0,-78.76470588235293],[159.17543859649123,-79.17543859649123]]],[[[131.55555555555554,-74.55555555555554],[131.73333333333332,-73.73333333333333],[133.28571428571428,-73.71428571428571],[133.66666666666669,-74.0],[133.36363636363637,-74.36363636363636],[133.25,-75.0],[132.44444444444443,-75.44444444444444],[132.16216216216216,-76.16216216216216],[131.75,-76.25],[131.25,-76.0],[131.0,-75.0],[131.55555555555554,-74.55555555555554]]],[[[116.69999999999999,-75.0],[116.28,-75.28],[115.0,-75.53333333333333],[114.55555555555554,-75.44444444444444],[114.0,-75.0],[115.0,-74.42857142857142],[116.0,-74.53333333333333],[116.34146341463413,-74.65853658536585],[116.69999999999999,-75.0]]],[[[112.0,-72.0],[113.14814814814815,-71.85185185185185],[114.5,-72.0],[112.87878787878788,-72.12121212121212],[112.0,-72.0]]],[[[109.0,-72.34482758620689],[108.0,-72.16666666666666],[107.69230769230771,-72.0],[107.5,-71.0],[108.0,-70.57142857142857],[108.5909090909091,-71.4090909090909],[110.9090909090909,-71.9090909090909],[112.0,-72.0],[111.11764705882354,-72.11764705882354],[111.0,-72.33333333333334],[110.77777777777777,-72.22222222222223],[110.4,-72.4],[109.0,-72.34482758620689]]],[[[128.51724137931035,-69.51724137931035],[128.3913043478261,-70.0],[128.48648648648648,-70.48648648648648],[128.0,-71.0],[128.52941176470588,-70.52941176470588],[129.16326530612247,-70.83673469387756],[129.39999999999998,-71.0],[129.83333333333331,-72.16666666666667],[130.47619047619048,-72.52380952380952],[131.0,-73.0],[130.375,-74.0],[131.0,-75.0],[130.8181818181818,-75.81818181818181],[130.75,-76.0],[130.0,-76.5],[129.0,-76.4],[128.78947368421052,-76.21052631578948],[128.83333333333331,-76.0],[128.5483870967742,-75.4516129032258],[128.22222222222223,-75.0],[127.13333333333334,-74.0],[126.73684210526315,-73.0],[126.29787234042553,-72.70212765957446],[125.0,-72.46666666666667],[124.66666666666669,-72.66666666666667],[124.27118644067798,-73.27118644067797],[122.0,-73.45833333333334],[121.7215189873418,-73.27848101265823],[121.63333333333333,-73.0],[121.4,-72.0],[121.43243243243244,-71.56756756756756],[120.69696969696969,-71.30303030303031],[119.77142857142857,-71.22857142857143],[119.0,-71.0],[119.5,-70.0],[120.22222222222223,-69.22222222222223],[120.66666666666666,-69.0],[120.60000000000001,-68.60000000000001],[121.19999999999999,-68.8],[122.0,-68.77777777777777],[122.55,-69.45],[123.0,-69.6923076923077],[124.34482758620692,-69.3448275862069],[124.73584905660377,-68.73584905660377],[125.47272727272727,-68.47272727272727],[126.0,-68.0],[126.14285714285714,-67.14285714285714],[127.0,-66.33333333333334],[127.30769230769232,-66.6923076923077],[128.3,-66.7],[129.51999999999998,-67.48],[130.34782608695653,-67.65217391304347],[130.44444444444446,-68.0],[129.8,-68.2],[129.2,-68.2],[128.78571428571428,-68.78571428571428],[128.51724137931035,-69.51724137931035]],[[121.55555555555556,-71.0],[121.61904761904762,-71.38095238095238],[122.17391304347825,-71.17391304347827],[122.26666666666667,-71.0],[122.23529411764707,-70.76470588235294],[122.0,-70.63636363636364],[121.55555555555556,-71.0]]],[[[137.92307692307693,-69.0],[136.92307692307693,-70.0],[136.0,-70.54545454545455],[135.0,-70.4],[133.0,-71.0],[132.0,-70.30000000000001],[131.8,-70.0],[132.0,-69.25],[132.5263157894737,-69.47368421052633],[133.0,-69.5],[134.05128205128204,-69.05128205128206],[134.13333333333333,-68.86666666666666],[133.8181818181818,-68.18181818181819],[132.8,-68.2],[132.5,-67.5],[131.0,-67.0],[131.77777777777777,-66.77777777777777],[133.0,-67.0],[134.0,-67.0],[135.0,-66.6],[136.0,-67.0],[134.5,-67.5],[134.25,-68.0],[134.73913043478262,-68.26086956521739],[135.1818181818182,-68.18181818181819],[137.47058823529412,-68.52941176470588],[137.92307692307693,-69.0]]],[[[141.14814814814815,-67.85185185185185],[142.0,-68.0],[141.0,-68.22222222222223],[140.0,-68.0],[140.55555555555554,-67.55555555555556],[141.14814814814815,-67.85185185185185]]],[[[117.57142857142858,-66.57142857142858],[118.0,-66.45454545454545],[119.0,-66.6],[119.30769230769232,-66.6923076923077],[119.6470588235294,-67.35294117647058],[120.5,-68.0],[120.44444444444443,-68.44444444444444],[119.0,-68.44444444444444],[118.65217391304348,-68.34782608695653],[118.00000000000001,-67.85714285714286],[117.14285714285715,-67.0],[117.57142857142858,-66.57142857142858]]],[[[139.0,-66.25],[139.375,-66.625],[140.16666666666666,-66.83333333333333],[140.44444444444443,-67.44444444444444],[140.0,-68.0],[138.71428571428572,-68.28571428571428],[138.25,-68.0],[138.0,-67.0],[138.68421052631578,-66.68421052631578],[139.0,-66.25]]],[[[122.0,-66.4],[121.33333333333334,-66.0],[122.0,-65.88235294117646],[122.1081081081081,-66.1081081081081],[122.0,-66.4]]],[[[177.4065934065934,-57.0],[177.0,-57.381443298969074],[176.0,-57.0],[176.0,-56.0],[176.86666666666667,-55.86666666666667],[177.14285714285714,-55.0],[178.0,-54.142857142857146],[178.66666666666669,-54.0],[179.0,-53.75],[179.27906976744185,-53.27906976744186],[179.19354838709677,-52.806451612903224],[178.42105263157893,-52.578947368421055],[178.14285714285717,-52.00000000000001],[178.43478260869563,-51.43478260869565],[179.0,-51.142857142857146],[179.22857142857143,-51.22857142857143],[179.91304347826085,-51.086956521739125],[180.0,-54.375],[179.8,-54.8],[179.8571428571429,-55.0],[178.70114942528733,-55.701149425287355],[178.61764705882354,-56.0],[177.51351351351352,-56.513513513513516],[177.4065934065934,-57.0]]],[[[179.0,-50.33333333333333],[178.66666666666669,-50.0],[178.92592592592592,-49.92592592592593],[179.0,-49.0],[180.0,-49.25],[180.0,-50.75],[179.0,-50.33333333333333]]],[[[178.60000000000002,-47.6],[179.0,-47.0],[180.0,-47.0],[180.0,-48.833333333333336],[179.0,-49.0],[178.9333333333333,-48.06666666666666],[178.60000000000002,-47.6]]],[[[177.7142857142857,-46.71428571428571],[178.0,-46.625],[179.0,-47.0],[178.46153846153845,-47.46153846153846],[178.0,-47.375],[177.89285714285717,-47.10714285714286],[177.625,-47.0],[177.7142857142857,-46.71428571428571]]],[[[145.69411764705882,-59.30588235294118],[144.86666666666667,-59.0],[144.50684931506848,-58.4931506849315],[143.88888888888889,-58.0],[143.8125,-57.8125],[143.91666666666666,-57.08333333333333],[143.0,-57.0],[143.0,-56.0],[142.0,-56.0],[141.30769230769232,-55.69230769230769],[141.0,-55.714285714285715],[140.73684210526318,-55.26315789473685],[139.90804597701148,-55.0919540229885],[137.33333333333334,-55.0],[137.0,-54.75],[136.87755102040816,-54.12244897959184],[135.0,-54.0],[135.0,-53.0],[134.0,-53.0],[133.0,-53.5],[132.97142857142856,-53.028571428571425],[132.09756097560975,-53.09756097560976],[131.20000000000002,-53.00000000000001],[131.25,-52.75],[131.0,-52.0],[130.44444444444446,-52.44444444444444],[130.0,-52.5],[129.94444444444443,-52.05555555555556],[129.33333333333334,-52.0],[129.0,-51.66666666666667],[128.0,-51.66666666666667],[127.0,-51.333333333333336],[126.88235294117646,-51.117647058823536],[126.5,-51.0],[126.33333333333334,-50.66666666666667],[125.73333333333335,-50.266666666666666],[124.87096774193549,-50.12903225806451],[117.0909090909091,-50.09090909090909],[116.19999999999999,-50.2],[116.0,-50.66666666666667],[115.0,-51.0],[109.0,-50.90909090909091],[107.18181818181819,-51.18181818181818],[107.0,-52.0],[106.10526315789474,-51.89473684210526],[104.88888888888889,-52.0],[104.41025641025641,-51.58974358974359],[104.0,-51.42857142857143],[103.86363636363637,-51.13636363636364],[103.0,-51.0],[102.92307692307692,-50.0],[103.38095238095237,-49.38095238095238],[103.55555555555556,-48.0],[103.14285714285715,-47.00000000000001],[102.79310344827586,-45.20689655172414],[102.09523809523809,-45.095238095238095],[101.95348837209303,-44.95348837209303],[102.0,-44.0],[101.81818181818181,-42.18181818181818],[101.66666666666667,-42.0],[101.75,-41.0],[101.93103448275862,-40.93103448275862],[102.57142857142857,-40.0],[102.85365853658536,-39.853658536585364],[102.85365853658536,-39.14634146341463],[103.0,-38.88],[103.22222222222223,-38.77777777777778],[103.82608695652173,-38.826086956521735],[103.82608695652173,-38.173913043478265],[103.94805194805194,-37.94805194805195],[104.16,-37.84],[104.84,-37.84],[104.84,-37.16],[104.95698924731184,-36.956989247311824],[105.9047619047619,-36.904761904761905],[106.0,-36.714285714285715],[107.0,-36.5],[107.33333333333334,-36.333333333333336],[107.5,-36.0],[108.88571428571429,-35.885714285714286],[109.0,-35.714285714285715],[110.0,-35.599999999999994],[110.4,-35.400000000000006],[110.8,-34.8],[111.66666666666667,-34.66666666666667],[111.66666666666667,-34.333333333333336],[112.0,-33.333333333333336],[112.33333333333334,-33.0],[112.83333333333334,-32.833333333333336],[113.0,-32.6],[113.4,-32.4],[113.6,-32.0],[114.36363636363637,-31.636363636363637],[114.63636363636364,-31.636363636363637],[114.81818181818181,-31.0],[115.0,-30.77777777777778],[115.55555555555554,-30.555555555555554],[115.78947368421052,-29.789473684210527],[116.0,-29.666666666666668],[116.60000000000001,-29.6],[117.33333333333334,-29.333333333333336],[117.5,-29.0],[118.55555555555554,-28.555555555555554],[119.0,-28.0],[120.00000000000001,-28.333333333333336],[120.33333333333334,-28.0],[121.0,-27.666666666666664],[122.0,-27.75],[123.0,-27.666666666666664],[123.5,-27.5],[124.0,-27.0],[124.53846153846155,-27.461538461538463],[125.0,-27.6],[125.4,-27.4],[126.00000000000001,-26.333333333333336],[126.33333333333334,-26.0],[126.0,-25.5],[126.0,-24.666666666666664],[126.36363636363636,-24.363636363636367],[126.5,-24.0],[126.94444444444444,-23.944444444444443],[127.0,-21.5],[127.5,-21.5],[127.5,-21.0],[127.18181818181819,-20.81818181818182],[126.87323943661971,-19.12676056338028],[126.73529411764706,-19.0],[127.0,-18.8],[128.0,-18.931506849315067],[128.8,-18.8],[129.0,-18.0],[130.0,-18.18181818181818],[130.5,-18.0],[133.0,-17.910447761194032],[133.14545454545456,-18.145454545454545],[133.09655172413792,-18.90344827586207],[133.33333333333331,-19.0],[133.56923076923078,-19.430769230769233],[134.0,-19.636363636363637],[134.140350877193,-19.859649122807017],[136.08695652173913,-20.0],[136.42424242424244,-20.575757575757578],[137.1590909090909,-20.84090909090909],[138.0,-20.859375],[138.2686567164179,-21.268656716417908],[138.2686567164179,-21.73134328358209],[138.8181818181818,-22.0],[139.53333333333336,-23.0],[140.02702702702703,-24.0],[140.0,-24.5],[139.83333333333334,-24.833333333333332],[138.0,-25.0],[138.0,-26.0],[138.5,-25.5],[139.0,-25.5],[139.05333333333334,-29.94666666666667],[140.0102564102564,-29.98974358974359],[140.0701754385965,-30.92982456140351],[141.0121212121212,-30.98787878787879],[141.10526315789474,-32.89473684210527],[142.03636363636363,-32.96363636363636],[142.08888888888887,-33.91111111111111],[142.25,-34.0],[142.5,-34.5],[143.10526315789474,-34.89473684210526],[144.16666666666666,-35.0],[144.5,-35.5],[145.2,-35.8],[146.8095238095238,-35.80952380952381],[147.55555555555554,-35.55555555555556],[147.85714285714286,-35.0],[148.01315789473685,-34.98684210526316],[148.07142857142856,-35.92857142857143],[148.33333333333331,-36.0],[148.55555555555554,-36.44444444444444],[149.0,-36.666666666666664],[149.1290322580645,-39.87096774193549],[150.0,-39.96551724137931],[150.05714285714288,-40.942857142857136],[151.0,-41.0],[151.01694915254237,-42.983050847457626],[151.41935483870967,-43.58064516129032],[151.92857142857142,-44.00000000000001],[151.84,-44.84],[151.77777777777777,-45.0],[151.2258064516129,-45.225806451612904],[151.22222222222223,-46.77777777777777],[151.32258064516128,-47.0],[151.0,-48.5],[150.57142857142856,-49.0],[150.08,-49.08],[150.0,-49.66666666666667],[149.75,-50.0],[149.7391304347826,-51.0],[149.2537313432836,-51.25373134328358],[149.05747126436782,-52.0],[149.0,-53.5],[148.7837837837838,-53.78378378378378],[148.0,-54.0],[147.4,-54.400000000000006],[147.0,-55.0],[147.5,-55.5],[148.0,-55.666666666666664],[148.1290322580645,-56.87096774193548],[148.54545454545453,-58.0],[148.0,-59.25],[147.68421052631578,-59.68421052631578],[147.0,-59.84615384615384],[146.0,-59.86666666666667],[145.69411764705882,-59.30588235294118]],[[127.5,-22.0],[127.66666666666669,-22.333333333333336],[128.0,-22.5],[128.5,-22.5],[129.0,-23.0],[129.0,-22.0],[128.2,-21.799999999999997],[128.0,-21.5],[127.5,-21.5],[127.5,-22.0]],[[146.0,-57.0],[146.0,-56.0],[145.0,-56.0],[145.0,-57.0],[146.0,-57.0]],[[137.66666666666669,-29.0],[138.0,-29.333333333333336],[138.5,-29.0],[138.33333333333334,-28.66666666666667],[138.0,-28.5],[137.66666666666669,-29.0]],[[120.0,-30.5],[119.66666666666667,-30.666666666666668],[119.5,-31.0],[120.00000000000001,-31.333333333333336],[120.28571428571428,-31.285714285714285],[120.5,-31.0],[120.33333333333334,-30.666666666666668],[120.0,-30.5]]],[[[163.98591549295776,-35.985915492957744],[165.0,-35.75555555555556],[165.1456953642384,-35.85430463576159],[165.16296296296295,-36.162962962962965],[165.0,-36.30555555555556],[163.98591549295776,-35.985915492957744]]],[[[126.13333333333334,0.0],[127.0,0.17567567567567566],[130.09411764705882,0.0],[129.869918699187,-0.13008130081300812],[129.15267175572518,-0.15267175572519082],[129.0,-0.33333333333333337],[128.85714285714286,-0.14285714285714285],[126.6829268292683,-0.3170731707317073],[126.13333333333334,0.0]]],[[[134.032,-0.968],[133.55555555555554,-1.0],[133.7142857142857,-0.7142857142857142],[133.73913043478262,0.0],[133.88888888888889,0.1111111111111111],[134.0,1.2],[134.032,-0.968]]],[[[130.96610169491527,5.966101694915253],[130.19101123595505,5.808988764044944],[129.91787439613526,5.917874396135265],[129.91370558375635,6.086294416243654],[130.24817518248176,6.248175182481752],[130.94805194805195,6.051948051948052],[130.776,6.776],[130.90825688073394,7.908256880733945],[130.54545454545456,8.0],[130.8076923076923,8.192307692307693],[130.69620253164555,9.30379746835443],[131.0,9.923076923076923],[131.1818181818182,8.818181818181818],[131.09615384615384,8.096153846153847],[132.0,7.666666666666667],[132.09703504043125,7.097035040431267],[132.0,6.590909090909091],[131.53571428571428,6.464285714285714],[131.03846153846155,5.961538461538461],[131.0,5.777777777777779],[130.96610169491527,5.966101694915253]]],[[[130.2074074074074,11.207407407407407],[131.0,11.0],[130.88888888888889,10.11111111111111],[130.5,10.0],[128.9626168224299,9.962616822429906],[128.88118811881188,10.118811881188119],[128.97530864197532,10.975308641975309],[128.5,11.0],[129.0,11.076923076923077],[130.0,12.0],[130.2074074074074,11.207407407407407]]],[[[127.08264462809917,14.082644628099175],[128.05263157894737,14.0],[128.44444444444443,13.444444444444445],[129.0,13.307692307692308],[129.23529411764707,13.0],[129.25806451612902,12.741935483870968],[129.0,12.600000000000001],[128.0,12.760000000000002],[127.66666666666669,12.666666666666668],[127.14285714285714,13.000000000000002],[126.65517241379311,13.655172413793105],[126.0,13.88235294117647],[125.98387096774194,15.0],[125.77707006369427,16.0],[125.92638036809817,17.073619631901842],[126.23529411764706,17.235294117647058],[126.9090909090909,17.09090909090909],[127.0,17.176470588235293],[127.0,15.5],[126.87755102040816,15.122448979591836],[126.4,15.0],[126.66666666666667,14.666666666666668],[127.0,14.625],[127.08264462809917,14.082644628099175]]],[[[128.0,34.0],[128.06626506024097,32.933734939759034],[127.8018018018018,32.8018018018018],[127.5925925925926,33.0],[127.56,33.44],[128.0,34.0]]],[[[140.0,48.33333333333333],[139.8095238095238,48.80952380952381],[140.0,50.0],[140.22222222222223,49.22222222222223],[140.0,48.33333333333333]]]]}}]}