{"type":"FeatureCollection","features":[{"type":"Feature","properties":{"ageMa":130},"geometry":{"type":"MultiPolygon","coordinates":[[[[-51.0,-90.0],[-49.71428571428571,-89.71428571428571],[-49.0,-90.0],[-51.0,-90.0]]],[[[-98.66666666666669,-90.0],[-98.0,-89.77777777777777],[-94.0,-89.72727272727272],[-93.0,-89.88888888888889],[-91.0,-89.69999999999999],[-81.0,-89.69999999999999],[-80.5,-90.0],[-98.66666666666669,-90.0]]],[[[-100.0,-89.625],[-99.25,-90.0],[-107.5,-90.0],[-107.33333333333334,-89.66666666666667],[-107.0,-89.5],[-100.0,-89.625]]],[[[-62.0,-89.57142857142857],[-59.19047619047619,-89.80952380952381],[-53.0,-89.66666666666667],[-51.0,-90.0],[-79.5,-90.0],[-79.0,-89.72727272727272],[-77.0,-89.85714285714286],[-75.0,-89.625],[-74.0,-89.76923076923077],[-73.0,-89.625],[-72.0,-89.66666666666667],[-68.0,-89.4],[-64.0,-89.66666666666667],[-62.0,-89.57142857142857]]],[[[-155.66666666666669,-86.0],[-155.44444444444446,-86.44444444444444],[-155.0,-86.66666666666667],[-153.87878787878788,-86.87878787878788],[-150.0,-87.0],[-141.0307692307692,-86.96923076923078],[-140.75,-87.0],[-140.4,-87.4],[-140.0,-87.5],[-138.0,-87.6],[-137.0,-87.8],[-136.28571428571428,-87.71428571428572],[-136.0,-87.5],[-135.5,-88.0],[-136.0,-88.25],[-140.0,-88.6],[-141.66666666666669,-88.33333333333334],[-145.0,-88.33333333333334],[-146.0,-88.0],[-147.0,-88.0],[-148.0,-88.66666666666667],[-150.0,-88.6],[-151.0,-88.75],[-152.0,-88.6],[-153.0,-88.66666666666667],[-154.0,-88.5],[-157.0,-88.5],[-162.0,-88.80000000000001],[-164.0,-88.5],[-165.0,-88.6],[-169.0,-88.5],[-170.1818181818182,-88.81818181818181],[-170.33333333333334,-89.0],[-170.1818181818182,-89.18181818181819],[-169.0,-89.5],[-165.0,-89.4],[-164.0,-89.5],[-162.0,-89.25],[-161.0,-89.4],[-155.66666666666669,-89.33333333333334],[-154.0,-89.5],[-151.0,-89.25],[-150.0,-89.4],[-148.0,-89.25],[-147.0,-89.4],[-144.44444444444443,-89.44444444444444],[-143.0,-89.66666666666667],[-142.0,-89.4],[-141.0,-89.6],[-140.0,-89.4],[-135.0,-89.5],[-132.77777777777777,-89.22222222222223],[-132.0,-89.0],[-131.4,-89.4],[-131.0,-89.5],[-125.0,-89.4],[-124.0,-89.66666666666667],[-123.0,-89.66666666666667],[-122.0,-89.4],[-120.0,-89.5],[-111.0,-89.4],[-109.0,-89.5],[-108.71428571428571,-89.71428571428571],[-108.6,-90.0],[-180.0,-90.0],[-180.0,-88.9],[-179.26666666666665,-89.26666666666667],[-178.8,-89.2],[-178.0,-88.8],[-177.0,-89.4],[-176.0,-89.4],[-175.73333333333335,-89.26666666666667],[-175.6,-89.0],[-175.5,-88.0],[-175.75,-87.75],[-177.0,-87.5],[-177.2,-87.0],[-168.12244897959184,-86.87755102040816],[-167.6,-86.60000000000001],[-167.36363636363637,-86.63636363636364],[-167.10000000000002,-86.0],[-161.0,-86.0],[-160.46153846153848,-86.46153846153847],[-160.0,-86.6],[-159.6470588235294,-86.35294117647058],[-159.625,-86.0],[-156.0,-85.97058823529412],[-155.66666666666669,-86.0]],[[-174.94285714285715,-88.05714285714285],[-174.85365853658536,-89.85365853658537],[-173.15,-89.85],[-173.18604651162792,-88.18604651162791],[-174.94285714285715,-88.05714285714285]]],[[[-117.0,-87.11111111111111],[-118.0,-87.0],[-115.0,-86.85714285714286],[-114.0,-87.0],[-117.0,-87.11111111111111]]],[[[-66.83333333333333,-87.16666666666667],[-68.0,-87.2],[-68.5,-87.0],[-68.0,-86.66666666666667],[-67.0,-86.5],[-66.66666666666667,-86.66666666666667],[-66.5,-87.0],[-66.83333333333333,-87.16666666666667]]],[[[-62.0,-80.0],[-61.55555555555555,-80.55555555555556],[-60.75,-82.0],[-61.0,-83.0],[-62.0,-83.16666666666667],[-63.0,-83.5],[-65.0,-83.42857142857142],[-66.46153846153847,-83.53846153846155],[-67.33333333333334,-83.66666666666667],[-68.0,-84.0],[-68.9,-84.1],[-74.73333333333333,-84.26666666666667],[-75.5,-84.5],[-76.0,-85.0],[-77.0,-84.66666666666667],[-79.0,-84.66666666666667],[-80.0,-85.0],[-79.0,-86.0],[-79.71428571428571,-86.28571428571428],[-80.28571428571428,-86.71428571428571],[-80.5,-87.0],[-80.25,-87.25],[-79.0,-87.75],[-75.0,-87.66666666666667],[-74.0,-88.0],[-75.0,-88.16666666666667],[-76.0,-88.08333333333333],[-77.0,-88.25],[-78.0,-88.25],[-79.0,-88.11111111111111],[-80.22222222222223,-88.22222222222223],[-83.0,-88.11111111111111],[-83.5,-88.0],[-83.66666666666667,-87.66666666666667],[-84.0,-87.5],[-86.0,-87.28571428571429],[-89.0,-87.33333333333334],[-93.0,-87.18181818181819],[-96.0,-87.4],[-98.0,-87.4],[-99.26666666666667,-87.26666666666667],[-102.0,-87.25],[-103.0,-87.5],[-104.0,-87.5],[-105.23529411764706,-87.23529411764707],[-110.80952380952382,-87.19047619047619],[-112.0,-87.0],[-111.0,-86.83333333333333],[-102.0,-86.875],[-101.26666666666667,-86.73333333333333],[-99.75,-86.25],[-99.5,-86.0],[-99.5,-85.0],[-98.75,-84.75],[-98.25,-84.75],[-97.66666666666669,-84.33333333333334],[-97.5,-84.0],[-95.75,-84.0],[-95.5,-84.5],[-94.80000000000001,-84.80000000000001],[-94.25,-85.25],[-91.55555555555554,-85.55555555555556],[-91.0,-86.0],[-90.0,-86.0],[-90.0,-85.0],[-89.4,-84.60000000000001],[-89.0,-84.0],[-88.14285714285714,-83.85714285714286],[-88.22222222222223,-83.22222222222223],[-88.06896551724138,-82.93103448275862],[-86.27777777777777,-82.72222222222223],[-85.75,-82.25],[-85.73333333333333,-82.0],[-81.16129032258064,-81.83870967741936],[-80.60975609756098,-81.39024390243902],[-80.52941176470588,-81.0],[-76.11428571428571,-80.88571428571429],[-76.02941176470588,-80.0],[-74.05882352941177,-79.94117647058825],[-73.83333333333333,-79.83333333333333],[-71.0,-79.6],[-70.0,-79.4],[-65.0,-79.33333333333334],[-64.0,-79.5],[-63.0,-79.5],[-62.6,-79.6],[-62.0,-80.0]],[[-81.19047619047619,-82.80952380952381],[-81.4,-83.0],[-81.3076923076923,-83.3076923076923],[-81.0,-83.5],[-80.60000000000001,-83.4],[-80.0,-83.0],[-80.71428571428572,-82.71428571428571],[-81.19047619047619,-82.80952380952381]]],[[[-33.4,-80.60000000000001],[-33.0,-80.0],[-30.0,-80.0],[-28.71428571428571,-80.28571428571428],[-27.000000000000004,-80.33333333333334],[-25.0,-81.0],[-24.400000000000002,-81.4],[-23.6,-81.60000000000001],[-23.0,-82.0],[-22.0,-81.0],[-21.4,-80.60000000000001],[-18.666666666666668,-80.33333333333334],[-18.0,-80.0],[-16.81818181818182,-79.81818181818181],[-16.0,-80.0],[-17.0,-81.0],[-17.0,-82.0],[-16.0,-83.0],[-17.0,-84.0],[-18.0,-84.4],[-20.0,-84.57142857142857],[-21.0,-85.0],[-23.0,-85.0],[-24.0,-86.0],[-23.470588235294116,-86.47058823529412],[-23.0,-86.57142857142857],[-20.0,-86.77777777777779],[-18.0,-86.5],[-16.529411764705884,-86.47058823529412],[-14.000000000000002,-86.2],[-13.0,-86.25],[-12.0,-86.0],[-9.0,-86.0],[-8.0,-87.0],[-7.285714285714286,-87.28571428571428],[-5.428571428571429,-87.42857142857143],[-2.3636363636363638,-87.36363636363637],[-1.0,-87.66666666666667],[0.3076923076923077,-87.6923076923077],[2.0,-88.0],[0.0,-88.66666666666667],[-5.636363636363637,-88.63636363636363],[-10.2,-88.19999999999999],[-11.0,-88.0],[-12.0,-88.0],[-13.0,-87.75],[-14.18181818181818,-87.81818181818181],[-16.0,-88.25],[-20.0,-88.25],[-21.0,-88.0],[-23.0,-88.4],[-27.0,-88.4],[-30.000000000000004,-88.66666666666667],[-33.0,-88.33333333333334],[-33.22222222222222,-88.22222222222223],[-33.55555555555555,-87.55555555555554],[-35.0,-87.0],[-36.0,-86.80000000000001],[-37.0,-87.0],[-37.6,-87.4],[-39.30769230769231,-87.6923076923077],[-40.75,-88.25],[-44.0,-88.33333333333334],[-46.0,-88.75],[-49.0,-88.75],[-50.0,-88.4],[-53.0,-88.33333333333334],[-54.0,-88.0],[-55.10526315789473,-88.10526315789474],[-56.0,-87.66666666666667],[-57.00000000000001,-87.66666666666667],[-59.0,-87.0],[-59.0,-86.0],[-63.0,-86.0],[-63.66666666666667,-85.66666666666667],[-65.0,-85.66666666666667],[-65.44444444444444,-85.44444444444444],[-65.66666666666667,-85.0],[-65.28571428571428,-84.71428571428571],[-65.0,-84.66666666666667],[-60.0,-84.83333333333334],[-59.36363636363636,-84.63636363636363],[-58.77777777777778,-84.22222222222223],[-58.66666666666667,-84.0],[-58.22222222222222,-83.77777777777777],[-55.60000000000001,-83.4],[-54.30769230769231,-82.6923076923077],[-52.0,-81.85714285714285],[-51.0,-82.0],[-50.0,-82.4],[-48.5,-82.0],[-48.0,-81.5],[-47.0,-81.5],[-46.0,-81.66666666666667],[-44.0,-81.0],[-43.46153846153846,-80.53846153846153],[-42.5,-80.0],[-43.0,-79.0],[-42.30769230769231,-78.69230769230771],[-41.0,-78.33333333333334],[-40.0,-78.33333333333334],[-39.55555555555555,-78.55555555555554],[-39.333333333333336,-79.33333333333334],[-38.25,-80.25],[-36.6,-80.60000000000001],[-36.0,-81.0],[-34.0,-81.0],[-33.4,-80.60000000000001]],[[-19.333333333333336,-81.66666666666667],[-20.0,-82.0],[-19.0,-82.20000000000002],[-18.0,-82.0],[-18.666666666666668,-81.66666666666667],[-19.333333333333336,-81.66666666666667]]],[[[-62.0,-76.0],[-62.6,-76.4],[-63.0,-76.5],[-63.111111111111114,-76.0],[-62.988888888888894,-75.98888888888888],[-62.0,-76.0]]],[[[-36.6,-76.60000000000001],[-36.0,-76.66666666666666],[-35.0,-76.4],[-34.5,-76.5],[-34.0,-77.0],[-34.68421052631579,-77.3157894736842],[-35.0,-77.6],[-36.333333333333336,-77.66666666666667],[-37.0,-78.0],[-37.6,-77.6],[-38.4,-77.6],[-39.0,-78.0],[-39.66666666666667,-77.66666666666667],[-41.0,-77.75],[-42.0,-77.25],[-44.0,-77.0],[-44.6,-76.60000000000001],[-45.0,-76.5],[-45.333333333333336,-76.66666666666667],[-46.0,-76.75],[-46.400000000000006,-76.60000000000001],[-47.0,-77.0],[-46.6,-76.4],[-46.75,-76.0],[-46.5,-75.5],[-45.0,-75.0],[-44.6,-74.4],[-43.5,-74.0],[-43.25,-73.75],[-43.117647058823536,-72.88235294117646],[-41.8,-72.8],[-41.0,-73.0],[-40.0,-72.66666666666667],[-39.666666666666664,-73.0],[-38.529411764705884,-73.52941176470588],[-38.173913043478265,-74.17391304347825],[-37.142857142857146,-75.0],[-37.0,-76.0],[-36.6,-76.60000000000001]]],[[[-36.333333333333336,-72.66666666666667],[-36.0,-72.0],[-35.66666666666667,-73.0],[-36.0,-73.0909090909091],[-36.25,-73.0],[-36.333333333333336,-72.66666666666667]]],[[[-38.0,-71.0],[-36.0,-70.75],[-35.0,-70.83333333333334],[-34.88888888888889,-71.0],[-35.0,-71.16666666666667],[-35.6,-71.4],[-36.0,-72.0],[-37.0,-72.0],[-37.22222222222222,-71.22222222222221],[-38.0,-71.0]]],[[[-37.0,-62.16666666666667],[-36.0,-62.05263157894738],[-33.375,-62.375],[-32.05128205128205,-63.05128205128205],[-31.0,-63.06666666666667],[-29.0,-63.5],[-27.82608695652174,-64.17391304347827],[-26.764705882352942,-64.23529411764706],[-26.66666666666667,-64.0],[-26.733333333333334,-63.266666666666666],[-26.870967741935484,-62.87096774193549],[-28.315789473684212,-62.315789473684205],[-28.545454545454543,-61.99999999999999],[-28.200000000000003,-61.0],[-27.666666666666664,-61.0],[-27.275862068965516,-61.275862068965516],[-26.0,-61.35714285714285],[-25.55,-61.550000000000004],[-23.878787878787875,-62.878787878787875],[-23.0,-64.0],[-23.2,-64.8],[-24.0,-65.0],[-24.57142857142857,-65.42857142857143],[-25.421052631578945,-65.57894736842105],[-25.666666666666664,-66.0],[-25.5,-67.0],[-26.0,-67.2],[-26.19047619047619,-67.19047619047619],[-26.555555555555554,-66.55555555555556],[-27.2,-66.2],[-27.75,-66.25],[-29.0,-66.04545454545455],[-31.31818181818182,-66.31818181818181],[-31.77777777777778,-66.0],[-31.57142857142857,-65.0],[-31.866666666666667,-64.86666666666667],[-33.2,-64.8],[-34.0,-65.0],[-35.0,-65.0],[-35.951219512195124,-63.951219512195124],[-36.166666666666664,-64.0],[-36.52380952380952,-64.47619047619047],[-37.0,-64.83333333333334],[-41.0,-64.375],[-41.25,-64.25],[-41.375,-64.0],[-41.15789473684211,-63.84210526315789],[-40.0,-63.75],[-38.875,-63.0],[-39.590909090909086,-62.590909090909086],[-40.0,-62.0],[-40.69230769230769,-62.307692307692314],[-42.0,-62.33333333333333],[-43.68,-61.68],[-43.86206896551724,-60.862068965517246],[-44.37037037037037,-60.37037037037037],[-44.5,-60.0],[-44.38461538461538,-59.61538461538461],[-43.75,-59.0],[-43.92,-58.919999999999995],[-44.0,-58.0],[-43.84615384615385,-57.15384615384615],[-43.02702702702703,-56.972972972972975],[-43.0,-56.8],[-42.14814814814815,-57.14814814814815],[-41.83333333333333,-58.0],[-41.47619047619047,-58.47619047619047],[-41.27777777777778,-59.27777777777778],[-40.631578947368425,-59.631578947368425],[-39.88888888888889,-61.0],[-39.372093023255815,-61.372093023255815],[-38.0,-61.32142857142858],[-37.46153846153847,-61.46153846153847],[-37.0,-62.16666666666667]]],[[[-172.0,-43.0],[-174.08474576271186,-43.0],[-174.0,-42.166666666666664],[-172.0,-43.0]]],[[[-151.68085106382978,-41.0],[-152.0,-41.29126213592233],[-152.33333333333334,-41.0],[-152.0,-40.49152542372882],[-151.68085106382978,-41.0]]],[[[-53.36486486486487,5.0],[-53.308571428571426,5.308571428571429],[-53.00000000000001,5.675000000000001],[-52.64,5.36],[-52.490566037735846,5.0],[-52.59701492537314,4.597014925373134],[-53.0,4.181818181818182],[-53.36486486486487,5.0]]],[[[-37.0,22.0],[-37.0,24.0],[-35.0,24.0],[-34.935483870967744,20.93548387096774],[-35.285714285714285,20.714285714285715],[-35.71428571428571,20.714285714285715],[-36.0,20.0],[-36.6,21.4],[-37.0,22.0]]],[[[-76.0,36.0],[-77.33333333333333,36.0],[-78.44444444444444,36.55555555555556],[-78.99999999999999,37.18181818181818],[-79.6470588235294,37.35294117647059],[-80.0,37.75],[-80.01449275362319,37.98550724637681],[-80.44444444444444,38.55555555555556],[-80.73333333333332,39.266666666666666],[-81.28571428571429,40.0],[-81.25,40.25],[-80.81818181818181,40.81818181818182],[-80.0,40.800000000000004],[-79.06060606060606,39.93939393939394],[-78.71717171717171,39.282828282828284],[-78.0,39.07575757575758],[-77.6470588235294,38.35294117647059],[-76.65217391304348,38.0],[-76.45454545454545,37.54545454545454],[-76.0,37.16666666666667],[-76.0,36.0]]],[[[-163.67741935483872,80.3225806451613],[-163.0,80.25],[-162.0,80.53333333333333],[-161.0,80.33333333333333],[-160.0,80.44444444444444],[-159.0,80.3076923076923],[-158.8904109589041,80.10958904109589],[-158.0,80.06666666666666],[-136.9527559055118,80.04724409448819],[-136.0,80.0],[-135.0,79.71428571428572],[-134.0,79.78260869565217],[-133.0,79.59375],[-131.0,79.51515151515152],[-130.0,79.67999999999999],[-128.75862068965517,79.24137931034483],[-128.0,79.16216216216216],[-122.0,78.82352941176471],[-120.0,78.83333333333334],[-119.42666666666666,78.57333333333332],[-118.0,78.26666666666667],[-117.0,78.37142857142857],[-114.90728476821192,78.09271523178808],[-108.0,78.0],[-107.53846153846155,77.46153846153847],[-107.0,77.25],[-104.0,77.08333333333333],[-103.83098591549296,76.83098591549296],[-103.92727272727274,76.07272727272726],[-102.98305084745763,76.0],[-103.0,75.66666666666667],[-103.4,75.4],[-103.66666666666666,75.0],[-104.0,74.0],[-103.66666666666669,73.33333333333334],[-103.55555555555556,72.44444444444444],[-103.0,72.18181818181819],[-102.65079365079364,71.34920634920636],[-101.92660550458716,71.07339449541284],[-101.0,71.0],[-100.0,70.33333333333333],[-99.36363636363636,70.36363636363636],[-99.00000000000001,70.66666666666667],[-98.0,70.33333333333333],[-97.6,70.4],[-97.0,70.0],[-97.0,69.0],[-96.0,69.0],[-96.0,71.0],[-95.0,71.0],[-94.66666666666667,70.33333333333334],[-94.4,70.4],[-94.0,70.28571428571428],[-93.0,70.75],[-92.00000000000001,70.80000000000001],[-91.5,71.0],[-88.75,71.0],[-88.375,70.625],[-88.0,70.5],[-87.86046511627907,70.13953488372093],[-84.95774647887323,70.04225352112675],[-84.75,70.0],[-84.43902439024392,69.5609756097561],[-83.76190476190476,69.23809523809524],[-82.86440677966101,69.13559322033898],[-72.0,69.04918032786885],[-69.22222222222223,69.22222222222223],[-68.60000000000001,69.6],[-68.28571428571428,70.0],[-65.12903225806451,70.12903225806451],[-65.15151515151516,70.84848484848484],[-65.05050505050505,71.05050505050505],[-64.20588235294117,71.20588235294117],[-64.0655737704918,73.93442622950819],[-65.02083333333334,73.97916666666667],[-65.03508771929825,74.96491228070175],[-65.84415584415585,74.84415584415584],[-66.05882352941177,74.94117647058823],[-66.06091370558376,75.06091370558376],[-64.05405405405405,75.05405405405405],[-63.66666666666667,75.33333333333334],[-63.375,75.375],[-63.2,76.0],[-61.10666666666667,76.10666666666667],[-61.0,76.3076923076923],[-60.53846153846154,76.53846153846153],[-60.25,77.0],[-58.270270270270274,77.27027027027027],[-58.0,77.5],[-56.71428571428571,77.71428571428571],[-56.25,78.0],[-54.0,78.15384615384616],[-52.95744680851064,78.04255319148936],[-52.84126984126984,77.15873015873015],[-52.0,77.08064516129032],[-44.0,77.06451612903226],[-42.09090909090909,77.0909090909091],[-42.0,77.18181818181819],[-41.92,77.08],[-41.0,77.02702702702702],[-34.925925925925924,77.07407407407408],[-34.0,76.83333333333334],[-33.0,77.4],[-31.0,77.33333333333333],[-30.83783783783784,77.16216216216216],[-29.90909090909091,77.0909090909091],[-23.909090909090907,77.0909090909091],[-23.5,77.0],[-23.333333333333336,76.66666666666667],[-23.0,76.4],[-22.625,76.625],[-22.4,77.0],[-22.066666666666666,77.06666666666666],[-17.0,77.04761904761905],[-15.0,77.0],[-15.285714285714285,76.28571428571428],[-15.25,76.0],[-15.0,75.75],[-14.285714285714285,76.28571428571428],[-14.0,76.21428571428572],[-13.0,76.375],[-12.714285714285714,76.28571428571428],[-12.266666666666666,75.73333333333333],[-12.0,75.6],[-10.0,76.0],[-8.0,76.0],[-7.0,75.66666666666667],[-6.5,76.0],[-5.857142857142857,76.0],[-5.555555555555555,75.44444444444444],[-5.0,75.25],[-4.913043478260869,75.08695652173913],[0.0,75.0],[0.6000000000000001,74.6],[2.0,74.5],[2.2222222222222223,74.22222222222223],[3.0,74.0],[3.875,74.125],[5.0,74.0],[5.0,73.0],[7.8,72.8],[8.4,72.4],[8.5,72.0],[9.210526315789474,71.78947368421053],[9.866666666666667,71.86666666666667],[10.600000000000001,71.60000000000001],[10.555555555555554,71.44444444444444],[10.851851851851851,70.85185185185185],[11.636363636363637,70.63636363636364],[12.733333333333334,69.73333333333332],[15.0,69.5],[15.636363636363637,70.36363636363636],[16.0,70.57142857142857],[17.181818181818183,70.18181818181819],[17.142857142857142,70.0],[17.5,69.5],[18.0,69.14285714285714],[18.6,69.4],[18.666666666666668,70.0],[18.5,70.5],[18.0,70.85714285714286],[17.81818181818182,70.81818181818181],[17.75,71.0],[19.0,71.22222222222223],[20.333333333333336,72.0],[21.057971014492754,72.05797101449275],[23.555555555555557,71.55555555555554],[24.0,71.0],[23.692307692307693,70.3076923076923],[23.52941176470588,69.47058823529412],[23.0,68.66666666666667],[20.666666666666668,68.33333333333334],[20.285714285714285,67.71428571428571],[18.0,67.0],[19.0,66.75],[19.352941176470587,66.35294117647058],[19.333333333333336,65.66666666666667],[18.692307692307693,65.3076923076923],[17.875,64.125],[17.0,63.875],[16.476190476190474,63.52380952380952],[16.0,63.0],[15.75,62.0],[14.888888888888888,60.11111111111111],[14.4375,58.5625],[13.461538461538462,57.53846153846154],[12.727272727272727,57.272727272727266],[12.399999999999999,57.0],[11.866666666666667,56.13333333333333],[11.833333333333334,55.83333333333333],[12.181818181818183,55.18181818181819],[12.81818181818182,55.18181818181819],[13.142857142857142,55.0],[12.833333333333332,54.16666666666667],[12.875,54.0],[12.578947368421051,53.421052631578945],[11.600000000000001,52.4],[11.444444444444445,52.0],[11.523809523809524,51.52380952380952],[12.0,51.0],[12.399999999999999,50.0],[12.0,49.333333333333336],[11.0,49.0],[10.0,49.0],[9.555555555555555,48.44444444444444],[9.5,47.5],[9.0,47.0],[9.0,46.0],[9.555555555555555,45.55555555555556],[9.833333333333332,44.833333333333336],[10.333333333333334,44.333333333333336],[10.5,44.0],[10.5,43.0],[11.470588235294118,42.470588235294116],[11.692307692307693,41.69230769230769],[12.0,41.6],[13.0,41.5],[15.0,41.857142857142854],[16.16,41.84],[16.4,42.0],[16.53846153846154,42.46153846153847],[17.142857142857142,42.85714285714286],[18.0,43.0],[18.5,43.5],[19.0,43.66666666666667],[23.0,43.44444444444444],[23.363636363636363,43.36363636363636],[24.0,42.875],[25.0,42.6],[26.0,42.66666666666667],[26.181818181818183,42.81818181818182],[26.200000000000003,43.2],[25.666666666666664,44.0],[25.30769230769231,44.30769230769231],[22.75,44.75],[22.5,45.0],[22.4,45.4],[21.636363636363637,45.63636363636364],[21.0,46.0],[20.53846153846154,46.53846153846154],[20.235294117647058,47.23529411764706],[20.0,47.400000000000006],[19.6,47.4],[19.333333333333336,47.0],[19.400000000000002,45.6],[19.0,45.0],[18.400000000000002,44.6],[18.0,44.5],[17.0,45.5],[16.0,45.5],[15.0,46.0],[15.0,47.0],[16.444444444444443,47.55555555555556],[16.666666666666664,48.0],[16.210526315789473,48.21052631578947],[15.266666666666666,48.266666666666666],[14.833333333333334,48.83333333333333],[14.857142857142858,49.0],[14.363636363636363,49.36363636363636],[14.0625,50.0],[13.625,51.625],[13.666666666666668,52.33333333333334],[14.125,53.0],[14.641025641025642,53.35897435897436],[15.0,53.368421052631575],[16.0,53.93333333333333],[17.0,54.2],[17.666666666666668,55.0],[18.333333333333336,56.66666666666667],[19.285714285714285,58.0],[19.696969696969695,58.3030303030303],[20.200000000000003,59.8],[20.666666666666668,60.0],[21.333333333333336,60.66666666666667],[21.625,60.625],[22.88235294117647,61.11764705882353],[25.0,61.57142857142857],[25.1875,61.8125],[26.04878048780488,61.951219512195124],[26.655172413793107,62.344827586206904],[27.0,62.41666666666667],[29.0,62.0],[30.0,62.285714285714285],[32.0,61.66666666666667],[33.0,61.2],[34.0,61.0],[35.0,61.0],[36.0,60.54545454545455],[37.0,60.63636363636364],[38.0,60.44444444444444],[39.47058823529412,60.470588235294116],[40.25,60.25],[41.0,59.0],[42.0,59.5],[43.0,59.5],[43.71428571428571,58.71428571428571],[44.5,58.5],[45.0,58.0],[45.75,57.75],[46.333333333333336,57.333333333333336],[46.5,57.0],[47.25,56.25],[47.4,55.60000000000001],[47.0,55.0],[46.0,55.0],[46.0,54.0],[45.0,54.0],[45.0,53.0],[44.0,53.0],[44.0,52.0],[43.0,52.0],[42.75,51.0],[43.0,50.5],[43.5,50.5],[44.0,50.0],[44.0,48.0],[43.0,48.0],[43.0,46.0],[42.285714285714285,44.71428571428571],[41.75,44.25],[41.0,44.0],[39.0,42.0],[40.0,41.0],[40.4,40.4],[41.0,40.0],[41.400000000000006,39.400000000000006],[42.0,39.0],[40.71428571428571,38.285714285714285],[40.66666666666667,38.0],[40.36363636363637,37.63636363636364],[40.0,37.5],[39.55555555555555,37.55555555555555],[38.0,38.0],[37.285714285714285,37.71428571428571],[36.66666666666667,37.66666666666667],[36.666666666666664,38.0],[36.36363636363636,38.36363636363636],[34.75,38.75],[34.5,39.0],[33.44444444444444,39.44444444444444],[33.148148148148145,40.14814814814815],[32.333333333333336,40.333333333333336],[31.75,40.75],[31.666666666666664,41.0],[31.0,41.285714285714285],[30.0,41.25],[29.8,41.2],[29.375,40.625],[28.571428571428573,40.42857142857143],[28.0,40.0],[28.6,39.0],[28.0,38.72727272727273],[26.95,38.95],[25.058823529411764,38.94117647058824],[25.0,38.625],[24.545454545454547,38.45454545454545],[24.166666666666664,38.0],[22.097560975609753,37.90243902439024],[22.0,37.714285714285715],[21.0,37.8],[20.299999999999997,37.7],[20.0,37.4],[18.77777777777778,37.22222222222222],[16.16,37.16],[15.0,37.285714285714285],[14.333333333333332,37.0],[15.0,36.0],[15.75,35.75],[15.846153846153847,34.84615384615385],[16.0,34.6],[16.375,34.375],[16.5,34.0],[16.3,33.7],[15.583333333333334,33.41666666666667],[15.055555555555555,32.94444444444444],[14.0,33.0],[12.714285714285714,32.71428571428571],[12.0,33.0],[12.625,33.375],[13.5,33.5],[13.8,34.0],[13.0,34.36363636363637],[11.0,34.5],[10.75,35.0],[10.0,35.599999999999994],[9.885714285714286,35.885714285714286],[9.5,36.0],[9.0,36.5],[8.925925925925926,36.925925925925924],[8.5,37.0],[8.444444444444445,37.44444444444444],[8.0,38.0],[7.4,38.4],[6.0,38.66666666666667],[5.9375,38.9375],[5.75,39.0],[6.0,39.5],[7.0,40.0],[6.285714285714285,40.285714285714285],[5.5,41.0],[5.5,41.5],[6.0,42.0],[5.0,42.0],[4.25,42.25],[3.75,42.25],[3.5,41.0],[3.0,40.0],[2.3333333333333335,42.0],[2.4,42.4],[2.0,43.0],[1.2857142857142856,42.71428571428571],[1.0,42.75],[0.8666666666666667,43.13333333333333],[1.0,44.0],[1.6666666666666665,44.333333333333336],[2.0,45.0],[3.0,45.0],[2.846153846153846,45.84615384615385],[3.0,46.5],[3.4000000000000004,46.6],[3.5,47.0],[3.0,47.333333333333336],[2.8620689655172415,50.137931034482754],[4.214285714285714,50.78571428571429],[4.55,51.45],[5.413793103448276,51.58620689655172],[6.0,52.0],[4.785714285714286,52.21428571428571],[4.0,52.19047619047619],[3.68,51.68],[3.7142857142857144,51.285714285714285],[3.415094339622642,51.41509433962264],[2.768421052631579,51.23157894736842],[2.2142857142857144,51.0],[2.1818181818181817,50.81818181818181],[1.0,50.486486486486484],[-0.0222222222222222,50.02222222222222],[-0.5606060606060606,49.56060606060606],[-2.1818181818181817,49.18181818181818],[-2.6091954022988504,48.609195402298845],[-3.211764705882353,48.21176470588235],[-3.8,47.0],[-5.0,45.92857142857143],[-5.588235294117647,45.588235294117645],[-6.0,45.125],[-6.142857142857142,45.142857142857146],[-6.538461538461538,44.53846153846154],[-7.461538461538462,44.46153846153847],[-8.0,44.0],[-7.5,43.5],[-7.0,43.25],[-6.666666666666667,43.333333333333336],[-6.0,43.0],[-5.7142857142857135,41.0],[-6.0,40.0],[-6.0,39.0],[-5.6000000000000005,38.4],[-5.5,38.0],[-6.0,37.0],[-7.0,37.0],[-7.7142857142857135,37.285714285714285],[-9.25,37.25],[-10.0,37.0],[-10.666666666666668,37.333333333333336],[-11.307692307692308,37.30769230769231],[-12.000000000000002,37.2],[-12.25,37.0],[-12.5,36.5],[-13.0,36.25],[-14.0,36.166666666666664],[-15.0,36.57142857142857],[-15.444444444444443,36.44444444444444],[-16.0,36.0],[-17.0,36.0],[-17.5,35.5],[-18.0,35.333333333333336],[-19.0,35.66666666666667],[-19.333333333333336,35.66666666666667],[-19.666666666666668,36.333333333333336],[-20.0,36.333333333333336],[-21.0,36.0],[-21.6,35.6],[-22.0,35.5],[-22.5,34.5],[-23.0,34.0],[-24.733333333333334,33.733333333333334],[-25.18181818181818,33.18181818181818],[-25.945945945945947,32.945945945945944],[-26.0,32.5],[-26.285714285714285,32.285714285714285],[-27.0,32.0],[-27.88235294117647,31.88235294117647],[-28.0,31.5],[-28.333333333333336,31.333333333333336],[-28.5,31.0],[-29.5,30.0],[-29.6,29.6],[-30.0,29.5],[-30.22222222222222,29.22222222222222],[-30.400000000000002,28.6],[-30.0,28.0],[-31.0,28.0],[-31.66666666666667,27.666666666666668],[-32.0,27.0],[-33.0,27.0],[-33.6,26.6],[-34.0,26.0],[-34.6,25.6],[-36.0,25.0],[-39.0,25.0],[-39.0,26.0],[-40.0,26.0],[-41.0,26.666666666666668],[-41.333333333333336,26.666666666666668],[-42.0,27.0],[-43.0,27.0],[-43.60000000000001,27.4],[-44.0,28.0],[-44.6,27.6],[-45.4,27.4],[-46.0,27.0],[-47.0,27.0],[-47.5,26.5],[-48.400000000000006,26.400000000000002],[-49.0,26.0],[-49.0,25.0],[-50.0,25.0],[-51.0,26.0],[-52.0,26.0],[-52.0,25.0],[-54.0,25.0],[-54.0,24.0],[-54.15384615384616,23.153846153846153],[-54.06666666666667,22.933333333333334],[-53.8,22.799999999999997],[-53.0,23.0],[-53.2,22.2],[-53.1,21.9],[-53.166666666666664,20.166666666666664],[-54.0,20.0],[-53.5,19.5],[-53.45454545454545,19.0],[-53.66666666666667,18.0],[-53.36363636363637,17.636363636363637],[-53.0,17.454545454545453],[-52.12987012987013,15.870129870129869],[-51.0,15.125],[-50.0,14.9],[-48.06666666666666,15.066666666666666],[-48.0,15.2],[-47.75,15.25],[-47.0,15.0],[-46.5,16.0],[-45.0,17.0],[-44.0,17.25],[-43.0,17.2],[-42.8,17.0],[-42.93939393939394,16.939393939393938],[-43.0,16.666666666666664],[-43.44444444444444,16.444444444444443],[-43.66666666666667,16.0],[-43.904761904761905,15.904761904761905],[-43.84,15.16],[-44.0,14.5],[-44.61538461538461,13.615384615384613],[-44.73684210526316,13.0],[-45.0,12.5],[-45.357142857142854,12.357142857142858],[-45.625,12.0],[-47.0,11.796610169491526],[-48.14965986394557,11.85034013605442],[-48.68888888888888,12.31111111111111],[-50.225352112676056,12.774647887323944],[-51.0,13.357142857142856],[-51.484848484848484,12.484848484848484],[-52.0,12.04],[-52.333333333333336,12.0],[-52.0,11.0],[-52.4,10.4],[-53.66666666666667,9.666666666666668],[-53.66666666666667,9.333333333333334],[-54.0,8.8],[-54.84615384615384,9.153846153846153],[-55.0,9.11111111111111],[-55.22857142857143,9.771428571428572],[-55.75,10.25],[-56.0,10.275862068965516],[-56.56643356643357,11.433566433566433],[-57.0,11.885714285714286],[-57.313043478260866,12.68695652173913],[-58.041297935103245,12.958702064896755],[-58.3741935483871,14.625806451612902],[-58.66101694915254,15.338983050847457],[-59.0,15.555555555555555],[-59.205128205128204,16.0],[-59.2375,17.0],[-59.42622950819673,17.57377049180328],[-59.92857142857143,18.0],[-60.25225225225225,18.747747747747745],[-60.82352941176471,19.0],[-61.0,19.272727272727273],[-61.34375,20.65625],[-61.6875,21.0],[-61.6875,21.3125],[-61.99999999999999,21.454545454545453],[-62.302325581395344,22.69767441860465],[-63.02105263157895,22.978947368421053],[-63.03669724770642,23.96330275229358],[-64.0,24.9],[-64.13432835820896,25.865671641791046],[-64.64285714285714,26.0],[-65.0,26.71428571428571],[-65.25,27.75],[-66.0,28.142857142857142],[-66.09836065573771,28.901639344262293],[-66.92,29.08],[-67.01709401709401,29.982905982905983],[-67.42105263157895,30.57894736842105],[-68.0,31.0],[-68.15625,31.84375],[-68.72916666666667,31.72916666666667],[-69.0749279538905,31.92507204610951],[-69.08163265306122,32.91836734693878],[-69.24,33.0],[-69.4,33.4],[-69.28571428571428,33.714285714285715],[-69.61538461538461,33.61538461538461],[-70.0,33.791666666666664],[-70.22727272727272,34.22727272727273],[-70.22727272727272,34.77272727272727],[-70.75,34.75],[-71.0,34.869565217391305],[-71.11267605633803,36.887323943661976],[-72.03720930232558,36.96279069767442],[-72.23809523809524,37.76190476190476],[-72.56701030927836,38.432989690721655],[-73.0,38.75],[-73.125,40.0],[-73.04166666666667,41.0],[-73.27777777777777,42.0],[-73.0,42.714285714285715],[-72.55555555555556,43.0],[-72.75757575757575,43.24242424242424],[-73.0,43.23529411764706],[-73.65,44.0],[-73.54838709677419,44.45161290322581],[-73.63636363636363,44.63636363636364],[-72.91304347826086,44.91304347826087],[-72.8,45.2],[-74.0,45.333333333333336],[-74.11842105263159,46.881578947368425],[-74.52727272727273,47.47272727272727],[-75.0,47.78787878787878],[-75.1732283464567,48.826771653543304],[-75.61111111111111,49.0],[-75.74074074074073,49.25925925925927],[-76.0,49.38888888888889],[-76.26506024096386,50.26506024096385],[-76.19047619047619,50.80952380952381],[-76.6,51.0],[-76.71428571428572,51.285714285714285],[-77.0,51.30769230769231],[-77.0989010989011,54.901098901098905],[-77.19642857142857,55.80357142857143],[-77.37931034482759,56.0],[-77.4,58.0],[-77.63157894736842,59.0],[-77.6470588235294,59.647058823529406],[-77.5,60.0],[-78.0,60.42857142857143],[-78.06400000000001,60.936],[-78.45,61.550000000000004],[-79.0,61.84],[-79.16091954022988,62.839080459770116],[-80.0421052631579,62.9578947368421],[-80.17142857142858,63.17142857142857],[-80.21951219512195,63.78048780487805],[-80.8108108108108,63.81081081081081],[-81.19444444444444,64.0],[-81.41025641025641,64.58974358974359],[-82.12844036697247,64.87155963302752],[-83.57142857142857,65.0],[-83.68421052631578,65.3157894736842],[-84.0,65.5],[-85.26666666666667,65.73333333333333],[-92.0,65.86458333333333],[-95.0,65.5],[-96.0,65.51724137931035],[-97.91666666666667,65.08333333333334],[-101.95348837209303,64.95348837209302],[-104.25,64.25],[-109.0,64.0],[-110.0,64.14285714285714],[-110.40677966101696,64.59322033898306],[-111.0693641618497,64.93063583815028],[-111.54545454545453,65.0],[-112.2258064516129,65.77419354838709],[-112.7741935483871,65.77419354838709],[-113.28,66.0],[-113.3125,66.6875],[-113.61290322580646,67.38709677419355],[-114.19047619047618,67.80952380952381],[-114.5625,68.4375],[-115.0,68.7],[-115.14285714285714,69.85714285714286],[-115.5,70.0],[-115.625,70.375],[-116.0,70.75],[-116.0,71.5],[-115.5,72.0],[-115.69230769230771,72.30769230769232],[-116.0,72.5],[-116.07518796992481,74.92481203007519],[-116.45614035087719,75.54385964912281],[-117.16129032258064,75.83870967741936],[-118.625,76.0],[-120.0,76.35483870967742],[-121.00000000000001,76.2],[-122.0,76.69565217391303],[-122.12962962962963,76.87037037037037],[-124.0,77.06666666666668],[-128.0,77.22727272727272],[-132.17142857142858,77.82857142857144],[-142.0,77.9090909090909],[-146.6470588235294,77.6470588235294],[-147.4102564102564,77.41025641025641],[-147.72727272727272,77.0],[-148.0,76.89285714285714],[-150.0,76.48275862068965],[-151.1123595505618,75.8876404494382],[-151.8876404494382,75.8876404494382],[-152.78947368421052,75.0],[-154.8292682926829,74.82926829268293],[-155.3181818181818,74.68181818181819],[-155.73529411764707,74.73529411764707],[-156.29166666666666,74.29166666666666],[-156.41176470588235,74.0],[-158.0,73.99193548387098],[-159.0,73.78095238095239],[-160.66,73.66],[-161.0,73.43333333333334],[-161.37142857142857,73.37142857142857],[-161.86666666666667,73.0],[-163.0,72.828125],[-167.0,72.75],[-169.78823529411764,71.78823529411764],[-171.0,71.5925925925926],[-172.41666666666666,71.58333333333334],[-172.55555555555554,72.0],[-173.42105263157896,72.42105263157895],[-174.0,72.0],[-173.32,71.67999999999999],[-173.0,71.33333333333333],[-172.66666666666669,71.33333333333334],[-172.7777777777778,71.0],[-174.0,70.42105263157895],[-175.00000000000003,70.13333333333334],[-178.0,69.9423076923077],[-178.1818181818182,70.18181818181819],[-178.26666666666665,70.73333333333333],[-179.0,70.85714285714286],[-179.82456140350877,70.82456140350877],[-180.0,70.70588235294117],[-180.0,80.83333333333333],[-179.66666666666669,81.0],[-178.0,81.1875],[-176.20689655172413,81.20689655172413],[-176.0,81.75],[-175.66666666666669,81.33333333333334],[-175.0,81.25],[-174.0,81.33333333333334],[-173.54285714285714,81.54285714285713],[-173.27272727272728,82.0],[-173.0,82.05],[-171.76923076923077,82.0],[-171.45454545454544,81.54545454545455],[-171.0,81.375],[-169.0,81.30434782608697],[-168.8292682926829,81.17073170731707],[-168.0,81.11864406779661],[-164.86567164179104,81.13432835820895],[-164.30769230769232,81.0],[-164.25806451612902,80.74193548387098],[-163.67741935483872,80.3225806451613]],[[6.199999999999999,43.2],[6.0,44.0],[5.6000000000000005,42.6],[6.0,42.0],[6.199999999999999,43.2]],[[6.800000000000001,43.8],[7.5,44.0],[7.222222222222222,44.22222222222222],[7.0,45.0],[6.166666666666667,45.16666666666667],[6.0,45.333333333333336],[5.7142857142857135,45.285714285714285],[6.0,44.0],[6.800000000000001,43.8]],[[6.777777777777779,51.77777777777778],[7.5,52.0],[6.0,52.0],[6.777777777777779,51.77777777777778]],[[-173.56521739130434,72.56521739130434],[-173.85714285714286,73.14285714285714],[-175.0,73.425],[-176.0,73.5],[-176.36170212765956,73.36170212765957],[-176.65384615384613,73.0],[-176.37777777777777,72.62222222222222],[-175.0,72.29166666666666],[-174.67441860465118,72.32558139534885],[-174.0,72.0],[-173.56521739130434,72.56521739130434]],[[9.0,49.0],[9.0,50.0],[8.0,50.0],[8.0,49.0],[9.0,49.0]],[[-24.0,58.0],[-23.333333333333336,57.66666666666667],[-22.77777777777778,57.77777777777777],[-22.666666666666668,58.33333333333334],[-23.0,59.0],[-24.0,59.0],[-24.0,58.0]],[[1.6666666666666667,69.0],[2.1176470588235294,68.88235294117646],[2.25,69.0],[1.6666666666666667,69.0]],[[8.0,68.5],[7.777777777777778,68.22222222222223],[7.0,68.0],[7.875,67.875],[8.166666666666668,68.0],[8.0,68.5]],[[19.0,49.25],[18.0,49.16666666666667],[17.666666666666668,49.0],[17.666666666666668,48.66666666666667],[18.0,48.0],[19.0,48.0],[19.25,49.0],[19.0,49.25]],[[25.0,52.0],[25.400000000000002,52.6],[25.6,53.400000000000006],[26.0,53.5],[26.5,54.0],[26.285714285714285,54.285714285714285],[26.0,54.33333333333334],[25.0,54.0],[24.666666666666668,53.0],[24.666666666666668,52.66666666666667],[25.0,52.0]],[[28.333333333333336,56.0],[28.0,56.5],[27.0,56.0],[27.666666666666668,55.66666666666667],[28.0,55.66666666666667],[28.333333333333336,56.0]],[[38.00000000000001,58.142857142857146],[37.0,58.375],[35.833333333333336,58.16666666666667],[35.66666666666667,58.0],[36.5,57.0],[37.0,56.75],[37.2,56.8],[37.57142857142858,57.42857142857143],[38.0,57.75],[39.0,57.333333333333336],[39.44444444444444,57.55555555555555],[39.5,58.0],[39.23529411764706,58.23529411764706],[38.00000000000001,58.142857142857146]],[[5.285714285714286,45.71428571428571],[5.25,46.25],[5.0,46.5],[4.6,46.400000000000006],[4.0,46.0],[4.75,45.75],[5.285714285714286,45.71428571428571]],[[-23.0,55.5],[-22.0,56.0],[-22.71428571428571,56.285714285714285],[-23.25,56.25],[-23.333333333333336,56.0],[-23.0,55.5]],[[26.6,50.400000000000006],[26.0,50.0],[26.0,49.0],[26.5,49.5],[27.4,49.6],[27.5,50.0],[27.333333333333336,50.333333333333336],[27.0,50.5],[26.6,50.400000000000006]],[[26.0,45.333333333333336],[26.666666666666668,46.0],[26.6,46.400000000000006],[27.0,47.0],[27.0,48.0],[26.0,48.0],[26.0,47.0],[25.0,47.0],[25.0,46.0],[25.66666666666667,45.66666666666667],[26.0,45.333333333333336]]],[[[-86.81395348837209,52.18604651162791],[-86.04761904761904,51.99999999999999],[-85.68067226890756,51.31932773109243],[-84.91851851851852,51.08148148148148],[-84.66442953020135,50.335570469798654],[-84.0,49.125],[-83.76331360946746,47.76331360946746],[-83.82481751824818,47.175182481751825],[-83.5813953488372,46.41860465116279],[-83.10000000000001,46.0],[-83.0,45.599999999999994],[-83.0,44.4],[-83.25,44.25],[-84.32,44.32],[-84.57142857142857,44.0],[-84.47058823529412,43.52941176470588],[-83.66666666666667,43.0],[-83.81818181818181,42.81818181818182],[-84.5,42.5],[-85.0,42.0],[-85.13333333333333,44.13333333333333],[-85.0,44.75],[-84.84615384615384,44.84615384615385],[-84.91666666666666,45.0],[-86.37837837837839,46.62162162162163],[-87.0,47.0],[-87.3076923076923,47.69230769230769],[-88.0102564102564,47.98974358974359],[-88.29629629629629,48.7037037037037],[-89.0967741935484,49.0],[-89.45614035087718,49.5438596491228],[-90.08805031446542,49.91194968553459],[-90.85792349726776,49.85792349726776],[-91.8125,50.0],[-92.0,50.333333333333336],[-93.0,50.625],[-93.19999999999999,50.8],[-95.0,51.0],[-96.0,50.45454545454545],[-97.05882352941175,50.94117647058824],[-97.5,51.0],[-96.5,53.0],[-95.11111111111111,53.11111111111111],[-93.0,53.76923076923077],[-92.0,53.526315789473685],[-90.0,53.416666666666664],[-89.81651376146789,53.18348623853211],[-87.99999999999999,52.916666666666664],[-86.81395348837209,52.18604651162791]]],[[[-115.73333333333333,62.733333333333334],[-115.26666666666667,62.733333333333334],[-115.0,62.86666666666667],[-114.71270718232044,62.28729281767956],[-114.4090909090909,62.0],[-114.3448275862069,61.344827586206904],[-114.61290322580645,60.61290322580645],[-115.0,60.400000000000006],[-115.35294117647058,60.647058823529406],[-115.73913043478261,61.26086956521739],[-115.86666666666666,62.0],[-115.73333333333333,62.266666666666666],[-115.73333333333333,62.733333333333334]]],[[[-115.0,66.77777777777779],[-114.70212765957447,66.29787234042553],[-115.0,65.22222222222223],[-115.26923076923077,66.0],[-115.19444444444446,66.19444444444444],[-115.0,66.77777777777779]]],[[[-179.3224967490247,90.0],[-179.52614824920417,89.52614824920418],[-180.0,89.2021439509954],[-180.0,90.0],[-179.3224967490247,90.0]]],[[[-34.0,-89.4],[-32.0,-89.66666666666667],[-31.0,-89.66666666666667],[-30.0,-89.5],[-22.0,-89.5],[-21.0,-89.75],[-20.0,-89.6],[-18.0,-89.75],[-17.0,-89.5],[-15.0,-89.6],[-13.0,-89.4],[-11.0,-89.5],[-10.0,-89.8],[-8.0,-89.5],[-4.0,-89.4],[-2.0,-89.5],[-1.0,-89.25],[0.0,-89.25],[3.0,-89.66666666666667],[4.0,-89.4],[6.0,-89.5],[7.285714285714286,-89.28571428571428],[11.0,-89.25],[12.0,-89.0],[13.0,-89.25],[14.0,-89.0],[15.0,-89.0],[16.0,-89.25],[18.333333333333336,-89.33333333333334],[19.0,-89.0],[19.666666666666668,-89.33333333333334],[20.0,-89.25],[30.0,-89.25],[32.0,-89.4],[32.46153846153846,-89.53846153846153],[33.0,-90.0],[-49.0,-90.0],[-48.400000000000006,-89.60000000000001],[-47.6,-89.4],[-47.0,-89.33333333333334],[-46.0,-89.5],[-45.0,-89.5],[-44.0,-89.66666666666667],[-40.0,-89.66666666666667],[-38.0,-89.25],[-36.0,-89.25],[-35.0,-89.5],[-34.0,-89.4]]],[[[-6.0,-83.5],[-7.0,-83.0],[-5.894736842105263,-82.89473684210526],[-5.0,-83.0],[-6.0,-83.5]]],[[[-10.0,-82.75],[-7.0,-83.0],[-7.75,-83.25],[-9.0,-83.16666666666667],[-10.0,-83.4],[-11.0,-83.0],[-10.0,-82.75]]],[[[9.285714285714285,-83.28571428571428],[7.0,-83.83333333333333],[6.0,-84.0],[4.882352941176471,-83.88235294117648],[3.0,-84.25],[2.111111111111111,-83.88888888888889],[1.2105263157894737,-83.78947368421052],[-1.0,-84.0],[-1.7777777777777777,-83.77777777777777],[-2.0,-83.5],[-2.4,-83.4],[-3.0,-83.0],[-2.25,-82.75],[-2.0,-82.0],[-1.3333333333333333,-81.66666666666667],[0.0,-81.57142857142857],[2.0,-81.0],[3.7142857142857144,-81.28571428571428],[8.0,-81.5],[8.4,-81.60000000000001],[9.600000000000001,-82.4],[10.0,-83.0],[9.285714285714285,-83.28571428571428]]],[[[-11.0,-80.0],[-9.363636363636363,-79.63636363636364],[-8.0,-79.5],[-5.555555555555555,-79.55555555555554],[-5.0,-80.0],[-6.0,-80.25],[-8.0,-80.5],[-9.75,-80.25],[-10.285714285714285,-80.28571428571428],[-11.0,-80.0]]],[[[-14.0,-75.83333333333333],[-13.0,-76.0],[-11.0,-75.57142857142857],[-10.727272727272727,-75.72727272727272],[-9.837837837837837,-75.83783783783784],[-9.571428571428571,-76.0],[-9.470588235294118,-76.47058823529412],[-8.866666666666667,-76.86666666666667],[-8.117647058823529,-77.11764705882352],[-5.434782608695652,-77.43478260869564],[-2.4,-77.4],[-2.0,-78.0],[-3.0,-78.55555555555556],[-5.000000000000001,-78.85714285714286],[-6.0,-78.75],[-8.0,-78.77777777777777],[-11.0,-78.44444444444444],[-15.53846153846154,-78.53846153846155],[-16.0,-78.5],[-17.0,-78.0],[-22.77777777777778,-77.77777777777777],[-23.5,-77.5],[-23.75,-77.0],[-23.5,-76.0],[-23.555555555555557,-75.55555555555556],[-24.0,-75.0],[-23.080000000000002,-74.92],[-22.77777777777778,-74.77777777777777],[-22.0,-75.0],[-22.0,-74.0],[-21.5,-73.5],[-19.75,-73.25],[-19.714285714285715,-73.0],[-19.0,-72.70588235294117],[-17.5,-73.0],[-18.307692307692307,-73.6923076923077],[-19.0,-74.0],[-16.545454545454547,-74.54545454545453],[-16.0,-74.75],[-15.38095238095238,-75.38095238095238],[-14.0,-75.83333333333333]]],[[[2.0,-74.0],[4.0,-73.9090909090909],[4.333333333333334,-74.0],[4.2,-74.2],[3.8823529411764706,-74.11764705882354],[2.0,-74.0]]],[[[-0.5333333333333333,-72.0],[-0.5757575757575758,-71.57575757575758],[-1.2,-71.0],[-1.0,-70.0],[-0.6000000000000001,-70.60000000000001],[0.0,-70.625],[0.23076923076923078,-70.76923076923077],[0.16666666666666669,-71.16666666666666],[0.4,-72.0],[0.4,-72.6],[0.6,-73.0],[0.2857142857142857,-73.28571428571428],[-1.2,-73.0],[-0.5757575757575758,-72.42424242424242],[-0.5333333333333333,-72.0]]],[[[-14.545454545454547,-70.0],[-14.859154929577464,-70.14084507042253],[-16.0,-70.17142857142858],[-16.375,-70.0],[-16.3,-69.69999999999999],[-16.0,-69.5],[-14.767441860465116,-69.76744186046511],[-14.545454545454547,-70.0]]],[[[-10.444444444444443,-69.44444444444444],[-10.0,-69.42105263157895],[-8.745454545454546,-69.74545454545455],[-8.299999999999999,-70.0],[-8.735849056603774,-70.26415094339623],[-10.0,-70.42307692307692],[-11.040816326530612,-70.04081632653062],[-11.133333333333333,-69.86666666666667],[-11.0,-69.0],[-10.444444444444443,-69.44444444444444]]],[[[-19.428571428571427,-68.0],[-19.57894736842105,-68.42105263157895],[-20.0,-68.80000000000001],[-21.0,-68.6],[-21.375,-68.375],[-21.42857142857143,-68.0],[-21.26086956521739,-67.73913043478261],[-20.0,-67.83333333333334],[-19.428571428571427,-68.0]]],[[[-22.333333333333336,-66.66666666666667],[-22.0,-66.66666666666667],[-21.866666666666667,-67.13333333333334],[-22.0,-67.2],[-22.333333333333336,-67.0],[-22.333333333333336,-66.66666666666667]]],[[[-23.5,-66.0],[-23.400000000000002,-65.60000000000001],[-23.0,-65.5],[-22.666666666666664,-66.0],[-22.666666666666668,-66.33333333333334],[-23.333333333333336,-66.33333333333334],[-23.5,-66.0]]],[[[3.8333333333333335,-65.0],[3.454545454545454,-65.45454545454545],[3.0,-65.625],[1.6666666666666665,-65.33333333333334],[1.2000000000000002,-65.0],[2.0,-64.33333333333334],[3.0,-64.5],[3.4000000000000004,-64.6],[3.8333333333333335,-65.0]]],[[[-10.0,-64.5],[-11.181818181818182,-64.0],[-10.0,-63.38461538461539],[-9.609756097560975,-63.609756097560975],[-9.714285714285714,-64.28571428571428],[-10.0,-64.5]]],[[[-8.2,-61.8],[-8.384615384615385,-61.38461538461539],[-8.3125,-60.6875],[-8.0,-60.5],[-7.0,-60.76470588235294],[-6.666666666666666,-61.0],[-7.0,-61.57142857142857],[-7.75,-62.0],[-7.92,-63.08],[-9.285714285714285,-63.285714285714285],[-9.375,-63.0],[-9.0,-62.0],[-8.2,-61.8]]],[[[-7.5,-20.5],[-6.5,-21.0],[-6.62962962962963,-21.37037037037037],[-7.0,-21.208333333333336],[-7.344827586206897,-21.344827586206897],[-7.555555555555555,-21.0],[-7.5,-20.5]]],[[[6.0,24.200000000000003],[7.8,24.2],[8.333333333333334,24.0],[8.529411764705882,23.52941176470588],[9.133333333333333,23.133333333333333],[9.6,22.0],[9.5,21.0],[9.0,20.0],[9.555555555555555,18.555555555555554],[10.0,18.333333333333336],[11.0,18.4],[11.285714285714285,18.285714285714285],[11.8,17.799999999999997],[12.428571428571429,17.42857142857143],[12.600000000000001,17.0],[13.0,16.75],[14.0,16.6],[14.375,16.0],[14.428571428571429,15.0],[15.57142857142857,13.0],[16.0,12.5],[17.0,12.399999999999999],[17.129032258064516,12.129032258064516],[17.4,12.0],[17.703703703703702,10.703703703703702],[18.0,10.5],[19.0,10.4],[20.0,10.4],[21.0,10.571428571428571],[21.4,10.4],[21.666666666666668,10.0],[22.0,9.0],[22.71428571428571,8.714285714285714],[23.0,8.0],[23.0,5.0],[24.0,5.0],[24.0,7.0],[24.75,7.25],[25.0,7.25],[25.25,7.0],[25.400000000000002,6.4],[26.0,6.0],[26.77777777777778,5.777777777777778],[27.79310344827586,6.206896551724138],[30.0,6.03125],[30.811764705882354,6.188235294117647],[30.999999999999996,6.888888888888888],[31.707317073170735,7.2926829268292686],[31.958333333333332,8.0],[33.231884057971016,8.231884057971016],[33.803278688524586,8.196721311475411],[34.565217391304344,8.434782608695652],[34.78260869565217,9.217391304347826],[35.193548387096776,9.806451612903226],[35.2,10.0],[35.76470588235294,10.235294117647058],[36.0,10.857142857142858],[37.0,10.916666666666666],[37.229166666666664,10.229166666666666],[37.916666666666664,10.0],[38.0,9.8],[38.470588235294116,9.470588235294118],[38.733333333333334,8.733333333333334],[38.733333333333334,7.266666666666667],[38.5,6.0],[38.36363636363636,5.636363636363637],[37.6,5.4],[37.0,5.0],[37.0,3.0],[37.5,2.0],[38.2,1.0],[37.66666666666667,0.33333333333333337],[37.57142857142857,0.0],[37.6,-3.0],[37.46153846153847,-3.4615384615384617],[37.0,-4.0],[37.0,-10.0],[36.0,-10.0],[36.5,-10.5],[36.333333333333336,-12.0],[36.22222222222222,-12.222222222222221],[35.55555555555556,-12.555555555555555],[35.25,-13.25],[35.0,-13.5],[34.89473684210526,-13.894736842105264],[34.5,-14.0],[33.6,-15.600000000000001],[33.0,-16.0],[32.66666666666667,-16.666666666666668],[32.333333333333336,-17.0],[32.0,-18.0],[31.0,-18.0],[31.5,-18.5],[31.400000000000002,-19.400000000000002],[31.0,-20.0],[29.25,-21.25],[28.0,-21.666666666666668],[27.6,-21.4],[27.333333333333336,-21.0],[27.5,-20.0],[27.0,-19.0],[26.6,-19.6],[25.5,-20.0],[25.0,-20.5],[24.6,-20.400000000000002],[24.0,-20.0],[23.0,-20.0],[22.6,-22.0],[22.666666666666668,-23.0],[22.555555555555557,-23.555555555555557],[22.0,-25.0],[21.0,-26.0],[20.11764705882353,-27.11764705882353],[20.0,-27.1],[19.5,-28.0],[19.625,-28.375],[20.4390243902439,-28.560975609756095],[20.6,-29.0],[20.333333333333336,-29.333333333333336],[20.111111111111114,-30.0],[20.0,-32.0],[19.315789473684212,-32.315789473684205],[19.18181818181818,-32.81818181818182],[18.641025641025642,-33.64102564102564],[18.5,-34.0],[18.5,-35.0],[18.266666666666666,-35.266666666666666],[18.123456790123456,-36.123456790123456],[17.34285714285714,-36.34285714285714],[17.34285714285714,-36.65714285714286],[17.11111111111111,-37.111111111111114],[16.4390243902439,-37.4390243902439],[16.085714285714285,-38.08571428571429],[13.142857142857142,-38.14285714285714],[12.315789473684209,-38.315789473684205],[11.846153846153845,-38.84615384615385],[11.0,-39.0],[10.375,-40.0],[7.111111111111111,-43.0],[5.0,-43.33333333333333],[4.0,-43.33333333333333],[3.1159420289855073,-44.11594202898551],[2.8095238095238093,-44.19047619047619],[2.0,-44.0],[1.3404255319148937,-44.340425531914896],[0.46808510638297873,-44.46808510638298],[0.0,-44.647058823529406],[-0.7586206896551724,-45.241379310344826],[-0.9850746268656716,-46.01492537313433],[-1.518987341772152,-45.51898734177215],[-2.0,-45.42424242424242],[-3.0,-45.66666666666667],[-3.5555555555555554,-46.0],[-5.655172413793103,-46.3448275862069],[-6.0,-46.57692307692307],[-7.222222222222222,-46.77777777777777],[-7.714285714285714,-47.0],[-9.0,-47.09090909090909],[-9.8,-47.0],[-11.0,-46.25],[-13.0,-46.03030303030303],[-13.636363636363637,-45.63636363636364],[-15.277777777777777,-45.27777777777778],[-16.410958904109588,-44.410958904109584],[-17.153846153846153,-44.15384615384615],[-18.0,-43.040000000000006],[-17.18439716312057,-40.815602836879435],[-16.695652173913047,-40.30434782608696],[-16.408163265306122,-39.59183673469388],[-16.2,-39.0],[-16.108695652173914,-37.891304347826086],[-15.758620689655173,-37.241379310344826],[-15.421052631578947,-36.0],[-15.454545454545453,-35.45454545454545],[-16.0,-35.05714285714286],[-17.16216216216216,-35.16216216216216],[-17.0,-33.0],[-18.0,-32.833333333333336],[-18.588235294117645,-33.41176470588235],[-18.79591836734694,-34.204081632653065],[-19.333333333333336,-34.66666666666667],[-19.696969696969695,-35.303030303030305],[-20.333333333333336,-36.0],[-20.23076923076923,-36.230769230769226],[-19.57894736842105,-36.578947368421055],[-19.200000000000003,-37.0],[-20.0,-37.5],[-20.390243902439025,-37.609756097560975],[-20.727272727272727,-38.27272727272727],[-20.875,-39.0],[-21.387096774193548,-39.61290322580645],[-22.0,-41.285714285714285],[-22.413793103448274,-41.41379310344828],[-22.93548387096774,-40.935483870967744],[-23.125,-41.0],[-23.133333333333333,-41.13333333333333],[-22.6,-41.6],[-22.87179487179487,-42.12820512820513],[-22.87179487179487,-42.87179487179487],[-23.0,-43.16129032258064],[-23.560975609756095,-43.4390243902439],[-23.858585858585858,-44.141414141414145],[-24.0,-45.5],[-24.333333333333332,-46.0],[-23.95918367346939,-46.95918367346938],[-23.105263157894736,-46.89473684210527],[-22.892857142857146,-47.0],[-22.862068965517242,-47.862068965517246],[-22.0,-48.125],[-21.0,-48.625],[-20.571428571428573,-49.0],[-20.416666666666664,-50.0],[-20.916666666666668,-51.0],[-21.727272727272727,-51.272727272727266],[-22.0,-51.54545454545454],[-23.0,-51.5],[-24.0,-51.833333333333336],[-24.357142857142858,-51.357142857142854],[-25.0,-51.2],[-25.636363636363637,-51.36363636363636],[-26.166666666666664,-53.166666666666664],[-25.5,-53.5],[-25.0,-54.0],[-28.0,-54.0],[-29.0,-53.5],[-29.375,-53.625],[-29.733333333333334,-54.266666666666666],[-30.363636363636367,-54.36363636363637],[-31.0,-54.0],[-32.0,-53.75],[-32.255319148936174,-53.255319148936174],[-32.66197183098592,-53.33802816901408],[-35.07692307692307,-53.0],[-35.5,-52.5],[-36.20833333333333,-52.20833333333333],[-36.77142857142857,-51.77142857142857],[-37.285714285714285,-50.28571428571428],[-37.89473684210526,-49.89473684210526],[-38.0,-49.0],[-37.969696969696976,-47.03030303030303],[-38.10526315789474,-46.0],[-38.03636363636363,-40.96363636363636],[-38.0,-40.0],[-37.72222222222222,-39.0],[-38.0,-38.5],[-38.00961538461539,-37.0],[-37.215053763440864,-35.78494623655914],[-36.85714285714286,-33.142857142857146],[-36.84615384615385,-31.846153846153847],[-36.423913043478265,-28.0],[-36.47727272727273,-24.0],[-36.325,-23.0],[-36.653333333333336,-21.0],[-37.339999999999996,-19.339999999999996],[-38.7378640776699,-17.737864077669904],[-40.62162162162162,-16.62162162162162],[-41.0,-16.519607843137255],[-41.62352941176471,-16.0],[-41.750972762645915,-15.750972762645915],[-43.0,-14.931818181818183],[-43.30943396226415,-14.309433962264151],[-43.719298245614034,-14.0],[-44.11162790697674,-13.111627906976743],[-44.9672131147541,-12.0],[-45.319148936170215,-11.319148936170214],[-45.833333333333336,-11.000000000000002],[-46.050632911392405,-10.050632911392405],[-46.62637362637362,-9.626373626373626],[-46.92857142857143,-9.0],[-47.06201550387597,-8.062015503875969],[-47.55555555555556,-7.555555555555555],[-47.87096774193548,-7.0],[-48.0438596491228,-4.9561403508771935],[-47.82142857142857,-3.821428571428571],[-48.0,-3.0],[-48.0,-1.75],[-47.82352941176471,-1.0],[-47.35,-0.6499999999999999],[-46.83098591549296,0.8309859154929577],[-46.319148936170215,1.319148936170213],[-46.125,2.125],[-45.839999999999996,4.84],[-45.44117647058823,6.0],[-45.0,6.714285714285714],[-44.65714285714286,6.6571428571428575],[-44.0,7.0],[-42.0,7.0],[-42.0,6.0],[-43.0,5.0],[-43.0,4.0],[-42.4,3.6000000000000005],[-42.0,3.0],[-41.6,3.6000000000000005],[-41.0,4.0],[-41.400000000000006,4.6],[-41.5,5.5],[-41.0,6.0],[-40.0,6.0],[-40.0,7.0],[-40.5,7.5],[-40.66666666666667,8.0],[-40.5,8.5],[-40.0,9.0],[-39.36363636363636,9.363636363636363],[-38.55555555555556,9.555555555555555],[-38.0,10.0],[-37.5,9.5],[-37.5,9.0],[-37.285714285714285,8.714285714285714],[-35.71428571428571,8.714285714285714],[-35.0,9.0],[-36.0,10.0],[-35.0,10.09090909090909],[-34.5,10.0],[-34.400000000000006,9.600000000000001],[-33.0,9.5],[-32.75,9.25],[-31.2,8.8],[-29.0,8.714285714285715],[-28.565217391304344,8.434782608695652],[-28.11111111111111,7.888888888888889],[-26.0,7.2],[-25.75,7.0],[-25.5,6.5],[-24.0,6.0],[-23.333333333333336,6.333333333333334],[-22.53846153846154,6.538461538461538],[-22.0,7.0],[-21.0,7.2],[-20.0,6.800000000000001],[-19.0,6.75],[-18.8,7.000000000000001],[-19.16,7.84],[-19.200000000000003,8.8],[-20.25,9.0],[-20.05263157894737,9.052631578947368],[-20.0,10.0],[-19.666666666666668,11.0],[-19.307692307692307,11.307692307692308],[-19.0,12.333333333333334],[-18.6,12.6],[-18.333333333333336,13.0],[-18.400000000000002,13.4],[-17.714285714285715,13.714285714285714],[-17.285714285714285,14.285714285714285],[-17.0,15.0],[-16.400000000000002,15.4],[-16.0,16.25],[-15.571428571428573,16.571428571428573],[-15.0,19.0],[-14.625,20.0],[-14.232558139534884,20.232558139534884],[-14.0,20.625],[-13.727272727272727,20.727272727272727],[-13.210526315789474,21.210526315789473],[-13.0,21.2],[-11.733333333333333,21.733333333333334],[-11.333333333333334,22.333333333333336],[-10.352941176470587,22.352941176470587],[-9.777777777777779,22.77777777777778],[-8.92,22.92],[-8.0,23.333333333333332],[-4.173913043478261,24.17391304347826],[-4.0,24.444444444444443],[-3.6000000000000005,24.6],[-3.0,25.2],[-2.0,25.166666666666668],[-0.7894736842105263,25.789473684210527],[-0.6,26.0],[1.1666666666666665,26.166666666666664],[2.0,25.733333333333338],[3.0,25.666666666666668],[3.2857142857142856,25.285714285714285],[3.857142857142857,25.0],[4.846153846153847,24.846153846153847],[5.555555555555555,24.555555555555554],[6.0,24.200000000000003]],[[-42.333333333333336,2.0],[-42.0,1.0],[-41.8,2.2],[-42.0,3.0],[-42.333333333333336,2.0]],[[24.0,3.0],[23.555555555555557,2.4444444444444446],[23.6,2.0],[23.764705882352942,1.7647058823529411],[24.0,1.6666666666666667],[24.19047619047619,1.8095238095238095],[24.30769230769231,2.307692307692308],[24.0,3.0]],[[-39.78947368421053,-6.2105263157894735],[-39.66666666666667,-6.0],[-39.4,-4.0],[-39.6,-2.6],[-40.13333333333333,-2.1333333333333333],[-40.90909090909091,-0.9090909090909092],[-41.57142857142858,-0.5714285714285714],[-42.0,0.0],[-43.0,0.0],[-43.142857142857146,-1.0],[-44.285714285714285,-2.0],[-45.0,-3.0],[-45.0,-4.0],[-43.315789473684205,-5.315789473684211],[-42.0,-5.6],[-41.0,-6.4],[-40.0,-6.4],[-39.78947368421053,-6.2105263157894735]],[[29.0,-13.25],[28.71428571428571,-13.285714285714285],[27.578947368421048,-13.578947368421051],[26.8,-14.000000000000002],[26.4,-15.0],[26.6,-15.4],[27.0,-15.428571428571427],[27.800000000000004,-16.0],[28.0,-16.5],[28.66666666666667,-14.666666666666668],[29.240000000000002,-14.24],[30.0,-14.0],[29.5,-13.5],[29.0,-13.25]],[[-16.0,-30.666666666666664],[-15.733333333333334,-30.0],[-16.0,-29.6],[-16.57142857142857,-30.0],[-16.0,-30.666666666666664]],[[-12.0,-24.451612903225808],[-12.377777777777778,-24.62222222222222],[-12.62962962962963,-25.0],[-12.6,-25.400000000000002],[-13.0,-25.37037037037037],[-13.447368421052632,-25.55263157894737],[-13.80952380952381,-26.0],[-13.45945945945946,-26.45945945945946],[-13.0,-26.566666666666666],[-12.451612903225806,-26.0],[-12.424242424242424,-25.575757575757578],[-11.617977528089888,-25.382022471910112],[-10.956043956043956,-25.043956043956044],[-10.909090909090908,-24.90909090909091],[-12.0,-24.451612903225808]],[[-10.2,-24.2],[-9.625,-24.0],[-9.806451612903226,-23.806451612903224],[-10.272727272727273,-24.0],[-10.2,-24.2]],[[-6.680672268907562,-22.319327731092436],[-6.387096774193548,-22.0],[-6.4363636363636365,-21.563636363636366],[-5.722222222222221,-21.0],[-5.53125,-20.0],[-5.125,-19.0],[-5.552,-18.552],[-6.0,-18.471698113207545],[-6.4375,-18.5625],[-7.516129032258064,-20.0],[-7.5,-20.5],[-8.121212121212121,-20.87878787878788],[-8.0,-21.307692307692307],[-7.6,-21.6],[-7.678571428571429,-22.0],[-7.431818181818182,-22.431818181818183],[-7.0,-22.46341463414634],[-6.680672268907562,-22.319327731092436]],[[-5.403846153846154,-13.596153846153847],[-5.512195121951219,-14.0],[-5.515151515151516,-15.0],[-5.027027027027027,-16.027027027027028],[-4.32,-15.0],[-4.313725490196078,-14.686274509803921],[-4.34375,-14.0],[-4.543478260869565,-13.543478260869566],[-5.0,-13.222222222222221],[-5.403846153846154,-13.596153846153847]]],[[[-18.5,14.0],[-18.6,13.600000000000001],[-19.0,13.666666666666666],[-19.02857142857143,14.0],[-18.913043478260867,14.08695652173913],[-18.5,14.0]]],[[[-30.859154929577464,16.859154929577464],[-31.0,16.6875],[-32.0,16.65],[-32.46666666666667,17.0],[-32.31818181818181,17.31818181818182],[-32.0,17.291666666666668],[-31.0,17.13888888888889],[-30.859154929577464,16.859154929577464]]],[[[-6.0,34.529411764705884],[-6.32,35.0],[-6.380952380952381,35.38095238095238],[-6.0,35.888888888888886],[-4.0,36.0],[-4.0,34.75],[-4.461538461538462,34.46153846153846],[-4.75,34.0],[-5.0,33.94117647058824],[-5.526315789473685,34.47368421052632],[-6.0,34.529411764705884]]],[[[-0.9661016949152542,45.96610169491526],[-2.0,45.91428571428572],[-2.0869565217391304,46.08695652173913],[-1.7692307692307692,46.230769230769226],[-1.1818181818181817,46.18181818181819],[-1.0,46.28571428571429],[-0.8333333333333333,46.166666666666664],[-0.9661016949152542,45.96610169491526]]],[[[-0.2142857142857143,46.785714285714285],[-0.375,47.0],[0.46153846153846156,47.46153846153846],[0.75,47.0],[-0.2142857142857143,46.785714285714285]]],[[[0.5238095238095237,47.52380952380952],[0.6153846153846154,48.0],[1.0,48.227272727272734],[1.1492537313432836,48.14925373134328],[1.2380952380952381,48.0],[1.0,47.16666666666667],[0.5238095238095237,47.52380952380952]]],[[[49.0,-89.4],[50.333333333333336,-89.33333333333334],[51.0,-89.0],[51.6,-89.4],[52.42857142857143,-89.57142857142858],[54.5,-89.5],[54.75,-90.0],[33.0,-90.0],[33.6,-89.60000000000001],[34.0,-89.5],[38.0,-89.25],[40.0,-89.25],[41.0,-89.4],[44.0,-89.25],[45.0,-89.5],[48.0,-89.6],[49.0,-89.4]]],[[[5.636363636363637,-74.63636363636363],[7.0,-74.8],[7.5,-75.0],[7.25,-75.25],[6.0,-75.33333333333334],[5.0,-75.19999999999999],[4.8,-74.8],[5.0,-74.66666666666667],[5.636363636363637,-74.63636363636363]]],[[[25.66666666666667,-23.333333333333336],[25.333333333333336,-23.0],[26.0,-22.5],[26.285714285714285,-22.71428571428571],[26.333333333333336,-23.0],[26.10810810810811,-23.10810810810811],[26.0,-23.4],[25.66666666666667,-23.333333333333336]]],[[[22.985294117647058,20.01470588235294],[23.0,21.285714285714285],[23.235294117647058,21.235294117647058],[23.333333333333332,21.0],[23.200000000000003,20.0],[23.090909090909093,19.909090909090907],[22.985294117647058,20.01470588235294]]],[[[19.25,24.25],[19.0,25.0],[20.0,25.0],[20.666666666666668,24.666666666666668],[21.0,24.333333333333336],[21.054054054054056,23.945945945945944],[20.3125,23.6875],[20.0,23.28571428571429],[19.6,23.400000000000002],[19.0,23.0],[19.333333333333336,23.666666666666668],[19.166666666666668,24.0],[19.25,24.25]]],[[[52.62711864406779,29.372881355932204],[53.0,29.611111111111114],[54.0,29.136363636363637],[54.75,29.0],[55.63636363636364,28.636363636363633],[56.0,28.0],[56.71428571428571,27.714285714285715],[57.2,27.0],[58.22222222222222,26.22222222222222],[58.65217391304348,25.65217391304348],[60.0,25.0],[60.78947368421053,23.789473684210527],[62.0,22.800000000000004],[62.78947368421052,21.789473684210527],[64.0,21.0],[64.0,20.0],[63.36363636363636,19.636363636363637],[61.0,19.25],[60.875,19.875],[59.98461538461538,20.0],[59.85185185185185,20.85185185185185],[59.0,21.0],[58.0,21.714285714285715],[57.969465648854964,21.96946564885496],[56.982658959537574,21.982658959537574],[56.920634920634924,22.920634920634917],[56.54545454545454,23.545454545454547],[55.77777777777778,24.0],[54.86666666666667,24.866666666666667],[54.0,24.94871794871795],[53.78260869565217,25.782608695652172],[52.88095238095238,26.0],[52.559322033898304,26.559322033898304],[52.0,26.755102040816325],[51.46043165467626,27.460431654676263],[51.0,27.71111111111111],[50.57446808510638,28.574468085106382],[49.515151515151516,29.0],[49.35416666666666,29.354166666666664],[49.0,29.485714285714284],[48.81909547738694,29.819095477386938],[48.21739130434783,30.0],[48.38095238095238,30.619047619047617],[49.0,30.81818181818182],[51.0,30.714285714285715],[51.2,30.200000000000003],[51.142857142857146,30.0],[51.45454545454545,29.454545454545453],[52.0,29.268292682926827],[52.62711864406779,29.372881355932204]]],[[[25.0,26.545454545454547],[25.11453744493392,24.885462555066077],[25.0,24.07142857142857],[24.41269841269841,24.41269841269841],[22.666666666666664,25.0],[23.133333333333333,25.866666666666667],[23.866666666666667,25.866666666666667],[24.586206896551722,26.413793103448274],[25.0,26.545454545454547]]],[[[38.0,30.666666666666668],[38.4,30.400000000000002],[38.5,30.0],[38.15384615384615,29.846153846153847],[37.90909090909091,30.09090909090909],[38.0,30.666666666666668]]],[[[44.11764705882352,30.11764705882353],[43.96153846153847,29.96153846153846],[42.75,30.0],[42.8,30.200000000000003],[43.0,30.333333333333336],[44.0,30.555555555555554],[44.11764705882352,30.11764705882353]]],[[[11.0,32.714285714285715],[11.400000000000002,32.6],[12.0,33.0],[11.666666666666668,32.333333333333336],[11.833333333333334,32.0],[10.88235294117647,30.0],[10.0,29.285714285714285],[8.114285714285714,28.885714285714286],[7.173913043478261,28.826086956521742],[3.9444444444444446,28.944444444444443],[3.764705882352941,29.0],[3.5454545454545454,29.545454545454543],[2.9420289855072466,29.942028985507246],[2.0,30.0],[1.7058823529411764,30.705882352941174],[1.0,31.0],[1.7727272727272727,31.227272727272727],[1.9393939393939394,32.0],[1.9090909090909092,33.0],[2.7142857142857144,34.0],[2.9473684210526314,34.05263157894737],[3.0,34.33333333333333],[3.4444444444444446,35.0],[3.863013698630137,35.13698630136986],[4.0,36.0],[4.666666666666667,35.66666666666667],[5.0,35.66666666666667],[5.333333333333334,35.333333333333336],[6.1515151515151505,35.15151515151515],[7.117647058823529,35.11764705882353],[7.510869565217392,34.51086956521739],[8.0,34.11764705882353],[9.25925925925926,34.25925925925927],[10.0,33.25],[10.266666666666666,33.266666666666666],[11.0,32.714285714285715]]],[[[36.529411764705884,32.470588235294116],[37.0,32.66666666666667],[37.5,32.5],[38.0,32.0],[37.75,31.25],[37.5,31.0],[36.0,30.954545454545457],[35.66666666666667,31.0],[35.30769230769231,31.30769230769231],[35.0,31.25],[34.68421052631579,31.684210526315788],[34.0,31.95],[33.86666666666667,32.86666666666667],[33.45454545454545,33.0],[34.151898734177216,33.151898734177216],[34.96610169491525,33.03389830508475],[35.0,34.4],[35.46153846153847,34.53846153846154],[35.75,35.25],[36.0,35.4],[36.5,35.0],[36.63636363636364,34.63636363636363],[37.0,34.6],[37.333333333333336,34.333333333333336],[37.42857142857143,34.0],[37.35294117647059,33.647058823529406],[37.0,33.400000000000006],[36.0,34.0],[35.5,33.5],[35.25,33.0],[36.0,32.0],[36.529411764705884,32.470588235294116]]],[[[59.5,34.5],[60.333333333333336,34.333333333333336],[61.0,34.0],[60.08,33.92],[60.0,33.666666666666664],[59.0,33.666666666666664],[58.77777777777778,33.77777777777778],[58.666666666666664,34.0],[58.71428571428571,34.285714285714285],[59.0,35.0],[59.5,34.5]]],[[[34.144578313253014,34.855421686746986],[33.142857142857146,35.0],[33.83098591549296,35.16901408450704],[34.66666666666667,35.0],[34.144578313253014,34.855421686746986]]],[[[30.96825396825397,35.96825396825397],[28.994623655913976,35.994623655913976],[28.90909090909091,37.09090909090909],[31.0,37.0],[31.25,36.25],[31.5,36.0],[31.6,35.6],[32.0,35.0],[32.22222222222222,34.22222222222222],[32.083333333333336,33.91666666666667],[30.98507462686567,34.0],[30.96825396825397,35.96825396825397]]],[[[35.75,37.25],[36.333333333333336,37.333333333333336],[36.333333333333336,37.0],[36.0,36.75],[35.5,37.0],[35.75,37.25]]],[[[13.0,48.0],[14.0,47.0],[13.0,46.5],[12.6,46.6],[12.5,47.5],[13.0,48.0]]],[[[48.0,61.0],[49.0,61.0],[49.0,60.0],[48.400000000000006,59.6],[48.0,59.5],[47.71428571428571,59.71428571428571],[47.5,60.5],[47.0,60.66666666666667],[46.0,60.33333333333334],[45.6,60.60000000000001],[45.44444444444444,61.44444444444444],[44.5,62.0],[44.66666666666667,62.333333333333336],[45.0,62.5],[45.4,62.4],[46.0,62.0],[48.0,62.0],[48.0,61.0]]],[[[63.5,67.0],[64.0,67.33333333333333],[65.0,67.0],[65.0,66.0],[64.0,66.0],[63.60000000000001,66.60000000000001],[63.5,67.0]]],[[[50.64285714285714,70.35714285714286],[49.8235294117647,70.17647058823529],[49.421052631578945,69.57894736842104],[49.0,69.42857142857142],[48.45454545454545,69.0],[48.333333333333336,68.66666666666667],[47.75,68.0],[47.46153846153846,66.0],[47.61111111111111,65.61111111111111],[48.6,65.0],[48.5,64.5],[48.0,64.0],[47.0,64.0],[45.57894736842105,64.57894736842104],[45.0,65.5],[44.66666666666667,65.66666666666667],[44.5,66.0],[44.6,67.0],[44.375,68.0],[44.5,68.5],[45.0,69.0],[45.285714285714285,69.71428571428572],[46.25,70.0],[46.5,71.0],[47.0,71.22222222222223],[47.81818181818182,70.81818181818181],[48.5,71.0],[48.77777777777778,71.22222222222221],[50.0,71.60869565217392],[50.5,71.5],[51.17391304347826,71.17391304347827],[51.285714285714285,71.0],[51.2,70.80000000000001],[50.64285714285714,70.35714285714286]]],[[[26.0,69.66666666666667],[25.5,70.0],[25.81818181818182,70.18181818181819],[26.2,70.0],[26.0,69.66666666666667]]],[[[35.75,72.75],[36.0,73.16666666666667],[36.16666666666667,73.16666666666667],[36.25,73.0],[36.285714285714285,72.71428571428571],[36.0,72.0],[35.75,72.75]]],[[[21.064516129032256,73.93548387096774],[19.0,74.0],[21.0,74.33333333333333],[21.064516129032256,73.93548387096774]]],[[[43.0,74.88888888888889],[42.0,75.0],[42.84615384615385,75.15384615384616],[43.5,75.0],[43.0,74.88888888888889]]],[[[62.0,78.5],[63.42857142857143,78.42857142857143],[65.0,78.0],[66.22222222222223,78.22222222222223],[67.0,78.0],[68.55555555555556,78.44444444444444],[70.0,78.5],[70.36363636363636,78.36363636363636],[70.66666666666667,78.0],[70.60000000000001,77.4],[70.33333333333334,76.66666666666667],[69.66666666666667,76.33333333333334],[69.4,76.4],[68.73333333333333,76.26666666666667],[68.0,76.22222222222223],[67.0,76.42857142857142],[65.4,76.4],[65.0,76.5],[64.66666666666667,76.66666666666667],[64.4,77.4],[64.0,77.5],[63.71428571428571,76.71428571428572],[63.71428571428571,76.28571428571428],[63.285714285714285,76.28571428571428],[62.888888888888886,76.11111111111111],[60.16666666666667,76.16666666666667],[59.0,76.33333333333334],[58.0,76.66666666666666],[56.647058823529406,76.6470588235294],[56.0,77.0],[55.66666666666667,77.66666666666667],[55.77777777777778,78.22222222222223],[56.333333333333336,78.66666666666667],[58.75,78.75],[59.5,78.5],[60.0,78.0],[61.0,78.0],[61.57142857142857,78.42857142857143],[62.0,78.5]]],[[[146.25,-89.25],[147.0,-89.0],[148.0,-89.0],[149.0,-89.25],[151.0,-88.8],[152.0,-89.0],[152.0,-90.0],[148.0,-90.0],[139.0,-90.0],[139.5,-89.5],[140.28571428571428,-89.28571428571428],[143.0,-89.25],[145.0,-89.4],[146.25,-89.25]]],[[[175.0,-89.33333333333334],[176.0,-89.5],[178.36363636363635,-89.36363636363636],[179.0,-89.0],[179.88888888888889,-88.88888888888889],[180.0,-88.9],[180.0,-90.0],[152.0,-90.0],[152.5,-89.5],[154.28571428571428,-89.28571428571428],[156.0,-89.25],[157.0,-89.0],[158.0,-89.0],[159.0,-89.25],[160.0,-89.0],[162.0,-89.0],[163.0,-88.75],[164.0,-89.0],[164.75,-88.75],[166.0,-88.66666666666666],[168.0,-89.25],[169.0,-89.0],[171.0,-89.0],[172.0,-89.25],[174.0,-89.4],[175.0,-89.33333333333334]]],[[[69.0,-89.6],[70.0,-89.66666666666667],[73.0,-89.5],[74.0,-89.25],[75.22222222222223,-89.22222222222223],[76.0,-89.0],[76.5,-89.5],[76.5,-90.0],[55.5,-90.0],[55.400000000000006,-89.60000000000001],[54.5,-89.5],[54.75,-88.75],[55.0,-88.5],[56.71428571428571,-89.28571428571428],[60.0,-89.25],[62.0,-89.6],[64.0,-89.66666666666667],[67.0,-89.5],[68.0,-89.83333333333333],[69.0,-89.6]]],[[[77.5,-90.0],[77.53846153846155,-89.53846153846153],[78.0,-89.25],[79.0,-89.0],[79.6,-88.6],[80.0,-88.5],[81.0,-88.66666666666666],[83.0,-88.33333333333334],[84.0,-88.66666666666666],[85.0,-88.5],[87.0,-88.5],[88.0,-88.66666666666666],[90.0,-88.6],[91.25,-88.75],[92.0,-89.25],[92.5,-89.0],[92.66666666666667,-88.66666666666667],[93.0,-88.5],[93.5,-88.5],[94.0,-89.0],[95.0,-89.0],[95.0,-88.0],[97.0,-88.0],[98.0,-87.75],[99.0,-88.0],[100.0,-88.0],[100.5,-88.5],[100.5,-89.0],[100.8,-89.2],[102.0,-89.5],[102.4,-89.4],[103.5,-88.5],[105.0,-88.0],[105.5,-88.5],[106.0,-90.0],[77.5,-90.0]]],[[[116.66666666666667,-89.0],[116.60000000000001,-88.6],[117.0,-88.0],[118.0,-88.0],[118.33333333333334,-88.66666666666667],[118.25,-89.0],[118.625,-89.375],[119.0,-89.5],[119.375,-89.375],[119.75,-89.0],[119.60000000000001,-88.4],[119.0,-88.0],[119.66666666666667,-87.66666666666667],[121.16666666666666,-87.83333333333334],[121.33333333333333,-88.0],[121.4,-89.0],[121.64705882352939,-89.35294117647058],[122.26086956521739,-89.73913043478261],[123.0,-89.8235294117647],[123.66666666666667,-89.66666666666667],[123.875,-89.0],[123.76470588235293,-88.23529411764706],[122.66666666666667,-88.0],[122.8,-87.8],[123.0,-87.66666666666667],[124.55555555555554,-87.55555555555554],[125.0,-87.33333333333334],[125.66666666666669,-88.0],[125.17391304347825,-88.17391304347825],[125.1,-89.0],[125.27272727272727,-89.72727272727272],[126.0,-89.85714285714286],[126.77777777777777,-89.77777777777777],[127.0,-89.5],[127.35294117647058,-89.35294117647058],[127.6,-89.0],[127.55555555555554,-88.55555555555554],[128.0,-88.0],[129.0,-88.0],[129.33333333333334,-88.66666666666667],[129.33333333333334,-89.0],[130.0,-89.4],[131.30769230769232,-89.30769230769232],[131.66666666666669,-89.0],[131.71428571428572,-88.71428571428571],[132.5,-88.5],[133.0,-88.0],[133.28571428571428,-88.71428571428571],[133.8,-89.2],[135.0,-89.25],[135.75,-88.75],[136.28571428571428,-88.71428571428571],[137.66666666666669,-89.33333333333334],[138.5,-89.5],[139.0,-90.0],[107.25,-90.0],[107.4,-89.4],[108.0,-89.0],[109.0,-89.6],[109.4,-89.4],[109.75,-89.0],[109.66666666666669,-88.66666666666667],[110.0,-88.0],[111.0,-88.0],[112.0,-87.8],[115.33333333333334,-87.66666666666667],[116.0,-88.0],[114.55555555555554,-88.55555555555554],[114.33333333333334,-89.0],[115.0,-89.4],[116.30769230769232,-89.30769230769232],[116.66666666666667,-89.0]],[[111.0,-89.0],[111.55555555555554,-89.44444444444444],[112.0,-89.57142857142857],[113.2,-89.2],[113.5,-89.0],[113.33333333333334,-88.66666666666667],[112.7142857142857,-88.28571428571428],[112.0,-88.2],[111.71428571428571,-88.28571428571428],[111.0,-88.0],[111.0,-89.0]]],[[[171.09090909090907,-85.90909090909092],[173.11111111111111,-86.0],[173.3,-86.7],[173.7,-86.7],[174.07058823529414,-86.92941176470589],[175.1818181818182,-87.0],[175.5,-87.5],[176.42857142857144,-88.0],[176.35294117647058,-88.35294117647058],[176.0,-88.6],[175.0,-88.80000000000001],[174.0,-88.6],[173.0,-88.66666666666667],[172.5,-88.5],[172.0,-88.0],[171.0,-88.0],[170.0,-87.6],[166.2,-87.19999999999999],[165.0,-87.25],[164.0,-87.5],[162.0,-87.2],[161.0,-87.25],[160.0,-87.0],[160.0,-85.0],[162.0,-85.0],[163.33333333333334,-84.33333333333334],[163.5,-84.0],[163.8,-83.8],[165.5,-84.0],[165.5,-84.5],[166.0,-84.5],[166.25,-84.75],[167.0,-85.0],[168.0,-84.8],[169.02739726027397,-84.97260273972603],[171.0,-85.0],[171.09090909090907,-85.90909090909092]],[[165.0,-84.5],[164.66666666666669,-84.66666666666667],[164.5,-85.0],[164.66666666666669,-85.33333333333334],[165.0,-85.5],[165.33333333333334,-85.33333333333334],[165.5,-85.0],[165.5,-84.5],[165.0,-84.5]]],[[[145.66666666666669,-81.66666666666667],[146.0,-81.5],[146.4,-81.60000000000001],[146.5,-82.0],[146.33333333333334,-82.33333333333334],[145.75,-82.25],[145.66666666666669,-81.66666666666667]]],[[[48.0,-31.0],[48.11764705882353,-31.88235294117647],[49.0,-32.0],[49.5,-33.0],[50.0,-33.5],[50.333333333333336,-33.66666666666667],[51.0,-33.75],[51.0625,-33.9375],[51.333333333333336,-34.0],[51.53846153846154,-35.46153846153847],[52.18181818181819,-35.81818181818182],[53.0,-36.0],[53.2,-36.8],[54.0,-37.0],[53.22222222222222,-37.22222222222222],[53.0,-37.5],[52.6,-37.6],[52.5,-38.0],[51.55555555555556,-38.55555555555556],[51.25,-39.25],[51.2,-40.0],[51.400000000000006,-40.6],[53.0,-41.0],[53.60000000000001,-40.6],[54.0,-40.0],[54.6,-39.6],[54.75,-39.0],[55.0,-38.75],[55.33333333333334,-38.66666666666667],[56.0,-39.0],[56.5,-38.5],[57.0,-38.5],[57.25,-38.75],[58.0,-39.0],[61.0,-39.0],[61.18181818181819,-39.81818181818181],[63.5,-40.0],[63.66666666666667,-40.333333333333336],[64.0,-40.5],[64.33333333333334,-40.333333333333336],[64.5,-40.0],[67.0,-40.0],[67.0,-41.0],[69.0,-41.0],[69.0,-42.0],[70.0,-42.75],[70.09756097560975,-45.09756097560975],[69.85454545454546,-45.14545454545455],[69.48780487804878,-44.51219512195122],[69.0,-44.285714285714285],[68.53488372093022,-44.53488372093023],[68.0,-45.625],[67.73913043478261,-45.73913043478261],[67.625,-46.0],[68.0,-47.0],[67.21739130434783,-47.21739130434783],[67.07339449541284,-48.07339449541284],[66.73333333333333,-48.266666666666666],[66.29411764705883,-48.294117647058826],[66.3157894736842,-48.68421052631578],[66.0,-50.0],[64.66666666666667,-50.333333333333336],[64.29411764705883,-50.294117647058826],[64.33333333333334,-50.66666666666667],[64.11864406779661,-51.11864406779661],[63.64102564102564,-51.358974358974365],[63.358974358974365,-51.358974358974365],[63.03030303030303,-52.03030303030303],[63.0,-53.04166666666667],[62.5,-53.0],[62.285714285714285,-52.71428571428571],[62.0,-52.66666666666667],[60.2,-53.2],[59.25,-53.25],[59.0,-53.4],[58.66666666666667,-53.333333333333336],[58.18181818181818,-52.81818181818181],[57.0,-52.800000000000004],[56.125,-53.125],[56.0,-53.5],[55.66666666666667,-53.333333333333336],[55.800000000000004,-53.0],[55.275862068965516,-52.724137931034484],[54.74193548387097,-52.74193548387097],[54.333333333333336,-53.0],[54.57894736842105,-53.421052631578945],[55.0,-53.66666666666667],[55.400000000000006,-53.60000000000001],[55.84615384615384,-54.15384615384616],[56.13333333333333,-54.86666666666667],[56.5,-55.0],[57.0952380952381,-55.095238095238095],[58.0,-55.0],[58.57142857142858,-54.57142857142857],[59.0,-54.5],[59.75,-55.0],[59.42857142857144,-55.42857142857143],[58.69230769230769,-55.69230769230769],[58.86666666666667,-57.13333333333333],[60.0,-57.142857142857146],[61.0,-57.800000000000004],[62.0,-57.800000000000004],[63.0,-58.42857142857142],[63.26086956521739,-58.26086956521739],[63.61904761904762,-57.61904761904762],[64.0,-57.33333333333334],[66.0,-57.857142857142854],[68.0,-57.599999999999994],[68.375,-57.375],[68.6,-57.0],[69.39393939393939,-56.39393939393939],[69.73913043478261,-55.73913043478261],[70.30188679245283,-55.30188679245283],[70.62962962962962,-54.629629629629626],[70.75,-54.0],[70.58620689655173,-53.41379310344828],[69.88095238095238,-53.11904761904762],[69.81481481481481,-53.0],[70.0,-52.54545454545455],[70.41379310344828,-52.41379310344828],[71.0,-52.0],[72.0,-50.5],[72.85714285714286,-49.85714285714286],[74.0,-49.55555555555556],[74.32,-49.68],[77.0,-49.833333333333336],[78.0,-49.42857142857143],[79.0,-49.666666666666664],[79.5,-49.5],[80.0,-49.0],[81.0,-50.0],[82.0,-49.833333333333336],[83.0,-50.333333333333336],[84.0,-50.0],[85.0,-50.0],[88.0,-51.0],[89.0,-50.0],[92.10526315789474,-49.10526315789473],[92.25,-49.0],[91.93103448275862,-48.06896551724138],[92.48192771084338,-47.48192771084337],[92.76470588235294,-46.76470588235294],[92.92592592592592,-45.925925925925924],[93.0,-44.0],[93.83333333333334,-42.83333333333333],[93.83333333333334,-42.16666666666667],[94.0,-41.94736842105264],[94.42857142857142,-42.0],[94.68,-42.32],[95.0,-42.36363636363636],[95.15217391304347,-42.847826086956516],[96.0625,-43.0],[96.14285714285714,-43.85714285714286],[96.72727272727272,-43.72727272727273],[97.06315789473685,-43.93684210526316],[97.5,-44.0],[97.625,-44.375],[98.28571428571428,-44.71428571428571],[100.19999999999999,-45.0],[100.4,-45.4],[100.0,-46.0],[100.55555555555554,-45.55555555555556],[101.66666666666669,-46.0],[101.5,-46.5],[101.0,-46.66666666666667],[100.60000000000001,-46.6],[100.0,-47.0],[100.33333333333334,-47.66666666666667],[100.5,-48.5],[101.0,-49.0],[101.0,-50.0],[102.33333333333334,-50.333333333333336],[103.0,-50.0],[103.0,-51.0],[106.0,-51.0],[106.60000000000001,-50.60000000000001],[107.0,-50.5],[107.4,-50.60000000000001],[108.0,-51.0],[109.0,-51.0],[109.60000000000001,-50.60000000000001],[111.0,-50.5],[111.33333333333334,-50.333333333333336],[111.66666666666667,-49.66666666666667],[112.0,-49.5],[113.5,-49.5],[114.0,-50.0],[114.0,-48.0],[115.0,-47.0],[115.5,-47.5],[116.0,-47.66666666666667],[117.0,-47.66666666666667],[118.0,-47.5],[118.4,-47.6],[119.0,-49.0],[120.0,-49.0],[120.0,-50.0],[121.0,-50.0],[121.60000000000001,-49.6],[122.5,-49.5],[123.0,-49.0],[122.6,-48.400000000000006],[121.75,-48.25],[121.5,-48.0],[121.71428571428572,-47.71428571428571],[122.0,-47.66666666666667],[122.33333333333334,-47.333333333333336],[122.33333333333334,-47.0],[122.66666666666667,-46.66666666666667],[123.0,-46.6],[123.09523809523809,-46.904761904761905],[124.0,-47.0],[124.13793103448276,-47.862068965517246],[124.81818181818181,-47.81818181818182],[125.06,-47.940000000000005],[126.18181818181817,-48.0],[126.51351351351353,-48.48648648648649],[127.0,-48.64285714285714],[127.17241379310344,-48.827586206896555],[128.0,-48.925],[128.08955223880596,-49.089552238805965],[128.0,-49.2],[126.75,-49.75],[126.36363636363636,-50.36363636363636],[125.57142857142858,-50.57142857142858],[125.0,-52.0],[125.0,-54.0],[124.0,-54.0],[124.0,-55.0],[123.0,-55.0],[122.26086956521739,-55.26086956521739],[122.0625,-56.0],[122.26086956521739,-56.73913043478261],[123.0,-57.0],[123.0,-58.0],[124.0,-58.0],[124.60000000000001,-58.400000000000006],[124.8095238095238,-59.19047619047619],[125.0,-59.4],[126.0,-59.5],[126.30769230769232,-59.69230769230769],[126.33333333333334,-60.0],[126.69230769230771,-60.30769230769231],[127.4,-60.400000000000006],[127.75,-60.25],[128.4,-60.60000000000001],[128.5,-61.0],[129.4,-61.6],[129.73333333333332,-62.266666666666666],[130.35294117647058,-62.647058823529406],[130.7,-63.300000000000004],[131.0,-63.42857142857143],[132.0,-63.33333333333334],[132.44444444444443,-63.55555555555556],[132.66666666666669,-64.0],[133.0,-64.25],[133.8,-64.2],[134.60000000000002,-64.4],[135.0,-65.0],[136.0,-65.75],[137.0,-65.25],[139.0,-65.75],[139.0506329113924,-65.94936708860759],[139.26666666666665,-66.0],[139.44444444444446,-66.55555555555556],[140.125,-67.0],[140.5,-67.5],[141.0,-67.875],[142.0,-68.0],[142.44444444444443,-68.55555555555556],[143.33333333333334,-69.0],[143.84615384615384,-70.15384615384616],[144.39999999999998,-71.0],[144.33333333333334,-72.0],[144.0,-72.16666666666666],[143.60000000000002,-72.6],[143.36363636363637,-73.36363636363636],[142.83333333333334,-73.83333333333333],[142.11764705882354,-74.11764705882354],[141.0909090909091,-75.0],[140.16,-75.16],[139.48,-75.48],[139.0769230769231,-76.0],[138.06451612903226,-76.06451612903226],[138.13513513513513,-76.86486486486487],[138.0,-78.0],[138.0,-80.0],[139.0,-81.0],[140.0,-80.0],[141.0,-80.0],[141.0,-81.0],[140.60000000000002,-81.60000000000001],[140.5,-82.0],[141.0,-82.33333333333334],[141.33333333333334,-82.33333333333334],[142.0,-82.0],[142.0,-81.0],[143.0,-81.0],[143.4,-81.60000000000001],[143.33333333333334,-82.33333333333334],[143.0,-83.0],[144.5,-83.5],[145.0,-84.0],[145.66666666666669,-83.66666666666667],[146.33333333333334,-83.66666666666667],[146.5,-84.0],[146.5,-84.5],[146.0,-85.0],[148.0,-85.0],[149.0,-84.66666666666667],[150.0,-85.0],[151.0,-85.0],[152.0,-85.5],[154.5,-85.5],[155.0,-86.0],[155.0,-87.0],[154.0,-87.2],[151.83333333333334,-87.16666666666667],[151.0,-87.0],[150.4,-86.60000000000001],[149.0,-86.16666666666667],[146.8,-86.2],[146.0,-86.0],[145.0,-86.5],[144.0,-86.5],[143.0,-86.33333333333333],[138.0,-86.25],[137.5,-86.0],[137.28571428571428,-85.71428571428571],[136.0,-85.5],[135.0,-85.5],[134.0,-85.66666666666667],[127.0,-85.5],[125.0,-85.0],[124.0,-85.0],[123.28571428571428,-84.71428571428571],[121.60000000000001,-84.4],[118.92592592592592,-84.07407407407408],[118.42857142857144,-83.57142857142858],[118.0,-83.4],[117.0,-83.28571428571428],[116.0,-83.0],[115.5,-82.5],[115.16666666666666,-81.83333333333334],[114.0,-81.5],[113.0,-81.83333333333334],[112.0,-82.0],[113.0,-83.0],[113.0,-84.0],[112.0,-84.0],[111.5,-84.5],[111.0,-84.75],[109.0,-84.54545454545453],[108.0,-84.14285714285715],[106.92592592592592,-83.92592592592592],[105.0,-84.0],[101.0,-83.72727272727272],[97.27272727272727,-83.72727272727272],[93.75,-83.25],[93.0,-83.0],[93.0,-82.0],[93.66666666666667,-82.33333333333334],[95.13333333333333,-82.13333333333333],[95.78947368421052,-82.21052631578948],[96.125,-82.125],[96.61538461538461,-81.61538461538461],[97.23076923076923,-81.23076923076923],[101.33333333333334,-81.0],[101.0,-80.0],[103.0,-79.25],[104.22222222222223,-79.22222222222223],[105.0,-79.0],[103.0,-78.9090909090909],[99.92,-78.08],[99.0,-78.0],[97.0,-78.3076923076923],[96.0,-78.33333333333334],[94.0,-78.2],[90.0,-77.4375],[89.0,-77.91666666666667],[86.89473684210526,-77.89473684210526],[86.0,-78.0],[84.0,-78.53846153846153],[83.0,-78.66666666666667],[82.44444444444444,-78.55555555555554],[82.0,-77.93333333333334],[81.75,-78.0],[81.46153846153847,-78.46153846153847],[81.0,-78.75],[80.71428571428572,-78.71428571428571],[80.75,-79.0],[80.26086956521739,-79.26086956521739],[78.69230769230771,-79.30769230769232],[78.2,-79.0],[78.2,-78.8],[77.15384615384616,-78.84615384615385],[75.42105263157895,-79.42105263157895],[74.0,-79.66666666666667],[73.0,-79.5],[72.6,-79.6],[72.5,-80.0],[72.63636363636363,-80.36363636363636],[74.25,-80.75],[77.26666666666668,-80.73333333333332],[78.0,-80.83333333333333],[78.76470588235293,-81.23529411764706],[79.66666666666667,-81.33333333333334],[80.28571428571428,-81.28571428571428],[82.0,-80.83333333333333],[84.0,-80.625],[86.85714285714286,-80.85714285714286],[89.0,-80.5],[89.33333333333334,-80.66666666666667],[90.25,-80.75],[90.8,-81.0],[90.60000000000001,-81.60000000000001],[89.15384615384616,-82.15384615384616],[88.0,-83.0],[86.28571428571428,-83.28571428571428],[81.9047619047619,-83.09523809523809],[80.25,-83.25],[78.60000000000001,-83.6],[75.0,-83.6],[74.0,-83.83333333333333],[73.0,-83.80000000000001],[72.0,-84.0],[71.0,-83.85714285714286],[70.0,-84.5],[69.0,-84.5],[68.66666666666667,-84.66666666666667],[68.66666666666667,-85.0],[68.29629629629629,-85.29629629629629],[68.0,-85.36363636363637],[66.6470588235294,-85.35294117647058],[65.5,-85.0],[65.66666666666667,-84.66666666666667],[67.0,-84.0],[66.28571428571428,-83.71428571428571],[65.0,-83.5],[62.0,-84.0],[60.00000000000001,-83.66666666666667],[59.00000000000001,-83.85714285714286],[56.0,-83.42857142857142],[55.0,-83.5],[53.0,-83.375],[52.0,-83.5],[51.6,-83.4],[51.142857142857146,-83.00000000000001],[51.00000000000001,-82.66666666666667],[50.0,-82.0],[49.400000000000006,-82.4],[49.25,-83.0],[49.1,-83.1],[48.36363636363636,-83.36363636363636],[47.55555555555556,-83.44444444444443],[42.0,-83.3076923076923],[41.0,-83.4375],[38.0,-83.4],[37.0,-83.11111111111111],[35.0,-83.0],[34.0,-83.44444444444444],[33.0,-83.4],[31.0,-83.65217391304347],[29.547169811320753,-83.45283018867924],[28.0,-82.8125],[25.8,-83.19999999999999],[25.04,-82.96],[24.0,-82.23076923076923],[22.75,-82.75],[19.0,-82.6923076923077],[16.0,-83.14285714285714],[15.5,-83.0],[12.764705882352942,-82.76470588235294],[12.153846153846153,-82.84615384615384],[11.75,-82.75],[11.0,-83.0],[11.0,-82.0],[10.11111111111111,-81.88888888888889],[10.0,-81.66666666666667],[9.555555555555555,-81.44444444444444],[9.5,-81.0],[9.0,-80.6],[8.0,-80.33333333333333],[7.666666666666666,-80.0],[7.0,-79.77777777777777],[5.32,-79.68],[4.0,-79.44444444444446],[0.7931034482758621,-78.20689655172413],[-0.4,-77.4],[-1.380952380952381,-77.38095238095238],[-1.8,-77.0],[-1.7777777777777777,-76.77777777777777],[-2.0,-76.5],[-3.0,-76.5],[-3.75,-76.0],[-3.0,-75.66666666666667],[-1.92,-75.92],[0.0,-76.0],[0.6666666666666667,-76.33333333333334],[7.000000000000001,-76.2],[9.0,-76.0],[10.84,-76.16],[13.0,-76.64285714285714],[15.363636363636363,-76.63636363636364],[17.75,-77.25],[21.0,-77.5],[21.363636363636363,-77.63636363636364],[21.666666666666668,-78.0],[23.0,-78.33333333333334],[24.0,-78.25],[25.0,-78.42857142857142],[25.444444444444443,-78.55555555555554],[26.0,-79.0],[27.0,-79.0],[28.0,-78.75],[33.0,-79.1111111111111],[34.0,-79.0],[37.0,-79.33333333333334],[38.5,-79.0],[38.55555555555556,-78.55555555555554],[39.0,-78.0],[40.5,-77.5],[40.75,-77.0],[40.4,-76.60000000000001],[40.0,-76.4],[38.75,-76.25],[37.0,-75.5],[36.6,-75.60000000000001],[36.0,-76.0],[35.0,-76.0],[35.0,-75.0],[32.9,-74.89999999999999],[32.0,-75.0],[31.285714285714285,-74.71428571428571],[30.0,-74.0],[30.0,-73.0],[28.0,-72.66666666666667],[27.0,-72.84615384615384],[25.166666666666664,-72.83333333333333],[24.53846153846154,-72.46153846153845],[24.4,-72.0],[24.07142857142857,-71.92857142857143],[22.046511627906977,-71.95348837209303],[20.31818181818182,-71.68181818181819],[18.0,-71.8235294117647],[17.291666666666664,-71.70833333333333],[17.0,-71.41666666666667],[16.63157894736842,-71.63157894736842],[16.0,-71.71428571428572],[15.333333333333334,-71.66666666666667],[15.0,-71.5],[13.0,-71.6470588235294],[12.4,-71.60000000000001],[12.0,-71.42857142857143],[9.0,-71.58333333333333],[8.0,-71.5],[7.0,-71.0],[5.0,-70.79166666666666],[4.0,-70.83870967741936],[1.0,-70.32352941176471],[0.6206896551724138,-70.37931034482759],[0.0,-69.78260869565219],[-1.0,-70.0],[-1.5849056603773586,-69.58490566037736],[-3.212121212121212,-69.21212121212122],[-3.5384615384615383,-69.0],[-3.6363636363636362,-68.63636363636364],[-4.0,-68.57142857142857],[-5.767441860465116,-69.23255813953489],[-6.2439024390243905,-69.2439024390244],[-7.357142857142858,-68.35714285714286],[-8.6,-68.0],[-7.416666666666666,-67.58333333333333],[-7.071428571428571,-67.0],[-7.3,-66.0],[-7.0,-65.78571428571428],[-6.0,-65.77777777777777],[-5.428571428571428,-66.0],[-5.5,-67.0],[-5.0,-67.0909090909091],[-3.6521739130434785,-67.65217391304347],[-2.368421052631579,-68.36842105263159],[-2.0,-68.41176470588235],[-1.6744186046511629,-68.32558139534885],[-1.0,-67.75],[0.0,-68.0],[1.0,-67.58333333333334],[3.0000000000000004,-66.2],[5.173913043478262,-66.17391304347825],[6.571428571428572,-65.57142857142857],[7.0,-65.25],[7.5,-65.5],[8.0,-66.0],[8.75,-65.75],[10.266666666666666,-65.73333333333333],[11.0,-66.0],[9.8,-66.8],[9.75,-67.0],[11.0,-67.66666666666666],[11.400000000000002,-67.4],[12.75,-67.25],[13.444444444444445,-67.55555555555556],[14.0,-68.0],[15.0,-68.0],[15.714285714285712,-67.71428571428571],[16.285714285714285,-67.28571428571428],[16.285714285714285,-66.71428571428571],[16.0,-66.0],[15.0,-66.0],[14.600000000000001,-65.4],[13.0,-65.0],[13.714285714285714,-64.71428571428571],[14.0,-64.5],[14.166666666666666,-64.16666666666667],[14.000000000000002,-63.800000000000004],[13.0,-63.0],[12.399999999999999,-64.0],[12.4,-64.4],[11.714285714285714,-64.71428571428571],[9.0,-64.33333333333333],[8.0,-64.81818181818181],[7.0,-64.83333333333334],[6.6000000000000005,-64.4],[6.444444444444445,-64.0],[6.696969696969697,-63.696969696969695],[7.333333333333334,-63.333333333333336],[7.5,-63.0],[7.482758620689656,-62.51724137931035],[7.0,-62.36363636363636],[5.565217391304348,-62.434782608695656],[5.285714285714286,-62.285714285714285],[5.0,-62.33333333333333],[4.5,-63.0],[4.0,-63.333333333333336],[3.0,-63.0],[1.8181818181818181,-63.18181818181819],[1.3703703703703705,-63.37037037037037],[0.0,-63.4],[-1.5,-64.0],[-2.0,-64.1],[-2.333333333333333,-64.0],[-2.6363636363636367,-63.63636363636363],[-2.75,-63.0],[-2.3870967741935485,-62.61290322580645],[-1.2,-62.0],[-0.6666666666666667,-61.0],[0.17391304347826086,-60.826086956521735],[0.7142857142857142,-61.28571428571428],[2.0,-61.75],[3.0,-61.57142857142857],[4.0,-61.0],[3.625,-60.0],[2.75,-59.25],[2.3529411764705883,-58.647058823529406],[2.125,-58.0],[2.6363636363636367,-56.63636363636364],[3.6666666666666665,-56.0],[3.0000000000000004,-55.800000000000004],[2.0,-55.94117647058823],[1.1379310344827587,-55.86206896551724],[0.5555555555555556,-55.55555555555555],[0.4,-55.60000000000001],[0.47058823529411764,-55.470588235294116],[0.3333333333333333,-55.0],[0.0,-54.333333333333336],[-0.2285714285714286,-54.77142857142857],[-0.8,-55.0],[-0.25,-56.0],[-0.7,-56.3],[-1.0,-56.375],[-1.7142857142857142,-55.71428571428571],[-3.0,-56.0],[-4.0,-56.5],[-4.230769230769231,-56.0],[-3.50561797752809,-55.49438202247191],[-3.5,-54.0],[-3.0,-53.45],[-0.7777777777777778,-53.22222222222222],[0.5111111111111111,-52.511111111111106],[2.178571428571429,-52.17857142857143],[2.5,-52.0],[2.6296296296296293,-51.629629629629626],[3.0,-51.375],[3.1818181818181817,-51.81818181818182],[4.0,-51.84905660377358],[6.418181818181818,-51.41818181818182],[7.0,-51.1],[8.0,-50.934782608695656],[9.0,-51.05882352941177],[9.566265060240964,-51.433734939759034],[10.0,-51.5625],[11.0,-51.4],[14.0,-51.88095238095238],[16.0,-51.77272727272727],[16.384615384615387,-52.0],[16.561643835616437,-52.43835616438356],[17.799999999999997,-52.8],[18.23076923076923,-52.769230769230774],[18.2,-53.0],[18.661971830985916,-53.33802816901408],[20.244897959183675,-53.755102040816325],[20.75,-54.0],[21.333333333333336,-54.00000000000001],[21.52941176470588,-53.529411764705884],[21.57142857142857,-53.0],[21.413793103448274,-52.58620689655173],[20.707317073170735,-52.29268292682927],[20.0,-52.26086956521739],[19.0,-52.42857142857143],[18.64,-52.36],[18.41176470588235,-51.588235294117645],[17.811764705882354,-51.188235294117646],[17.794871794871796,-51.0],[18.513513513513512,-50.513513513513516],[18.79874213836478,-49.79874213836478],[19.0,-49.69230769230769],[21.253164556962027,-49.253164556962034],[21.588235294117645,-49.0],[21.298507462686565,-48.70149253731343],[19.285714285714285,-48.0],[19.258064516129032,-47.74193548387097],[18.833333333333332,-47.16666666666667],[18.166666666666668,-47.16666666666667],[17.849999999999998,-47.0],[17.857142857142858,-46.142857142857146],[18.0,-45.625],[18.416666666666668,-45.41666666666667],[18.625,-45.0],[18.733333333333334,-43.733333333333334],[18.612903225806452,-43.38709677419355],[18.652173913043477,-42.0],[18.970149253731343,-39.97014925373134],[19.5625,-39.5625],[19.939393939393938,-38.93939393939394],[20.6,-38.6],[21.647058823529413,-37.64705882352941],[22.0,-36.0],[21.954545454545453,-35.0],[22.2,-35.0],[22.6,-35.400000000000006],[23.999999999999996,-35.18181818181818],[26.0,-35.76923076923077],[27.0,-35.58333333333333],[28.0,-34.904761904761905],[28.941176470588232,-35.05882352941177],[30.0,-35.0],[31.000000000000004,-35.1],[32.0,-35.66666666666667],[32.5,-35.5],[32.85714285714286,-35.0],[33.0,-34.5],[33.5,-34.0],[33.84615384615385,-33.84615384615385],[33.84615384615385,-33.15384615384615],[34.0,-32.83333333333333],[36.0,-32.5],[36.5,-32.0],[36.5,-31.0],[37.0,-30.0],[37.5,-30.5],[37.5,-31.0],[37.71428571428571,-31.285714285714285],[38.0,-31.333333333333336],[39.0,-31.0],[38.95652173913044,-29.0],[41.18181818181818,-29.0],[41.5,-29.5],[42.14545454545454,-29.854545454545455],[45.125,-30.0],[45.4,-30.6],[46.1,-30.9],[48.0,-31.0]],[[114.0,-52.0],[114.5,-52.5],[114.4,-53.400000000000006],[114.0,-54.0],[113.0,-54.0],[112.6,-54.6],[112.0,-55.0],[112.0,-57.0],[113.0,-57.0],[113.7142857142857,-57.28571428571428],[114.0,-58.0],[114.66666666666667,-58.33333333333334],[115.33333333333334,-58.33333333333334],[116.0,-58.0],[117.0,-57.0],[118.0,-56.66666666666667],[118.33333333333334,-56.333333333333336],[118.60000000000001,-55.60000000000001],[119.0,-55.0],[119.0,-54.0],[119.4,-53.400000000000006],[120.0,-53.0],[120.0,-52.0],[119.0,-52.0],[118.0,-51.0],[115.0,-51.0],[115.0,-50.0],[114.0,-50.0],[114.0,-52.0]],[[106.0,-79.25],[106.33333333333334,-79.0],[105.99999999999999,-78.88888888888889],[105.0,-79.0],[106.0,-79.25]],[[50.5,-81.5],[51.18181818181818,-81.18181818181819],[52.0,-81.0],[50.60000000000001,-80.4],[50.0,-80.0],[49.400000000000006,-80.4],[48.60000000000001,-80.60000000000001],[48.0,-81.0],[48.60000000000001,-81.4],[49.400000000000006,-81.60000000000001],[50.0,-82.0],[50.5,-81.5]],[[9.333333333333334,-60.66666666666667],[9.0,-60.333333333333336],[8.733333333333334,-60.266666666666666],[8.0,-58.5],[7.5,-59.0],[7.153846153846153,-60.15384615384616],[6.444444444444445,-60.444444444444436],[5.565217391304348,-60.56521739130435],[5.0,-61.0],[5.523809523809524,-61.476190476190474],[7.363636363636364,-61.63636363636363],[7.571428571428571,-61.99999999999999],[7.538461538461538,-62.46153846153846],[8.0,-62.3],[8.4375,-62.5625],[8.75,-63.25],[9.0,-63.5],[9.666666666666666,-63.0],[10.222222222222221,-61.22222222222223],[10.064516129032258,-60.935483870967744],[9.333333333333334,-60.66666666666667]],[[42.25,-65.0],[41.0,-65.0],[41.93939393939394,-65.06060606060606],[42.25,-65.0]],[[43.39344262295082,-62.393442622950815],[43.0,-62.57142857142857],[42.0,-62.565217391304344],[41.230769230769226,-63.0],[41.64912280701754,-63.35087719298245],[42.0,-63.434782608695656],[43.46153846153846,-63.46153846153847],[44.8,-62.8],[44.91304347826087,-61.913043478260875],[46.0,-62.125],[47.4375,-61.4375],[49.0,-61.0],[47.99999999999999,-60.699999999999996],[47.22222222222222,-60.0],[47.470588235294116,-59.470588235294116],[48.44444444444444,-58.44444444444444],[49.0,-57.33333333333334],[49.36363636363636,-57.63636363636364],[49.2,-58.0],[49.421052631578945,-58.578947368421055],[49.92592592592593,-59.074074074074076],[51.0,-59.0],[51.18181818181818,-58.18181818181818],[51.0,-57.85714285714286],[50.484848484848484,-57.515151515151516],[50.0,-57.333333333333336],[49.57894736842105,-57.421052631578945],[49.1,-56.9],[48.44444444444444,-56.55555555555556],[47.0,-56.46153846153847],[46.62162162162163,-56.62162162162162],[46.44,-57.0],[46.375,-58.0],[46.69230769230769,-59.0],[46.66666666666667,-59.66666666666667],[46.33333333333333,-60.0],[45.32142857142857,-60.32142857142857],[44.63265306122449,-60.36734693877551],[44.24,-60.24],[43.63636363636364,-60.63636363636364],[43.39344262295082,-62.393442622950815]],[[60.60000000000001,-43.400000000000006],[60.0,-43.0],[60.0,-44.0],[61.0,-44.66666666666667],[61.400000000000006,-44.400000000000006],[61.666666666666664,-44.0],[61.44444444444444,-43.55555555555555],[61.0,-43.33333333333333],[60.60000000000001,-43.400000000000006]],[[56.55555555555556,-44.444444444444436],[58.0,-44.5],[59.0,-44.0],[58.33333333333334,-43.66666666666667],[57.0,-43.5],[56.55555555555556,-43.55555555555555],[56.0,-44.0],[56.55555555555556,-44.444444444444436]],[[54.6,-57.0],[54.76470588235294,-57.23529411764706],[55.36363636363637,-57.36363636363637],[55.57142857142857,-57.0],[55.0,-56.42857142857143],[54.63636363636364,-56.63636363636364],[54.6,-57.0]],[[55.81818181818181,-58.18181818181818],[56.0,-58.333333333333336],[56.22222222222222,-58.0],[56.17391304347826,-57.82608695652174],[56.0,-57.599999999999994],[55.71428571428571,-57.71428571428571],[55.81818181818181,-58.18181818181818]],[[60.0,-76.5],[60.333333333333336,-76.66666666666667],[60.5,-77.0],[61.0,-77.33333333333334],[62.0,-77.5],[62.5,-77.0],[61.66666666666667,-76.33333333333334],[61.5,-76.0],[61.11764705882353,-75.88235294117646],[59.75,-76.0],[60.0,-76.5]],[[61.25,-64.0],[60.882352941176464,-63.88235294117647],[60.800000000000004,-64.2],[61.0,-64.4],[61.25,-64.0]],[[63.400000000000006,-72.4],[63.0,-73.0],[62.875,-74.125],[63.400000000000006,-74.4],[64.0,-74.0],[63.60000000000001,-74.6],[63.85714285714286,-75.14285714285714],[64.14285714285714,-75.14285714285714],[64.55555555555554,-74.55555555555554],[65.0,-74.5],[66.36363636363637,-73.36363636363636],[67.13333333333334,-73.13333333333334],[68.0,-72.66666666666667],[68.8,-72.0],[68.4,-71.0],[68.46666666666667,-70.0],[68.56756756756758,-69.56756756756758],[69.14285714285714,-69.0],[69.0,-68.80000000000001],[68.38461538461539,-68.61538461538461],[67.0,-68.72727272727272],[65.0,-67.69999999999999],[64.68421052631578,-67.68421052631578],[64.0,-68.0],[64.14285714285714,-69.0],[64.53846153846155,-69.46153846153847],[65.0,-69.6],[66.0,-69.5],[66.32432432432432,-69.67567567567568],[66.375,-70.0],[66.25531914893617,-70.25531914893617],[66.0,-70.4],[65.0,-70.44444444444444],[64.58333333333333,-70.58333333333333],[64.25,-71.25],[63.5,-72.0],[63.400000000000006,-72.4]],[[65.15384615384616,-63.0],[64.91836734693878,-62.91836734693877],[64.89473684210526,-63.10526315789474],[65.0,-63.25],[65.15384615384616,-63.0]],[[70.80000000000001,-74.8],[70.66666666666667,-75.0],[70.77777777777777,-75.22222222222223],[71.0,-75.4],[71.4,-75.4],[71.4,-75.0],[71.2,-74.8],[70.80000000000001,-74.8]],[[71.91304347826087,-67.91304347826086],[72.0,-68.14285714285715],[74.25,-68.25],[74.66666666666667,-68.0],[74.17391304347825,-67.82608695652173],[72.76470588235294,-67.76470588235294],[72.15384615384616,-67.84615384615384],[72.0,-67.75],[71.91304347826087,-67.91304347826086]],[[75.0,-75.66666666666667],[75.27586206896552,-75.27586206896552],[75.34782608695653,-74.65217391304347],[75.0,-74.2],[74.4,-74.4],[74.2,-75.0],[74.33333333333334,-75.33333333333334],[73.75,-75.75],[73.0,-75.83333333333334],[71.60000000000001,-75.60000000000001],[71.6,-76.0],[72.0,-76.10526315789474],[74.11111111111111,-76.11111111111111],[74.33333333333334,-76.0],[74.6,-75.60000000000001],[75.0,-75.66666666666667]],[[77.0,-74.0],[76.0,-73.75],[75.5,-74.0],[75.81818181818181,-74.18181818181819],[77.0,-74.0]],[[79.28571428571428,-68.28571428571428],[79.5,-68.0],[78.66666666666667,-67.66666666666667],[78.33333333333334,-67.66666666666667],[78.0,-67.0],[77.8,-67.8],[77.90476190476191,-68.0952380952381],[78.85714285714286,-68.14285714285714],[79.28571428571428,-68.28571428571428]],[[84.76470588235294,-75.23529411764706],[85.0,-75.66666666666667],[86.375,-75.375],[87.0,-75.0],[87.6,-75.4],[88.47619047619047,-75.52380952380952],[89.0,-75.75],[89.4,-75.60000000000001],[90.0,-76.0],[89.60000000000001,-75.4],[89.75,-75.0],[89.4,-74.6],[89.0,-74.4],[88.8,-74.0],[89.0,-73.5],[90.0,-73.0],[88.84615384615384,-72.15384615384616],[88.28571428571428,-72.28571428571428],[87.0,-72.28571428571429],[86.2,-72.0],[85.63636363636364,-71.36363636363636],[85.4,-70.60000000000001],[84.0,-70.33333333333333],[83.66666666666667,-70.0],[83.66666666666667,-69.0],[83.4,-68.60000000000001],[83.0,-68.33333333333333],[82.0,-68.0],[81.42857142857143,-68.42857142857143],[81.0,-68.6],[80.60000000000001,-68.60000000000001],[80.0,-69.0],[80.4,-69.6],[80.5,-71.0],[81.0,-71.8],[81.63636363636364,-72.36363636363636],[83.4,-72.6],[84.15384615384616,-72.84615384615385],[84.38095238095238,-73.61904761904762],[84.33333333333334,-75.0],[84.76470588235294,-75.23529411764706]],[[95.0,-71.0],[93.875,-70.875],[93.66666666666667,-71.0],[94.28571428571428,-71.28571428571428],[95.0,-71.0]],[[101.5,-69.0],[102.00000000000001,-69.2],[102.5,-69.0],[102.66666666666667,-68.66666666666667],[103.4,-68.4],[105.00000000000001,-68.33333333333334],[106.0,-68.66666666666667],[106.5,-68.5],[107.0,-68.0],[107.0,-66.0],[106.0,-66.0],[105.0,-67.0],[104.0,-66.0],[103.4,-66.4],[102.0,-66.5],[101.60000000000001,-66.60000000000001],[101.0,-67.0],[100.4,-66.60000000000001],[100.0,-66.5],[99.5,-67.0],[99.66666666666667,-68.0],[99.60000000000001,-68.4],[100.0,-69.0],[101.0,-68.0],[101.4,-68.60000000000001],[101.5,-69.0]],[[110.0,-69.0],[110.66666666666667,-69.33333333333334],[111.00000000000001,-69.33333333333334],[112.0,-69.0],[111.66666666666667,-68.33333333333334],[111.66666666666666,-68.0],[111.4,-67.6],[111.0,-67.5],[110.63636363636363,-67.63636363636364],[110.33333333333334,-68.0],[110.33333333333334,-68.33333333333334],[110.0,-69.0]],[[116.0,-70.0],[116.0,-71.0],[117.0,-71.0],[117.0,-70.0],[116.0,-70.0]],[[124.0,-50.5],[124.5,-50.0],[124.19999999999999,-49.8],[123.71428571428571,-49.71428571428571],[123.5,-50.0],[124.0,-50.5]],[[136.36363636363637,-76.36363636363637],[136.28571428571428,-76.71428571428572],[137.0,-77.25],[137.1818181818182,-77.18181818181819],[137.16666666666669,-77.0],[137.67741935483872,-76.6774193548387],[137.89473684210526,-76.0],[137.47222222222223,-75.52777777777779],[137.0,-75.37037037037037],[136.56962025316457,-75.56962025316457],[136.2608695652174,-76.0],[136.36363636363637,-76.36363636363637]],[[138.6875,-68.0],[139.0,-68.25],[139.5,-68.0],[139.4,-67.6],[139.0,-67.44444444444444],[138.71428571428572,-67.71428571428571],[138.6875,-68.0]],[[17.75,-60.0],[17.333333333333336,-59.66666666666667],[16.53846153846154,-59.46153846153847],[16.11764705882353,-58.88235294117647],[15.935483870967742,-58.935483870967744],[15.846153846153847,-59.15384615384616],[16.0,-60.0],[17.0,-60.375],[17.75,-60.0]],[[15.153846153846153,-59.846153846153854],[14.75,-60.0],[15.0,-60.142857142857146],[16.0,-60.0],[15.153846153846153,-59.846153846153854]],[[18.545454545454543,-67.45454545454545],[18.083333333333332,-66.91666666666667],[17.846153846153847,-66.84615384615385],[17.4,-67.4],[17.2,-68.0],[18.0,-68.4],[19.0,-68.28571428571428],[19.5,-68.5],[20.0,-69.0],[20.375,-68.0],[20.0,-67.78571428571429],[19.0,-67.71428571428571],[18.545454545454543,-67.45454545454545]],[[20.916666666666664,-43.083333333333336],[21.0,-43.142857142857146],[21.0625,-43.0],[20.916666666666664,-43.083333333333336]],[[25.0,-51.45454545454545],[25.3125,-51.3125],[25.454545454545453,-51.0],[24.82142857142857,-50.82142857142857],[24.5,-51.0],[25.0,-51.45454545454545]],[[34.75,-50.0],[34.0,-49.625],[32.66666666666667,-50.0],[33.0,-50.25],[33.18181818181818,-50.18181818181818],[33.68421052631579,-50.315789473684205],[34.25,-50.25],[34.75,-50.0]],[[45.00000000000001,-74.85714285714286],[42.87096774193548,-74.87096774193549],[42.0,-75.14285714285714],[41.5,-75.5],[41.333333333333336,-76.0],[41.53846153846154,-76.46153846153845],[42.36363636363636,-76.63636363636364],[43.60000000000001,-76.60000000000001],[45.0,-76.25],[45.15384615384615,-76.15384615384616],[45.333333333333336,-75.66666666666667],[45.333333333333336,-75.33333333333334],[46.0,-75.0],[45.00000000000001,-74.85714285714286]],[[44.75,-65.0],[45.09090909090909,-65.0909090909091],[45.0,-64.8],[44.75,-65.0]],[[50.66666666666667,-76.0],[50.8,-76.2],[52.0,-76.2],[52.125,-76.0],[51.0,-75.92307692307693],[50.66666666666667,-76.0]],[[53.25,-60.0],[52.77777777777778,-59.77777777777778],[52.66666666666667,-60.00000000000001],[53.0,-60.142857142857146],[53.25,-60.0]],[[56.00000000000001,-59.8],[55.86666666666667,-59.86666666666667],[55.90909090909091,-60.09090909090909],[56.06896551724138,-60.06896551724138],[56.00000000000001,-59.8]],[[64.33333333333334,-82.33333333333334],[65.0,-82.0],[64.25,-81.75],[63.00000000000001,-81.66666666666667],[62.0,-81.66666666666667],[61.5,-82.0],[64.33333333333334,-82.33333333333334]],[[74.0,-77.69999999999999],[73.0,-77.61111111111111],[71.33333333333333,-78.0],[71.2,-78.2],[71.0,-78.16666666666666],[70.0,-79.0],[70.52380952380952,-79.47619047619047],[71.0,-79.625],[71.5,-79.5],[72.0,-79.0],[72.73333333333333,-78.73333333333333],[73.0,-78.77777777777777],[73.60000000000001,-78.60000000000001],[74.28571428571428,-78.28571428571428],[74.42857142857142,-78.0],[74.0,-77.69999999999999]],[[79.0,-75.41666666666666],[76.66666666666667,-76.0],[79.21212121212122,-76.21212121212122],[79.58333333333334,-76.0],[79.0,-75.41666666666666]],[[96.0,-75.75],[95.0,-76.0],[96.05882352941177,-76.05882352941177],[97.0,-76.0],[96.0,-75.75]],[[78.80000000000001,-78.0],[78.8,-78.2],[80.36363636363636,-78.36363636363636],[80.4,-78.0],[78.95652173913044,-77.95652173913044],[78.80000000000001,-78.0]]],[[[127.88235294117646,-50.88235294117647],[128.06451612903226,-50.935483870967744],[128.1,-51.1],[128.0,-51.25],[127.0,-51.0],[127.88235294117646,-50.88235294117647]]],[[[111.81818181818181,-46.81818181818182],[112.22222222222223,-46.77777777777777],[112.5,-47.0],[112.4,-47.4],[112.0,-47.5],[111.75,-47.25],[111.81818181818181,-46.81818181818182]]],[[[119.0,-45.833333333333336],[120.0,-46.0],[120.0,-47.0],[119.0,-47.0],[118.60000000000001,-46.400000000000006],[118.5,-46.0],[119.0,-45.833333333333336]]],[[[74.5,-41.0],[72.95862068965516,-41.04137931034482],[72.25,-41.0],[72.68421052631578,-40.68421052631579],[73.0,-40.625],[74.22222222222223,-40.77777777777778],[74.5,-41.0]]],[[[82.5,-38.0],[82.83333333333333,-37.833333333333336],[86.18181818181819,-37.81818181818181],[86.5,-38.0],[82.5,-38.0]]],[[[140.05,4.95],[140.0,4.666666666666666],[139.75,5.0],[140.70731707317074,5.2926829268292686],[143.72000000000003,5.720000000000001],[144.3181818181818,5.681818181818182],[144.9,5.9],[145.5,5.5],[145.41666666666669,5.0],[143.0,4.613333333333333],[140.05,4.95]]],[[[146.04878048780486,6.048780487804878],[146.1875,6.0],[146.0,5.699999999999999],[145.5,5.5],[145.25,6.0],[146.04878048780486,6.048780487804878]]],[[[153.0,6.798657718120806],[152.60526315789474,7.0],[153.0,7.461538461538462],[153.43478260869563,7.0],[153.0,6.798657718120806]]],[[[70.89473684210526,25.105263157894736],[71.0,26.0],[72.0,26.5],[72.4,26.400000000000002],[72.66666666666667,26.0],[72.4,24.6],[71.71428571428571,24.285714285714285],[71.0,23.0],[70.60000000000001,23.6],[70.5,24.0],[70.77777777777777,24.22222222222222],[70.6923076923077,24.692307692307693],[70.89473684210526,25.105263157894736]]],[[[75.0,24.0],[75.0,25.0],[76.0,26.0],[78.0,26.0],[78.0,24.0],[75.0,24.0]]],[[[116.0,3.0],[116.75,2.75],[119.0,3.0],[118.25,3.25],[118.0,4.0],[117.0,4.0],[116.0,4.333333333333334],[115.0,4.5],[114.0,4.5],[113.66666666666667,4.333333333333334],[113.0,4.333333333333334],[112.55555555555556,4.555555555555555],[112.20000000000002,5.0],[112.28571428571428,5.285714285714286],[112.0,6.0],[110.60000000000001,6.6000000000000005],[110.0,7.0],[109.0,7.0],[109.0,5.0],[109.5,5.5],[110.0,5.5],[110.22222222222223,5.222222222222221],[110.19999999999999,5.0],[111.0,4.0],[110.47058823529412,3.5294117647058822],[109.57894736842104,3.578947368421052],[109.0,3.75],[108.73913043478261,3.2608695652173916],[108.0,3.1176470588235294],[107.22222222222223,3.2222222222222223],[107.00000000000001,4.2],[106.0,4.5],[105.78947368421052,4.2105263157894735],[104.0,4.0625],[102.83333333333333,4.833333333333333],[102.30645161290323,4.693548387096774],[100.88819875776397,4.888198757763975],[100.55,5.0],[100.31428571428572,5.314285714285715],[99.66279069767442,5.662790697674419],[98.69565217391303,6.0],[98.44137931034483,6.441379310344828],[97.72262773722628,6.7226277372262775],[95.67857142857142,7.0],[95.48101265822785,7.481012658227848],[94.75824175824175,7.758241758241758],[94.32592592592593,7.674074074074074],[86.25531914893617,8.25531914893617],[86.0,8.428571428571427],[84.64285714285714,8.642857142857142],[84.0,9.0],[80.0,9.26086956521739],[79.71186440677965,9.711864406779661],[78.9622641509434,9.962264150943396],[77.66666666666667,10.0],[77.0,10.206896551724139],[76.67832167832168,10.678321678321678],[75.1,11.0],[73.77973568281939,11.779735682819382],[72.75,12.0],[72.0,12.307692307692307],[71.69318181818181,12.693181818181818],[70.87142857142857,13.0],[70.59550561797752,13.595505617977526],[68.94545454545454,13.945454545454545],[68.44642857142858,14.446428571428573],[67.78333333333333,14.783333333333333],[67.0,14.868421052631579],[66.70588235294117,15.294117647058822],[66.88888888888889,15.88888888888889],[66.29411764705883,15.705882352941176],[65.87878787878788,15.878787878787879],[64.96284829721363,15.962848297213622],[65.0,16.666666666666668],[65.27272727272727,16.727272727272727],[66.0,16.76923076923077],[67.0,16.25],[68.0,16.0],[68.60000000000001,16.400000000000002],[70.34285714285714,16.65714285714286],[71.0,17.0],[71.57142857142858,16.571428571428573],[72.0,15.25],[72.33333333333334,15.0],[73.75,14.75],[74.44444444444443,14.444444444444443],[75.0,14.0],[77.61904761904762,13.619047619047617],[80.0,12.875],[82.6,12.6],[83.0,11.923076923076923],[86.75,11.75],[87.42857142857143,11.428571428571429],[87.75,11.0],[87.94444444444444,10.944444444444445],[90.6470588235294,10.647058823529411],[91.4,10.4],[92.0,10.0],[92.9090909090909,9.909090909090908],[93.47619047619047,9.476190476190476],[93.83333333333334,9.0],[95.63636363636363,8.636363636363637],[96.22222222222223,8.222222222222221],[96.33333333333334,8.0],[96.78947368421052,7.7894736842105265],[100.0,7.88235294117647],[100.11111111111111,8.0],[100.0,8.666666666666668],[99.8,9.0],[100.0,10.0],[99.30769230769232,10.307692307692308],[99.0,11.0],[99.10526315789474,11.894736842105262],[99.33333333333334,12.0],[99.0,12.5],[98.60000000000001,12.6],[98.0,13.0],[96.44444444444444,14.444444444444443],[95.0,15.333333333333336],[94.71428571428572,15.285714285714285],[94.22222222222223,14.777777777777779],[93.66666666666667,14.666666666666668],[93.0,15.0],[91.5,16.5],[91.5,17.0],[91.0,18.0],[90.4,18.400000000000002],[88.75,18.75],[88.33333333333334,19.333333333333336],[87.0,20.0],[86.25,19.75],[85.77777777777777,19.77777777777778],[85.28571428571428,20.285714285714285],[84.55555555555554,20.555555555555554],[84.0,21.0],[83.0,21.0],[83.0,22.0],[81.0,22.0],[80.60000000000001,22.6],[80.5,23.0],[80.5,23.5],[81.0,24.0],[81.0,25.0],[79.0,25.0],[79.0,27.0],[81.0,27.0],[81.0,28.0],[78.0,28.0],[77.33333333333334,28.333333333333336],[77.0,29.0],[76.0,29.0],[75.44444444444444,29.444444444444443],[75.0,29.5],[74.5,30.0],[74.36363636363636,30.363636363636367],[72.53846153846153,31.53846153846154],[72.25,32.0],[72.0,32.125],[69.0,32.4],[66.0,32.4],[64.0,33.0],[64.0,34.0],[65.0,34.0],[64.5,34.5],[64.4,35.400000000000006],[64.0,36.0],[63.0,36.0],[63.0,37.0],[62.0,37.0],[61.0,36.666666666666664],[60.66666666666667,36.66666666666667],[60.0,37.0],[59.0,35.0],[58.60000000000001,35.6],[58.0,36.0],[57.0,36.0],[56.0,37.0],[56.5,37.5],[56.77777777777778,38.22222222222222],[58.0,39.0],[59.0,38.5],[59.285714285714285,38.71428571428571],[59.333333333333336,39.333333333333336],[59.0,40.0],[59.5,40.5],[59.6,41.0],[59.5,42.0],[59.266666666666666,42.266666666666666],[58.57142857142858,42.57142857142857],[56.5,45.0],[55.44444444444444,45.44444444444444],[55.0,46.0],[54.30769230769231,46.30769230769231],[53.733333333333334,46.733333333333334],[53.0,48.0],[53.5,50.0],[53.36363636363637,53.36363636363637],[52.285714285714285,55.28571428571428],[51.63636363636363,55.63636363636364],[51.0,56.5],[50.0,57.0],[49.46153846153846,57.46153846153847],[48.66666666666667,57.66666666666667],[48.33333333333333,58.0],[48.55555555555555,58.44444444444444],[49.0,58.66666666666667],[50.307692307692314,58.30769230769231],[50.66666666666667,58.0],[50.66666666666667,57.66666666666667],[51.0,57.5],[51.25,57.75],[51.55555555555556,58.44444444444444],[52.0,60.0],[52.71428571428571,58.71428571428571],[53.0,58.5],[53.333333333333336,58.66666666666667],[53.5,59.0],[53.5,60.5],[54.0,61.0],[53.0,61.0],[53.0,62.0],[54.0,63.0],[54.0,64.0],[55.18181818181819,64.18181818181819],[56.75,63.75],[59.0,63.66666666666667],[59.5,63.5],[59.85714285714286,62.85714285714286],[60.0,62.0],[59.6,61.0],[59.69230769230769,60.69230769230769],[60.0,60.333333333333336],[61.25,60.25],[61.6,59.6],[62.0,59.5],[62.36363636363636,59.63636363636364],[62.55555555555555,60.444444444444436],[63.0,61.0],[63.60000000000001,61.400000000000006],[64.0,62.0],[64.5,61.0],[64.66666666666667,58.66666666666667],[65.0,58.0],[65.0,55.0],[66.0,55.0],[66.0,54.0],[67.0,53.0],[67.66666666666667,53.333333333333336],[68.0,53.33333333333333],[69.0,53.0],[70.0,53.0],[70.60000000000001,52.6],[71.0,52.5],[73.0,52.5],[73.4,52.6],[74.0,53.0],[75.0,53.0],[75.60000000000001,53.400000000000006],[76.33333333333334,53.66666666666667],[77.0,55.0],[77.0,56.0],[77.4,56.6],[77.5,57.0],[77.4,57.4],[77.0,58.0],[77.0,59.0],[76.0,59.0],[76.0,60.0],[75.0,60.0],[74.4,60.400000000000006],[73.60000000000001,60.60000000000001],[73.0,61.0],[73.0,62.0],[71.0,62.0],[71.0,63.0],[70.0,63.0],[70.0,64.0],[69.0,65.0],[69.0,66.0],[68.0,66.0],[68.0,67.0],[67.0,67.0],[66.5,67.5],[66.5,68.5],[67.0,69.0],[66.0,69.0],[65.33333333333334,68.66666666666667],[63.71428571428571,68.71428571428571],[63.0,69.0],[63.0,70.0],[63.60000000000001,70.4],[64.0,70.5],[64.5,71.0],[64.6,71.4],[65.0,71.5],[65.4,71.4],[66.0,71.0],[66.33333333333334,71.66666666666667],[66.5,73.5],[67.0,74.0],[68.0,74.0],[69.0,75.0],[69.77777777777777,74.77777777777777],[70.5,75.0],[70.66666666666667,75.33333333333334],[72.6,76.4],[73.0,76.5],[74.0,76.33333333333333],[75.0,76.33333333333333],[76.0,77.0],[76.75,77.25],[79.0,77.4],[80.28571428571428,77.71428571428571],[81.0,78.0],[81.0,79.0],[84.0,79.0],[83.6,78.4],[83.66666666666667,78.0],[84.0,77.5],[85.0,77.5],[85.33333333333334,77.33333333333334],[85.75,76.75],[86.5,76.5],[87.0,76.0],[90.0,76.0],[90.60000000000001,76.4],[92.28571428571428,76.71428571428572],[93.0,77.0],[95.0,77.0],[96.0,76.66666666666667],[97.0,77.0],[99.0,77.0],[100.28571428571428,77.71428571428571],[100.66666666666669,78.33333333333334],[101.4,78.60000000000001],[102.0,79.0],[107.0,79.0],[107.0,78.0],[108.0,78.0],[108.0,77.0],[111.00000000000001,76.85714285714286],[112.0,77.0],[112.0,78.0],[113.0,78.0],[113.5,77.5],[113.5,77.0],[114.33333333333334,76.66666666666667],[115.0,77.0],[115.0,76.0],[118.0,76.0],[118.0,77.0],[116.0,77.0],[116.0,79.0],[118.0,79.0],[118.0,78.0],[121.0,78.0],[121.0,79.0],[122.0,79.33333333333334],[126.0,79.6],[137.0,79.6],[138.0,79.8],[139.0,79.66666666666667],[140.0,79.8],[143.22222222222223,79.77777777777777],[146.0,79.5],[147.10526315789474,79.89473684210526],[148.0,80.0],[148.53846153846155,80.46153846153847],[149.0,80.6],[151.0,80.75],[153.0,80.6],[156.0,80.66666666666667],[158.00000000000003,80.83333333333333],[159.0,80.71428571428572],[159.22222222222223,80.77777777777777],[159.60000000000002,81.4],[160.0,81.6],[161.0,81.5],[165.4,81.60000000000001],[167.0,81.5],[168.0,81.75],[170.0,81.42857142857143],[171.0,81.80000000000001],[171.53846153846155,81.53846153846155],[173.0,81.3125],[174.0,81.5],[176.0,81.42857142857143],[176.25,81.25],[176.75,81.25],[177.10169491525426,81.10169491525424],[178.5,81.0],[179.0,80.6],[180.0,80.83333333333333],[180.0,70.70588235294119],[179.0,70.13333333333334],[177.0,70.0],[176.45454545454544,69.54545454545455],[176.0,69.375],[172.0,69.3076923076923],[171.2,69.0],[170.57894736842104,68.42105263157895],[170.0,68.28571428571428],[169.33333333333334,68.33333333333334],[169.0,68.5],[168.0,68.3],[167.25,68.0],[167.16666666666669,67.83333333333333],[166.0,67.75],[165.57142857142858,67.42857142857143],[165.0,67.25],[164.0,67.14285714285714],[163.33333333333334,66.66666666666667],[163.0,66.57142857142857],[162.0,66.75],[161.375,66.625],[160.7,66.7],[160.24,67.24000000000001],[160.0,67.33333333333334],[159.0,67.0],[158.0,67.15384615384616],[154.0,67.0],[154.0,66.0],[150.0,66.0],[149.44444444444443,66.44444444444444],[149.0,66.5],[148.0,66.33333333333334],[147.8,66.2],[144.0,66.5],[143.0,66.27272727272727],[142.0,66.38461538461539],[141.0,66.18181818181817],[140.8181818181818,66.0],[140.625,65.375],[140.0,65.0],[139.6470588235294,64.35294117647058],[139.38095238095238,64.38095238095238],[138.87878787878788,64.12121212121212],[138.68,63.68],[138.76470588235293,63.23529411764706],[138.34482758620692,63.344827586206904],[137.84615384615384,63.15384615384615],[137.61538461538464,63.00000000000001],[137.47058823529412,62.52941176470588],[137.0,62.333333333333336],[136.78947368421052,62.0],[136.32258064516128,61.67741935483871],[136.0,61.583333333333336],[135.0,61.63636363636364],[132.0,60.72463768115942],[129.0,60.6],[128.58620689655172,60.41379310344828],[128.14634146341464,59.85365853658537],[127.37606837606837,59.623931623931625],[126.64,59.0],[125.55882352941177,58.44117647058823],[125.28571428571429,58.0],[125.35820895522389,57.64179104477613],[125.0,57.07692307692308],[123.92941176470588,57.070588235294125],[123.90322580645162,56.90322580645161],[124.17142857142856,56.82857142857142],[127.0,57.04651162790697],[127.4375,56.4375],[128.20588235294116,56.205882352941174],[138.0,56.23943661971831],[140.5,56.0],[141.33333333333334,55.33333333333334],[141.28571428571428,54.71428571428571],[141.0,54.5],[140.75,54.0],[141.0,53.66666666666667],[142.07407407407408,53.925925925925924],[142.4,55.400000000000006],[142.0,55.833333333333336],[141.75,55.75],[141.66666666666666,56.0],[142.14285714285714,56.0],[142.58620689655172,55.58620689655172],[143.0,55.714285714285715],[144.0,55.0],[144.8181818181818,54.81818181818182],[145.5,54.0],[146.0,53.66666666666667],[146.08275862068967,53.08275862068966],[146.0,51.714285714285715],[145.1159420289855,49.88405797101449],[144.72881355932202,49.728813559322035],[144.1142857142857,49.885714285714286],[144.1142857142857,49.114285714285714],[143.47826086956522,48.0],[143.71428571428572,47.0],[143.3125,46.6875],[143.0,46.0],[142.1747572815534,45.8252427184466],[142.00613496932516,44.99386503067485],[141.03773584905662,44.9622641509434],[140.33333333333334,44.66666666666667],[138.2962962962963,43.703703703703695],[138.22950819672133,43.22950819672131],[138.0,42.88888888888889],[137.2,42.8],[135.83098591549296,42.16901408450704],[135.3448275862069,41.65517241379311],[135.0,40.94202898550725],[134.1818181818182,40.81818181818182],[133.58139534883722,40.418604651162795],[133.27027027027026,40.0],[132.72972972972974,39.729729729729726],[132.30232558139534,39.69767441860465],[132.0,38.72222222222222],[131.6153846153846,38.61538461538461],[131.28571428571428,38.71428571428571],[131.0,38.0],[130.0,38.0],[129.44444444444443,38.44444444444444],[129.0,38.5],[128.6,38.0],[128.25,37.0],[128.0281690140845,36.971830985915496],[127.625,36.0],[127.20833333333334,35.791666666666664],[127.10526315789474,35.0],[127.21739130434783,34.21739130434783],[127.83333333333334,34.0],[128.0,33.0],[127.80000000000001,32.0],[128.14285714285714,30.142857142857146],[129.0,30.0],[128.66666666666669,29.333333333333336],[128.66666666666669,29.0],[128.0,28.0],[128.0,26.0],[127.0,25.0],[126.7142857142857,24.285714285714285],[126.75,24.0],[127.0,23.666666666666664],[127.7142857142857,24.285714285714285],[128.0,24.25],[128.0222222222222,24.022222222222222],[128.0,22.25],[127.5,22.0],[127.5,21.0],[127.3125,20.0],[127.5,19.0],[127.30769230769232,18.692307692307693],[127.22222222222223,18.0],[127.50588235294117,17.50588235294118],[128.01360544217687,17.01360544217687],[128.0144927536232,16.0],[128.26415094339623,15.264150943396228],[129.0,15.04225352112676],[129.36666666666667,14.366666666666667],[130.0,14.047619047619047],[130.6,14.0],[130.55555555555554,13.0],[130.65217391304347,12.652173913043478],[131.0,12.428571428571429],[132.15384615384616,12.153846153846153],[132.66666666666669,11.666666666666668],[133.0,11.6],[133.75,11.0],[133.375,10.0],[133.42857142857144,9.571428571428573],[133.0,9.0],[133.0,8.0],[132.0,7.0],[131.0,7.0],[131.0,8.0],[130.0,8.0],[130.0,6.0],[126.0,6.0],[126.0,7.0],[125.0,7.0],[124.4,7.4],[124.0,8.0],[123.0,8.0],[123.44444444444444,8.555555555555555],[123.33333333333334,9.333333333333334],[123.0,9.666666666666666],[120.7142857142857,9.714285714285714],[120.28571428571428,10.285714285714285],[119.60000000000001,10.4],[118.4,9.600000000000001],[117.6,9.4],[117.33333333333334,8.666666666666668],[117.0,8.5],[116.66666666666667,8.666666666666668],[116.5,9.0],[116.19999999999999,9.2],[115.16666666666666,9.166666666666668],[114.28571428571428,9.285714285714285],[114.0,9.5],[113.0,9.5],[112.0,9.666666666666666],[111.6923076923077,9.307692307692308],[112.0,8.0],[113.0,8.0],[114.0,8.0],[114.83333333333333,7.833333333333334],[115.0,7.0],[115.60000000000001,6.6000000000000005],[116.25,6.75],[116.66666666666667,7.333333333333334],[117.22222222222223,7.777777777777778],[118.77777777777777,7.777777777777778],[119.0,7.5],[120.60000000000001,6.6000000000000005],[121.4,6.4],[122.0,6.0],[122.0,5.0],[121.0,5.0],[120.875,4.125],[120.66666666666667,4.0],[120.7142857142857,3.7142857142857144],[121.0,3.5],[122.0,4.0],[123.0,4.0],[123.0,5.0],[126.0,5.0],[126.0,3.0],[127.0,3.0],[127.77777777777777,2.7777777777777777],[128.0,2.8333333333333335],[128.63636363636363,2.6363636363636367],[129.0,2.333333333333333],[129.33333333333334,2.666666666666667],[130.25,3.0],[130.0,4.0],[130.4,4.6],[131.0,4.75],[131.46153846153845,4.461538461538462],[131.76470588235296,3.764705882352941],[132.0,3.7142857142857144],[132.16,3.84],[132.28571428571428,4.0],[132.25,5.0],[132.53846153846155,5.461538461538463],[134.1818181818182,5.818181818181818],[134.5,7.5],[135.0,8.0],[136.0,7.75],[136.4,7.4],[136.7,6.7],[137.43478260869566,6.434782608695652],[138.25,5.0],[138.2,4.0],[138.0,3.8],[137.0,3.75],[136.66666666666669,3.0],[136.11428571428573,2.885714285714286],[136.0,2.4000000000000004],[135.33333333333334,2.0],[134.02409638554218,1.9759036144578312],[133.20689655172413,1.793103448275862],[132.88235294117646,1.1176470588235294],[132.5,1.0],[131.75,1.0],[131.0,1.3529411764705883],[129.53846153846155,1.5384615384615383],[129.0,1.8],[128.33333333333334,1.0],[127.66666666666666,1.0],[127.0,1.8],[126.60000000000001,1.4000000000000001],[126.60000000000001,1.0],[125.86206896551724,0.8620689655172413],[125.0,0.9642857142857143],[124.27586206896552,0.7241379310344828],[123.33333333333334,0.0],[123.03007518796993,-0.03007518796992481],[122.0,0.16129032258064516],[121.0,-0.13888888888888884],[118.0,-0.23456790123456794],[117.0,-0.03149606299212604],[115.75,0.0],[115.24489795918367,0.24489795918367346],[114.0,0.4],[113.775,0.775],[112.66666666666666,1.0],[112.0,2.0],[111.25,1.75],[111.0,1.75],[110.83333333333333,2.0],[111.0,3.0],[113.0,3.0],[114.0,3.5],[114.33333333333334,3.3333333333333335],[114.5,3.0],[114.22222222222223,2.7777777777777777],[114.0,2.0],[114.76190476190476,1.7619047619047619],[115.22222222222223,1.7777777777777777],[115.83333333333333,2.0],[115.77777777777777,2.2222222222222223],[116.0,3.0]],[[108.5,8.0],[108.07407407407408,8.074074074074074],[108.00000000000001,8.333333333333334],[106.77777777777777,8.777777777777779],[106.5,9.0],[105.0,9.285714285714285],[104.5,9.0],[104.63636363636363,8.636363636363637],[105.36363636363637,8.363636363636363],[105.6923076923077,7.692307692307693],[107.0,7.625],[107.47619047619048,7.476190476190475],[107.73333333333333,6.733333333333333],[108.0,6.6000000000000005],[108.44444444444444,6.555555555555555],[109.0,7.0],[108.5,8.0]],[[112.66666666666669,7.333333333333334],[112.75,7.0],[112.66666666666669,6.666666666666667],[113.0,6.0],[113.16666666666666,6.833333333333333],[113.0,8.0],[112.66666666666669,7.333333333333334]],[[125.0,16.0],[125.1111111111111,17.0],[125.0,17.333333333333336],[124.80000000000001,17.2],[124.75,16.75],[125.0,16.0]],[[132.0,42.666666666666664],[131.53719008264463,42.46280991735537],[131.2820512820513,42.0],[131.55555555555554,41.55555555555555],[132.0,41.36363636363636],[132.3943661971831,41.605633802816904],[132.65116279069767,42.0],[132.43076923076924,42.430769230769236],[132.0,42.666666666666664]],[[83.88888888888889,41.99999999999999],[84.05882352941177,42.0],[83.99999999999999,42.11111111111111],[83.88888888888889,41.99999999999999]],[[114.5,18.0],[113.8095238095238,18.19047619047619],[113.33333333333334,18.0],[114.0,17.714285714285715],[114.5,18.0]],[[120.0,18.57142857142857],[119.19999999999999,18.0],[119.5,17.5],[120.0,17.2],[120.42105263157895,17.57894736842105],[120.5,18.0],[120.34782608695652,18.347826086956523],[120.0,18.57142857142857]]],[[[151.73333333333335,63.266666666666666],[152.0,64.0],[152.36363636363637,63.36363636363636],[152.28571428571428,63.0],[152.1290322580645,62.87096774193549],[151.8,63.0],[151.73333333333335,63.266666666666666]]],[[[114.33333333333334,79.33333333333334],[113.0,79.0],[111.33333333333334,79.33333333333334],[110.60000000000001,79.6],[110.5,80.0],[110.75,80.25],[112.0,80.6],[114.00000000000001,80.66666666666667],[114.47058823529412,80.47058823529412],[114.8,80.0],[114.66666666666667,79.66666666666667],[115.0,79.0],[114.33333333333334,79.33333333333334]]],[[[112.0,81.4],[104.0,81.4],[103.75,81.25],[103.60000000000001,80.60000000000001],[104.0,80.0],[100.0,80.0],[100.0,81.0],[99.0,81.0],[98.5,81.5],[98.5,82.0],[104.92,82.08],[109.0,82.6],[112.0,82.6],[112.4,82.4],[112.6,82.0],[112.4,81.60000000000001],[112.0,81.4]]],[[[179.52786588128683,89.52786588128681],[179.3294723294723,90.0],[180.0,90.0],[180.0,89.2021439509954],[179.52786588128683,89.52786588128681]]]]}}]}