{"type":"FeatureCollection","features":[{"type":"Feature","properties":{"ageMa":10},"geometry":{"type":"MultiPolygon","coordinates":[[[[-125.92857142857143,-85.0],[-129.0,-85.08333333333333],[-133.05555555555557,-85.0],[-126.0,-84.96428571428572],[-125.92857142857143,-85.0]]],[[[-154.60000000000002,-78.60000000000001],[-154.125,-79.0],[-155.0,-79.36842105263158],[-156.0,-79.0],[-155.0,-78.53333333333333],[-154.60000000000002,-78.60000000000001]]],[[[-153.75,-79.0],[-153.1818181818182,-78.81818181818181],[-151.14814814814815,-78.85185185185185],[-150.73333333333335,-78.73333333333333],[-150.1818181818182,-78.81818181818181],[-150.0,-78.5],[-149.63636363636363,-78.36363636363636],[-149.66666666666669,-78.0],[-149.0,-77.2],[-148.7142857142857,-77.28571428571428],[-148.5,-77.0],[-147.0,-77.0],[-147.5,-77.5],[-148.0,-77.5],[-148.28571428571428,-77.71428571428571],[-148.20000000000002,-78.0],[-148.4,-78.60000000000001],[-149.0,-78.80000000000001],[-149.28571428571428,-78.71428571428571],[-149.33333333333334,-79.0],[-151.0,-79.33333333333334],[-152.0,-79.38888888888889],[-153.75,-79.0]]],[[[-117.0,-75.5],[-115.75,-75.25],[-115.0,-75.33333333333334],[-114.6190476190476,-75.61904761904762],[-113.76923076923077,-75.76923076923077],[-113.4,-76.0],[-114.69811320754718,-76.30188679245283],[-115.4,-76.60000000000001],[-115.54545454545455,-77.45454545454545],[-116.0,-77.9090909090909],[-117.0,-77.71428571428572],[-118.0,-78.3529411764706],[-120.0,-78.58823529411765],[-121.12244897959184,-78.87755102040816],[-126.94871794871796,-78.94871794871794],[-129.0,-78.76190476190476],[-130.0,-78.94736842105264],[-135.0,-79.0],[-136.0,-78.53571428571428],[-137.0,-78.79166666666666],[-138.0,-78.14814814814815],[-140.57142857142858,-79.0],[-141.0,-79.33333333333334],[-143.0,-79.35714285714286],[-144.0,-79.2],[-144.6875,-79.3125],[-147.0,-79.29411764705881],[-147.83333333333334,-79.00000000000001],[-147.7142857142857,-78.28571428571428],[-147.0,-78.0],[-146.4,-78.4],[-146.0,-78.5],[-145.0,-78.5],[-144.64285714285714,-78.35714285714286],[-144.54545454545453,-78.0],[-144.64285714285714,-77.64285714285714],[-145.4,-77.0],[-144.19230769230768,-76.8076923076923],[-144.0,-76.58333333333334],[-143.0,-76.61538461538461],[-141.70588235294116,-76.29411764705883],[-139.2,-76.2],[-138.0,-76.0],[-137.0,-76.16],[-135.23809523809524,-75.76190476190476],[-132.75,-75.75],[-131.43333333333334,-75.56666666666666],[-130.0,-75.125],[-128.96875,-74.96875],[-128.0,-75.0],[-126.99999999999999,-75.21428571428572],[-125.0,-75.0769230769231],[-124.0,-75.42105263157896],[-122.0,-75.5],[-120.0,-75.35714285714285],[-119.0,-75.5],[-117.0,-75.5]],[[-128.9245283018868,-77.0754716981132],[-128.89473684210526,-76.89473684210526],[-129.0,-76.8],[-129.16666666666666,-77.0],[-128.9245283018868,-77.0754716981132]]],[[[-73.73529411764706,-77.26470588235294],[-75.0,-77.27272727272727],[-76.52,-77.47999999999999],[-77.0,-77.66666666666667],[-77.41379310344828,-77.41379310344828],[-77.56521739130434,-76.56521739130434],[-78.0,-76.16666666666667],[-78.75,-76.25],[-79.0,-76.5],[-79.06060606060606,-76.06060606060606],[-79.93939393939394,-76.06060606060606],[-80.05714285714286,-75.94285714285715],[-76.92857142857143,-75.92857142857143],[-76.52,-76.52],[-76.0,-76.64285714285714],[-72.88888888888889,-76.88888888888889],[-72.75,-77.0],[-72.87692307692308,-77.12307692307692],[-73.73529411764706,-77.26470588235294]]],[[[-111.73333333333333,-77.0],[-112.0,-77.22222222222223],[-112.14035087719299,-77.14035087719299],[-112.15,-76.15],[-112.42857142857143,-76.0],[-112.20689655172413,-75.79310344827587],[-111.0,-75.16666666666667],[-110.0,-75.77777777777777],[-109.75,-75.75],[-109.5,-76.0],[-109.5,-76.5],[-110.0,-76.125],[-111.0,-76.3125],[-111.4888888888889,-76.5111111111111],[-111.73333333333333,-77.0]]],[[[-108.77777777777779,-76.0],[-108.8,-75.2],[-108.66666666666667,-75.0],[-108.0,-74.875],[-107.8,-75.0],[-107.22222222222223,-76.0],[-107.64102564102564,-76.35897435897435],[-107.84444444444445,-77.15555555555555],[-108.60563380281691,-77.3943661971831],[-109.0,-77.46666666666667],[-109.5,-77.0],[-109.5,-76.5],[-108.77777777777779,-76.0]]],[[[-81.0,-75.05555555555556],[-81.96153846153845,-75.03846153846155],[-82.0909090909091,-74.9090909090909],[-82.0,-74.66666666666667],[-81.89473684210526,-74.89473684210526],[-81.10526315789474,-74.89473684210526],[-80.95555555555555,-74.95555555555555],[-81.0,-75.05555555555556]]],[[[-75.73913043478261,-74.73913043478261],[-75.89655172413794,-75.10344827586206],[-76.16666666666667,-75.16666666666667],[-76.21428571428571,-74.78571428571428],[-76.0,-74.5],[-75.73913043478261,-74.73913043478261]]],[[[-90.5813953488372,-74.41860465116278],[-92.21621621621621,-74.78378378378378],[-92.28571428571429,-75.0],[-92.74683544303798,-75.25316455696203],[-94.0,-75.52173913043478],[-95.35,-75.35],[-96.13793103448276,-75.13793103448276],[-96.25,-75.0],[-96.23529411764707,-74.76470588235293],[-95.46153846153847,-73.53846153846155],[-95.0,-73.4],[-94.0,-73.75],[-93.0,-73.57142857142857],[-92.69230769230771,-73.30769230769232],[-92.00000000000001,-73.07692307692308],[-91.0,-73.18181818181817],[-90.38095238095238,-73.38095238095238],[-90.21739130434783,-74.0],[-90.5813953488372,-74.41860465116278]]],[[[-88.2258064516129,-74.2258064516129],[-89.0,-74.0],[-88.66666666666667,-73.33333333333334],[-88.0,-73.125],[-87.57575757575758,-73.57575757575758],[-87.61111111111111,-74.0],[-87.79411764705883,-74.20588235294117],[-88.2258064516129,-74.2258064516129]]],[[[-77.875,-73.0],[-81.1,-73.10000000000001],[-82.0,-73.0],[-77.875,-73.0]]],[[[-96.76470588235294,-72.76470588235294],[-96.33333333333333,-73.0],[-96.66666666666667,-73.33333333333334],[-97.28571428571428,-73.28571428571428],[-97.66666666666667,-73.0],[-96.76470588235294,-72.76470588235294]]],[[[-180.0,-46.0],[-180.0,-45.94285714285714],[-179.96108949416345,-46.961089494163424],[-179.0,-47.0],[-179.76190476190476,-47.23809523809524],[-180.0,-47.83333333333333],[-180.0,-46.0]]],[[[-81.10526315789474,8.105263157894736],[-81.0,9.0],[-80.0,8.875],[-79.0,8.375],[-78.60000000000001,8.600000000000001],[-78.61538461538461,9.0],[-78.13223140495867,9.132231404958677],[-77.0,9.122448979591837],[-76.8125,9.0],[-76.74468085106383,8.74468085106383],[-77.0,8.142857142857142],[-78.0,8.11111111111111],[-78.22222222222223,8.222222222222221],[-78.25,8.0],[-80.0,7.9326923076923075],[-81.0,7.98989898989899],[-81.10526315789474,8.105263157894736]]],[[[-77.0618556701031,21.938144329896907],[-78.13793103448276,22.0],[-78.25,22.25],[-78.16666666666667,22.833333333333332],[-79.87878787878788,22.878787878787882],[-80.45454545454544,22.454545454545453],[-80.71428571428572,22.0],[-81.01369863013699,21.986301369863014],[-81.1304347826087,23.0],[-78.12903225806451,23.12903225806452],[-78.07407407407408,23.925925925925924],[-77.92,24.080000000000002],[-77.66666666666667,24.0],[-76.60000000000001,22.4],[-76.0,22.2],[-75.94520547945206,22.054794520547947],[-75.93333333333334,21.066666666666666],[-73.91891891891892,21.0],[-77.0,20.972972972972975],[-77.0618556701031,21.938144329896907]]],[[[-75.92592592592594,25.074074074074076],[-75.0,24.96969696969697],[-75.88888888888889,24.88888888888889],[-75.95454545454545,23.954545454545453],[-76.15384615384616,23.846153846153843],[-76.33333333333333,24.0],[-76.33333333333334,25.333333333333336],[-76.0,25.333333333333332],[-75.92592592592594,25.074074074074076]]],[[[-108.79452054794521,26.205479452054796],[-108.76744186046511,25.767441860465116],[-109.0,25.0],[-109.23076923076923,25.76923076923077],[-109.45454545454547,26.0],[-109.32967032967032,26.32967032967033],[-108.79452054794521,26.205479452054796]]],[[[-110.0,27.4375],[-109.76271186440678,26.76271186440678],[-110.0,26.72],[-110.38888888888889,27.0],[-110.35897435897435,27.358974358974358],[-110.0,27.4375]]],[[[-60.0625,82.9375],[-58.794871794871796,82.7948717948718],[-57.1,82.9],[-56.625,82.375],[-56.68421052631579,82.0],[-56.0,81.23529411764706],[-55.0,81.43478260869566],[-54.675000000000004,81.675],[-54.27777777777778,82.0],[-54.322580645161295,82.3225806451613],[-54.0,82.71428571428571],[-52.83333333333333,82.83333333333333],[-51.142857142857146,82.85714285714286],[-50.0,82.625],[-49.77777777777778,82.77777777777777],[-49.0,82.78260869565217],[-48.37837837837838,82.62162162162163],[-48.0,82.3],[-47.0,82.52941176470588],[-46.63265306122449,82.36734693877551],[-46.4,82.0],[-46.0,81.75999999999999],[-45.785714285714285,81.78571428571428],[-45.256410256410255,82.25641025641025],[-45.0,82.33333333333334],[-43.0,82.4],[-42.707317073170735,82.29268292682927],[-42.57142857142857,82.0],[-42.25,81.75],[-42.0,81.73333333333335],[-40.800000000000004,82.00000000000001],[-40.36363636363637,82.36363636363636],[-39.66666666666667,82.66666666666667],[-39.0,82.78571428571428],[-38.5,82.5],[-38.38888888888889,82.0],[-38.0,81.7741935483871],[-37.611111111111114,82.0],[-37.75,83.0],[-37.0,83.10714285714286],[-36.0,82.72727272727273],[-34.826086956521735,82.82608695652173],[-34.75,83.0],[-34.16901408450704,83.16901408450704],[-32.84615384615385,83.15384615384616],[-29.0,83.725],[-28.0,83.52173913043478],[-27.0,83.78048780487805],[-26.242424242424242,83.75757575757575],[-23.576923076923077,83.42307692307692],[-21.607843137254903,83.3921568627451],[-19.428571428571427,83.0],[-17.741935483870968,82.25806451612902],[-13.0,81.71428571428571],[-12.81818181818182,81.81818181818181],[-11.0,81.84210526315789],[-9.619047619047619,81.38095238095238],[-7.083333333333333,81.0],[-7.375,80.375],[-8.0,80.21428571428571],[-10.0,80.33333333333334],[-11.166666666666668,80.16666666666666],[-11.363636363636363,80.0],[-11.470588235294118,79.52941176470588],[-11.0,79.0],[-11.555555555555555,79.44444444444443],[-12.129032258064516,79.12903225806451],[-12.794871794871796,79.2051282051282],[-14.666666666666668,79.0],[-14.5,78.0],[-14.666666666666668,77.66666666666667],[-15.000000000000002,77.33333333333334],[-15.333333333333334,77.33333333333334],[-16.0,77.0],[-16.666666666666664,76.0],[-16.205128205128204,75.7948717948718],[-16.0,75.5],[-15.529411764705882,75.47058823529412],[-15.153846153846153,74.84615384615384],[-15.2,74.0],[-15.529411764705882,73.52941176470588],[-16.0,73.33333333333334],[-16.457142857142856,73.54285714285714],[-17.035087719298247,74.03508771929825],[-17.48,73.48],[-18.0,73.3],[-18.375,73.0],[-18.51219512195122,72.51219512195122],[-19.1,72.1],[-18.88235294117647,71.88235294117646],[-18.275862068965516,71.72413793103448],[-18.303030303030305,71.30303030303031],[-18.178571428571427,71.0],[-18.3125,70.3125],[-19.000000000000004,70.04166666666667],[-20.547169811320757,70.45283018867924],[-21.38095238095238,70.38095238095238],[-21.75,70.0],[-21.333333333333336,69.0],[-22.0,68.35483870967741],[-22.258823529411764,68.25882352941176],[-24.8,67.8],[-25.0,67.8],[-25.2,68.0],[-27.0,68.0701754385965],[-27.17391304347826,68.0],[-27.512820512820515,67.51282051282051],[-28.0,67.38709677419354],[-28.447058823529414,67.5529411764706],[-28.61290322580645,68.0],[-29.13186813186813,68.13186813186813],[-29.31578947368421,68.0],[-29.461538461538463,67.53846153846155],[-29.400000000000002,67.4],[-29.571428571428573,67.42857142857143],[-30.110091743119266,67.11009174311927],[-30.47058823529412,66.47058823529412],[-31.145833333333336,66.14583333333333],[-32.11111111111111,66.0],[-32.37037037037037,65.37037037037037],[-33.0,65.1111111111111],[-34.0,65.1111111111111],[-34.99999999999999,66.02127659574467],[-35.53846153846154,65.53846153846155],[-36.0,65.33333333333334],[-37.16216216216216,65.16216216216216],[-38.15584415584416,64.15584415584416],[-38.4,63.400000000000006],[-38.6,63.400000000000006],[-39.266666666666666,63.0],[-39.3448275862069,62.0],[-39.54761904761905,61.54761904761905],[-40.08163265306122,61.08163265306123],[-40.27906976744186,60.279069767441854],[-41.0,60.03225806451613],[-41.96,60.04],[-42.72727272727272,60.27272727272727],[-42.69230769230769,60.69230769230769],[-42.81818181818181,61.0],[-43.0,61.08695652173913],[-43.30769230769231,61.0],[-43.5609756097561,60.5609756097561],[-44.0,60.4375],[-44.18181818181819,60.81818181818182],[-44.794392523364486,60.794392523364486],[-45.84615384615384,61.0],[-45.78571428571428,62.0],[-46.24,62.24],[-46.88235294117647,62.11764705882353],[-47.0,63.09090909090909],[-49.0,63.0],[-49.04081632653061,63.95918367346939],[-49.5,64.0],[-49.8,64.2],[-49.66666666666667,64.66666666666667],[-49.75,65.0],[-50.22222222222222,65.22222222222223],[-50.89473684210526,65.10526315789474],[-51.0,67.0],[-52.0,67.0],[-52.0,68.0],[-51.0,68.33333333333333],[-50.33333333333333,69.0],[-51.72727272727273,69.27272727272727],[-51.94117647058823,70.0],[-51.5,70.5],[-50.0,71.0],[-52.33333333333333,72.0],[-52.375,73.0],[-52.565217391304344,73.43478260869566],[-53.19047619047619,73.80952380952381],[-53.66666666666667,75.0],[-53.86666666666666,75.13333333333333],[-55.0,75.42105263157896],[-55.6875,76.0],[-56.0,76.1086956521739],[-57.0,76.04347826086956],[-61.99999999999999,76.23529411764704],[-63.92156862745098,76.07843137254902],[-65.0,76.24],[-66.3265306122449,76.6734693877551],[-67.47826086956522,77.5217391304348],[-68.0,77.72727272727272],[-68.29268292682927,77.70731707317074],[-68.66666666666667,78.0],[-68.4,78.4],[-68.0,78.54545454545453],[-66.0,78.78260869565217],[-65.16666666666667,79.0],[-65.28571428571428,79.28571428571428],[-65.0,79.25],[-64.57142857142858,79.57142857142858],[-62.0,79.9090909090909],[-61.75,80.0],[-61.8,80.2],[-62.08,80.08000000000001],[-65.0923076923077,80.09230769230768],[-65.42857142857142,80.0],[-65.57894736842105,79.57894736842105],[-66.38461538461537,79.38461538461539],[-70.03125,79.03125],[-71.0,78.77777777777777],[-71.875,78.0],[-72.0,77.66666666666667],[-73.0,77.42857142857142],[-73.58620689655172,76.58620689655173],[-74.0,76.4],[-75.0,76.3],[-76.07692307692308,76.0],[-76.18181818181819,75.0],[-77.0,74.25],[-77.5,74.0],[-76.71428571428572,73.28571428571428],[-76.25,73.25],[-75.5,73.0],[-75.24000000000001,72.75999999999999],[-74.4,72.6],[-74.0,72.6],[-73.0,73.125],[-72.25316455696203,72.74683544303798],[-70.74603174603175,72.25396825396825],[-70.12244897959184,71.87755102040816],[-68.0,71.66666666666667],[-67.0,71.14285714285714],[-65.83333333333334,70.83333333333333],[-65.16666666666666,70.83333333333333],[-64.66666666666667,70.33333333333334],[-63.8,70.0],[-64.0,69.0],[-63.36363636363636,68.63636363636364],[-63.0,68.54545454545453],[-62.0,68.625],[-61.28571428571428,68.0],[-60.0,67.5],[-58.66265060240964,67.33734939759036],[-58.26315789473685,67.0],[-58.3448275862069,66.3448275862069],[-58.66666666666667,65.66666666666667],[-59.270270270270274,65.27027027027027],[-60.095238095238095,65.0952380952381],[-60.99999999999999,65.16],[-62.0,65.44444444444444],[-62.41025641025641,65.41025641025641],[-62.61538461538461,65.0],[-62.0,64.27272727272728],[-61.73913043478261,64.26086956521739],[-61.400000000000006,64.0],[-61.53846153846154,63.53846153846155],[-62.0,63.25],[-62.06896551724138,63.06896551724138],[-62.333333333333336,63.00000000000001],[-62.0,62.0],[-63.66666666666667,61.66666666666667],[-63.89473684210526,61.0],[-63.6875,60.3125],[-63.00000000000001,59.66666666666667],[-62.0,61.0],[-61.0,60.0],[-60.22222222222222,59.77777777777778],[-60.27272727272727,59.272727272727266],[-60.0,58.625],[-59.5,58.5],[-59.0,58.0],[-58.33333333333334,57.66666666666667],[-58.0,56.33333333333333],[-57.4,55.60000000000001],[-56.77777777777778,55.22222222222222],[-56.0,54.5],[-55.0,54.5],[-54.61904761904761,54.38095238095237],[-54.16666666666667,53.833333333333336],[-53.583333333333336,53.41666666666667],[-53.23529411764706,52.76470588235294],[-53.25,51.25],[-53.529411764705884,50.529411764705884],[-54.0,50.2],[-54.05714285714286,49.94285714285714],[-53.23529411764706,49.76470588235294],[-52.6,49.400000000000006],[-51.0,49.0],[-50.833333333333336,48.16666666666667],[-50.285714285714285,47.0],[-50.44444444444444,46.55555555555555],[-50.0,46.0],[-50.55555555555555,46.44444444444444],[-51.0,46.28571428571429],[-51.45454545454545,46.54545454545455],[-51.7,47.3],[-52.0,47.375],[-52.272727272727266,47.272727272727266],[-52.625,46.625],[-53.0,46.4],[-54.0,46.5],[-54.22222222222222,46.77777777777777],[-54.22222222222222,47.0],[-54.674418604651166,47.325581395348834],[-56.0,47.29411764705882],[-56.55555555555556,47.44444444444444],[-56.92307692307693,48.0],[-56.73913043478261,48.73913043478261],[-56.315789473684205,49.315789473684205],[-56.0,49.42857142857143],[-55.78947368421052,49.78947368421053],[-55.69230769230769,50.307692307692314],[-55.77777777777778,50.77777777777778],[-54.8,51.00000000000001],[-55.99999999999999,51.18181818181818],[-56.583333333333336,50.583333333333336],[-57.5,50.0],[-57.6,49.6],[-58.55555555555556,48.0],[-58.5,47.0],[-58.00000000000001,46.800000000000004],[-57.0,46.0],[-57.5,45.5],[-59.18181818181819,45.18181818181819],[-59.5,44.5],[-60.0,44.4],[-61.0,44.5],[-62.15384615384615,44.15384615384615],[-62.5,43.5],[-63.00000000000001,43.333333333333336],[-63.5,43.5],[-64.0,44.0],[-63.60000000000001,44.6],[-63.0,45.0],[-64.0,45.400000000000006],[-64.23529411764706,45.23529411764706],[-64.6,44.6],[-66.33333333333334,44.333333333333336],[-66.75,44.0],[-67.0,43.5],[-68.0,43.0],[-67.71428571428571,42.285714285714285],[-67.66666666666667,41.66666666666667],[-68.0,41.0],[-69.9047619047619,40.904761904761905],[-70.0,40.5],[-70.25,40.25],[-71.0,40.0],[-71.0,39.0],[-71.96825396825398,38.96825396825397],[-72.0,38.75],[-72.5,38.5],[-72.75,38.0],[-72.96610169491525,37.96610169491525],[-73.0,35.97142857142857],[-73.89473684210526,35.89473684210526],[-74.0,34.92307692307692],[-74.75,34.75],[-74.83333333333334,34.166666666666664],[-75.0,33.92307692307692],[-75.88888888888889,33.88888888888889],[-76.5,33.5],[-76.8,33.0],[-77.75,32.75],[-78.0,31.666666666666664],[-78.44444444444444,31.444444444444443],[-78.8,30.799999999999997],[-78.85714285714286,30.0],[-78.66666666666667,29.333333333333336],[-78.0,28.5],[-77.8,26.8],[-78.55555555555554,26.555555555555554],[-78.86206896551724,25.862068965517242],[-78.95833333333333,24.958333333333332],[-80.5,25.0],[-80.60000000000001,25.400000000000002],[-81.4,26.6],[-81.60000000000001,27.4],[-82.0,28.0],[-82.16666666666667,28.833333333333336],[-83.0,29.0],[-83.33333333333334,29.666666666666668],[-84.0,30.0],[-84.52380952380952,30.476190476190474],[-85.0,30.625],[-85.47619047619048,30.476190476190474],[-85.97183098591549,29.971830985915492],[-86.5,30.0],[-86.77777777777777,30.22222222222222],[-87.19999999999999,30.200000000000003],[-87.33333333333334,30.000000000000004],[-87.8,29.8],[-88.0,29.0],[-93.875,28.875],[-94.66666666666666,28.0],[-94.92592592592592,27.925925925925924],[-95.0,27.0],[-95.5,26.5],[-97.0,26.333333333333336],[-97.18181818181819,26.181818181818183],[-97.25,26.0],[-96.75,25.75],[-96.25,25.75],[-96.28571428571428,24.714285714285715],[-96.0,24.0],[-97.0,24.0],[-97.18181818181819,23.0],[-97.0,22.333333333333336],[-96.6923076923077,22.307692307692307],[-96.33333333333333,22.0],[-96.03921568627452,21.96078431372549],[-95.62162162162163,21.37837837837838],[-95.0,21.0],[-94.45614035087718,19.543859649122805],[-94.0,19.07142857142857],[-93.33333333333334,19.0],[-93.0,18.666666666666668],[-92.0,18.5],[-91.0,19.0],[-90.08333333333333,19.083333333333332],[-90.0,19.333333333333336],[-89.60000000000001,19.6],[-89.33333333333333,20.0],[-89.5,20.5],[-90.0,21.0],[-90.0,22.0],[-88.08695652173913,22.086956521739133],[-88.0,22.5],[-87.6,22.6],[-87.0,23.0],[-86.0,23.0],[-85.77777777777777,22.22222222222222],[-85.0,22.125],[-85.0,21.90909090909091],[-85.2,21.799999999999997],[-85.80000000000001,21.799999999999997],[-85.71428571428571,21.285714285714285],[-85.89473684210526,20.89473684210526],[-86.0,18.8],[-86.48484848484848,18.484848484848488],[-86.72727272727272,18.0],[-86.0,17.2],[-85.91304347826087,16.08695652173913],[-85.18333333333334,16.183333333333334],[-83.0,16.0],[-81.0,16.125],[-80.83333333333333,16.0],[-81.0,14.857142857142858],[-81.28571428571428,14.714285714285712],[-81.71428571428571,14.714285714285712],[-81.71428571428571,14.285714285714285],[-81.92857142857142,13.928571428571429],[-82.0,13.0],[-82.84,12.84],[-82.84,12.16],[-82.94805194805194,11.948051948051948],[-82.93103448275862,11.0],[-82.66233766233766,10.337662337662337],[-82.32876712328766,10.32876712328767],[-81.87878787878788,10.121212121212121],[-81.0,9.0],[-81.54385964912281,8.543859649122806],[-82.0,8.585106382978722],[-82.86666666666667,9.0],[-83.18181818181819,9.818181818181818],[-84.0,10.0],[-84.08450704225352,10.91549295774648],[-85.0,11.11111111111111],[-85.15686274509804,11.84313725490196],[-85.94444444444444,12.055555555555555],[-86.05000000000001,12.950000000000001],[-88.0,13.0625],[-88.30303030303031,13.696969696969695],[-90.0,14.017543859649123],[-90.65625,14.34375],[-91.09929078014184,14.900709219858157],[-92.0,15.0],[-92.0,16.0],[-93.0,16.384615384615387],[-93.18867924528303,16.18867924528302],[-93.67741935483872,16.32258064516129],[-94.0,16.25],[-98.0,17.306930693069305],[-99.47169811320754,18.0],[-99.53333333333335,18.466666666666665],[-100.06060606060606,18.939393939393938],[-100.6986301369863,18.6986301369863],[-101.21428571428571,18.785714285714285],[-101.67346938775512,19.0],[-101.75757575757575,19.242424242424242],[-102.28421052631579,19.71578947368421],[-103.03236245954692,19.967637540453072],[-103.234375,21.0],[-103.10091743119266,22.0],[-103.32,22.68],[-103.65306122448979,23.0],[-104.3913043478261,24.608695652173914],[-105.5844155844156,25.415584415584416],[-106.00000000000001,26.107142857142858],[-106.18181818181819,26.181818181818183],[-106.92,26.080000000000002],[-107.0,27.0],[-107.96428571428572,28.035714285714285],[-108.35294117647058,28.647058823529413],[-109.32183908045977,28.678160919540232],[-109.94285714285715,28.942857142857143],[-110.22222222222223,28.77777777777778],[-110.77777777777777,28.77777777777778],[-110.6923076923077,28.30769230769231],[-110.78947368421053,27.789473684210524],[-111.5,28.0],[-111.73333333333333,28.266666666666666],[-112.0,28.25],[-112.1,29.0],[-112.88372093023256,30.0],[-112.87012987012987,30.12987012987013],[-113.0,30.15625],[-114.42857142857143,33.0],[-114.69811320754718,33.301886792452834],[-116.0,33.46666666666667],[-116.94117647058823,34.0],[-117.25974025974025,34.74025974025974],[-117.77777777777777,35.22222222222222],[-118.0,35.23529411764706],[-118.63414634146342,36.0],[-119.23931623931624,37.76068376068376],[-119.93333333333334,38.0],[-120.55263157894737,40.0],[-121.0,40.320754716981135],[-121.22784810126582,41.0],[-121.24691358024691,42.0],[-121.024,43.0],[-121.0,43.75],[-120.35714285714286,44.357142857142854],[-120.16666666666666,45.0],[-120.9090909090909,46.0],[-120.85714285714286,47.00000000000001],[-121.0,47.16666666666667],[-121.0900900900901,48.09009009009009],[-120.83333333333333,48.83333333333333],[-120.85964912280701,49.14035087719298],[-121.30769230769232,49.30769230769231],[-121.25,49.0],[-121.82733812949641,48.8273381294964],[-122.14814814814815,49.0],[-122.26086956521739,49.26086956521739],[-122.0,49.52173913043478],[-121.59259259259261,49.592592592592595],[-121.54166666666667,50.0],[-121.80357142857143,50.19642857142857],[-122.25,50.25],[-122.31428571428572,50.0],[-122.65714285714286,49.65714285714286],[-124.06862745098039,49.931372549019606],[-124.16091954022988,50.160919540229884],[-124.0,50.58333333333333],[-122.775,50.775],[-123.0,51.40909090909091],[-123.24657534246575,51.24657534246575],[-124.23255813953489,51.23255813953489],[-125.0,51.0],[-125.49056603773585,51.509433962264154],[-125.86666666666667,52.0],[-125.89830508474577,53.101694915254235],[-126.35294117647058,53.35294117647058],[-126.64705882352939,53.35294117647058],[-126.76190476190476,55.0],[-126.5,56.0],[-126.76811594202898,56.231884057971016],[-128.0,56.5625],[-129.0,56.375],[-129.43478260869566,56.565217391304344],[-129.71428571428572,57.0],[-130.15384615384616,57.15384615384615],[-131.0,57.0],[-133.0,57.0],[-132.57894736842104,57.57894736842105],[-132.55555555555554,58.44444444444444],[-133.0,59.0],[-133.22222222222223,58.22222222222222],[-134.04166666666666,58.041666666666664],[-135.0,58.26190476190476],[-135.25833333333333,58.74166666666666],[-135.68888888888887,59.0],[-135.77235772357724,59.227642276422756],[-137.0,59.4],[-137.40384615384616,59.59615384615385],[-137.80769230769232,60.0],[-138.6551724137931,60.3448275862069],[-139.0,60.71428571428571],[-140.0,60.18181818181818],[-142.92857142857144,60.07142857142857],[-143.0909090909091,61.0],[-144.0,61.23255813953488],[-144.9090909090909,61.0],[-145.0952380952381,60.095238095238095],[-147.1,60.099999999999994],[-147.26666666666665,59.733333333333334],[-147.26666666666665,59.266666666666666],[-148.0,59.0],[-149.0,59.42857142857143],[-149.33333333333334,59.333333333333336],[-149.44444444444443,58.44444444444444],[-149.66666666666669,58.0],[-150.83333333333331,57.83333333333333],[-151.0,57.27777777777777],[-152.0,57.2],[-152.44444444444443,57.44444444444444],[-153.0,57.0],[-152.52380952380952,57.52380952380952],[-152.61538461538464,58.0],[-153.2,58.2],[-153.83333333333334,58.0],[-153.8,57.8],[-154.44444444444443,57.44444444444444],[-155.15384615384616,57.15384615384615],[-156.0,57.0],[-156.0,56.0],[-156.84615384615384,56.15384615384615],[-157.5,56.0],[-158.5,56.0],[-158.93939393939394,56.06060606060606],[-159.0,56.333333333333336],[-159.28571428571428,56.285714285714285],[-159.5,56.0],[-161.88,55.88],[-162.0,55.1],[-163.0,55.0],[-163.36363636363637,55.63636363636364],[-163.33333333333334,56.333333333333336],[-162.84615384615384,56.84615384615385],[-161.83333333333334,56.833333333333336],[-161.0,57.0],[-161.0,58.0],[-165.0,58.0],[-165.0,59.0],[-166.0,59.0],[-166.60000000000002,59.400000000000006],[-167.4,59.6],[-168.0,60.0],[-168.0,61.0],[-169.0,61.0],[-169.0,62.0],[-170.0,62.0],[-170.0,63.0],[-171.0,63.0],[-171.0,64.0],[-172.0,64.0],[-172.83333333333334,64.16666666666667],[-173.0,64.5],[-173.4,64.6],[-174.0,65.0],[-174.89473684210526,65.10526315789474],[-175.33333333333334,65.33333333333334],[-176.0,65.0],[-175.66666666666669,65.66666666666667],[-175.8,66.0],[-176.10526315789474,66.10526315789474],[-176.5,66.0],[-176.5,65.5],[-177.0,65.0],[-178.0,65.0],[-178.0,64.0],[-178.4,63.400000000000006],[-178.66666666666669,62.0],[-178.88888888888889,61.888888888888886],[-178.86666666666667,60.13333333333334],[-178.0,60.06666666666666],[-176.8,60.2],[-176.66666666666669,60.0],[-176.96491228070175,59.96491228070175],[-176.9814814814815,59.0],[-177.2,59.0],[-177.4,59.6],[-178.0,59.8],[-178.02272727272725,59.97727272727273],[-179.97590361445785,59.975903614457835],[-180.0,52.599999999999994],[-180.0,71.0],[-179.4,70.60000000000001],[-178.60000000000002,70.4],[-178.5,70.0],[-178.25,69.75],[-176.5,69.5],[-176.0,69.0],[-175.0,69.0],[-175.0,70.0],[-173.0,70.0],[-173.0,69.0],[-169.0,69.0],[-169.0,68.0],[-166.0,68.0],[-166.0,71.0],[-163.0,71.0],[-163.0,72.0],[-156.03571428571428,72.03571428571429],[-156.0,72.5],[-155.92857142857142,72.07142857142857],[-153.5,72.0],[-153.25,71.75],[-152.0,71.4],[-151.9245283018868,71.0754716981132],[-145.0,71.0],[-144.24137931034483,70.75862068965517],[-143.0,70.81481481481481],[-142.49019607843135,70.50980392156862],[-140.14814814814815,70.14814814814815],[-139.33333333333334,70.33333333333334],[-139.0,70.68181818181819],[-137.66037735849056,70.33962264150944],[-137.0,70.0],[-135.0,70.0],[-134.16666666666666,70.16666666666667],[-133.5,71.0],[-129.16666666666669,71.16666666666666],[-129.0,71.5],[-128.0,71.5],[-127.66666666666669,71.33333333333334],[-127.0,71.25],[-126.0,71.25],[-125.0,71.8],[-124.52941176470588,71.47058823529412],[-124.5,71.0],[-124.0,70.66666666666667],[-123.2,71.0],[-123.28571428571428,71.28571428571428],[-123.0,72.0],[-124.0,72.0],[-124.4,72.6],[-124.5,73.0],[-124.0,73.5],[-123.60000000000001,73.60000000000001],[-123.0,74.0],[-122.28571428571428,75.28571428571428],[-121.55555555555556,75.55555555555556],[-120.5,76.5],[-119.60000000000001,76.60000000000001],[-119.33333333333334,77.0],[-119.0,77.14285714285714],[-116.57894736842104,77.57894736842104],[-116.00000000000001,77.80000000000001],[-115.0,77.5],[-113.0,78.36363636363636],[-112.0,78.28571428571428],[-111.0,78.42857142857143],[-110.52941176470588,78.52941176470587],[-110.0,79.0],[-107.0,79.28571428571428],[-105.75,79.25],[-105.25,79.0],[-105.33333333333334,78.0],[-105.22222222222223,77.77777777777777],[-104.0,77.5],[-103.0,78.0],[-102.44444444444443,78.44444444444444],[-101.5,78.5],[-101.0,79.0],[-100.66666666666669,79.66666666666667],[-100.33333333333333,80.0],[-99.83333333333333,80.16666666666666],[-97.33333333333334,80.33333333333334],[-96.60000000000001,80.60000000000001],[-96.0,81.0],[-95.33333333333334,80.66666666666667],[-94.0,80.5],[-91.33333333333334,80.66666666666667],[-90.75,80.75],[-90.0,81.3],[-88.0,81.625],[-87.0,81.64285714285714],[-86.60000000000001,81.4],[-86.13793103448276,80.86206896551724],[-85.0,80.3913043478261],[-83.6923076923077,80.6923076923077],[-83.25,81.0],[-83.0,82.0],[-82.0,82.33333333333334],[-80.0,82.6470588235294],[-76.0,82.54545454545453],[-74.06896551724138,83.06896551724138],[-71.82608695652175,83.17391304347825],[-71.0,82.94999999999999],[-69.85185185185185,83.14814814814815],[-68.0,83.10526315789474],[-64.0,83.71428571428571],[-62.0,83.72222222222223],[-61.41379310344827,83.58620689655172],[-60.0625,82.9375]],[[-130.9090909090909,57.909090909090914],[-131.11111111111111,58.111111111111114],[-131.30769230769232,57.69230769230769],[-131.0,57.0],[-130.9090909090909,57.909090909090914]],[[-132.33333333333334,58.66666666666667],[-132.0,58.875],[-131.97530864197532,59.02469135802469],[-133.0,59.0],[-132.33333333333334,58.66666666666667]],[[-157.0,58.0],[-157.0,59.0],[-159.0,59.0],[-159.0,58.0],[-157.0,58.0]],[[-167.0,66.0],[-168.0,66.0],[-168.0,65.0],[-167.0,65.0],[-167.0,66.0]],[[-59.80952380952381,81.0],[-60.0,81.21052631578948],[-61.0,81.3125],[-61.35714285714285,81.0],[-61.38461538461539,80.61538461538461],[-61.0,80.375],[-60.0,80.42857142857142],[-59.80952380952381,81.0]],[[-47.41935483870968,70.41935483870968],[-48.0,69.625],[-49.11764705882353,69.11764705882352],[-49.666666666666664,69.0],[-49.33333333333334,68.66666666666667],[-48.0,68.0],[-47.0,68.0],[-46.23076923076923,69.0],[-46.35,70.0],[-46.66666666666667,70.33333333333334],[-47.41935483870968,70.41935483870968]],[[-22.802197802197803,69.80219780219781],[-22.307692307692307,70.0],[-22.793103448275865,70.20689655172413],[-24.1,70.0],[-22.802197802197803,69.80219780219781]],[[-22.134328358208958,73.13432835820896],[-22.225,72.775],[-21.999999999999996,71.76923076923077],[-20.84,71.84],[-20.794871794871796,72.2051282051282],[-21.625,72.375],[-21.55,72.55],[-21.689655172413794,73.0],[-22.0,73.20454545454545],[-22.134328358208958,73.13432835820896]],[[-20.305084745762713,72.69491525423729],[-19.653846153846153,72.65384615384616],[-19.526315789473685,73.0],[-20.0,73.27272727272728],[-20.310344827586206,73.0],[-20.305084745762713,72.69491525423729]],[[-150.78571428571428,58.78571428571429],[-150.625,59.0],[-150.57142857142856,59.42857142857144],[-151.0,60.0],[-151.15,58.85],[-150.78571428571428,58.78571428571429]],[[-125.73333333333335,67.26666666666667],[-126.0,67.36363636363636],[-127.0,67.14285714285714],[-128.0,67.33333333333334],[-129.0,67.33333333333334],[-130.0,67.0],[-129.0888888888889,66.91111111111111],[-129.0,66.71428571428572],[-128.0,66.75],[-127.6,66.60000000000001],[-127.28571428571428,66.71428571428571],[-127.36363636363637,66.36363636363637],[-127.00000000000001,65.86666666666667],[-126.0,65.92682926829268],[-124.66666666666669,65.66666666666667],[-124.18181818181819,66.0],[-124.51351351351352,66.4864864864865],[-125.28571428571428,66.71428571428571],[-125.73333333333335,67.26666666666667]],[[-121.92857142857143,60.07142857142857],[-122.04255319148936,60.04255319148936],[-121.99999999999999,59.95],[-121.83333333333334,60.0],[-121.92857142857143,60.07142857142857]],[[-115.0,70.28571428571428],[-115.2,70.2],[-115.28571428571428,70.0],[-115.16,69.84],[-115.0,69.71428571428571],[-114.8095238095238,69.80952380952381],[-114.71428571428571,70.0],[-114.8095238095238,70.19047619047619],[-115.0,70.28571428571428]],[[-111.4,31.0],[-112.0,31.6],[-112.08695652173913,30.91304347826087],[-111.85714285714286,30.857142857142854],[-111.4,31.0]],[[-111.21212121212122,29.78787878787879],[-111.0,29.125],[-110.5625,29.5625],[-110.5625,30.0],[-111.0,30.77777777777778],[-111.24137931034483,30.241379310344826],[-111.21212121212122,29.78787878787879]],[[-88.0,77.66666666666667],[-87.0,77.33333333333333],[-86.60000000000001,77.6],[-85.0,77.75],[-84.6,78.0],[-86.22857142857143,78.22857142857143],[-87.83333333333334,78.16666666666667],[-88.0,78.33333333333334],[-88.25,78.0],[-88.0,77.66666666666667]],[[-83.0,75.80000000000001],[-82.83333333333334,76.0],[-84.0,76.0],[-83.0,75.80000000000001]],[[-119.6,48.0],[-119.0,47.57142857142857],[-118.80000000000001,48.00000000000001],[-119.6,48.0]],[[-83.0,60.5],[-82.5,61.0],[-82.0,62.0],[-81.4,61.6],[-81.0,61.5],[-80.5,62.0],[-81.0,62.5],[-81.4,62.6],[-81.5,63.0],[-81.81818181818181,63.18181818181819],[-83.0,63.0],[-84.0,63.25],[-84.5,63.5],[-84.84615384615384,64.15384615384616],[-85.0,64.2],[-86.0,64.2],[-87.0,64.0],[-88.0,63.0],[-87.4,62.6],[-85.0,62.66666666666667],[-84.55555555555554,62.444444444444436],[-84.33333333333334,62.0],[-84.55555555555554,61.55555555555555],[-86.0,61.0],[-85.0,60.5],[-83.0,60.5]],[[-89.0,62.0],[-89.0,60.0],[-88.0,60.0],[-88.0,62.0],[-89.0,62.0]],[[-91.22222222222223,61.22222222222223],[-91.33333333333334,61.0],[-91.33333333333334,60.66666666666667],[-91.0,60.0],[-90.0,61.0],[-90.66666666666667,61.33333333333334],[-91.22222222222223,61.22222222222223]],[[-75.0,63.0],[-74.0,63.0],[-74.5,63.5],[-74.5,64.0],[-75.0,64.2],[-76.0,64.0],[-75.0,63.0]]],[[[-165.0,55.5],[-164.5757575757576,55.42424242424243],[-164.125,55.0],[-165.112,54.888],[-165.4375,55.0],[-165.38888888888889,55.388888888888886],[-165.0,55.5]]],[[[-171.0,58.0],[-170.4,57.6],[-170.0,57.5],[-169.66666666666669,57.66666666666667],[-169.28571428571428,58.28571428571428],[-169.0,58.5],[-168.66666666666669,58.33333333333334],[-168.33333333333334,57.66666666666667],[-167.75,57.25],[-167.44444444444443,56.55555555555556],[-167.0,56.33333333333333],[-166.0,56.33333333333333],[-165.84615384615384,56.15384615384615],[-165.83333333333331,55.83333333333333],[-166.8,55.800000000000004],[-166.9,55.0],[-166.60000000000002,54.6],[-166.60000000000002,54.400000000000006],[-166.0,54.4],[-165.94392523364485,54.0],[-167.07692307692307,54.0],[-167.05263157894737,55.94736842105264],[-168.0625,56.0],[-168.125,56.875],[-173.04,57.0],[-173.07999999999998,57.92],[-174.0,57.96],[-174.0,59.33333333333333],[-173.8181818181818,59.18181818181819],[-173.66666666666669,58.33333333333334],[-173.33333333333334,58.33333333333334],[-172.86666666666667,58.13333333333333],[-172.66666666666669,57.66666666666667],[-172.66666666666669,57.333333333333336],[-172.33333333333334,57.333333333333336],[-172.0,57.166666666666664],[-171.28571428571428,57.28571428571428],[-171.0,58.0]]],[[[-172.0,60.0],[-172.0,62.0],[-170.0,62.0],[-170.0,60.0],[-172.0,60.0]]],[[[-172.0,70.0],[-172.0,72.0],[-170.0,72.0],[-170.0,70.0],[-172.0,70.0]]],[[[-176.0,73.0],[-176.0,72.0],[-175.5,72.5],[-174.5,72.5],[-174.0,72.0],[-174.0,71.0],[-178.0,71.0],[-179.4,71.4],[-180.0,71.0],[-180.0,75.0],[-179.5,73.5],[-179.0,73.0],[-176.0,73.0]]],[[[-179.58272208638954,89.58272208638957],[-180.0,89.26224783861672],[-180.0,90.0],[-179.4181818181818,90.0],[-179.58272208638954,89.58272208638957]]],[[[-62.833333333333336,-83.83333333333334],[-61.666666666666664,-84.0],[-63.0,-84.22222222222221],[-64.0,-84.0],[-62.833333333333336,-83.83333333333334]]],[[[-49.285714285714285,-83.28571428571428],[-50.0,-83.0],[-49.0,-82.625],[-46.99999999999999,-82.19354838709677],[-46.0,-81.71428571428571],[-43.760000000000005,-81.75999999999999],[-42.0,-81.57575757575758],[-41.0,-82.0],[-42.4054054054054,-82.5945945945946],[-42.78947368421053,-83.21052631578948],[-43.60869565217392,-83.3913043478261],[-47.0,-83.625],[-49.285714285714285,-83.28571428571428]]],[[[-4.0,-78.0],[-4.0,-79.0],[-5.0,-79.0],[-5.5,-78.0],[-5.090909090909091,-77.9090909090909],[-4.0,-78.0]]],[[[-9.724137931034482,-77.72413793103448],[-9.428571428571427,-78.0],[-9.636363636363637,-78.36363636363636],[-10.0,-78.57142857142856],[-10.347826086956522,-78.34782608695653],[-10.444444444444443,-78.0],[-9.724137931034482,-77.72413793103448]]],[[[60.72222222222223,-67.27777777777777],[61.0,-67.38461538461539],[61.3125,-67.3125],[61.45454545454545,-67.0],[61.82089552238806,-66.82089552238807],[62.66666666666667,-67.0],[62.80645161290323,-67.19354838709677],[63.53846153846155,-67.46153846153847],[63.86666666666667,-68.0],[63.916666666666664,-69.0],[64.93939393939394,-69.06060606060606],[65.57142857142857,-70.0],[65.0,-70.16666666666667],[64.20253164556962,-71.20253164556962],[63.13333333333333,-71.13333333333333],[63.0,-71.375],[61.7,-71.7],[61.66666666666667,-72.0],[62.41791044776119,-72.5820895522388],[62.56410256410257,-73.43589743589743],[64.0,-73.68571428571428],[64.44859813084112,-73.44859813084112],[64.7741935483871,-73.0],[64.87301587301587,-71.87301587301587],[66.26470588235294,-71.73529411764706],[66.6,-72.0],[67.0,-72.75],[68.2,-72.19999999999999],[68.54385964912281,-71.5438596491228],[69.0,-71.27777777777777],[70.08695652173913,-71.08695652173913],[72.03030303030303,-71.03030303030303],[72.0,-70.75],[70.0,-70.80000000000001],[69.63636363636364,-70.36363636363636],[69.61904761904762,-70.0],[70.0,-69.38461538461539],[71.0,-69.5],[71.4,-69.4],[72.0,-69.0],[72.81818181818181,-69.18181818181819],[74.84,-68.84],[75.0,-68.0],[75.78947368421052,-67.78947368421052],[77.26666666666668,-67.73333333333333],[77.66666666666667,-68.0],[77.28571428571428,-68.28571428571428],[77.0,-68.25],[76.52,-68.52],[76.33333333333333,-69.0],[77.28571428571428,-69.28571428571428],[78.33333333333334,-69.0],[78.75,-68.75],[79.73333333333333,-68.73333333333333],[81.0,-68.4],[81.33333333333334,-68.66666666666667],[82.0,-68.73333333333333],[82.47826086956522,-68.47826086956522],[82.75,-67.75],[83.0,-67.69565217391305],[84.0,-68.0],[84.63636363636363,-68.36363636363636],[85.0,-68.4],[86.0,-68.0],[86.46666666666667,-67.46666666666667],[86.4375,-67.0],[86.5813953488372,-66.5813953488372],[87.0,-66.4375],[89.0,-66.53846153846153],[90.0,-66.29411764705883],[91.0,-66.4375],[91.38888888888889,-66.38888888888889],[92.0,-66.0],[93.84,-66.16],[96.0,-66.125],[97.0,-66.35714285714286],[97.25641025641025,-66.25641025641025],[98.0,-65.55555555555556],[99.10526315789474,-65.10526315789474],[100.0,-64.97916666666666],[101.4,-65.4],[101.66666666666667,-65.33333333333334],[102.43478260869564,-66.56521739130434],[104.0,-66.8076923076923],[105.0,-66.70370370370371],[106.82857142857142,-66.82857142857142],[107.26086956521739,-66.7391304347826],[107.75,-67.0],[107.46153846153847,-67.46153846153847],[105.0,-67.53333333333333],[104.0,-67.26315789473685],[102.0,-67.3125],[101.5217391304348,-67.52173913043478],[101.0,-68.0],[101.30000000000001,-68.7],[102.0,-69.0],[102.4,-69.6],[103.0,-69.75],[103.72413793103448,-69.72413793103448],[104.45161290322581,-69.45161290322581],[105.0,-68.77777777777777],[106.28571428571428,-68.71428571428571],[107.0,-69.0],[107.375,-69.625],[108.0,-70.0],[106.24000000000001,-70.24],[105.6,-71.0],[105.0909090909091,-71.0909090909091],[101.75,-71.25],[99.0,-71.21428571428572],[98.4,-71.4],[98.15384615384615,-72.0],[98.52173913043478,-72.47826086956522],[99.25641025641025,-72.74358974358974],[101.0,-72.93333333333334],[101.5,-73.5],[102.15789473684211,-73.84210526315789],[103.25,-74.0],[103.60000000000001,-74.4],[103.89473684210526,-75.10526315789474],[106.2,-76.0],[106.55555555555554,-76.44444444444444],[107.0,-76.66666666666666],[108.0,-76.625],[110.0,-77.0],[110.33333333333334,-77.66666666666667],[111.0,-78.0],[111.28571428571428,-78.71428571428571],[112.0,-78.83333333333334],[115.0,-78.71428571428572],[117.0,-79.0],[116.0,-79.5],[115.5,-80.0],[115.76470588235294,-80.23529411764706],[117.0,-80.55555555555556],[119.23529411764706,-80.76470588235294],[120.31578947368419,-80.68421052631578],[121.0,-81.0],[121.26666666666667,-80.26666666666667],[121.1904761904762,-79.80952380952381],[120.66666666666667,-79.33333333333334],[120.0,-79.11111111111111],[118.85714285714286,-79.14285714285714],[118.0,-79.0],[120.79310344827587,-78.79310344827587],[122.23529411764707,-78.23529411764706],[122.4,-78.0],[121.41025641025641,-77.58974358974359],[121.11111111111111,-76.88888888888889],[120.59090909090908,-76.4090909090909],[120.66037735849056,-75.66037735849056],[120.99999999999999,-75.18181818181817],[121.73333333333333,-75.26666666666667],[122.30769230769232,-75.69230769230771],[123.0,-75.6923076923077],[123.69230769230768,-75.0],[124.125,-74.125],[124.52380952380952,-73.0],[124.52380952380952,-72.52380952380952],[124.66666666666669,-72.33333333333334],[124.66666666666666,-72.0],[124.0,-71.6],[123.0,-71.5],[122.0,-71.6],[121.25,-71.0],[121.625,-70.625],[122.0,-70.5],[123.0,-70.6],[123.375,-70.375],[123.6,-70.0],[123.60000000000001,-69.6],[125.0,-69.875],[126.0,-70.36363636363637],[127.0,-70.42857142857143],[127.26666666666667,-70.26666666666667],[127.56756756756758,-69.56756756756758],[128.5,-69.0],[128.5,-68.5],[129.47368421052633,-67.47368421052632],[129.77777777777777,-66.77777777777777],[130.23076923076923,-66.76923076923077],[130.5909090909091,-67.4090909090909],[131.0,-67.6],[131.55555555555554,-67.55555555555556],[132.0,-67.0],[133.0,-66.16666666666667],[133.37037037037038,-66.62962962962963],[135.33333333333334,-67.0],[135.4,-67.4],[135.0,-67.5],[134.0,-67.375],[132.5,-68.5],[132.43333333333334,-69.0],[132.0,-69.5909090909091],[131.7391304347826,-69.73913043478261],[131.25806451612902,-71.0],[131.52083333333334,-71.47916666666667],[132.0,-71.63888888888889],[133.51219512195124,-71.51219512195121],[134.0,-71.28571428571428],[134.44444444444443,-71.44444444444444],[135.0,-70.66666666666666],[136.0,-70.42857142857143],[136.1818181818182,-70.18181818181819],[136.17142857142858,-69.82857142857142],[135.0,-69.33333333333334],[134.85714285714286,-68.85714285714286],[135.0,-68.5],[135.5,-68.0],[135.60000000000002,-67.6],[137.0,-68.0],[138.0,-68.0],[137.55555555555554,-68.55555555555556],[137.6,-69.0],[138.0,-69.11764705882354],[139.1142857142857,-69.11428571428571],[139.5,-69.0],[139.66666666666666,-68.0],[139.88571428571427,-67.88571428571429],[141.0,-68.0],[140.36363636363637,-68.36363636363636],[140.22222222222223,-69.0],[141.0,-69.77777777777777],[141.21052631578948,-69.78947368421052],[141.25,-70.0],[140.0,-70.83333333333334],[138.27272727272728,-71.27272727272728],[135.0,-71.25],[134.53846153846155,-71.53846153846153],[134.625,-72.0],[133.7049180327869,-72.70491803278688],[133.5263157894737,-73.0],[133.44444444444443,-74.0],[133.57142857142856,-75.0],[133.2,-75.2],[132.0,-75.4],[131.0,-75.36363636363636],[130.5,-75.0],[130.16216216216216,-73.83783783783784],[129.43835616438355,-73.56164383561644],[128.0,-73.47826086956522],[127.0,-73.84615384615384],[126.53846153846155,-74.53846153846155],[125.6,-75.0],[126.00000000000001,-75.33333333333334],[126.60000000000001,-75.4],[127.875,-76.125],[129.0,-76.4375],[129.9,-77.0],[130.0,-77.33333333333334],[131.0,-78.0],[129.27586206896552,-78.27586206896552],[128.0,-78.66666666666667],[127.0,-78.75],[126.75,-79.0],[127.0,-79.33333333333334],[128.0,-79.75],[128.66666666666669,-80.33333333333334],[130.0,-80.5],[130.83333333333334,-81.0],[130.47619047619048,-81.47619047619048],[129.77777777777777,-81.77777777777777],[129.6,-82.0],[129.8181818181818,-82.18181818181819],[132.0,-83.0],[133.66666666666669,-82.66666666666667],[135.13333333333333,-82.13333333333333],[138.0,-82.0],[139.0,-82.15],[140.0,-82.0],[140.0,-81.0],[141.0,-81.0],[140.63636363636363,-80.36363636363636],[140.71428571428572,-80.0],[141.0,-79.66666666666666],[143.0,-79.45454545454544],[144.0,-79.77777777777777],[145.0,-79.6],[146.0,-79.23076923076923],[148.0,-79.0],[148.53846153846155,-78.53846153846155],[149.26086956521738,-78.26086956521739],[149.375,-78.0],[149.0,-77.625],[147.89473684210526,-77.10526315789474],[147.8,-77.0],[147.88888888888889,-76.88888888888889],[149.24,-76.24000000000001],[150.0,-75.5],[151.63636363636363,-74.63636363636363],[152.0,-74.6],[152.14814814814815,-74.85185185185185],[152.4,-76.0],[153.0,-76.17647058823529],[154.0,-75.8],[154.79999999999998,-75.0],[154.69230769230768,-74.0],[154.77777777777777,-73.77777777777777],[155.0,-73.63636363636364],[155.3478260869565,-73.65217391304348],[156.0,-74.0],[156.0952380952381,-73.0],[156.0,-72.84],[155.42424242424244,-72.57575757575758],[155.0,-71.28571428571428],[154.0,-71.2],[153.45714285714286,-70.54285714285714],[152.82857142857142,-70.17142857142858],[152.7,-70.0],[152.76,-69.75999999999999],[154.0,-69.57142857142857],[157.64444444444445,-70.35555555555555],[158.1025641025641,-70.8974358974359],[158.67741935483872,-71.32258064516128],[158.85,-72.0],[159.1578947368421,-72.15789473684211],[159.7826086956522,-72.21739130434783],[160.0,-72.38461538461539],[160.43478260869566,-71.56521739130434],[160.0,-71.0],[160.52941176470588,-71.47058823529412],[161.0,-71.375],[161.49382716049382,-71.50617283950616],[162.0,-72.02222222222221],[162.43243243243245,-71.43243243243244],[163.03508771929825,-71.03508771929825],[163.86666666666667,-70.86666666666667],[165.45283018867923,-71.54716981132076],[166.0,-72.08333333333333],[167.0,-72.05357142857143],[167.75,-72.25],[168.0,-73.0],[167.7303370786517,-73.73033707865169],[166.0,-74.54166666666667],[164.0,-74.70833333333333],[163.84782608695653,-74.84782608695652],[162.9586206896552,-74.95862068965518],[162.411214953271,-75.41121495327103],[160.72340425531917,-75.72340425531915],[160.13333333333335,-76.0],[159.07692307692307,-77.0],[160.0,-78.0],[161.45714285714286,-78.54285714285714],[162.2926829268293,-78.70731707317074],[164.0,-78.54545454545455],[165.0,-78.81818181818181],[165.16,-79.0],[165.1081081081081,-79.10810810810811],[164.0,-79.33333333333334],[162.0,-79.15384615384615],[161.0,-79.22857142857143],[160.0,-79.37142857142857],[159.66153846153847,-79.66153846153847],[159.0,-79.88059701492537],[157.86813186813185,-79.86813186813187],[157.4,-80.0],[156.3,-81.0],[156.26086956521738,-81.26086956521739],[155.57142857142856,-82.0],[155.8235294117647,-82.17647058823529],[156.0,-83.0],[156.33333333333334,-82.33333333333334],[157.25806451612902,-82.25806451612902],[159.325,-82.675],[159.96899224806202,-83.03100775193799],[161.08888888888887,-82.91111111111111],[161.86486486486487,-83.13513513513513],[163.4,-84.0],[164.2,-84.2],[164.8,-84.2],[166.0,-84.58333333333334],[166.3684210526316,-84.36842105263159],[167.0,-84.3125],[169.0,-84.4047619047619],[170.0,-84.62962962962963],[171.2950819672131,-84.70491803278688],[172.0,-85.0],[173.0,-85.1875],[174.12,-85.11999999999999],[174.65432098765433,-84.65432098765432],[175.0,-84.54838709677419],[175.33333333333334,-84.66666666666667],[175.8421052631579,-85.15789473684211],[176.17821782178217,-85.17821782178217],[179.23391812865498,-85.23391812865498],[179.9090909090909,-85.0],[180.0,-84.83333333333334],[180.0,-90.0],[-180.0,-90.0],[-180.0,-84.83333333333334],[-179.9230769230769,-85.0],[-179.0,-85.27906976744185],[-173.0,-85.20289855072464],[-170.0,-85.4516129032258],[-168.0,-85.35897435897435],[-166.5128205128205,-85.51282051282051],[-164.01869158878503,-86.01869158878505],[-161.94059405940595,-86.05940594059406],[-158.0,-86.37777777777778],[-153.77304964539007,-86.22695035460993],[-148.0,-86.51162790697674],[-139.0,-86.22535211267605],[-135.0,-86.34782608695653],[-131.19672131147541,-86.19672131147541],[-123.99999999999999,-86.11111111111111],[-122.0,-86.1896551724138],[-118.00000000000001,-86.06521739130436],[-117.76923076923076,-86.0],[-117.71428571428571,-85.71428571428571],[-118.0,-85.25],[-119.0,-85.33333333333334],[-119.19999999999999,-85.2],[-120.11764705882352,-85.11764705882354],[-123.0,-85.0],[-117.08333333333333,-84.91666666666667],[-115.25,-84.75],[-115.0,-84.0],[-113.60000000000001,-83.4],[-113.0,-83.0],[-112.0,-82.83333333333334],[-111.71428571428571,-83.71428571428571],[-111.33333333333334,-84.0],[-111.33333333333334,-84.33333333333334],[-111.0,-84.66666666666667],[-110.60000000000001,-84.4],[-110.5,-84.0],[-109.0,-83.5],[-108.0,-83.5],[-107.0,-83.9090909090909],[-104.0,-83.75],[-103.60000000000001,-83.4],[-103.0,-83.14285714285715],[-101.99999999999999,-83.1111111111111],[-101.22222222222223,-82.77777777777777],[-99.0,-82.22727272727272],[-98.0,-82.15384615384616],[-95.68,-81.68],[-95.23529411764706,-81.76470588235294],[-94.69230769230771,-81.3076923076923],[-94.75,-81.0],[-94.24742268041237,-80.75257731958763],[-93.0,-80.57499999999999],[-89.8048780487805,-79.8048780487805],[-88.0,-79.68181818181819],[-86.77777777777777,-79.22222222222223],[-86.28070175438596,-78.71929824561403],[-85.07894736842105,-77.92105263157895],[-84.0,-77.6046511627907],[-82.0,-77.46753246753246],[-80.63948497854076,-77.63948497854076],[-80.321608040201,-78.321608040201],[-80.0,-78.61538461538461],[-79.61904761904762,-78.61904761904762],[-78.88888888888889,-78.88888888888889],[-78.45217391304348,-79.45217391304348],[-78.0,-79.61904761904762],[-77.0,-79.48936170212767],[-75.62637362637362,-79.62637362637363],[-74.80645161290323,-79.80645161290323],[-74.53846153846153,-80.0],[-75.0,-80.375],[-77.2,-81.0],[-78.33333333333334,-81.66666666666667],[-79.0,-81.78947368421053],[-80.575,-82.425],[-82.0,-82.63888888888889],[-83.0,-82.70967741935485],[-83.61904761904762,-82.61904761904762],[-84.0,-82.38461538461539],[-84.3448275862069,-82.3448275862069],[-84.45454545454545,-82.0],[-84.75999999999999,-81.75999999999999],[-86.7,-81.7],[-88.0,-81.36842105263158],[-90.99999999999999,-81.97222222222221],[-93.11428571428571,-81.88571428571429],[-94.0,-82.0],[-93.0,-82.22222222222223],[-91.69230769230771,-82.30769230769232],[-91.22222222222223,-82.22222222222223],[-91.0,-82.33333333333334],[-90.75,-82.75],[-90.33333333333334,-83.0],[-91.0,-84.0],[-89.21428571428572,-84.21428571428572],[-86.83050847457628,-84.16949152542374],[-86.28571428571428,-84.0],[-85.73333333333333,-83.26666666666667],[-85.0,-83.0],[-84.37209302325581,-83.37209302325581],[-82.0,-83.61904761904762],[-80.60606060606061,-83.6060606060606],[-77.0,-84.17647058823529],[-76.0,-83.875],[-73.0,-84.0],[-71.83333333333334,-84.83333333333334],[-71.8,-85.0],[-71.0,-85.47058823529412],[-69.28571428571428,-86.0],[-69.2,-86.2],[-68.52941176470588,-86.52941176470588],[-67.0,-86.80000000000001],[-64.0,-86.72727272727272],[-63.0,-86.45454545454545],[-61.0,-86.46666666666667],[-59.77777777777778,-86.22222222222223],[-59.5,-86.0],[-59.4,-85.0],[-58.67999999999999,-84.32],[-57.0,-83.44444444444444],[-55.64102564102564,-83.35897435897436],[-52.08333333333333,-84.0],[-51.0,-84.70833333333333],[-50.16216216216216,-84.83783783783784],[-49.0,-84.75],[-47.86046511627907,-84.86046511627907],[-47.0,-85.13333333333334],[-45.0,-85.46153846153845],[-42.0,-85.38888888888889],[-40.66666666666667,-85.66666666666667],[-40.05263157894737,-86.05263157894737],[-39.2,-86.2],[-37.78378378378378,-86.21621621621622],[-37.0,-86.07692307692308],[-35.0,-86.47058823529412],[-31.83783783783784,-86.83783783783784],[-31.0,-87.0],[-31.0,-88.0],[-30.285714285714285,-87.71428571428572],[-27.89473684210526,-87.89473684210526],[-22.789473684210527,-87.78947368421052],[-22.0,-88.0],[-21.5,-88.5],[-20.77777777777778,-88.77777777777777],[-17.0,-88.75],[-16.0,-89.0],[-15.133333333333333,-88.86666666666667],[-5.0,-88.85714285714286],[-4.0,-88.66666666666666],[-1.0,-88.75],[-0.4,-88.6],[0.0,-88.0],[-1.0,-87.57142857142857],[-9.0,-87.27272727272728],[-16.18181818181818,-87.18181818181819],[-17.0,-87.0],[-17.6,-86.60000000000001],[-18.0,-86.5],[-19.0,-86.5],[-19.333333333333336,-86.33333333333334],[-22.0,-86.0],[-22.875,-86.125],[-24.0,-86.0],[-24.25,-85.25],[-24.5,-85.0],[-27.0,-84.3076923076923],[-29.0,-84.22222222222221],[-32.0,-84.375],[-34.0,-84.08695652173913],[-35.170212765957444,-84.17021276595744],[-37.0,-84.0],[-37.285714285714285,-83.0],[-37.0,-82.33333333333334],[-36.75,-82.25],[-36.75,-82.0],[-35.42857142857143,-81.57142857142857],[-35.0,-80.9375],[-34.22727272727273,-80.77272727272728],[-30.541666666666664,-80.45833333333333],[-29.933333333333334,-80.0],[-29.0,-79.64102564102564],[-27.0,-79.59375],[-26.0,-79.77777777777777],[-24.408163265306122,-79.59183673469387],[-24.0,-79.33333333333334],[-23.0,-79.0],[-24.0,-78.72222222222223],[-24.65,-78.0],[-24.37142857142857,-77.62857142857143],[-24.0,-77.47999999999999],[-21.733333333333334,-77.26666666666668],[-21.0,-77.0],[-20.0,-77.45454545454545],[-18.0,-77.625],[-17.75,-77.75],[-17.625,-78.0],[-17.7,-78.30000000000001],[-18.0,-78.42857142857143],[-20.77777777777778,-78.77777777777777],[-21.5,-79.0],[-21.0,-79.2],[-20.0,-79.25],[-18.0,-79.66666666666666],[-16.0,-79.4],[-15.52,-79.52],[-15.000000000000002,-80.33333333333334],[-14.666666666666668,-80.33333333333334],[-14.666666666666668,-80.0],[-14.363636363636363,-79.63636363636364],[-14.0,-79.5],[-12.5,-80.0],[-12.4,-80.4],[-10.714285714285715,-80.71428571428572],[-10.0,-81.0],[-10.600000000000001,-81.4],[-11.0,-81.5],[-12.285714285714285,-81.28571428571428],[-13.666666666666668,-80.66666666666667],[-14.333333333333334,-80.66666666666667],[-14.333333333333334,-81.0],[-14.666666666666668,-81.33333333333334],[-15.0,-81.4],[-16.0,-81.25],[-17.46153846153846,-81.53846153846155],[-19.0,-81.5],[-20.0,-81.66666666666667],[-21.0,-82.0],[-19.0,-82.5],[-17.0,-82.6],[-9.0,-82.20000000000002],[-6.222222222222222,-82.22222222222223],[-5.0,-82.4],[-4.0,-82.25],[-1.0,-82.33333333333334],[0.0,-82.0],[5.0,-82.0],[6.0,-81.66666666666667],[7.285714285714286,-81.71428571428571],[8.0,-82.0],[13.0,-82.0],[13.0,-83.0],[17.875,-83.125],[18.5,-83.5],[18.555555555555554,-84.44444444444443],[19.0,-85.0],[19.571428571428573,-84.57142857142857],[20.42857142857143,-84.42857142857143],[21.5,-84.0],[21.5,-83.5],[22.0,-83.0],[21.666666666666668,-82.33333333333334],[21.75,-82.0],[21.0,-81.5],[20.6,-81.4],[18.0,-81.18181818181819],[17.058823529411764,-80.94117647058823],[11.0,-80.0625],[9.0,-80.0],[8.166666666666666,-80.16666666666666],[8.0,-80.33333333333333],[7.0,-80.0],[6.0,-80.33333333333333],[5.0,-80.33333333333333],[4.0,-79.66666666666667],[3.666666666666667,-79.66666666666667],[3.0,-80.0],[2.0,-79.0],[3.666666666666667,-78.66666666666667],[4.0,-78.0],[4.470588235294118,-77.47058823529412],[4.5,-77.0],[4.266666666666667,-76.73333333333333],[4.0,-76.6],[3.0,-76.5],[1.0,-76.6875],[0.0,-76.54545454545455],[-0.34285714285714286,-76.34285714285714],[-0.7931034482758621,-75.79310344827587],[-2.0,-75.375],[-3.0,-74.28571428571429],[-4.277777777777778,-74.72222222222223],[-5.826086956521739,-74.82608695652173],[-6.0,-74.66666666666667],[-6.142857142857142,-74.85714285714286],[-8.4,-75.0],[-9.53846153846154,-75.46153846153847],[-9.862068965517242,-76.13793103448276],[-16.0,-76.72727272727272],[-16.5,-76.5],[-17.0,-76.0],[-16.38095238095238,-75.61904761904762],[-16.0,-75.63636363636363],[-15.5625,-75.4375],[-15.0,-75.0625],[-14.222222222222221,-74.77777777777777],[-13.714285714285714,-74.28571428571428],[-13.153846153846153,-74.15384615384615],[-11.61038961038961,-73.3896103896104],[-11.0,-73.26530612244898],[-10.0,-73.35],[-8.571428571428571,-73.0],[-8.818181818181818,-72.81818181818181],[-9.272727272727273,-72.0],[-9.17142857142857,-71.82857142857144],[-6.448979591836735,-70.55102040816327],[-5.0,-70.61111111111111],[-4.0,-70.33333333333334],[-3.0,-70.35714285714285],[-2.5384615384615388,-70.53846153846155],[-2.1149425287356323,-71.11494252873564],[-0.8,-71.2],[-0.5652173913043479,-71.0],[-0.45614035087719296,-70.5438596491228],[0.0,-70.27777777777777],[1.1176470588235294,-70.11764705882354],[7.0,-70.0],[7.684210526315789,-69.68421052631578],[9.0,-69.53846153846155],[9.387096774193548,-69.61290322580645],[10.0,-70.0],[11.0,-70.0],[11.523809523809524,-69.52380952380952],[12.0,-69.58333333333333],[13.0,-69.375],[15.0,-69.6923076923077],[15.666666666666668,-69.66666666666667],[18.0,-69.16666666666667],[18.333333333333336,-69.66666666666667],[18.3125,-70.0],[19.0,-70.26190476190476],[20.0,-70.38709677419355],[21.0,-70.3125],[22.0,-70.06818181818183],[22.806451612903224,-70.19354838709677],[24.9,-70.1],[26.0,-70.22],[27.0,-70.56756756756758],[27.61904761904762,-70.61904761904762],[28.0,-70.5],[29.0,-71.22222222222223],[30.0,-70.0],[30.0,-69.0],[30.529411764705884,-69.47058823529412],[31.0,-69.44444444444444],[32.064516129032256,-69.06451612903226],[32.5,-68.5],[34.54545454545455,-68.54545454545455],[36.21052631578948,-68.78947368421052],[37.0,-69.22222222222221],[37.4,-69.0],[38.0,-68.25],[38.46153846153847,-68.53846153846155],[38.333333333333336,-69.0],[39.0,-69.75],[39.34285714285714,-69.34285714285714],[39.333333333333336,-68.66666666666667],[39.0,-68.33333333333333],[38.53846153846154,-68.46153846153847],[38.25,-68.0],[39.79591836734694,-67.79591836734694],[40.0,-67.58333333333334],[40.4375,-67.4375],[40.77777777777778,-67.0],[42.12121212121212,-66.87878787878788],[44.0,-67.0],[45.0,-66.6],[46.0,-66.8125],[47.0,-66.06666666666666],[47.66153846153846,-66.33846153846154],[49.0,-66.33333333333334],[49.58904109589041,-65.58904109589041],[51.0,-65.0],[52.45454545454545,-65.0],[52.8,-65.2],[53.652173913043484,-65.34782608695652],[54.0,-65.72727272727272],[56.0,-66.54545454545455],[57.0,-66.5],[58.0,-66.66666666666667],[60.0,-66.47619047619048],[60.35483870967742,-66.64516129032259],[60.6875,-67.0],[60.72222222222223,-67.27777777777777]],[[120.66666666666667,-81.66666666666667],[120.0,-82.0],[119.125,-82.125],[117.7,-82.7],[115.0,-83.0],[114.0,-83.33333333333333],[112.0,-83.125],[109.0,-84.0],[110.0,-85.0],[109.4,-85.4],[106.77777777777777,-85.77777777777777],[106.0,-86.0],[106.75,-86.25],[110.0,-86.4],[110.66666666666667,-86.0],[110.66666666666667,-85.66666666666667],[111.33333333333334,-85.33333333333334],[112.0,-85.25],[114.00000000000001,-85.33333333333334],[114.33333333333334,-85.0],[114.8095238095238,-84.80952380952381],[116.0,-84.66666666666667],[116.75,-85.0],[117.00000000000001,-85.33333333333334],[119.0,-85.75],[124.0,-85.58333333333334],[126.00000000000001,-85.33333333333334],[130.3,-85.3],[132.0,-85.14285714285714],[132.25,-85.0],[130.0,-84.76923076923076],[125.66666666666667,-84.66666666666667],[125.00000000000001,-84.61538461538461],[124.0,-84.3],[122.0,-84.33333333333334],[120.81818181818181,-84.18181818181819],[120.5,-84.0],[121.55555555555556,-83.55555555555554],[122.09523809523809,-83.09523809523809],[122.125,-82.875],[122.0,-82.0],[121.4,-81.60000000000001],[121.0,-81.0],[120.66666666666667,-81.66666666666667]],[[105.22222222222223,-85.77777777777777],[103.18181818181819,-85.81818181818181],[101.0,-85.5],[98.33333333333334,-85.66666666666667],[96.0,-85.5],[95.60000000000001,-85.4],[95.0,-85.0],[94.0,-85.0],[93.0,-84.75],[92.0,-85.25],[90.0,-85.33333333333334],[89.0,-85.16666666666667],[88.0,-85.42857142857143],[82.0,-85.57142857142856],[80.0,-85.88888888888889],[78.0,-86.0],[78.0,-87.0],[81.0,-87.0],[82.00000000000001,-87.20000000000002],[84.0,-87.25],[86.0,-87.5],[87.0,-87.4],[89.0,-87.83333333333334],[91.0,-87.83333333333334],[92.0,-88.0],[93.0,-87.83333333333334],[94.0,-88.0],[100.11764705882354,-88.11764705882352],[103.0,-87.66666666666667],[103.33333333333334,-87.66666666666667],[104.0,-88.0],[105.0,-87.0],[105.4,-86.4],[106.0,-86.0],[105.22222222222223,-85.77777777777777]],[[0.4,-88.6],[0.6666666666666667,-89.33333333333334],[1.0,-89.5],[1.3333333333333333,-89.33333333333334],[1.6,-88.6],[2.0,-88.0],[1.0,-87.80000000000001],[0.0,-88.0],[0.4,-88.6]],[[12.133333333333333,-83.13333333333333],[10.076923076923077,-83.07692307692307],[9.210526315789474,-83.21052631578948],[8.0,-83.66666666666667],[7.833333333333334,-84.0],[8.0,-84.2],[9.31578947368421,-84.68421052631578],[11.0,-84.77777777777777],[12.647058823529411,-84.6470588235294],[13.0,-84.0],[13.0,-83.0],[12.133333333333333,-83.13333333333333]],[[75.0,-86.5],[74.0,-86.66666666666667],[71.71428571428571,-86.71428571428571],[71.0,-87.0],[73.0,-87.125],[75.125,-87.125],[76.0,-87.0],[75.4,-86.60000000000001],[75.0,-86.5]],[[70.4,-86.60000000000001],[69.63636363636364,-86.36363636363637],[69.0,-86.0],[68.08333333333334,-85.91666666666667],[65.0,-86.0],[64.0,-85.91666666666666],[56.0,-86.41176470588235],[47.0,-86.44444444444444],[46.0,-86.75],[44.16666666666667,-86.83333333333334],[43.0,-86.66666666666667],[41.77777777777778,-86.77777777777777],[41.0,-87.66666666666667],[40.0,-88.0],[40.6,-88.4],[41.400000000000006,-88.6],[43.0,-88.75],[47.0,-88.66666666666666],[47.333333333333336,-88.33333333333334],[48.0,-88.14285714285714],[48.77777777777778,-88.22222222222223],[49.0,-88.5],[49.400000000000006,-88.4],[50.0,-88.0],[50.60000000000001,-88.4],[51.0,-88.5],[53.0,-88.5],[53.25,-88.25],[54.0,-88.0],[54.913043478260875,-87.91304347826087],[57.0,-88.0],[59.0,-87.71428571428572],[63.0,-87.66666666666667],[65.0,-87.4375],[70.19047619047619,-87.19047619047619],[71.0,-87.0],[70.4,-86.60000000000001]],[[53.66666666666667,-78.0],[52.77777777777778,-77.77777777777777],[52.0,-78.0],[52.63636363636363,-78.36363636363636],[53.5,-78.5],[53.66666666666667,-78.0]],[[53.66666666666667,-79.0],[55.0,-79.1111111111111],[55.16666666666667,-79.00000000000001],[54.8,-78.8],[54.2,-78.8],[54.0,-78.5],[53.5,-78.5],[53.66666666666667,-79.0]],[[61.791044776119406,-75.2089552238806],[62.77777777777778,-75.0],[62.38888888888889,-74.61111111111111],[62.11764705882353,-74.0],[62.222222222222214,-73.77777777777777],[61.93103448275862,-73.93103448275862],[61.702127659574465,-74.70212765957446],[61.125,-75.0],[61.791044776119406,-75.2089552238806]],[[72.0,-75.41666666666666],[70.60000000000001,-75.4],[69.33333333333334,-74.66666666666667],[68.0,-74.63157894736841],[67.0,-74.35714285714286],[64.0,-74.73333333333335],[63.333333333333336,-75.0],[65.6867469879518,-75.3132530120482],[68.0,-75.26923076923077],[69.48148148148148,-75.51851851851852],[69.99999999999999,-76.08333333333333],[72.0,-76.25],[72.63636363636364,-76.0],[72.38888888888889,-75.61111111111111],[72.0,-75.41666666666666]],[[89.14285714285715,-73.0],[88.0,-73.0],[88.93939393939395,-73.06060606060606],[89.14285714285715,-73.0]],[[91.26666666666668,-70.0],[91.19999999999999,-71.0],[92.0,-71.44444444444444],[93.1875,-71.1875],[93.61290322580646,-70.61290322580645],[94.57142857142858,-70.0],[94.30769230769232,-69.6923076923077],[94.0,-69.6],[92.0,-69.63333333333333],[91.26666666666668,-70.0]],[[97.0,-67.28125],[95.45614035087718,-67.45614035087719],[94.76271186440678,-67.76271186440678],[94.69565217391306,-68.30434782608697],[95.22222222222223,-68.77777777777777],[96.4,-69.0],[96.625,-69.375],[97.0,-69.5],[98.30769230769232,-69.30769230769232],[98.5,-69.0],[98.5,-68.0],[98.35897435897436,-67.64102564102564],[97.0,-67.28125]],[[102.0,-83.25],[103.84615384615384,-83.15384615384616],[104.33333333333334,-83.0],[101.66666666666669,-83.0],[102.0,-83.25]],[[146.0,-81.0],[144.8,-80.80000000000001],[144.5,-81.0],[145.0,-81.11111111111111],[146.0,-81.0]],[[148.8235294117647,-82.0],[149.1304347826087,-82.0],[149.0,-81.88],[148.8235294117647,-82.0]],[[157.28571428571428,-76.0],[157.0,-75.80000000000001],[156.8181818181818,-76.0],[156.95000000000002,-76.05000000000001],[157.28571428571428,-76.0]],[[-96.625,-86.0],[-97.76470588235294,-85.76470588235294],[-98.0,-85.19999999999999],[-98.5,-85.5],[-98.66666666666667,-86.0],[-97.77777777777777,-86.22222222222223],[-96.84210526315789,-86.15789473684211],[-96.625,-86.0]],[[8.0,-87.80000000000001],[7.0,-88.0],[8.0,-88.25],[8.333333333333334,-88.0],[8.0,-87.80000000000001]],[[21.285714285714285,-88.28571428571428],[21.636363636363637,-88.36363636363636],[25.18181818181818,-88.18181818181819],[25.5,-88.0],[24.30769230769231,-87.6923076923077],[22.0,-87.5],[20.0,-87.80000000000001],[18.285714285714285,-87.71428571428572],[17.0,-87.80000000000001],[14.470588235294118,-87.52941176470588],[13.0,-87.5],[11.647058823529411,-87.6470588235294],[11.0,-88.0],[11.684210526315788,-88.3157894736842],[12.0,-88.75],[15.714285714285712,-88.71428571428571],[17.0,-88.5],[18.0,-88.66666666666666],[19.0,-88.5],[20.0,-88.5],[21.0,-88.66666666666666],[21.285714285714285,-88.28571428571428]],[[32.0,-78.0],[30.866666666666667,-77.86666666666667],[30.5,-78.0],[31.0,-78.2],[32.0,-78.0]],[[46.6551724137931,-77.3448275862069],[47.41666666666667,-77.58333333333334],[48.72727272727273,-77.72727272727272],[49.68421052631578,-77.68421052631578],[50.44444444444444,-77.44444444444444],[51.0,-77.0],[47.0,-76.0],[46.523809523809526,-76.52380952380952],[46.375,-77.0],[46.6551724137931,-77.3448275862069]],[[98.0,-82.0],[95.30769230769232,-81.6923076923077],[94.0,-81.75],[93.78571428571429,-82.0],[94.0,-82.3],[95.57142857142857,-82.42857142857143],[96.375,-82.625],[96.66666666666667,-83.33333333333334],[97.0,-83.5],[98.0,-83.25],[98.25,-83.0],[98.11111111111111,-82.88888888888889],[98.0,-82.0]],[[99.0,-76.07692307692308],[98.37037037037037,-75.62962962962962],[98.0,-75.54545454545453],[97.0,-76.0],[97.23076923076923,-77.0],[97.70588235294117,-77.29411764705883],[99.37037037037035,-77.62962962962962],[100.0,-78.0],[101.0,-78.0],[101.60000000000001,-77.6],[101.89999999999999,-77.0],[101.48648648648648,-76.51351351351352],[100.4,-76.0],[100.0,-75.66666666666667],[99.0,-76.07692307692308]],[[42.80952380952381,-76.80952380952381],[42.45454545454545,-77.0],[42.625,-77.375],[43.0,-77.54545454545453],[43.42857142857143,-77.42857142857143],[43.75,-77.0],[43.21818181818182,-76.78181818181818],[42.80952380952381,-76.80952380952381]]],[[[-7.545454545454546,-77.45454545454545],[-8.0,-77.55555555555556],[-9.0,-77.4],[-9.19047619047619,-77.19047619047619],[-9.137931034482758,-76.86206896551724],[-8.0,-76.6875],[-7.166666666666667,-77.0],[-7.545454545454546,-77.45454545454545]]],[[[-26.5,-77.0],[-27.71875,-77.28125],[-28.0,-77.44999999999999],[-30.0,-77.0],[-28.0,-76.5],[-26.7,-76.7],[-26.5,-77.0]]],[[[-21.757575757575758,-76.75757575757575],[-23.0,-76.625],[-24.0,-76.25],[-25.275862068965516,-76.27586206896552],[-25.666666666666668,-76.0],[-25.0,-75.66666666666667],[-24.0,-75.66666666666667],[-23.0,-75.375],[-21.0,-75.35294117647058],[-20.0,-75.47619047619048],[-19.58490566037736,-75.58490566037736],[-19.153846153846153,-76.0],[-19.551020408163268,-76.44897959183673],[-21.0,-77.0],[-21.757575757575758,-76.75757575757575]]],[[[-71.11111111111111,-74.0],[-71.54285714285714,-74.45714285714286],[-72.0,-74.61538461538461],[-72.31372549019608,-74.31372549019608],[-73.11428571428571,-74.11428571428571],[-74.92156862745098,-74.07843137254902],[-75.21052631578948,-74.21052631578948],[-75.53846153846155,-73.53846153846155],[-76.10526315789474,-73.10526315789474],[-76.125,-73.0],[-75.89473684210526,-72.89473684210526],[-74.2,-72.8],[-73.0,-71.8],[-71.88235294117646,-71.88235294117646],[-70.78947368421052,-71.78947368421053],[-70.0,-72.0],[-70.60000000000001,-72.4],[-71.71428571428571,-72.28571428571428],[-72.4,-72.6],[-72.5,-73.0],[-71.47058823529412,-73.47058823529412],[-71.11111111111111,-74.0]]],[[[-61.333333333333336,-66.0],[-62.0,-66.28571428571429],[-62.243902439024396,-66.7560975609756],[-62.55555555555556,-67.0],[-62.5,-68.0],[-61.84,-68.16],[-61.095238095238095,-68.0952380952381],[-60.04651162790698,-69.04651162790698],[-60.11764705882352,-69.88235294117646],[-60.0,-70.09375],[-59.85365853658537,-70.14634146341463],[-59.42424242424242,-69.57575757575758],[-59.0,-69.53333333333333],[-58.720000000000006,-69.72],[-58.58823529411765,-70.0],[-58.68888888888888,-70.3111111111111],[-59.17777777777778,-70.82222222222222],[-58.99999999999999,-71.18181818181817],[-58.434782608695656,-71.43478260869566],[-57.833333333333336,-72.0],[-57.625,-73.0],[-57.88679245283019,-74.11320754716982],[-58.1304347826087,-74.13043478260869],[-58.68421052631579,-73.68421052631578],[-59.0,-73.6470588235294],[-59.52577319587628,-74.4742268041237],[-60.0,-74.76666666666665],[-61.05714285714286,-74.94285714285715],[-61.56666666666667,-75.43333333333334],[-61.99999999999999,-75.57777777777777],[-63.0,-75.2439024390244],[-64.89189189189189,-76.1081081081081],[-65.77011494252874,-76.22988505747126],[-66.20202020202021,-76.20202020202021],[-66.82857142857142,-75.82857142857142],[-67.23076923076923,-75.76923076923077],[-68.0,-76.13333333333334],[-69.0,-76.0],[-69.6875,-75.6875],[-70.66666666666667,-75.0],[-70.61538461538461,-74.61538461538461],[-70.80000000000001,-74.2],[-70.0,-73.0],[-69.33333333333334,-73.33333333333334],[-68.0,-73.11111111111111],[-67.0,-73.52941176470588],[-64.88235294117646,-73.11764705882354],[-64.46808510638299,-72.53191489361703],[-63.77358490566038,-72.22641509433961],[-63.714285714285715,-72.0],[-64.0,-71.66666666666667],[-64.55555555555554,-71.55555555555554],[-65.0,-71.0],[-65.24242424242425,-71.75757575757575],[-66.0,-71.92000000000002],[-66.71428571428571,-71.71428571428571],[-66.95652173913044,-70.95652173913044],[-68.0,-71.0],[-67.75,-70.25],[-67.84,-70.0],[-67.76470588235294,-69.76470588235294],[-68.0,-69.73333333333333],[-68.66666666666667,-70.0],[-68.71428571428571,-70.28571428571428],[-69.28571428571428,-70.28571428571428],[-69.4,-70.0],[-69.85365853658536,-69.85365853658536],[-69.94117647058823,-69.0],[-69.57142857142858,-68.42857142857143],[-69.0,-68.31914893617021],[-67.69014084507043,-68.69014084507043],[-67.3448275862069,-69.3448275862069],[-67.0,-69.3225806451613],[-66.50588235294117,-69.50588235294119],[-65.94736842105263,-70.05263157894737],[-64.66666666666667,-69.0],[-65.0,-67.71428571428571],[-66.25,-67.0],[-65.43478260869564,-66.56521739130434],[-65.0,-66.0],[-63.66666666666667,-65.33333333333334],[-62.794871794871796,-65.2051282051282],[-62.55555555555556,-65.0],[-62.0,-64.0],[-61.0,-64.09756097560975],[-60.3235294117647,-64.3235294117647],[-60.0,-64.84615384615384],[-59.592592592592595,-64.4074074074074],[-59.645161290322584,-64.0],[-59.400000000000006,-63.60000000000001],[-59.0,-63.45945945945947],[-58.54022988505747,-63.54022988505747],[-58.0,-63.85714285714286],[-57.77777777777777,-63.77777777777778],[-57.0,-64.0],[-57.77777777777777,-64.22222222222223],[-58.2,-64.8],[-59.0,-64.95238095238095],[-59.142857142857146,-64.85714285714286],[-59.333333333333336,-65.0],[-60.00000000000001,-65.66666666666667],[-60.048780487804876,-65.95121951219512],[-61.333333333333336,-66.0]]],[[[11.400000000000002,-69.4],[11.0,-70.0],[10.777777777777779,-69.22222222222223],[10.857142857142858,-69.0],[11.125,-69.0],[11.400000000000002,-69.4]]],[[[-4.0,-69.0],[-7.0,-69.2],[-8.0,-69.0],[-4.0,-69.0]]],[[[-55.76470588235294,-63.76470588235294],[-55.6,-64.0],[-56.0,-64.18181818181819],[-57.0,-64.0],[-57.0,-63.0],[-56.0,-62.72727272727273],[-55.78571428571429,-62.78571428571429],[-55.63636363636364,-63.36363636363636],[-55.76470588235294,-63.76470588235294]]],[[[-58.0,-52.125],[-58.166666666666664,-52.0],[-58.0,-51.5],[-57.0,-51.0],[-56.36363636363637,-51.36363636363636],[-55.0,-51.5],[-54.68421052631579,-51.68421052631579],[-54.625,-52.0],[-55.0,-52.230769230769226],[-55.684210526315795,-52.315789473684205],[-56.0,-52.5],[-56.315789473684205,-52.315789473684205],[-58.0,-52.125]]],[[[-64.73770491803279,10.262295081967213],[-64.06060606060606,10.06060606060606],[-63.15384615384615,10.153846153846153],[-63.0,10.2],[-62.68,10.68],[-62.0,11.0],[-61.0,11.0],[-60.0,10.333333333333332],[-59.66666666666667,10.333333333333334],[-59.0,10.0],[-58.89473684210527,9.105263157894736],[-58.0,9.0],[-57.91111111111111,8.088888888888889],[-56.85714285714286,8.0],[-56.5,7.5],[-55.96153846153846,7.038461538461538],[-55.75,7.0],[-55.46153846153847,6.538461538461538],[-55.0,6.25],[-54.0,6.0],[-53.0,6.5],[-52.6,6.4],[-52.0,6.0],[-51.0,5.75],[-50.0,5.199999999999999],[-49.971830985915496,5.028169014084507],[-49.0,5.0],[-48.97183098591549,4.028169014084507],[-48.5,4.0],[-48.0,3.0],[-48.0,2.0],[-47.5,2.5],[-47.0,2.5],[-46.8,2.2],[-46.0,2.0],[-46.0,1.0],[-45.4,0.6000000000000001],[-45.0,0.5],[-44.92857142857143,0.07142857142857145],[-43.0,0.0],[-43.0,-1.0],[-41.98994974874372,-0.9899497487437185],[-41.96774193548387,-1.967741935483871],[-39.8,-2.0],[-39.400000000000006,-2.4],[-38.0,-2.5],[-37.91304347826087,-2.9130434782608696],[-36.94117647058823,-3.0],[-36.550000000000004,-3.55],[-35.89473684210526,-4.0],[-35.63636363636364,-4.636363636363637],[-35.38461538461539,-4.615384615384615],[-34.88235294117647,-4.882352941176471],[-33.666666666666664,-5.0],[-32.98795180722891,-6.0],[-32.875,-8.0],[-32.993442622950816,-9.00655737704918],[-33.824561403508774,-9.175438596491228],[-33.992537313432834,-10.007462686567164],[-34.89010989010989,-10.10989010989011],[-34.99183673469388,-11.008163265306122],[-35.85,-11.15],[-36.0,-12.081632653061225],[-36.77358490566037,-12.226415094339622],[-36.77358490566037,-12.773584905660378],[-36.90625,-13.09375],[-36.90769230769231,-15.907692307692308],[-36.25,-16.0],[-36.869565217391305,-16.130434782608695],[-36.94871794871795,-17.94871794871795],[-36.0,-18.0],[-36.0,-19.0],[-37.0,-19.0],[-37.774193548387096,-19.225806451612904],[-38.0,-21.0],[-38.25,-21.75],[-38.5,-22.0],[-38.96610169491525,-22.033898305084747],[-39.074074074074076,-22.925925925925924],[-41.875,-23.125],[-42.15384615384615,-23.846153846153843],[-43.0,-24.0],[-44.0,-24.0],[-44.095238095238095,-24.904761904761905],[-44.5,-25.0],[-45.0,-26.0],[-45.5,-26.5],[-45.666666666666664,-27.0],[-45.5,-28.0],[-45.87878787878788,-28.12121212121212],[-46.04255319148936,-28.95744680851064],[-46.333333333333336,-29.0],[-47.66666666666667,-31.0],[-47.96,-31.04],[-48.0,-31.5],[-48.83333333333333,-32.166666666666664],[-49.0,-33.0],[-49.75,-33.25],[-50.28571428571428,-34.71428571428571],[-50.5,-35.0],[-50.95652173913044,-35.04347826086956],[-51.0,-35.5],[-51.400000000000006,-35.6],[-52.0,-36.0],[-53.0,-37.0],[-53.400000000000006,-37.6],[-54.0,-38.0],[-54.0,-39.0],[-56.0,-39.0],[-57.0,-40.0],[-58.0,-40.0],[-58.0,-42.0],[-60.0,-42.0],[-60.0,-43.0],[-60.333333333333336,-43.66666666666667],[-61.0,-44.0],[-62.0,-44.0],[-62.0,-45.0],[-62.285714285714285,-45.71428571428571],[-63.15384615384615,-45.84615384615385],[-64.0,-45.77777777777778],[-64.0952380952381,-45.904761904761905],[-64.0,-46.4],[-63.400000000000006,-46.400000000000006],[-62.66666666666667,-46.66666666666667],[-62.0,-48.0],[-62.55555555555555,-48.44444444444444],[-63.0,-48.5],[-63.5,-49.0],[-63.55555555555556,-49.44444444444444],[-64.0,-50.0],[-64.0,-51.0],[-65.0,-51.0],[-65.0,-53.0],[-64.0,-53.0],[-64.0,-54.0],[-62.08695652173913,-54.08695652173913],[-61.44444444444444,-54.44444444444444],[-61.3,-55.0],[-62.73076923076923,-55.269230769230774],[-63.0,-55.82352941176471],[-64.04651162790698,-56.04651162790698],[-66.38461538461539,-56.0],[-67.0,-55.46666666666667],[-67.11200000000001,-55.111999999999995],[-69.0,-55.0],[-69.02702702702703,-54.027027027027025],[-70.6,-54.0],[-70.6923076923077,-53.69230769230769],[-71.0,-53.6],[-71.08333333333334,-53.083333333333336],[-72.0,-53.0],[-72.0,-52.0],[-71.5,-51.5],[-71.4,-51.0],[-72.0,-50.25],[-71.9090909090909,-47.90909090909091],[-72.0,-46.5],[-71.5,-46.0],[-71.66666666666667,-45.66666666666667],[-71.75,-45.0],[-71.35294117647058,-44.64705882352941],[-71.0,-44.57142857142857],[-70.77777777777777,-44.0],[-70.77777777777777,-43.77777777777778],[-71.375,-43.375],[-71.3913043478261,-43.0],[-71.02531645569621,-41.974683544303794],[-71.0,-40.5],[-70.86666666666667,-39.86666666666667],[-71.0,-39.0],[-70.9090909090909,-38.0],[-70.37037037037037,-37.629629629629626],[-70.09655172413792,-36.90344827586207],[-70.0,-36.0],[-69.2,-35.8],[-69.28571428571428,-35.285714285714285],[-68.75,-34.0],[-69.07826086956521,-30.92173913043478],[-68.9278350515464,-30.0],[-68.38,-29.0],[-68.13274336283186,-28.0],[-68.30985915492957,-25.0],[-67.69072164948454,-22.690721649484537],[-67.67391304347827,-22.0],[-67.9,-20.9],[-67.73684210526316,-20.0],[-68.02597402597402,-19.0],[-68.39766081871345,-18.397660818713447],[-69.03389830508475,-18.033898305084747],[-70.68135593220339,-16.681355932203388],[-72.26107226107226,-16.26107226107226],[-73.0,-15.175],[-73.69405099150141,-14.694050991501415],[-73.99176954732509,-13.991769547325104],[-74.53982300884955,-13.539823008849558],[-74.9493670886076,-13.0],[-75.0625,-12.0625],[-75.74545454545455,-11.745454545454544],[-76.2,-10.2],[-76.96078431372548,-9.96078431372549],[-77.0,-9.0],[-78.0,-8.0],[-78.0451127819549,-7.045112781954887],[-78.39344262295081,-6.39344262295082],[-79.0,-5.857142857142858],[-79.0,-4.5],[-78.33333333333334,-4.0],[-78.125,-3.0],[-78.5,-2.0],[-78.15384615384616,-1.8461538461538463],[-78.27118644067797,-1.2711864406779663],[-78.10526315789474,-0.8947368421052632],[-78.04854368932038,0.0],[-77.19130434782609,0.19130434782608696],[-77.0,1.0],[-76.4,1.4000000000000001],[-75.74825174825176,2.7482517482517483],[-75.4857142857143,3.0],[-75.044776119403,4.044776119402985],[-75.02453987730061,5.975460122699387],[-75.20253164556962,7.2025316455696204],[-75.07272727272728,7.927272727272728],[-75.5,8.0],[-74.25806451612902,8.258064516129032],[-74.17391304347825,8.826086956521738],[-74.0,9.125],[-73.3157894736842,9.31578947368421],[-73.125,10.0],[-71.78947368421053,10.789473684210526],[-70.92156862745098,11.078431372549021],[-70.03389830508473,10.966101694915254],[-70.0,10.75],[-69.94444444444444,10.944444444444445],[-69.0909090909091,11.09090909090909],[-69.0,12.0],[-68.92,11.08],[-68.28571428571428,11.285714285714285],[-67.0,11.08],[-66.70212765957447,10.297872340425531],[-66.39080459770115,10.390804597701148],[-65.20779220779221,10.207792207792208],[-64.73770491803279,10.262295081967213]],[[-67.0,-54.3],[-66.66666666666667,-54.00000000000001],[-66.6470588235294,-53.647058823529406],[-67.0,-53.0],[-67.24000000000001,-54.24],[-67.0,-54.3]],[[-70.41379310344828,-42.41379310344827],[-70.0,-42.857142857142854],[-69.82608695652173,-42.17391304347826],[-70.0,-41.5],[-70.46153846153847,-41.53846153846154],[-70.85714285714286,-42.0],[-70.41379310344828,-42.41379310344827]],[[-69.0,-53.66666666666667],[-68.77777777777777,-53.0],[-68.85714285714286,-52.85714285714286],[-69.66666666666667,-53.0],[-69.36363636363636,-53.36363636363637],[-69.0,-53.66666666666667]]],[[[-61.5,11.5],[-62.0,11.0],[-62.01379310344827,12.013793103448275],[-61.5,12.0],[-61.5,11.5]]],[[[-24.752873563218394,15.24712643678161],[-24.598130841121495,15.0],[-25.0,14.713333333333335],[-25.29861111111111,15.0],[-25.0,15.313868613138686],[-24.752873563218394,15.24712643678161]]],[[[-71.21621621621622,19.216216216216218],[-71.0,19.2],[-70.0,19.611111111111114],[-68.95238095238095,19.047619047619047],[-67.96363636363637,19.036363636363635],[-67.94642857142857,18.946428571428573],[-69.0,18.789473684210527],[-69.13559322033898,18.864406779661017],[-69.59817351598173,18.598173515981735],[-71.34782608695653,19.0],[-71.21621621621622,19.216216216216218]]],[[[14.0,36.45],[12.666666666666666,37.0],[14.0,37.23913043478261],[14.184873949579833,37.18487394957983],[14.192982456140353,36.807017543859644],[14.0,36.45]]],[[[7.454545454545454,40.0],[8.0,40.81818181818181],[8.375,40.375],[8.391304347826086,40.0],[8.0,39.0],[7.491803278688525,39.50819672131147],[7.454545454545454,40.0]]],[[[9.376811594202898,42.3768115942029],[9.928571428571429,42.0],[9.0,41.434782608695656],[8.704545454545453,41.70454545454545],[9.0,42.30952380952381],[9.376811594202898,42.3768115942029]]],[[[-57.0,43.98765432098765],[-58.0,44.0],[-57.28571428571428,44.285714285714285],[-57.0,44.333333333333336],[-57.0,43.98765432098765]]],[[[-7.0,61.666666666666664],[-7.5,62.0],[-7.0,62.14285714285714],[-6.5,62.0],[-7.0,61.666666666666664]]],[[[-16.076923076923077,64.07692307692308],[-18.952380952380953,63.95238095238095],[-22.0,63.41666666666666],[-22.434782608695652,63.56521739130435],[-23.0,64.30434782608695],[-23.52941176470588,64.47058823529412],[-24.058823529411764,64.94117647058823],[-25.333333333333332,65.0],[-26.0,66.0],[-25.0,66.5],[-23.0,66.75],[-22.799999999999997,66.2],[-21.999999999999996,65.76923076923077],[-21.0,66.60606060606061],[-20.023529411764706,67.02352941176471],[-18.964912280701757,67.03508771929825],[-18.0,66.71428571428572],[-17.0,66.8],[-16.400000000000002,66.60000000000001],[-16.0,65.83333333333333],[-15.0,65.0],[-15.722222222222221,64.72222222222223],[-16.076923076923077,64.07692307692308]]],[[[22.862068965517242,79.13793103448276],[21.0,79.0],[22.0,78.66666666666667],[22.4,78.4],[22.666666666666668,78.0],[22.666666666666668,77.66666666666667],[24.0,77.0],[23.0,76.5],[22.6,76.60000000000001],[21.461538461538463,77.46153846153847],[21.0,77.6],[20.64705882352941,77.35294117647058],[19.153846153846153,77.15384615384616],[18.5,77.5],[18.0,78.33333333333334],[17.857142857142858,78.14285714285714],[17.22222222222222,78.22222222222223],[16.894736842105264,78.10526315789474],[16.5,77.5],[16.0,77.36363636363636],[15.5,77.0],[15.347826086956522,76.65217391304348],[15.0,76.5],[12.5,77.5],[12.133333333333333,78.13333333333333],[11.0,78.0],[10.0,78.1111111111111],[9.357142857142858,78.35714285714286],[9.043478260869566,79.04347826086956],[8.117647058823529,79.11764705882354],[7.833333333333334,80.0],[8.714285714285714,80.28571428571428],[10.382352941176471,80.38235294117646],[10.75,80.25],[12.0,80.56],[12.459016393442623,80.45901639344262],[13.0,80.0],[13.38095238095238,80.61904761904762],[14.0,80.9090909090909],[14.899999999999999,80.89999999999999],[15.2,80.80000000000001],[15.875,80.875],[15.875,80.125],[16.0,79.93333333333334],[17.125,79.875],[18.0,80.0],[17.4,80.4],[17.0,81.0],[18.666666666666668,81.0],[18.846153846153847,80.84615384615384],[22.799999999999997,80.80000000000001],[23.375,80.625],[23.75,80.75],[23.75,80.25],[23.900000000000002,80.0],[23.666666666666668,79.33333333333334],[22.862068965517242,79.13793103448276]]],[[[-62.01075268817205,90.0],[-51.9874213836478,89.9874213836478],[-56.95,89.95],[-56.977777777777774,88.97777777777777],[-58.0,88.96000000000001],[-58.05263157894736,89.94736842105263],[-62.01075268817205,90.0]]],[[[119.0,-76.66666666666667],[118.0,-76.42857142857142],[117.25,-76.0],[117.64705882352942,-75.6470588235294],[119.0,-75.42857142857142],[119.2051282051282,-75.7948717948718],[119.27586206896552,-76.27586206896552],[119.0,-76.66666666666667]]],[[[110.43478260869564,-72.56521739130434],[109.75999999999999,-72.24],[109.0,-72.13333333333334],[108.91666666666666,-72.0],[109.0,-71.77777777777777],[109.53846153846155,-71.53846153846153],[109.91999999999999,-70.92],[110.5,-71.0],[110.63636363636363,-72.36363636363636],[111.0,-72.22222222222223],[113.0,-72.75],[115.0,-72.76923076923077],[115.30000000000001,-73.0],[114.83783783783784,-73.16216216216216],[111.0,-73.2258064516129],[110.41666666666666,-73.0],[110.43478260869564,-72.56521739130434]]],[[[19.660377358490567,-69.33962264150944],[19.25,-69.0],[20.0,-68.88311688311688],[22.3,-69.0],[22.0,-69.5],[21.769230769230766,-69.23076923076923],[21.0,-69.0625],[20.0,-69.42857142857143],[19.660377358490567,-69.33962264150944]]],[[[32.14285714285714,-67.85714285714286],[32.5,-68.5],[32.0,-68.66666666666667],[31.333333333333336,-68.0],[32.0,-67.8],[32.14285714285714,-67.85714285714286]]],[[[119.0,-67.5],[119.66666666666669,-68.0],[119.0,-68.33333333333333],[118.6,-68.0],[118.60000000000001,-67.6],[119.0,-67.5]]],[[[118.33333333333334,-67.33333333333334],[117.71428571428571,-67.28571428571428],[117.0,-67.0],[118.33333333333333,-67.0],[118.33333333333334,-67.33333333333334]]],[[[111.18181818181819,-67.0],[111.0,-67.22222222222223],[110.0,-67.0],[109.0,-67.0],[109.375,-66.375],[109.3,-66.0],[110.0,-65.64102564102564],[111.0,-66.0],[111.18181818181819,-67.0]]],[[[67.66666666666666,-49.0],[67.75,-48.0],[68.0,-47.66666666666667],[68.25,-47.75],[68.33333333333334,-48.333333333333336],[68.33333333333333,-49.0],[67.66666666666666,-49.0]]],[[[48.18840579710145,-20.0],[48.01777777777778,-22.017777777777777],[47.30909090909091,-23.0],[47.309859154929576,-24.0],[47.07942238267148,-25.07942238267148],[46.71052631578947,-25.289473684210527],[46.214285714285715,-25.214285714285715],[46.0,-25.75],[45.0,-26.0],[44.68888888888889,-25.31111111111111],[43.93650793650794,-25.063492063492063],[43.839080459770116,-24.160919540229884],[42.90909090909091,-23.0],[43.81818181818182,-21.81818181818182],[44.0,-20.4],[44.18181818181818,-20.0],[44.0,-19.333333333333336],[43.896551724137936,-18.103448275862068],[43.72727272727273,-18.0],[44.0,-17.0],[45.47272727272727,-16.472727272727273],[45.86666666666667,-16.0],[46.85915492957747,-15.859154929577464],[46.98994974874372,-14.989949748743719],[47.80821917808219,-14.808219178082192],[47.826086956521735,-14.173913043478262],[48.1,-13.000000000000002],[48.84873949579831,-12.84873949579832],[49.0,-12.7],[49.45454545454545,-14.454545454545455],[49.77777777777778,-15.0],[49.96153846153847,-16.0],[49.16883116883117,-17.16883116883117],[49.0,-18.384615384615383],[48.75,-19.0],[48.390243902439025,-19.390243902439025],[48.18840579710145,-20.0]]],[[[117.0,-9.369565217391305],[116.64583333333333,-9.0],[117.0,-8.638297872340425],[117.3695652173913,-9.0],[117.0,-9.369565217391305]]],[[[78.6774193548387,4.32258064516129],[78.7391304347826,4.739130434782608],[78.4,5.0],[78.57142857142858,5.428571428571429],[79.0,5.6],[79.11235955056179,4.112359550561798],[80.0,4.0],[80.04950495049505,3.0],[79.43062200956938,2.5693779904306218],[79.0,1.97196261682243],[78.46808510638299,2.4680851063829787],[78.11764705882354,3.0],[78.3578947368421,3.6421052631578945],[78.77272727272728,4.0],[78.6774193548387,4.32258064516129]]],[[[119.1590909090909,9.84090909090909],[118.82926829268294,9.829268292682928],[119.0,10.7],[119.26415094339623,10.264150943396228],[119.1590909090909,9.84090909090909]]],[[[119.73684210526316,12.0],[120.13698630136986,12.136986301369864],[120.33333333333334,12.0],[120.41666666666667,11.583333333333334],[120.0,11.0],[119.6875,11.6875],[119.73684210526316,12.0]]],[[[115.86206896551724,5.137931034482758],[116.0,6.0],[116.95454545454545,7.045454545454545],[117.0,7.285714285714286],[118.0,7.166666666666667],[118.0655737704918,6.065573770491803],[119.04545454545455,6.0],[119.0909090909091,5.090909090909091],[120.01639344262294,5.0163934426229515],[119.01550387596899,4.984496124031008],[118.36619718309859,4.633802816901408],[118.05405405405406,4.0],[118.1470588235294,2.1470588235294117],[119.00757575757576,2.007575757575758],[119.0,1.0],[118.16666666666666,0.8333333333333333],[118.02127659574468,-1.0],[117.375,-1.375],[117.03703703703704,-2.0],[117.0,-5.0],[116.0,-6.0],[116.07142857142858,-7.0],[115.09375,-7.09375],[114.75,-7.25],[114.19999999999999,-7.2],[114.28571428571428,-7.7142857142857135],[114.11267605633802,-8.112676056338028],[114.01010101010101,-9.01010101010101],[112.0,-9.016949152542372],[111.8360655737705,-8.163934426229508],[111.0,-8.03921568627451],[109.0,-8.13888888888889],[108.57142857142857,-7.428571428571429],[107.63157894736842,-7.36842105263158],[107.17391304347825,-7.173913043478261],[107.0,-7.222222222222222],[106.9483870967742,-7.051612903225807],[106.63636363636364,-7.0],[106.42424242424242,-6.575757575757576],[106.0,-6.461538461538462],[105.91780821917808,-6.082191780821917],[105.64705882352942,-6.0],[105.43137254901961,-5.568627450980392],[105.0,-5.449999999999999],[104.83333333333334,-5.166666666666666],[104.14,-5.14],[103.80555555555556,-5.0],[103.63157894736842,-4.631578947368421],[103.72727272727272,-4.2727272727272725],[103.3913043478261,-4.391304347826087],[103.0,-4.2368421052631575],[102.74647887323943,-3.7464788732394365],[102.76119402985074,-3.2388059701492535],[102.27848101265823,-3.278481012658228],[101.80357142857143,-3.0],[101.63829787234042,-2.361702127659574],[101.27692307692308,-1.7230769230769232],[100.0,-1.0454545454545454],[99.66666666666667,-0.33333333333333337],[99.12307692307692,0.12307692307692308],[98.83673469387756,0.8367346938775511],[98.0,0.9861111111111112],[97.5809523809524,1.5809523809523809],[96.93023255813954,2.0],[96.27777777777777,3.0],[96.38461538461539,3.384615384615384],[96.0,3.769230769230769],[95.94392523364486,4.05607476635514],[96.3,4.0],[96.64999999999999,3.6499999999999995],[98.11111111111111,4.111111111111111],[100.0,4.0],[100.0,5.0],[99.0,6.0],[98.875,6.875],[98.3,7.300000000000001],[97.88888888888889,8.0],[97.75,11.25],[98.0,12.0],[97.00000000000001,12.142857142857144],[96.76,12.76],[96.25925925925927,12.74074074074074],[95.53333333333333,13.0],[95.36363636363636,13.363636363636363],[95.0,13.5],[94.88148148148149,14.118518518518519],[94.94782608695652,14.947826086956521],[94.11851851851853,14.881481481481481],[92.66666666666667,15.0],[92.0,15.8],[91.44444444444444,15.555555555555554],[91.0,15.0],[90.73333333333333,15.733333333333333],[90.26666666666667,15.733333333333333],[89.91489361702128,15.914893617021276],[87.83333333333334,16.0],[87.5,16.5],[87.0,16.714285714285715],[86.70588235294117,16.294117647058826],[86.28571428571428,16.0],[85.3125,15.6875],[84.91666666666666,15.0],[84.21782178217822,14.782178217821784],[83.59420289855072,14.405797101449277],[82.0,13.076923076923077],[81.05479452054794,12.945205479452055],[80.42105263157895,12.578947368421051],[80.15384615384616,12.0],[79.0952380952381,11.904761904761905],[79.02173913043478,8.978260869565219],[78.4,8.600000000000001],[78.16666666666666,8.0],[78.14814814814815,6.851851851851851],[78.0,6.333333333333333],[77.55555555555556,5.444444444444444],[77.0,5.0],[76.19607843137256,4.803921568627451],[76.0,4.0],[75.78260869565217,4.782608695652174],[75.0,5.0],[74.8,6.800000000000001],[73.97727272727272,8.0],[73.89333333333333,8.893333333333334],[73.74193548387098,9.258064516129032],[73.77777777777777,9.777777777777779],[73.10000000000001,10.1],[72.95833333333334,12.0],[72.77142857142857,12.771428571428572],[72.2,13.0],[72.2,14.000000000000002],[72.07692307692308,14.076923076923077],[72.0,15.0],[72.0,16.0],[72.22222222222223,16.77777777777778],[72.18181818181819,17.181818181818183],[72.0,17.25],[71.86666666666667,17.133333333333333],[71.0,17.0],[70.15384615384616,17.153846153846153],[70.0,17.5],[69.85454545454546,18.854545454545455],[69.33333333333334,19.0],[68.9375,19.9375],[68.5,20.0],[68.0,20.5],[67.94594594594594,20.945945945945947],[67.5,21.0],[67.0,22.0],[66.0,22.0],[65.79816513761469,22.79816513761468],[64.05405405405405,22.945945945945944],[58.0,22.983870967741936],[57.875,23.0],[57.529411764705884,23.52941176470588],[57.0,23.875],[55.111111111111114,23.88888888888889],[54.5,23.5],[54.5,23.0],[55.0,22.333333333333336],[55.04081632653062,22.0],[55.510416666666664,21.510416666666664],[57.10606060606061,21.106060606060606],[57.2043795620438,20.795620437956202],[57.15384615384615,20.153846153846153],[57.28125,20.0],[57.15384615384615,19.846153846153847],[57.0,18.902439024390244],[56.18181818181818,18.818181818181817],[56.017391304347825,17.982608695652175],[56.0,17.0],[55.12048192771084,16.87951807228916],[55.0,16.0],[53.175824175824175,15.824175824175825],[53.0,15.466666666666667],[52.65853658536585,15.341463414634145],[52.3,15.0],[50.52795031055901,14.472049689440993],[49.0,13.076923076923077],[45.70860927152318,12.29139072847682],[45.16923076923077,11.830769230769231],[44.84172661870504,11.841726618705035],[44.32298136645963,12.322981366459627],[44.0,12.42622950819672],[42.770114942528735,12.229885057471265],[42.473684210526315,12.0],[42.3,11.0],[43.25,10.25],[45.0,10.301587301587302],[46.37125748502994,10.62874251497006],[46.95744680851064,10.957446808510637],[49.301886792452834,11.30188679245283],[49.83870967741935,11.161290322580646],[50.0,11.384615384615385],[50.099999999999994,11.1],[50.0,10.166666666666668],[49.44444444444444,9.555555555555555],[49.325,9.0],[49.167741935483875,8.832258064516129],[49.0,7.7727272727272725],[48.55263157894736,7.447368421052631],[48.11009174311927,6.889908256880735],[48.0,5.857142857142857],[47.71428571428571,5.7142857142857135],[47.285714285714285,5.7142857142857135],[47.00000000000001,4.166666666666667],[46.833333333333336,4.0],[46.10752688172043,3.89247311827957],[46.0,3.1666666666666665],[45.85714285714286,3.0],[45.12903225806452,2.8709677419354835],[45.0,2.25],[44.66666666666667,2.0],[43.24390243902439,1.7560975609756098],[43.18181818181818,1.1818181818181817],[43.0,0.9333333333333333],[42.130434782608695,0.8695652173913043],[42.0,-0.06666666666666665],[41.13333333333333,-0.13333333333333336],[41.13333333333333,-0.8666666666666667],[41.0,-1.1818181818181817],[40.470588235294116,-1.4705882352941175],[40.04878048780488,-2.048780487804878],[40.0,-2.5],[39.714285714285715,-3.0],[39.3125,-3.3125],[39.2,-4.0],[38.526315789473685,-5.0],[38.275862068965516,-6.0],[38.22222222222222,-7.0],[38.42857142857143,-7.571428571428571],[39.0,-8.0],[39.054545454545455,-10.0],[39.265060240963855,-10.734939759036145],[39.94444444444445,-11.055555555555555],[40.09615384615385,-14.0],[40.02285714285714,-16.02285714285714],[39.23076923076923,-16.23076923076923],[39.01197604790419,-17.01197604790419],[38.121212121212125,-17.12121212121212],[38.0,-17.5],[37.33333333333333,-18.0],[36.142857142857146,-18.142857142857142],[36.03225806451613,-19.032258064516128],[35.244897959183675,-19.244897959183675],[35.0,-20.25],[34.55555555555555,-20.555555555555554],[34.13333333333333,-21.133333333333333],[34.20833333333333,-24.0],[34.0,-25.166666666666668],[33.22222222222222,-25.22222222222222],[32.5,-25.5],[32.0,-26.0],[31.705882352941178,-26.705882352941174],[31.72222222222222,-27.0],[31.448275862068968,-27.448275862068964],[31.091743119266056,-29.091743119266056],[29.541284403669724,-30.541284403669724],[29.143459915611814,-31.143459915611814],[28.521008403361346,-31.521008403361346],[28.11814345991561,-32.118143459915615],[27.473118279569896,-32.473118279569896],[27.079646017699115,-33.07964601769911],[26.40625,-33.40625],[26.0,-33.96296296296296],[25.1046511627907,-34.104651162790695],[23.999999999999996,-34.705882352941174],[22.90909090909091,-34.90909090909091],[20.0,-35.0],[19.363636363636363,-35.36363636363637],[19.0,-35.4],[18.0,-35.0],[17.413793103448278,-34.58620689655173],[17.076923076923077,-34.0],[16.875,-33.125],[16.625,-33.0],[17.0,-32.0],[16.363636363636363,-31.636363636363637],[16.0,-30.714285714285715],[15.565217391304348,-30.434782608695652],[15.0,-28.923076923076923],[14.333333333333334,-28.66666666666667],[13.877551020408163,-27.122448979591837],[13.727272727272727,-27.0],[13.375,-26.0],[13.16,-24.84],[13.153846153846153,-23.0],[13.0,-22.5],[12.714285714285715,-22.0],[12.3125,-21.6875],[12.142857142857144,-21.0],[11.428571428571427,-20.0],[10.803030303030303,-18.196969696969695],[10.971830985915494,-16.0],[11.59375,-15.59375],[12.0,-13.157894736842103],[12.595505617977526,-12.595505617977526],[12.847826086956523,-12.0],[12.911764705882353,-11.088235294117647],[12.75,-10.25],[12.166666666666666,-10.0],[12.5,-9.0],[12.133333333333333,-7.866666666666667],[11.76923076923077,-7.230769230769231],[11.25,-7.0],[11.266666666666666,-6.733333333333333],[11.0,-6.333333333333334],[10.951219512195122,-5.0],[10.746031746031745,-4.253968253968254],[10.2,-4.0],[9.84,-3.16],[9.333333333333334,-3.0],[9.0,-2.5999999999999996],[8.555555555555555,-1.4444444444444444],[8.0,-1.2],[8.0,-0.8],[8.484848484848484,-0.48484848484848486],[8.615384615384615,0.0],[8.8,0.2],[8.659574468085106,0.6595744680851063],[8.936170212765958,2.0],[8.957446808510639,2.9574468085106385],[8.75,3.0],[8.666666666666668,4.0],[8.156862745098039,4.156862745098039],[8.0,4.363636363636363],[7.68,4.32],[7.03921568627451,3.9607843137254903],[5.0,3.9761904761904763],[4.8999999999999995,4.8999999999999995],[4.5,5.5],[4.0,5.777777777777779],[3.4390243902439024,6.439024390243902],[3.0,6.642857142857142],[2.5,6.5],[2.1,6.0],[0.03999999999999998,5.96],[-0.74,5.74],[-1.0,5.071428571428572],[-1.25,5.0],[-4.5,5.0],[-5.0,5.2],[-5.5,5.0],[-8.0,4.872727272727273],[-10.0,4.967213114754099],[-10.222222222222221,5.777777777777778],[-11.053811659192824,5.946188340807175],[-11.206896551724139,6.206896551724138],[-11.242424242424242,6.757575757575758],[-11.814814814814813,6.814814814814815],[-12.142857142857142,7.0],[-12.27027027027027,7.72972972972973],[-12.793103448275861,7.793103448275862],[-13.23076923076923,8.0],[-13.375,8.375],[-13.333333333333336,8.666666666666668],[-14.0,8.90909090909091],[-15.0,8.857142857142858],[-15.068965517241379,9.93103448275862],[-17.058823529411764,10.0],[-17.1,10.9],[-17.333333333333332,11.0],[-17.555555555555557,11.444444444444443],[-18.0,11.666666666666668],[-18.0,12.200000000000001],[-17.5,12.5],[-17.333333333333332,13.0],[-17.5,13.5],[-18.0,14.0],[-17.25,14.25],[-17.25,14.75],[-17.057971014492754,15.057971014492754],[-17.0,18.333333333333336],[-16.636363636363637,18.636363636363637],[-16.5,19.0],[-17.0,20.0],[-18.0,21.0],[-17.275862068965516,21.275862068965516],[-17.3030303030303,21.696969696969695],[-16.833333333333332,23.166666666666664],[-17.0,24.0],[-16.240000000000002,24.240000000000002],[-16.0,25.0],[-15.434782608695652,25.434782608695652],[-15.25,26.0],[-14.849056603773585,26.150943396226417],[-14.17543859649123,26.175438596491226],[-14.05263157894737,27.05263157894737],[-13.4,27.4],[-13.07843137254902,28.07843137254902],[-12.193548387096776,28.193548387096772],[-11.9,28.900000000000002],[-11.1,28.900000000000002],[-10.4,29.400000000000002],[-10.093023255813954,30.0],[-10.379310344827587,31.0],[-10.21153846153846,31.21153846153846],[-10.0,32.0],[-9.307692307692308,32.30769230769231],[-9.0625,33.0],[-8.191489361702128,33.191489361702125],[-8.0,33.75],[-7.204081632653061,34.204081632653065],[-7.0,35.166666666666664],[-6.666666666666667,35.66666666666667],[-6.166666666666666,36.0],[-6.75,36.25],[-7.115384615384615,36.88461538461539],[-7.636363636363637,37.36363636363636],[-8.0,37.526315789473685],[-9.279069767441861,37.72093023255814],[-9.705882352941178,38.294117647058826],[-10.0,38.45454545454545],[-10.12,38.88],[-10.545454545454545,39.0],[-10.101694915254237,39.101694915254235],[-10.0,40.0],[-9.92,41.92],[-10.12820512820513,43.0],[-10.0,43.212765957446805],[-9.4,43.400000000000006],[-8.947368421052632,43.94736842105264],[-6.999999999999999,43.91428571428571],[-6.0,43.50877192982456],[-5.0,43.61538461538462],[-4.616,43.384],[-4.0,43.24324324324324],[-2.2142857142857144,44.0],[-2.2222222222222223,44.77777777777777],[-2.5,45.5],[-3.5,46.5],[-3.666666666666667,47.0],[-3.8181818181818183,47.18181818181819],[-4.555555555555555,47.44444444444444],[-5.5,48.0],[-5.4,49.400000000000006],[-5.0,50.0],[-5.75,50.25],[-6.0,51.0],[-6.5,51.5],[-6.555555555555555,52.44444444444444],[-7.0,53.0],[-7.363636363636364,52.36363636363636],[-8.0,52.0],[-9.0,52.0],[-9.333333333333334,51.333333333333336],[-9.600000000000001,51.400000000000006],[-11.000000000000002,51.166666666666664],[-11.476190476190476,51.52380952380952],[-11.714285714285714,52.0],[-11.555555555555555,52.55555555555555],[-11.0,53.0],[-11.333333333333332,54.0],[-11.025316455696203,54.025316455696206],[-11.0,54.333333333333336],[-10.0,55.0],[-9.600000000000001,55.60000000000001],[-9.0,55.833333333333336],[-8.0,56.0],[-7.75,56.75],[-7.857142857142858,58.0],[-7.6,58.60000000000001],[-6.916666666666667,58.91666666666667],[-5.105263157894737,58.89473684210527],[-5.0,58.5],[-4.0,59.0],[-3.4000000000000004,58.60000000000001],[-3.0,58.0],[-3.1818181818181817,57.18181818181819],[-3.0,56.5],[-2.5,56.5],[-2.0,56.0],[-2.0,55.0],[0.0,55.0],[0.0,56.0],[2.0,56.0],[2.0,57.0],[4.0,57.0],[4.0,55.0],[5.0,55.0],[5.0,57.0],[6.0,57.0],[7.0,57.166666666666664],[7.6,57.4],[8.0,58.0],[7.37037037037037,58.37037037037037],[5.108108108108108,58.10810810810811],[4.7894736842105265,58.21052631578948],[4.133333333333333,58.13333333333333],[4.260869565217391,58.73913043478261],[3.8333333333333335,60.0],[3.875,61.0],[3.451612903225806,61.45161290322581],[3.2,62.0],[4.0,62.85714285714286],[4.921568627450981,63.07843137254902],[5.0,63.333333333333336],[6.0,63.57142857142857],[6.857142857142858,64.0],[7.0,64.2],[8.0,64.2],[8.513513513513514,64.48648648648648],[9.304347826086957,64.69565217391305],[9.636363636363637,65.0],[9.916666666666668,66.08333333333333],[10.25,66.25],[10.75,66.25],[10.75,66.75],[11.0,67.5],[11.333333333333334,67.33333333333334],[12.0,67.33333333333333],[12.19047619047619,67.80952380952381],[12.8,68.0],[12.666666666666666,69.0],[13.900826446280991,69.09917355371901],[14.698630136986301,69.30136986301369],[15.0,69.91666666666666],[16.0,69.92857142857143],[16.489795918367346,70.51020408163265],[17.0,70.79166666666666],[18.0,70.75],[19.0,70.9],[20.0,70.72727272727273],[20.409090909090907,71.0],[20.58730158730159,71.4126984126984],[21.0,71.61904761904762],[22.0,71.46666666666667],[23.0,71.72727272727273],[23.555555555555557,71.55555555555554],[24.0,70.9],[24.510204081632654,71.48979591836735],[25.0,71.66666666666667],[26.38888888888889,71.38888888888889],[27.000000000000004,70.85714285714286],[27.529411764705884,71.47058823529412],[28.0,71.63157894736841],[28.48979591836735,71.48979591836735],[29.615384615384613,70.61538461538461],[30.5,70.5],[31.25,70.25],[31.857142857142858,69.85714285714286],[32.66666666666667,69.66666666666667],[36.81818181818182,69.81818181818181],[37.5,69.5],[37.6,69.0],[37.84615384615385,68.84615384615384],[39.68421052631579,68.68421052631578],[40.434782608695656,68.43478260869566],[40.71428571428571,68.0],[40.69230769230769,67.6923076923077],[41.0,67.0],[41.6,67.4],[42.0,68.0],[42.25,69.75],[43.0,70.0],[44.0,69.66666666666667],[44.333333333333336,69.66666666666667],[45.0,70.0],[46.0,70.0],[45.6,69.4],[45.6,68.60000000000001],[46.0,68.0],[47.0,68.0],[47.0,70.0],[47.5,70.5],[48.0,70.75],[48.66666666666667,70.66666666666667],[49.0,70.5],[49.400000000000006,70.60000000000001],[50.0,71.0],[50.5,70.5],[50.5,70.0],[50.71428571428571,69.71428571428572],[51.00000000000001,69.66666666666667],[52.77777777777778,70.22222222222223],[54.0,70.33333333333333],[54.333333333333336,70.33333333333334],[55.75,69.75],[57.0,69.75],[57.5,70.0],[57.6,70.4],[58.0,70.5],[58.22222222222222,70.22222222222223],[59.0,70.0],[59.78947368421052,70.21052631578948],[64.44444444444444,70.55555555555556],[64.66666666666666,71.0],[64.66666666666667,71.33333333333334],[65.0,71.5],[65.4,71.4],[65.33333333333333,71.0],[65.5,70.5],[66.0,70.33333333333333],[66.4,70.60000000000001],[66.5,71.0],[66.4,71.4],[66.0,71.66666666666667],[65.60000000000001,71.60000000000001],[65.5,72.0],[65.71428571428571,72.28571428571428],[66.5,72.5],[67.0,73.0],[67.0,75.0],[68.0,75.0],[69.0,75.33333333333334],[71.60000000000001,75.4],[72.4,75.60000000000001],[73.0,76.0],[77.0,76.0],[78.0,77.0],[79.0,77.0],[79.0,76.0],[81.0,76.0],[81.0,79.0],[82.0,79.0],[82.6,78.60000000000001],[83.5,78.5],[84.0,78.0],[85.0,78.0],[86.0,77.0],[87.0,78.0],[89.0,78.0],[89.60000000000001,78.4],[90.0,79.0],[92.0,79.0],[92.0,77.0],[94.0,77.0],[94.0,78.0],[97.0,78.0],[97.0,77.0],[98.0,77.0],[99.0,77.5],[101.60000000000001,77.6],[103.0,78.0],[101.28571428571428,78.28571428571428],[101.42105263157895,78.57894736842105],[101.3076923076923,79.0],[101.4,79.4],[101.0,79.66666666666666],[100.77777777777777,79.22222222222223],[100.0,79.0],[98.07407407407408,79.07407407407406],[98.0,79.2],[93.0,79.0],[93.0,82.0],[93.57142857142858,81.57142857142857],[95.05714285714285,81.94285714285714],[96.81818181818181,81.81818181818181],[98.0,81.26923076923077],[99.0,81.0],[100.92592592592592,80.92592592592592],[101.625,79.625],[102.21428571428572,79.78571428571428],[104.0,79.84],[106.0,79.61904761904762],[106.45614035087718,79.45614035087719],[106.92857142857143,79.0],[106.77777777777777,78.22222222222223],[106.0,78.0],[107.6,77.6],[108.0,77.25],[113.0,77.2],[113.7142857142857,77.28571428571428],[114.0,77.5],[114.4,77.4],[115.0,77.0],[120.0,77.0],[120.0,76.0],[132.0,76.0],[132.0,77.0],[133.0,78.0],[150.0,78.0],[150.0,77.0],[157.0,77.0],[157.0,75.0],[170.0,75.0],[170.0,74.0],[175.0,74.0],[175.0,73.0],[174.5,72.5],[173.5,72.5],[173.0,73.0],[173.0,72.0],[172.0,72.0],[172.5,71.5],[172.5,71.0],[176.0,70.6],[177.0,70.75],[179.33333333333334,70.66666666666667],[180.0,71.0],[180.0,52.599999999999994],[179.91666666666666,61.91666666666667],[179.0,63.0],[178.0,63.0],[175.52727272727273,62.47272727272727],[175.07142857142856,62.0],[174.0,61.90384615384615],[172.30769230769232,61.0],[171.0,60.92727272727273],[170.63636363636363,61.0],[170.0,61.41176470588235],[168.8,61.00000000000001],[167.16666666666669,60.83333333333333],[166.46153846153848,60.53846153846154],[166.00000000000003,60.142857142857146],[165.0,60.33333333333334],[164.73333333333335,60.266666666666666],[164.36363636363637,59.63636363636364],[164.0,59.333333333333336],[163.9,59.0],[164.14545454545456,58.14545454545454],[164.0,57.46666666666667],[163.69565217391306,57.30434782608695],[163.61111111111111,57.0],[163.14379084967322,56.8562091503268],[162.5806451612903,55.41935483870968],[162.13333333333333,55.0],[161.2064516129032,54.79354838709678],[160.6691729323308,54.33082706766917],[160.0,53.523809523809526],[159.6451612903226,53.35483870967742],[159.25333333333333,52.74666666666667],[159.0337837837838,51.96621621621621],[158.23140495867767,51.768595041322314],[158.0,51.06666666666667],[157.84615384615387,51.15384615384615],[157.875,51.0],[157.1076923076923,50.89230769230769],[157.0,50.22222222222223],[156.53333333333333,51.0],[156.70833333333331,51.291666666666664],[157.41509433962264,51.58490566037736],[157.44,52.0],[156.625,55.0],[156.71428571428572,57.0],[157.43478260869566,57.565217391304344],[158.0,58.66666666666667],[160.0,59.0],[161.0,59.77777777777777],[161.30769230769232,60.30769230769231],[161.0,61.0],[159.8,60.800000000000004],[159.0,61.0],[157.0,61.1],[156.46511627906978,60.53488372093023],[155.0,60.0],[154.75,59.25],[154.0,59.142857142857146],[153.4,58.60000000000001],[152.0,58.25],[151.68,58.31999999999999],[151.0,58.0],[150.5,58.5],[150.0,58.666666666666664],[149.5,58.5],[149.0,58.0],[148.66666666666666,59.0],[148.0,59.333333333333336],[147.83333333333331,59.166666666666664],[146.0909090909091,59.090909090909086],[145.0,59.375],[144.0,59.1875],[143.30769230769232,59.307692307692314],[143.0,59.5],[142.33333333333331,59.0],[142.26666666666665,58.733333333333334],[141.77777777777777,58.22222222222222],[141.0,58.0],[140.86206896551724,57.13793103448276],[138.96666666666667,57.03333333333334],[138.875,56.125],[138.28571428571428,56.285714285714285],[137.88571428571427,56.114285714285714],[137.76470588235293,55.76470588235294],[138.44444444444443,55.44444444444444],[138.61111111111111,54.611111111111114],[139.83333333333334,54.0],[140.0,53.5],[140.33333333333334,54.00000000000001],[141.11764705882354,54.11764705882353],[141.33333333333334,52.0],[141.67567567567568,51.67567567567568],[142.3478260869565,51.347826086956516],[142.5,51.0],[142.25,50.0],[141.7560975609756,49.24390243902439],[141.0,46.0],[140.63636363636363,46.63636363636364],[140.77777777777777,47.22222222222222],[140.35294117647058,49.0],[140.59375,50.0],[140.60000000000002,51.6],[140.0,52.5],[139.88235294117646,52.117647058823536],[139.24,51.76],[138.84615384615384,51.15384615384615],[138.92000000000002,50.0],[138.2258064516129,49.0],[137.76666666666665,48.0],[137.0,47.0],[135.03076923076924,44.96923076923077],[134.3728813559322,44.6271186440678],[133.88235294117646,44.0],[132.55752212389382,43.442477876106196],[132.0,43.0],[131.0,43.470588235294116],[130.0,43.27272727272727],[129.0,42.04545454545455],[128.43243243243245,41.56756756756757],[127.57627118644068,40.42372881355932],[126.53271028037382,39.46728971962617],[125.78947368421052,39.0],[126.31932773109243,38.319327731092436],[126.5111111111111,37.511111111111106],[127.21311475409837,37.21311475409836],[127.34210526315789,37.0],[127.4,36.400000000000006],[127.77777777777777,36.0],[127.6,35.6],[127.66666666666669,35.333333333333336],[127.4,35.400000000000006],[126.0,35.0],[125.60000000000001,34.400000000000006],[125.6,34.0],[125.4,33.6],[125.0,33.400000000000006],[124.5,33.5],[123.4,34.400000000000006],[123.0,35.0],[123.5,36.0],[123.33333333333334,36.333333333333336],[122.6,36.6],[122.0,37.0],[121.0,36.0],[118.88235294117648,36.11764705882353],[118.66666666666669,35.66666666666667],[118.66666666666669,35.333333333333336],[118.0,35.0],[118.5,34.5],[118.77777777777777,33.77777777777778],[119.44444444444443,33.44444444444444],[119.77777777777777,32.77777777777778],[120.44444444444443,32.44444444444444],[120.66666666666667,32.0],[120.44444444444443,31.555555555555557],[119.77777777777777,31.22222222222222],[119.66666666666669,31.0],[120.44444444444443,30.444444444444443],[121.0,29.0],[120.5,28.5],[120.00000000000001,28.333333333333336],[119.92857142857142,28.071428571428573],[119.66666666666669,28.0],[119.4,27.6],[119.0,27.333333333333336],[118.83333333333334,26.166666666666664],[118.6,26.0],[118.5,25.5],[118.0,25.25],[117.52,24.48],[116.75,24.0],[116.5,23.5],[116.0,23.25],[115.91304347826086,23.08695652173913],[115.5,23.0],[114.80000000000001,22.2],[114.0,22.0],[113.0,21.5],[112.81818181818181,21.18181818181818],[112.0,21.0],[111.4,20.6],[110.66666666666667,20.333333333333336],[110.5,20.0],[110.33333333333334,19.0],[110.03389830508475,18.966101694915256],[109.66666666666669,18.333333333333336],[109.05000000000001,17.95],[109.0,17.75],[108.4,17.6],[108.0,17.0],[107.5,19.0],[107.6153846153846,19.384615384615383],[108.8,20.0],[108.5,20.5],[108.0,20.8],[107.0,21.0],[106.66666666666669,20.333333333333336],[106.0,20.0],[105.875,19.0],[105.4,18.0],[105.86956521739131,17.869565217391305],[106.0,17.4],[106.4,17.0],[106.83333333333334,16.833333333333332],[107.0,16.4],[107.33333333333334,16.333333333333336],[107.4,16.0],[107.86666666666666,15.866666666666667],[108.11428571428571,15.114285714285714],[108.79661016949152,14.796610169491526],[109.2919708029197,10.708029197080291],[108.66666666666667,9.333333333333334],[108.0,9.0],[108.0,6.0],[104.0,6.0],[104.0,5.0],[105.0,5.0],[105.0,3.0],[107.0,3.0],[108.0,4.0],[109.0,4.0],[109.0,3.0],[111.0,3.0],[112.0,4.0],[114.0,4.0],[114.73333333333332,4.266666666666667],[115.0,5.04],[115.86206896551724,5.137931034482758]],[[54.5,24.0],[54.15384615384616,24.153846153846153],[52.0,24.0],[53.0,23.0],[53.333333333333336,23.666666666666668],[54.0,23.800000000000004],[54.5,23.5],[54.5,24.0]],[[-6.0,53.0],[-6.0,54.0],[-7.0,54.0],[-7.0,53.0],[-6.0,53.0]],[[-5.25,53.75],[-4.666666666666667,54.00000000000001],[-5.0,55.0],[-6.0,54.0],[-5.25,53.75]],[[58.75,69.25],[58.875,68.875],[59.333333333333336,69.0],[59.0,70.0],[58.75,69.25]],[[161.6190476190476,60.61904761904762],[162.15686274509804,60.84313725490196],[162.66666666666666,61.0],[162.2162162162162,61.21621621621622],[161.73333333333332,61.266666666666666],[161.0,61.0],[161.6190476190476,60.61904761904762]],[[161.1818181818182,61.81818181818181],[161.0,62.15384615384615],[160.33333333333331,62.0],[160.5,61.5],[161.0,61.0],[161.1818181818182,61.81818181818181]],[[107.0,2.0],[107.0,1.0],[109.0,1.0],[109.0,2.0],[107.0,2.0]],[[106.0,1.0],[106.0,0.0],[107.0,0.0],[107.0,1.0],[106.0,1.0]],[[83.0,76.0],[84.0,76.0],[84.0,77.0],[83.0,77.0],[83.0,76.0]],[[170.5,72.5],[170.0,72.66666666666667],[169.5,72.5],[169.0,72.0],[169.5,71.5],[170.0,71.33333333333333],[170.5,71.5],[171.0,72.0],[170.5,72.5]],[[168.0,71.0],[168.0,72.0],[165.0,72.0],[165.0,71.0],[168.0,71.0]],[[103.0,8.0],[102.0,8.0],[102.0,7.0],[103.0,7.0],[103.0,8.0]],[[100.5,9.5],[101.0,9.0],[102.0,9.0],[102.0,10.0],[101.0,10.0],[100.18181818181819,10.181818181818182],[99.92,10.08],[100.0,9.5],[100.5,9.5]],[[115.0,-6.0],[115.0,-5.0],[112.0,-5.0],[112.0,-6.0],[115.0,-6.0]],[[109.0,-5.0],[109.0,-6.0],[110.0,-6.0],[110.0,-5.0],[109.0,-5.0]],[[9.5,58.5],[9.75,59.0],[9.31578947368421,59.315789473684205],[9.0,59.42857142857143],[8.4,59.0],[8.5,58.5],[9.0,58.25],[9.5,58.5]],[[118.6,40.0],[118.4,39.6],[118.0,39.57142857142857],[117.2,39.0],[117.28571428571428,38.285714285714285],[117.77777777777777,37.77777777777777],[118.0,37.75],[118.75,38.25],[119.0,39.0],[119.66666666666667,40.0],[119.33333333333334,40.333333333333336],[119.0,40.400000000000006],[118.6,40.0]],[[121.0,38.0],[120.28571428571428,38.285714285714285],[119.7142857142857,38.285714285714285],[119.5,38.0],[120.28571428571428,37.71428571428571],[121.0,38.0]],[[131.2,71.8],[131.8,71.8],[131.8,71.2],[132.0,70.88888888888889],[132.33333333333334,71.0],[132.5,72.0],[132.33333333333334,72.33333333333334],[132.0,72.5],[131.0,72.5],[130.66666666666669,72.0],[131.2,71.8]],[[157.0,71.66666666666667],[157.28571428571428,71.71428571428571],[158.0,72.0],[157.4,72.4],[157.0,72.5],[156.6,72.4],[156.0,72.0],[157.0,71.66666666666667]],[[160.33333333333331,71.0],[161.0,70.33333333333333],[161.44444444444443,70.55555555555556],[161.66666666666669,71.0],[161.44444444444443,71.44444444444444],[161.0,71.66666666666667],[160.55555555555554,71.44444444444444],[160.33333333333331,71.0]],[[165.21052631578948,62.78947368421052],[165.22222222222223,63.0],[165.0,63.111111111111114],[164.5,63.0],[165.0,62.599999999999994],[165.21052631578948,62.78947368421052]],[[169.0,69.875],[170.0,70.0],[169.4,70.4],[169.0,70.5],[168.66666666666669,70.33333333333334],[168.66666666666669,70.0],[169.0,69.875]],[[0.0,41.0],[-0.5698924731182795,40.56989247311827],[-1.0,40.0],[-0.7931034482758621,39.206896551724135],[-0.5384615384615384,39.0],[-0.6363636363636364,38.63636363636363],[-1.0,38.6],[-1.5625,38.0],[-2.6,37.6],[-2.953846153846154,37.0],[-3.0,36.25],[-3.193548387096774,36.80645161290323],[-3.6507936507936503,36.650793650793645],[-4.762711864406779,36.76271186440678],[-5.0,36.708333333333336],[-5.944444444444444,36.0],[-5.369565217391305,35.63043478260869],[-4.0,35.30434782608695],[-3.616438356164384,35.38356164383561],[-3.16,35.16],[-3.0,35.66666666666667],[-2.9000000000000004,35.1],[-2.2142857142857144,35.214285714285715],[-1.8888888888888888,35.11111111111111],[-1.0,35.17721518987342],[-0.41860465116279066,35.41860465116279],[0.0,36.04347826086957],[4.0,36.19230769230769],[8.0,36.52272727272727],[8.42,36.58],[8.96078431372549,37.03921568627451],[9.0,37.22222222222222],[9.181818181818182,37.18181818181819],[9.818181818181818,36.81818181818182],[11.08695652173913,35.08695652173913],[12.0,35.0],[11.0,34.0],[12.0,33.0],[15.0,32.0],[15.142857142857142,31.142857142857142],[15.894736842105264,30.89473684210526],[17.0,30.857142857142858],[17.30769230769231,30.307692307692307],[18.0,30.115384615384613],[18.88888888888889,30.11111111111111],[19.53846153846154,30.461538461538463],[19.77777777777778,31.22222222222222],[19.733333333333334,32.0],[21.0,32.24324324324324],[22.818181818181817,32.0],[23.232558139534884,31.232558139534884],[26.363636363636367,31.0],[26.63157894736842,30.631578947368425],[27.0,30.5],[27.241379310344826,30.241379310344826],[28.0,30.058823529411764],[28.807692307692307,30.192307692307693],[29.0,30.416666666666664],[29.451612903225804,30.548387096774192],[29.777777777777775,31.0],[30.0,31.058823529411764],[32.0,31.03448275862069],[33.0,30.833333333333336],[33.784615384615385,31.215384615384615],[34.30379746835443,31.696202531645568],[34.75879396984925,33.24120603015076],[35.45054945054945,33.54945054945055],[35.80392156862745,34.0],[35.74285714285715,35.0],[34.90909090909091,36.0],[34.18348623853211,36.18348623853211],[33.132075471698116,36.132075471698116],[31.0,36.875],[30.443037974683545,36.55696202531646],[30.011049723756905,35.988950276243095],[29.0,35.78666666666667],[28.64583333333333,36.64583333333333],[28.0,36.94915254237288],[27.142857142857146,37.0],[27.125,38.0],[26.77777777777778,38.77777777777778],[25.9,38.9],[25.23809523809524,40.23809523809524],[23.849056603773583,40.15094339622642],[23.441176470588236,39.55882352941176],[22.615384615384613,39.38461538461539],[22.375,39.0],[22.565217391304348,38.56521739130435],[23.0,38.285714285714285],[23.3,38.3],[23.666666666666664,38.0],[23.444444444444443,37.0],[22.0,36.233333333333334],[21.771144278606965,36.77114427860697],[21.5,37.0],[21.425925925925927,37.425925925925924],[20.0,38.717948717948715],[19.0,39.86111111111111],[17.666666666666668,40.0],[18.72972972972973,40.270270270270274],[18.961538461538463,41.0],[18.692307692307693,42.0],[17.0,42.58974358974359],[16.561643835616437,42.56164383561644],[15.923076923076923,43.07692307692308],[15.133333333333333,43.13333333333333],[15.0,43.5],[14.555555555555554,43.44444444444444],[14.0,43.0],[14.692307692307693,42.69230769230769],[15.0,42.0],[15.88888888888889,41.888888888888886],[16.11111111111111,41.0],[16.733333333333334,40.0],[16.789473684210527,39.78947368421053],[16.584615384615383,39.41538461538462],[16.608695652173914,39.0],[16.0,38.0],[15.502958579881657,38.50295857988166],[15.42,39.42],[14.511627906976745,40.0],[14.427184466019419,40.42718446601942],[14.0,40.879999999999995],[13.138613861386139,40.86138613861387],[12.695652173913043,41.0],[12.0,41.66666666666667],[11.200000000000001,42.0],[11.0,42.22222222222222],[10.666666666666668,42.333333333333336],[10.25,42.25],[10.0,43.0],[9.553072625698324,43.55307262569832],[9.441176470588236,44.44117647058824],[9.0,44.90909090909091],[8.384615384615385,44.61538461538461],[8.457142857142857,44.457142857142856],[8.347826086956522,44.0],[8.188235294117646,43.811764705882354],[6.547892720306513,43.45210727969348],[6.0,42.828947368421055],[5.018348623853211,42.981651376146786],[3.0357142857142856,42.964285714285715],[2.818181818181818,42.0],[2.0,41.8],[0.3529411764705882,41.64705882352941],[0.0,41.0]],[[14.000000000000002,45.2],[12.5,45.0],[13.0,44.0],[13.714285714285714,44.285714285714285],[14.0,44.25],[14.3,44.7],[14.272727272727273,45.0],[14.000000000000002,45.2]],[[17.636363636363637,63.36363636363636],[17.0,63.0],[16.6,62.0],[16.666666666666668,61.66666666666667],[17.0,61.33333333333333],[18.0,61.5],[19.0,61.33333333333333],[19.444444444444443,61.55555555555555],[19.75,62.25],[19.799999999999997,63.0],[19.6,63.60000000000001],[19.0,63.8],[18.466666666666665,63.53333333333333],[17.636363636363637,63.36363636363636]],[[19.0,55.5],[19.5,56.0],[19.6,57.4],[20.5,59.0],[20.400000000000002,59.400000000000006],[20.0,60.0],[19.0,59.0],[18.0,59.0],[17.333333333333336,59.333333333333336],[16.75,59.25],[16.5,59.0],[16.5,58.5],[16.0,58.0],[15.666666666666668,56.66666666666667],[16.0,56.0],[17.0,56.0],[17.714285714285715,55.71428571428571],[18.0,55.0],[18.6,55.400000000000006],[19.0,55.5]],[[14.0,56.0],[14.0,55.0],[15.0,55.0],[15.0,56.0],[14.0,56.0]],[[21.0,64.5],[22.0,65.0],[21.4,65.4],[21.0,65.5],[20.75,64.75],[21.0,64.5]],[[31.0,42.1875],[32.55555555555555,42.44444444444444],[33.0,42.94736842105263],[33.4,42.4],[34.0,42.093023255813954],[35.0,42.529411764705884],[36.373333333333335,42.626666666666665],[37.0,43.179104477611936],[38.183673469387756,43.183673469387756],[39.0,42.55813953488372],[39.304,43.304],[38.94285714285714,43.94285714285714],[38.85714285714286,45.85714285714286],[38.0,45.96],[34.0,46.0],[33.1875,45.8125],[33.0,45.25],[32.77777777777778,45.22222222222222],[32.66666666666667,45.0],[32.04123711340206,44.95876288659794],[31.862068965517242,45.137931034482754],[31.92,45.92],[30.068965517241377,45.93103448275862],[30.0,45.666666666666664],[29.5,45.5],[29.0,45.0],[28.400000000000002,45.4],[27.714285714285715,45.285714285714285],[27.5,45.0],[27.636363636363637,44.63636363636364],[28.0,44.333333333333336],[28.161290322580644,42.16129032258064],[29.013157894736842,42.01315789473684],[29.324324324324326,41.32432432432432],[29.548872180451127,41.451127819548866],[30.0,41.375],[30.429184549356222,41.57081545064378],[31.0,42.1875]],[[35.8,65.80000000000001],[38.0,65.57142857142857],[38.315789473684205,65.68421052631578],[38.42857142857142,66.0],[38.0,66.3],[37.0,66.125],[35.84615384615385,66.15384615384616],[35.5,66.0],[35.8,65.80000000000001]],[[40.5625,13.5625],[41.0,13.3],[41.15217391304348,13.847826086956523],[41.0,14.636363636363637],[40.5625,14.4375],[40.46153846153846,14.0],[40.5625,13.5625]],[[50.5,44.0],[50.66666666666667,43.66666666666667],[51.0,43.5],[51.16666666666667,43.833333333333336],[51.16666666666667,44.16666666666667],[51.0,44.5],[50.81818181818181,44.18181818181819],[50.5,44.0]],[[68.92857142857143,37.92857142857143],[69.0,37.900000000000006],[69.0,38.03125],[68.92857142857143,37.92857142857143]],[[69.77777777777777,66.77777777777777],[70.0,66.75],[71.0,67.0],[70.25,67.25],[69.8,67.19999999999999],[69.66666666666667,67.0],[69.77777777777777,66.77777777777777]],[[75.5,72.0],[76.0,71.5],[76.30769230769232,71.6923076923077],[76.5,72.0],[76.4,72.4],[76.0,72.66666666666667],[75.63636363636364,72.36363636363636],[75.5,72.0]],[[85.0,45.952380952380956],[85.16666666666667,46.0],[85.0281690140845,46.02816901408451],[85.0,45.952380952380956]],[[89.0,42.93333333333333],[89.1111111111111,43.0],[88.9746835443038,43.0253164556962],[89.0,42.93333333333333]],[[38.38461538461539,17.0],[39.0,16.11111111111111],[39.11764705882353,16.11764705882353],[39.0,15.0],[40.0,15.058823529411764],[40.36363636363637,15.636363636363637],[40.23021582733813,16.230215827338128],[40.0,16.615384615384613],[39.62264150943396,16.622641509433965],[39.0,17.666666666666668],[38.55555555555556,17.555555555555557],[38.42857142857142,18.0],[38.7037037037037,18.296296296296294],[38.346666666666664,20.346666666666668],[38.0,20.7027027027027],[37.75555555555556,20.755555555555553],[37.62068965517241,21.0],[37.383333333333326,22.383333333333333],[37.0,22.71875],[36.75342465753425,22.753424657534246],[36.69230769230769,24.0],[36.35526315789474,24.35526315789474],[35.60759493670886,24.607594936708857],[35.310810810810814,25.31081081081081],[35.0,25.63888888888889],[34.653333333333336,25.653333333333332],[34.36363636363636,26.363636363636363],[34.0,26.76190476190476],[33.52380952380952,26.523809523809522],[33.5,27.0],[32.875,27.125],[32.705882352941174,27.0],[32.81132075471698,26.81132075471698],[33.49180327868852,26.491803278688522],[33.59493670886076,25.59493670886076],[34.0,25.157894736842103],[34.17142857142857,25.17142857142857],[34.11538461538461,25.0],[34.5945945945946,23.594594594594593],[35.367346938775505,22.367346938775512],[36.04878048780488,22.04878048780488],[36.4375,21.0],[37.10526315789473,18.105263157894736],[38.45454545454545,17.454545454545453],[38.38461538461539,17.0]],[[136.0,54.5],[136.2,54.8],[136.66666666666666,55.0],[135.66666666666669,55.0],[135.91304347826087,54.913043478260875],[136.0,54.5]]],[[[33.21818181818182,35.21818181818182],[33.23076923076923,35.0],[32.0,34.815384615384616],[31.81818181818182,35.0],[32.0,35.230769230769226],[32.311688311688314,35.311688311688314],[32.77358490566038,35.22641509433962],[33.0,35.46153846153847],[33.21818181818182,35.21818181818182]]],[[[24.23076923076923,38.0],[24.565217391304348,38.434782608695656],[25.0,38.526315789473685],[25.357142857142858,38.357142857142854],[25.37735849056604,37.62264150943396],[25.0,37.16666666666667],[24.5,37.5],[24.23076923076923,38.0]]],[[[17.4,57.4],[17.0,56.0],[16.5,56.5],[16.5,57.5],[17.0,58.0],[17.4,57.4]]],[[[18.400000000000002,58.400000000000006],[18.2,57.8],[17.6,57.6],[17.0,58.0],[18.0,59.0],[18.400000000000002,58.400000000000006]]],[[[61.0,75.41176470588235],[59.0,75.0],[58.45,74.55],[57.74358974358974,74.25641025641025],[56.90243902439025,74.09756097560975],[56.4390243902439,73.5609756097561],[55.16666666666667,73.0],[55.35294117647058,71.6470588235294],[55.0,71.25],[52.44444444444444,71.44444444444444],[52.0,71.66666666666667],[51.5,71.5],[51.0,71.0],[50.60000000000001,71.60000000000001],[50.71428571428571,72.28571428571428],[51.0,73.0],[52.0,74.0],[53.0,74.25],[54.0,74.75],[54.55555555555556,75.44444444444444],[56.333333333333336,76.0],[56.5,76.5],[57.0952380952381,76.90476190476191],[61.0,77.0],[61.80952380952381,76.80952380952381],[62.5,76.5],[62.71428571428571,76.0],[62.45454545454545,75.54545454545455],[61.0,75.41176470588235]]],[[[64.125,77.0],[64.5,77.5],[65.24242424242425,77.75757575757575],[66.0,77.85],[68.3157894736842,77.3157894736842],[68.85714285714286,77.0],[68.5,76.5],[67.76923076923077,76.23076923076923],[66.0,76.19047619047619],[64.58823529411765,76.58823529411765],[64.125,77.0]]],[[[79.6,79.6],[79.5,80.0],[79.66666666666667,80.33333333333334],[80.0,80.5],[80.4,80.4],[81.0,80.0],[81.0,79.0],[80.0,79.0],[79.6,79.6]]],[[[76.5,80.5],[77.0,81.0],[77.5,80.5],[77.5,80.0],[77.22222222222223,79.77777777777777],[76.83333333333333,79.83333333333333],[76.5,80.0],[76.5,80.5]]],[[[54.421052631578945,80.57894736842104],[54.0,80.27272727272728],[52.8,80.80000000000001],[52.666666666666664,81.0],[53.63636363636364,81.36363636363636],[54.0,81.42105263157896],[54.31372549019608,81.31372549019608],[54.53333333333333,81.0],[54.421052631578945,80.57894736842104]]],[[[44.65217391304348,81.34782608695652],[45.0,81.80000000000001],[45.38095238095238,81.38095238095238],[45.275862068965516,80.72413793103448],[45.0,80.42857142857142],[44.66666666666667,80.66666666666667],[44.65217391304348,81.34782608695652]]],[[[48.6,81.0],[48.39130434782609,80.6086956521739],[48.0,80.4],[46.75,80.75],[46.6,81.4],[47.0,82.0],[47.72727272727272,81.72727272727272],[48.0,81.75],[48.42857142857143,81.42857142857143],[48.6,81.0]]],[[[58.0,81.0],[57.23529411764706,81.23529411764706],[57.0,81.2],[56.44444444444444,81.44444444444444],[56.27272727272727,82.0],[56.542857142857144,82.45714285714286],[57.00000000000001,82.66666666666667],[58.33333333333334,82.33333333333334],[59.6,81.60000000000001],[60.444444444444436,81.44444444444444],[61.0,81.0],[60.55555555555555,80.44444444444444],[60.00000000000001,80.33333333333334],[58.57142857142858,80.57142857142857],[58.0,81.0]]],[[[140.0,-81.0],[139.33333333333334,-81.33333333333334],[138.8,-81.2],[138.8,-81.0],[139.13333333333333,-80.86666666666667],[140.0,-81.0]]],[[[131.375,-77.375],[131.23076923076923,-77.0],[131.56521739130434,-76.56521739130434],[132.0,-76.375],[134.29411764705884,-76.70588235294117],[134.83333333333334,-77.0],[134.0,-77.41666666666667],[132.0,-77.76923076923076],[131.625,-77.625],[131.0,-78.0],[131.375,-77.375]]],[[[136.8076923076923,-72.8076923076923],[137.0,-72.75],[137.83333333333334,-73.0],[137.0,-73.625],[136.70588235294116,-73.29411764705883],[136.8076923076923,-72.8076923076923]]],[[[128.0,-68.0],[127.375,-68.375],[127.0,-68.42857142857143],[126.76923076923077,-68.23076923076923],[125.84210526315789,-68.15789473684211],[125.66666666666667,-68.0],[126.0,-67.57142857142857],[126.26086956521739,-67.73913043478261],[127.20689655172413,-67.79310344827586],[128.0,-68.0]]],[[[143.92857142857142,-68.07142857142857],[143.0,-68.0],[144.0,-67.8],[144.11111111111111,-68.0],[143.92857142857142,-68.07142857142857]]],[[[123.0,-66.4],[123.38709677419354,-66.61290322580645],[123.53846153846153,-67.46153846153847],[124.0,-68.0],[123.53846153846153,-68.53846153846155],[123.4,-69.4],[122.71428571428571,-69.28571428571428],[122.0,-68.0],[122.46153846153847,-67.46153846153847],[122.5,-67.0],[123.0,-66.4]]],[[[121.0,-67.25],[122.0,-68.0],[121.4,-68.4],[121.0,-68.42857142857143],[120.66666666666667,-68.33333333333334],[120.25,-68.0],[121.0,-67.25]]],[[[171.21428571428572,-49.785714285714285],[171.75,-50.0],[171.16216216216216,-50.16216216216216],[171.0,-50.75],[170.8125,-50.1875],[170.925,-49.925],[171.21428571428572,-49.785714285714285]]],[[[172.0,-49.833333333333336],[171.72222222222223,-49.27777777777777],[172.0,-48.78260869565217],[172.1123595505618,-48.8876404494382],[172.0,-49.833333333333336]]],[[[178.1951219512195,-42.80487804878049],[179.01632653061225,-42.98367346938775],[180.0,-42.878172588832484],[180.0,-44.05714285714286],[179.5111111111111,-44.51111111111111],[179.2947368421053,-45.294736842105266],[179.0,-45.388888888888886],[178.5,-46.0],[179.0,-46.2972972972973],[179.35199999999998,-46.352],[180.0,-45.94285714285714],[180.0,-47.833333333333336],[179.96774193548387,-47.96774193548387],[179.0,-48.035714285714285],[178.0,-49.38709677419355],[177.0,-50.0],[176.11111111111111,-50.111111111111114],[176.0,-50.33333333333333],[175.0,-50.0],[174.00000000000003,-49.85714285714286],[173.77358490566039,-49.22641509433962],[173.84415584415584,-48.84415584415584],[174.30769230769232,-48.69230769230769],[174.75862068965517,-48.758620689655174],[174.6829268292683,-48.31707317073171],[174.82666666666665,-48.0],[174.62886597938143,-47.371134020618555],[174.0,-47.088235294117645],[173.4,-47.0],[174.1290322580645,-46.12903225806452],[174.66666666666666,-46.0],[175.0,-45.5],[175.4,-45.4],[176.0,-45.0],[176.14285714285714,-43.14285714285714],[176.33333333333334,-43.0],[176.22222222222223,-42.77777777777778],[176.0,-42.75],[175.77777777777777,-42.22222222222223],[175.14285714285714,-41.857142857142854],[175.0,-41.900000000000006],[174.75,-41.25],[174.5263157894737,-41.0],[174.59090909090907,-40.590909090909086],[175.0,-40.470588235294116],[175.26865671641792,-40.73134328358209],[175.9,-41.0],[175.85714285714286,-41.14285714285714],[176.0,-41.25],[177.0,-41.66666666666667],[177.02666666666667,-41.97333333333333],[177.28571428571428,-42.285714285714285],[177.36363636363637,-42.63636363636364],[177.54285714285714,-42.54285714285714],[178.0,-42.63636363636364],[178.1951219512195,-42.80487804878049]],[[175.11111111111111,-46.111111111111114],[175.41860465116278,-46.581395348837205],[175.34615384615384,-47.0],[175.5952380952381,-47.40476190476191],[176.43312101910828,-47.433121019108285],[177.0,-47.0],[177.08333333333334,-46.0],[176.83333333333334,-45.83333333333333],[175.88888888888889,-46.111111111111114],[175.11111111111111,-46.111111111111114]]],[[[143.12578616352204,-11.874213836477987],[143.94545454545454,-12.054545454545455],[144.1942857142857,-12.805714285714284],[145.0057803468208,-12.994219653179192],[145.0701754385965,-14.0],[146.0,-14.963636363636365],[148.0,-14.972972972972972],[149.0,-14.729166666666668],[149.13333333333333,-14.866666666666667],[150.00542005420053,-14.994579945799458],[150.31578947368422,-15.684210526315788],[150.8125,-16.0],[150.73134328358208,-16.268656716417908],[151.0,-17.0],[148.0,-17.114754098360656],[147.0,-17.01851851851852],[146.69620253164558,-16.303797468354432],[145.0217391304348,-16.02173913043478],[143.0,-16.0],[143.4,-15.4],[143.5,-15.0],[142.86666666666667,-14.866666666666667],[142.5,-15.0],[142.4,-15.4],[142.0,-15.5],[141.66666666666669,-16.0],[141.7142857142857,-16.285714285714285],[142.0,-16.5],[142.0952380952381,-16.904761904761905],[142.02898550724638,-20.97101449275362],[143.01069518716577,-20.989304812834224],[143.19230769230768,-21.807692307692307],[144.01398601398603,-21.986013986013987],[144.3,-23.700000000000003],[145.0185185185185,-23.98148148148148],[145.05263157894737,-24.94736842105263],[145.33333333333331,-25.0],[145.60000000000002,-25.400000000000002],[146.0,-25.666666666666664],[146.06666666666666,-25.933333333333334],[147.14285714285714,-26.0],[148.0,-26.857142857142858],[148.28571428571428,-26.714285714285715],[148.7142857142857,-26.714285714285715],[148.7142857142857,-26.285714285714285],[148.85714285714286,-26.0],[149.0,-25.967741935483872],[149.25,-26.25],[149.25,-26.75],[149.75,-26.75],[150.0,-26.875],[150.25,-26.75],[150.75,-26.75],[150.75,-26.25],[151.0,-25.979166666666668],[151.04444444444445,-27.955555555555556],[151.2,-28.200000000000003],[151.2,-28.799999999999997],[151.8,-28.799999999999997],[152.04166666666666,-29.041666666666668],[152.0,-30.043478260869563],[151.66666666666666,-30.0],[151.44444444444443,-29.555555555555554],[151.0,-29.333333333333336],[150.5,-29.5],[150.33333333333334,-30.0],[150.66666666666669,-30.333333333333336],[150.77777777777777,-31.0],[151.2926829268293,-31.707317073170735],[152.0,-31.956521739130434],[152.08510638297872,-33.91489361702128],[152.4,-34.6],[152.9,-35.0],[152.66666666666669,-36.0],[152.16528925619835,-36.16528925619835],[152.25454545454545,-36.74545454545454],[151.95454545454547,-38.95454545454545],[151.11764705882354,-39.11764705882353],[151.0,-39.85714285714286],[150.19607843137254,-40.19607843137255],[150.19607843137254,-40.80392156862745],[150.0591715976331,-41.05917159763314],[149.94444444444443,-42.0],[149.2905982905983,-42.29059829059829],[149.0779220779221,-43.0],[149.0,-44.434782608695656],[148.0,-44.958333333333336],[147.0,-45.0],[147.0,-46.0],[146.33333333333334,-45.66666666666667],[145.8,-45.8],[144.8,-45.8],[144.0,-46.0],[144.0,-47.0],[146.0,-47.0],[147.0,-47.111111111111114],[147.28571428571428,-47.285714285714285],[148.0,-47.0],[147.57894736842104,-47.578947368421055],[147.9090909090909,-49.0],[147.2020202020202,-49.20202020202021],[147.0,-50.0],[146.0,-50.22222222222223],[144.91878172588832,-50.08121827411168],[144.6504854368932,-49.349514563106794],[144.1818181818182,-49.0],[144.21052631578948,-48.78947368421052],[144.0,-48.5],[143.91489361702128,-48.08510638297873],[143.20000000000002,-48.00000000000001],[143.25,-47.75],[143.0,-47.5],[142.9736842105263,-47.026315789473685],[142.8,-47.0],[142.71428571428572,-46.71428571428571],[143.0,-46.0],[142.0,-46.0],[141.47058823529412,-45.52941176470588],[141.0,-45.38461538461539],[140.85294117647058,-45.14705882352941],[139.0,-45.03947368421053],[138.8695652173913,-44.869565217391305],[138.8695652173913,-44.130434782608695],[135.9940119760479,-44.00598802395209],[136.0,-43.0],[134.5,-43.0],[134.0,-42.5],[133.9787234042553,-42.02127659574468],[133.5,-42.0],[132.6923076923077,-41.30769230769231],[131.33333333333334,-40.66666666666667],[131.0,-40.0],[129.5,-39.5],[129.0,-39.0],[127.0,-39.0],[127.0,-40.0],[126.0,-40.0],[125.33333333333334,-39.66666666666667],[124.0,-39.5],[122.99999999999999,-39.57142857142857],[122.0,-40.0],[121.08333333333334,-40.083333333333336],[121.0,-41.0],[118.89473684210526,-40.89473684210527],[118.0,-41.0],[117.11111111111111,-40.888888888888886],[115.03428571428572,-41.034285714285716],[114.19780219780219,-41.1978021978022],[114.00000000000001,-41.900000000000006],[113.69999999999999,-41.3],[113.0,-41.13636363636363],[111.0,-41.0],[111.34782608695653,-40.34782608695652],[111.36363636363637,-40.0],[111.0,-39.0],[111.27272727272727,-38.27272727272727],[111.3,-37.7],[110.98507462686567,-36.01492537313433],[110.63636363636363,-35.36363636363637],[109.96666666666665,-35.0],[110.0,-34.0],[109.80000000000001,-33.2],[109.5,-32.5],[109.0,-32.0],[109.33333333333334,-31.333333333333336],[109.33333333333334,-31.0],[109.81818181818181,-30.81818181818182],[110.0,-30.0],[110.6153846153846,-29.615384615384613],[110.91489361702128,-28.914893617021278],[111.00000000000001,-28.333333333333336],[111.5,-28.0],[111.92592592592592,-27.925925925925924],[112.0,-27.5],[112.28571428571428,-27.285714285714285],[112.7142857142857,-27.285714285714285],[113.5,-27.0],[113.7142857142857,-26.714285714285715],[114.5,-26.5],[115.0,-26.0],[118.0,-26.0],[118.66666666666666,-25.0],[118.66666666666666,-24.0],[119.66666666666667,-23.0],[119.66666666666667,-22.666666666666668],[120.0,-22.0],[121.5,-21.5],[122.6,-20.6],[123.0,-20.0],[124.0,-20.0],[124.60000000000001,-20.400000000000002],[125.33333333333334,-20.666666666666668],[125.5,-21.0],[126.22222222222223,-21.22222222222222],[126.5,-21.0],[126.60000000000001,-20.6],[127.0,-20.0],[127.0,-18.0],[127.7142857142857,-17.714285714285715],[128.60000000000002,-17.6],[129.0,-17.0],[129.60000000000002,-17.4],[130.0,-17.5],[130.4,-17.4],[131.0,-17.0],[132.0,-17.0],[132.0,-18.0],[133.0,-18.0],[133.0,-16.0],[134.0,-16.0],[134.0,-14.0],[133.5,-14.5],[132.6,-14.600000000000001],[132.0,-15.0],[131.0,-15.0],[130.9918699186992,-13.0],[131.9837398373984,-12.983739837398375],[132.0,-10.954545454545453],[133.94285714285715,-10.942857142857143],[133.96153846153845,-8.0],[134.15384615384616,-7.846153846153847],[134.84615384615384,-7.846153846153847],[135.2,-7.000000000000001],[137.0,-7.0],[137.33858267716536,-7.661417322834645],[137.93478260869566,-8.0],[137.34126984126985,-8.341269841269842],[137.03883495145632,-9.03883495145631],[137.25130890052355,-9.748691099476439],[138.0,-9.991869918699187],[141.0,-9.938461538461539],[141.376,-10.623999999999999],[142.0,-10.960629921259843],[142.90588235294118,-11.094117647058823],[143.12578616352204,-11.874213836477987]],[[139.33333333333334,-23.0],[139.36363636363637,-19.636363636363637],[139.0,-19.0],[138.0,-19.0],[138.0,-17.0],[137.0,-17.0],[137.0,-16.0],[135.0,-16.0],[135.0,-17.0],[136.0,-17.0],[136.0,-18.0],[137.0,-18.0],[137.0,-19.0],[136.0,-20.0],[136.0,-22.0],[136.4,-22.6],[137.0,-23.0],[137.71428571428572,-22.71428571428571],[138.28571428571428,-22.71428571428571],[138.71428571428572,-23.285714285714285],[139.0,-23.333333333333336],[139.2,-23.2],[139.33333333333334,-23.0]],[[133.0,-11.5],[132.66666666666669,-11.666666666666668],[132.5,-12.0],[132.6,-12.4],[133.0,-13.0],[135.0,-13.0],[134.5,-12.5],[134.5,-12.0],[134.33333333333334,-11.666666666666668],[134.0,-11.5],[133.0,-11.5]],[[148.33333333333334,-15.333333333333334],[148.0,-16.0],[148.38888888888889,-16.61111111111111],[149.0,-16.941176470588236],[149.35955056179776,-16.359550561797754],[149.31683168316832,-15.683168316831683],[149.0,-15.448275862068966],[148.5185185185185,-15.481481481481483],[148.33333333333334,-15.333333333333334]],[[134.66666666666669,-9.333333333333334],[135.0,-9.5],[135.33333333333334,-9.0],[135.0,-8.5],[134.66666666666669,-8.666666666666668],[134.5,-9.0],[134.66666666666669,-9.333333333333334]]],[[[127.0,-9.222222222222221],[126.44,-9.0],[126.8282208588957,-8.828220858895705],[127.37837837837837,-9.0],[127.0,-9.222222222222221]]],[[[122.75757575757575,-3.757575757575758],[123.0,-3.891891891891892],[123.0,-4.190476190476191],[122.33333333333334,-4.333333333333334],[122.0,-5.024390243902439],[121.9047619047619,-4.095238095238095],[121.5,-3.5],[121.0,-3.269230769230769],[120.08450704225352,-4.084507042253521],[120.2135922330097,-4.786407766990291],[120.0,-5.423076923076923],[119.6986301369863,-5.301369863013699],[119.45,-5.0],[119.875,-4.0],[119.62091503267973,-3.3790849673202614],[119.38271604938272,-2.0],[119.79746835443038,-0.7974683544303798],[120.35294117647058,-0.6470588235294117],[120.82758620689656,-1.0],[121.0,-1.3333333333333335],[121.11475409836066,-2.885245901639344],[121.87301587301587,-2.873015873015873],[122.1951219512195,-3.0],[122.32653061224491,-3.3265306122448983],[122.24242424242425,-3.757575757575758],[122.75757575757575,-3.757575757575758]]],[[[125.98901098901099,-1.989010989010989],[128.0,-1.875],[128.1206896551724,-2.0],[127.93518518518519,-2.064814814814815],[125.98901098901099,-1.989010989010989]]],[[[122.01904761904761,-0.980952380952381],[121.83333333333333,-1.0],[121.37037037037037,-0.6296296296296295],[120.98360655737704,0.0],[122.27397260273972,0.273972602739726],[123.0,0.0],[122.1418439716312,-0.14184397163120566],[122.01904761904761,-0.980952380952381]]],[[[122.80281690140845,1.0],[123.0,1.1284403669724772],[123.875,1.0],[123.55555555555554,0.4444444444444444],[123.0,0.0],[122.68539325842696,0.6853932584269663],[122.80281690140845,1.0]]],[[[120.97058823529412,10.970588235294118],[120.0,11.0],[120.75,11.25],[121.5,11.0],[120.97058823529412,10.970588235294118]]],[[[125.12903225806451,12.129032258064516],[127.0204081632653,12.0],[127.02499999999999,9.975],[126.0,9.976744186046512],[125.30769230769232,9.692307692307693],[125.45762711864407,9.45762711864407],[125.38709677419354,8.387096774193548],[126.0,8.045454545454545],[127.54545454545455,8.454545454545453],[127.85185185185185,9.148148148148149],[128.04347826086956,9.043478260869566],[128.12121212121212,6.878787878787879],[128.0,6.666666666666666],[127.49315068493149,6.506849315068493],[127.0,5.87037037037037],[126.75172413793103,6.751724137931035],[126.0,6.945454545454545],[124.0,6.912698412698412],[123.88421052631578,7.0],[123.89,7.109999999999999],[124.2156862745098,7.215686274509804],[124.83720930232559,7.162790697674419],[124.93181818181819,8.0],[124.65822784810126,8.658227848101266],[124.03571428571428,9.0],[124.54237288135593,9.45762711864407],[124.9090909090909,10.0],[124.75757575757575,10.242424242424242],[124.9047619047619,10.904761904761905],[124.40449438202248,10.595505617977528],[123.05263157894737,11.000000000000002],[123.59090909090908,11.409090909090908],[124.43373493975903,11.433734939759036],[124.86666666666667,11.133333333333333],[124.78947368421052,11.789473684210527],[124.94117647058823,12.0],[124.95918367346938,12.959183673469386],[124.88235294117646,13.882352941176471],[124.0,13.941176470588236],[123.21052631578948,13.789473684210526],[123.21052631578948,13.210526315789474],[123.00000000000001,12.333333333333332],[122.55555555555556,12.555555555555555],[122.33333333333334,13.0],[122.88888888888889,13.11111111111111],[122.93939393939394,14.0],[122.56666666666666,14.566666666666666],[122.0,14.794871794871794],[121.92660550458716,15.0],[122.0,15.888888888888888],[122.4390243902439,16.5609756097561],[123.00000000000001,18.666666666666668],[123.14634146341464,18.146341463414632],[123.80851063829789,18.19148936170213],[124.10588235294118,18.0],[124.03428571428572,17.034285714285712],[123.76666666666667,16.0],[123.3931623931624,15.606837606837606],[123.19402985074628,15.0],[123.28888888888889,14.711111111111109],[123.08695652173913,14.08695652173913],[125.09090909090908,14.0],[125.12903225806451,12.129032258064516]],[[125.36363636363637,11.636363636363637],[125.14285714285714,11.0],[125.5,10.5],[126.0,10.142857142857142],[126.38709677419355,10.612903225806452],[126.375,11.375],[126.0,12.0],[125.36363636363637,11.636363636363637]]],[[[120.5,25.5],[121.0,25.75],[121.42857142857144,25.42857142857143],[121.5,25.0],[121.11111111111111,24.88888888888889],[121.33333333333334,24.333333333333336],[120.96610169491525,22.966101694915256],[120.08,23.080000000000002],[120.04545454545455,24.0],[120.07692307692307,24.923076923076923],[120.25,25.0],[120.5,25.5]]],[[[138.1904761904762,37.0],[137.0,36.89051094890511],[136.3135593220339,36.686440677966104],[136.0,36.32727272727273],[135.61290322580646,36.38709677419355],[135.13793103448276,36.13793103448276],[135.0,36.333333333333336],[134.89473684210526,36.0],[133.83574879227052,35.835748792270536],[133.0,36.0],[132.05263157894737,35.94736842105263],[131.92857142857142,35.0],[131.0,34.58064516129032],[129.94285714285715,35.05714285714286],[129.45925925925926,33.54074074074074],[129.0,32.714285714285715],[128.66666666666669,32.66666666666667],[128.04761904761904,33.04761904761905],[128.0,33.2],[127.4,33.4],[127.20000000000002,34.0],[127.5,34.5],[128.0,34.8],[128.15384615384616,35.84615384615385],[128.83333333333334,36.16666666666667],[129.0,37.0],[129.8,36.8],[130.14285714285714,36.85714285714286],[130.22222222222223,37.0],[130.77049180327867,37.22950819672131],[131.0,37.77777777777778],[131.4516129032258,37.4516129032258],[132.0,37.4],[133.5,37.5],[134.0,37.66666666666667],[134.33898305084745,38.66101694915254],[135.0,39.125],[135.74193548387098,38.74193548387097],[136.32,38.68],[136.78571428571428,39.214285714285715],[137.0952380952381,40.0],[137.8709677419355,41.12903225806451],[138.0,42.36363636363636],[138.63636363636363,43.0],[138.5,43.5],[139.0,43.800000000000004],[139.23529411764707,43.23529411764706],[139.13793103448276,43.0],[139.4,42.4],[139.91666666666666,42.0],[139.39999999999998,41.0],[139.1818181818182,39.81818181818181],[139.36,39.36],[139.31034482758622,39.0],[139.0,38.526315789473685],[138.16666666666666,38.0],[138.1904761904762,37.0]]],[[[138.8,44.0],[138.5,43.5],[138.0,43.63636363636364],[137.95580110497238,44.04419889502763],[138.1095890410959,44.109589041095894],[138.8,44.0]]],[[[140.5,43.5],[140.0,43.86206896551724],[139.76470588235293,43.76470588235294],[139.2,44.0],[139.52941176470586,44.470588235294116],[140.07407407407408,44.92592592592593],[140.14285714285714,45.85714285714286],[141.0,46.0],[141.6521739130435,45.65217391304348],[142.0,44.94117647058823],[142.7058823529412,44.705882352941174],[143.26666666666665,44.266666666666666],[143.28571428571428,44.0],[142.0,42.92],[141.28571428571428,42.71428571428571],[140.72916666666669,42.72916666666667],[140.5,43.5]]],[[[159.0,61.0],[159.2,60.2],[159.0,59.5],[158.71428571428572,59.71428571428571],[158.60000000000002,60.400000000000006],[159.0,61.0]]],[[[180.0,72.0],[179.0,72.0],[179.0,74.0],[179.6,74.4],[180.0,75.0],[180.0,72.0]]],[[[144.0,88.95833333333333],[142.0,88.95833333333333],[141.9622641509434,89.9622641509434],[131.0,89.98245614035088],[130.03508771929825,89.96491228070175],[130.0,88.96153846153847],[129.96363636363637,89.96363636363637],[120.9896907216495,89.98969072164948],[180.0,90.0],[180.0,89.26224783861672],[179.50816522574448,89.50816522574446],[179.0,89.98924731182795],[145.0392156862745,89.9607843137255],[144.08333333333331,89.91666666666666],[144.0,88.95833333333333]]]]}}]}