{"type":"FeatureCollection","features":[{"type":"Feature","properties":{"ageMa":140},"geometry":{"type":"MultiPolygon","coordinates":[[[[-65.0,-80.75],[-65.01796407185628,-79.98203592814372],[-63.33333333333334,-80.0],[-64.0,-80.66666666666667],[-65.0,-80.75]]],[[[-61.98882681564246,-78.98882681564247],[-61.0,-79.0],[-61.6,-79.4],[-62.0,-80.0],[-62.11111111111111,-79.11111111111111],[-61.98882681564246,-78.98882681564247]]],[[[-56.63636363636364,-77.36363636363637],[-57.00000000000001,-77.66666666666667],[-58.0,-77.5],[-58.0062893081761,-76.9937106918239],[-56.5,-77.0],[-56.63636363636364,-77.36363636363637]]],[[[-12.200000000000001,-69.0],[-11.0,-69.66666666666667],[-10.5,-69.5],[-10.333333333333334,-70.0],[-11.527777777777777,-70.47222222222221],[-13.0,-70.60465116279069],[-14.0,-70.17857142857143],[-15.247191011235955,-70.24719101123596],[-17.657894736842106,-69.65789473684211],[-20.0,-69.43333333333334],[-21.0,-69.51612903225806],[-21.842105263157894,-69.0],[-21.329896907216494,-68.6701030927835],[-20.0,-68.43478260869566],[-19.0,-68.11111111111111],[-18.0,-68.33333333333334],[-17.775510204081634,-68.22448979591836],[-17.396551724137932,-67.60344827586206],[-17.0,-67.41025641025641],[-15.0,-67.62162162162161],[-14.0,-67.88888888888889],[-13.28125,-67.71875],[-11.820512820512821,-67.82051282051282],[-11.533333333333335,-68.0],[-11.649999999999999,-68.35],[-12.200000000000001,-69.0]]],[[[-24.25,-67.0],[-23.0,-66.75],[-22.416666666666664,-67.0],[-23.0,-67.20588235294117],[-24.25,-67.0]]],[[[-30.235294117647058,-65.76470588235294],[-29.555555555555554,-65.55555555555556],[-29.666666666666668,-66.0],[-30.0,-66.28571428571429],[-30.666666666666668,-66.0],[-30.235294117647058,-65.76470588235294]]],[[[-33.400000000000006,-65.0],[-33.0,-64.0],[-32.0,-64.0],[-32.0,-65.0],[-32.55555555555555,-65.44444444444444],[-33.0,-65.66666666666667],[-33.400000000000006,-65.0]]],[[[-37.0,-62.785714285714285],[-37.46153846153847,-62.53846153846154],[-37.733333333333334,-62.0],[-37.3859649122807,-61.614035087719294],[-36.53191489361702,-61.53191489361702],[-36.0,-62.0],[-36.400000000000006,-62.6],[-37.0,-62.785714285714285]]],[[[-37.25,-59.25],[-36.88679245283019,-59.113207547169814],[-34.0,-59.02272727272728],[-32.0,-59.413793103448285],[-31.0,-59.44444444444444],[-30.583333333333336,-59.583333333333336],[-30.0,-60.142857142857146],[-28.0,-60.31428571428572],[-27.5,-60.5],[-27.025641025641026,-61.02564102564102],[-25.52173913043478,-61.52173913043479],[-23.735294117647058,-62.73529411764706],[-23.264705882352942,-64.0],[-23.45614035087719,-64.54385964912281],[-24.0,-65.08333333333333],[-25.0,-64.8235294117647],[-25.89873417721519,-65.10126582278481],[-28.0,-65.0],[-28.745454545454542,-65.25454545454545],[-29.0,-65.63636363636364],[-29.482758620689655,-65.48275862068967],[-29.53846153846154,-65.0],[-29.32558139534884,-64.67441860465117],[-28.571428571428573,-64.42857142857143],[-28.470588235294116,-64.0],[-28.782608695652172,-63.0],[-29.000000000000004,-62.736842105263165],[-30.0,-62.58823529411765],[-30.408163265306126,-62.40816326530613],[-30.86842105263158,-61.868421052631575],[-31.151515151515152,-61.84848484848485],[-32.1,-61.9],[-32.567567567567565,-62.432432432432435],[-33.285714285714285,-62.714285714285715],[-34.0,-62.800000000000004],[-35.457142857142856,-62.457142857142856],[-36.0,-62.0],[-35.76923076923077,-61.0],[-37.40625,-60.40625],[-37.72222222222222,-60.0],[-37.6875,-59.6875],[-38.0,-59.58333333333333],[-39.63636363636363,-59.63636363636364],[-40.0,-59.53846153846154],[-40.28,-59.28],[-41.0,-58.0],[-40.88235294117647,-54.11764705882353],[-39.78181818181818,-54.21818181818182],[-39.25,-54.0],[-39.21052631578948,-53.78947368421052],[-39.0,-53.71428571428571],[-38.66666666666667,-54.0],[-39.0,-55.0],[-39.07692307692308,-57.07692307692308],[-38.77777777777778,-57.22222222222222],[-38.25806451612903,-57.25806451612903],[-38.10526315789474,-58.10526315789474],[-37.3,-59.0],[-37.25,-59.25]]],[[[-175.2,-47.0],[-175.304,-46.696],[-175.12307692307695,-46.12307692307692],[-176.28571428571428,-46.0],[-176.0,-45.55555555555556],[-175.58333333333334,-45.41666666666667],[-175.16666666666669,-45.0],[-174.0,-44.9],[-173.3846153846154,-45.38461538461539],[-171.0,-46.09090909090909],[-169.93548387096774,-46.935483870967744],[-169.0,-47.0],[-175.0,-47.13380281690141],[-175.2,-47.0]]],[[[-156.18947368421053,-38.810526315789474],[-155.8421052631579,-38.8421052631579],[-155.8671586715867,-39.132841328413285],[-156.8181818181818,-39.0],[-156.18947368421053,-38.810526315789474]]],[[[-148.2043010752688,-26.795698924731184],[-148.0,-26.56818181818182],[-147.8661971830986,-27.0],[-148.0,-27.322033898305087],[-148.26388888888889,-27.0],[-148.2043010752688,-26.795698924731184]]],[[[-148.0,-24.542857142857144],[-148.51351351351352,-24.0],[-147.91079812206573,-23.910798122065728],[-148.0,-24.542857142857144]]],[[[-51.77173913043478,2.7717391304347823],[-52.0,2.7613636363636367],[-52.145833333333336,3.0],[-52.2397476340694,4.239747634069401],[-52.0,4.6440677966101696],[-51.47945205479452,4.0],[-51.77173913043478,2.7717391304347823]]],[[[-30.0,16.620689655172413],[-29.737226277372265,16.262773722627735],[-28.96551724137931,16.03448275862069],[-29.0,15.882352941176471],[-30.0,15.307692307692308],[-31.0,15.560975609756097],[-31.5,16.0],[-31.53846153846154,16.461538461538463],[-32.0,16.545454545454547],[-32.55555555555556,17.0],[-32.0,19.090909090909093],[-31.894736842105264,18.105263157894736],[-31.19178082191781,18.19178082191781],[-30.825000000000003,18.0],[-30.81081081081081,17.81081081081081],[-31.346153846153847,17.346153846153847],[-31.42857142857143,16.571428571428573],[-31.0,16.666666666666668],[-30.0,16.620689655172413]]],[[[-79.6046511627907,32.3953488372093],[-80.062893081761,32.937106918238996],[-80.55555555555556,33.0],[-80.6470588235294,34.0],[-81.18367346938776,34.816326530612244],[-81.6923076923077,35.0],[-81.61904761904762,35.38095238095238],[-81.77777777777777,35.77777777777778],[-81.5,36.0],[-81.4,36.400000000000006],[-81.0,37.0],[-80.83333333333334,36.16666666666667],[-80.0,36.0],[-79.0,36.0],[-78.6078431372549,35.3921568627451],[-78.0,35.0],[-77.0,34.0],[-76.7125,33.0],[-77.0,32.08],[-79.10828025477707,31.89171974522293],[-79.5,32.0],[-79.6046511627907,32.3953488372093]]],[[[-85.1747572815534,38.1747572815534],[-85.0,38.75],[-84.53846153846153,38.53846153846154],[-84.4,38.6],[-84.47058823529412,38.470588235294116],[-84.3076923076923,38.0],[-84.47058823529412,37.529411764705884],[-84.0,37.55555555555556],[-83.6,37.4],[-83.16666666666667,37.0],[-84.35714285714286,37.0],[-84.51351351351352,37.48648648648649],[-85.0,37.5],[-85.1747572815534,38.1747572815534]]],[[[-86.0,40.45454545454545],[-85.5,40.5],[-85.28571428571428,40.0],[-85.69696969696969,39.6969696969697],[-86.0,39.72222222222222],[-86.0,40.45454545454545]]],[[[-86.75961538461539,46.24038461538461],[-86.16666666666667,46.0],[-86.0,45.78260869565217],[-85.84,45.16],[-85.0,44.02272727272727],[-84.67521367521368,42.324786324786324],[-84.38709677419354,42.0],[-84.41739130434783,41.58260869565218],[-84.0,41.07692307692307],[-84.0,40.599999999999994],[-85.0,40.400000000000006],[-85.5,40.5],[-85.33333333333334,41.0],[-85.99999999999999,41.146341463414636],[-86.45161290322581,41.54838709677419],[-87.0,42.38297872340426],[-88.5128205128205,43.0],[-89.17525773195877,43.824742268041234],[-91.62962962962962,44.37037037037037],[-92.0,44.66666666666667],[-92.37037037037037,44.629629629629626],[-92.81818181818181,44.81818181818182],[-93.0,44.75],[-93.33333333333334,45.0],[-94.09302325581395,45.093023255813954],[-94.25,44.25],[-95.0,44.0],[-96.0,43.86013986013986],[-96.95238095238095,44.0],[-97.0,44.5],[-97.25,44.75],[-97.66666666666669,44.66666666666667],[-98.21052631578948,44.78947368421053],[-98.60000000000001,44.6],[-99.0,44.62068965517241],[-99.21782178217822,44.78217821782178],[-100.0,44.96296296296296],[-100.82716049382717,44.827160493827165],[-102.0,45.0],[-101.5,45.5],[-101.0,45.66666666666667],[-100.46666666666667,45.53333333333333],[-100.0,45.22222222222222],[-98.99999999999999,45.78571428571428],[-98.71428571428571,45.71428571428571],[-98.15384615384615,45.84615384615385],[-98.0,45.66666666666667],[-97.75,45.75],[-97.33333333333334,46.333333333333336],[-97.27272727272728,47.0],[-96.10810810810811,47.10810810810811],[-95.49056603773585,47.490566037735846],[-95.11538461538461,48.0],[-92.0,48.20879120879121],[-89.0,48.0],[-88.52459016393442,47.475409836065566],[-87.88625592417061,47.11374407582939],[-87.0,46.833333333333336],[-86.75961538461539,46.24038461538461]]],[[[-114.27272727272727,52.0],[-114.30769230769232,52.30769230769231],[-114.0,52.85714285714286],[-113.73333333333333,51.733333333333334],[-114.0,51.4],[-114.10810810810811,51.891891891891895],[-114.27272727272727,52.0]]],[[[-32.0,56.33333333333333],[-31.733333333333334,56.266666666666666],[-31.5,56.0],[-31.636363636363637,55.63636363636364],[-32.0,55.5],[-33.0,55.5],[-33.333333333333336,55.66666666666667],[-33.5,56.0],[-33.333333333333336,56.333333333333336],[-32.0,56.33333333333333]]],[[[-113.0,60.80952380952381],[-112.83,60.0],[-113.0,58.4],[-113.4,58.60000000000001],[-113.77142857142857,59.22857142857143],[-114.0,60.0],[-113.68,60.68],[-113.0,60.80952380952381]]],[[[10.833333333333334,-78.16666666666667],[10.0,-78.0],[15.0,-77.6875],[17.0,-78.0],[16.333333333333336,-78.33333333333334],[15.0,-78.5],[13.0,-78.16666666666666],[10.833333333333334,-78.16666666666667]]],[[[-8.538461538461538,-70.53846153846155],[-8.944444444444445,-70.0],[-8.529411764705882,-69.47058823529412],[-6.999999999999999,-69.04761904761904],[-6.4,-69.4],[-6.047619047619047,-69.99999999999999],[-6.153846153846153,-70.84615384615384],[-7.0,-71.1],[-8.0,-70.80952380952381],[-8.538461538461538,-70.53846153846155]]],[[[-9.586206896551724,-69.41379310344827],[-10.0,-69.75],[-10.5,-69.5],[-10.384615384615383,-68.0],[-10.0,-67.8],[-9.615384615384615,-68.0],[-9.586206896551724,-69.41379310344827]]],[[[-9.857142857142858,-58.0],[-10.0,-58.086956521739125],[-10.2,-58.0],[-10.5,-57.0],[-10.0,-56.0],[-9.555555555555555,-56.55555555555556],[-9.857142857142858,-58.0]]],[[[-6.466666666666667,-57.46666666666666],[-6.777777777777778,-57.0],[-6.451612903225806,-56.54838709677419],[-6.0,-56.416666666666664],[-5.416666666666666,-56.99999999999999],[-5.611111111111111,-57.388888888888886],[-6.0,-57.58333333333333],[-6.466666666666667,-57.46666666666666]]],[[[-3.2222222222222223,-56.22222222222223],[-3.4375,-55.5625],[-3.0,-55.5],[-2.3,-56.0],[-2.6585365853658534,-56.34146341463414],[-3.0,-56.4375],[-3.2222222222222223,-56.22222222222223]]],[[[-8.483870967741936,-54.516129032258064],[-8.0,-54.4],[-7.615384615384615,-54.61538461538461],[-7.3478260869565215,-55.0],[-7.299999999999999,-56.0],[-7.65,-56.349999999999994],[-9.0,-56.285714285714285],[-9.444444444444445,-56.44444444444444],[-10.0,-56.0],[-9.387096774193548,-55.61290322580645],[-8.483870967741936,-54.516129032258064]]],[[[1.8928571428571428,-46.0],[2.69811320754717,-45.698113207547166],[3.372093023255814,-45.627906976744185],[3.8275862068965516,-46.0],[3.6774193548387095,-46.322580645161295],[4.0,-47.0],[3.372093023255814,-46.627906976744185],[3.0,-46.75],[2.35,-46.65],[2.0,-46.3],[1.8928571428571428,-46.0]]],[[[1.6875,-43.0],[1.6428571428571428,-42.64285714285714],[2.0,-42.44444444444444],[2.2222222222222223,-42.77777777777778],[2.1724137931034484,-43.0],[2.0,-43.090909090909086],[1.6875,-43.0]]],[[[11.0,-42.11538461538461],[10.875,-42.0],[11.0,-41.83333333333333],[12.0,-41.868421052631575],[12.166666666666666,-42.0],[11.0,-42.11538461538461]]],[[[22.444444444444443,-24.444444444444443],[22.999999999999996,-24.214285714285715],[23.396396396396398,-24.603603603603602],[23.23030303030303,-26.23030303030303],[23.0,-26.43181818181818],[22.582417582417584,-26.417582417582416],[22.321428571428573,-26.0],[22.3125,-25.0],[22.444444444444443,-24.444444444444443]]],[[[5.4,84.60000000000001],[6.0,85.0],[6.333333333333334,84.33333333333334],[7.0,84.0],[11.0,84.0],[11.0,83.0],[12.0,83.0],[12.555555555555555,82.55555555555554],[13.294117647058822,82.29411764705883],[15.0,82.26923076923077],[17.02919708029197,82.02919708029198],[20.0,82.0],[21.0,81.66666666666667],[21.0625,81.0625],[22.5,81.0],[23.0,80.76923076923076],[23.134228187919465,80.13422818791946],[24.38888888888889,80.0],[24.46666666666667,79.53333333333333],[24.333333333333336,79.33333333333334],[24.666666666666668,79.33333333333334],[25.022988505747126,79.02298850574712],[26.25,79.0],[27.0,78.4],[27.050632911392405,78.0506329113924],[28.846153846153847,77.84615384615384],[29.0,77.0],[28.555555555555554,76.44444444444444],[28.0,76.0909090909091],[27.0,76.0],[26.38888888888889,75.61111111111111],[25.571428571428573,75.42857142857143],[25.0,75.0],[24.30769230769231,74.6923076923077],[24.0,74.5],[23.80952380952381,74.19047619047619],[23.6,73.60000000000001],[23.666666666666668,73.33333333333334],[23.333333333333336,73.33333333333334],[23.0,73.14285714285715],[22.307692307692307,73.30769230769232],[21.714285714285715,73.71428571428571],[21.5,74.0],[21.22222222222222,75.22222222222223],[20.666666666666668,75.66666666666667],[20.5,76.5],[19.666666666666668,76.66666666666667],[19.5,77.0],[19.5,77.5],[20.0,78.0],[19.0,78.0],[18.0,77.0],[17.0,77.0],[17.0,78.0],[15.0,78.0],[15.0,77.0],[13.0,77.0],[12.4,76.60000000000001],[12.0,76.5],[10.5,76.5],[10.0,77.0],[11.0,78.0],[10.222222222222221,78.22222222222223],[9.0,78.0],[7.538461538461538,78.53846153846155],[7.0,79.0],[6.0,79.0],[5.0,79.4],[4.4,79.4],[3.6000000000000005,79.6],[3.0,80.0],[2.0,80.0],[2.0,79.0],[3.0,78.5],[4.0,78.5],[5.0,78.0],[5.5,77.5],[7.0,77.0],[8.0,76.33333333333333],[8.333333333333334,76.33333333333334],[9.0,76.0],[10.0,76.0],[10.600000000000001,75.60000000000001],[11.0,75.5],[12.0,75.5],[12.333333333333334,75.33333333333334],[12.5,75.0],[12.5,74.5],[12.0,74.0],[12.0,72.0],[12.6,71.60000000000001],[13.333333333333336,71.33333333333334],[14.0,71.25],[14.428571428571429,71.57142857142858],[14.75,72.0],[14.666666666666668,72.33333333333334],[15.0,73.0],[16.0,73.0],[16.6,72.6],[17.0,72.5],[18.0,72.5],[19.0,72.33333333333334],[20.0,72.75],[21.0,72.5],[22.0,72.5],[23.0,72.75],[24.22222222222222,72.77777777777777],[24.81818181818182,73.18181818181819],[25.333333333333332,73.0],[25.333333333333332,72.0],[25.200000000000003,71.8],[24.523809523809522,71.47619047619047],[24.0,70.66666666666666],[23.555555555555557,70.44444444444444],[22.5,69.5],[21.77777777777778,69.22222222222223],[21.4,68.60000000000001],[21.0,68.5],[20.0,68.6],[19.625,68.375],[19.4,68.0],[19.571428571428573,67.57142857142857],[20.0,67.25],[21.0,67.0],[20.333333333333336,66.66666666666667],[20.0,66.0],[19.235294117647058,65.76470588235294],[19.0,65.33333333333334],[18.0,65.0],[17.0,65.0],[16.400000000000002,65.4],[15.0,65.75],[14.0,65.45454545454545],[13.743589743589743,65.25641025641025],[13.482758620689657,64.51724137931035],[12.882352941176471,64.11764705882354],[12.5,63.5],[12.0,63.0],[12.75,62.0],[12.636363636363637,61.36363636363636],[12.333333333333334,61.0],[12.57142857142857,60.0],[11.38888888888889,58.611111111111114],[11.0,58.5],[10.416666666666668,58.0],[10.333333333333332,57.0],[10.5,56.0],[9.724137931034482,55.275862068965516],[9.239999999999998,55.24],[8.833333333333334,55.0],[9.0,54.57142857142857],[10.0,54.0],[10.421052631578947,54.57894736842105],[11.222222222222221,54.77777777777778],[11.333333333333334,56.0],[11.571428571428571,56.42857142857143],[12.0,56.66666666666667],[12.75,56.0],[12.8,55.800000000000004],[12.647058823529411,53.647058823529406],[14.0,53.875],[15.25,54.75],[15.777777777777779,54.77777777777778],[16.363636363636363,55.0],[16.548387096774192,55.4516129032258],[17.77777777777778,57.0],[18.086956521739133,58.91304347826087],[18.85185185185185,58.85185185185185],[19.22222222222222,59.0],[19.0,59.5],[18.0,59.333333333333336],[17.75,59.75],[17.851851851851855,60.148148148148145],[18.0,60.25],[19.0,60.28571428571429],[20.0,60.58333333333333],[20.256410256410255,60.74358974358974],[20.58823529411765,61.41176470588235],[21.88235294117647,62.11764705882353],[23.0,62.16666666666667],[23.5625,62.4375],[24.41176470588235,62.588235294117645],[26.0,63.4],[27.0,63.333333333333336],[28.0,63.54545454545455],[29.0,63.46153846153846],[29.352941176470587,63.35294117647059],[30.0,62.599999999999994],[32.27272727272727,62.272727272727266],[33.0,61.71428571428571],[34.0,62.0],[34.72727272727273,61.72727272727272],[35.6,61.6],[38.57142857142857,61.57142857142857],[39.333333333333336,61.33333333333334],[39.69230769230769,60.69230769230769],[39.81818181818181,59.81818181818181],[41.0,60.0],[45.0,60.0],[45.0,59.0],[46.0,59.0],[46.0,61.0],[47.0,61.0],[47.5,60.0],[47.857142857142854,59.85714285714286],[49.0,59.85714285714286],[50.333333333333336,59.333333333333336],[50.76470588235294,58.76470588235294],[51.42857142857143,58.42857142857143],[51.75,58.0],[51.77777777777778,57.77777777777777],[53.28571428571428,57.71428571428571],[54.0,58.0],[54.1,60.900000000000006],[54.25,61.0],[54.333333333333336,61.66666666666667],[54.5,62.0],[54.400000000000006,62.4],[54.0,63.0],[53.0,63.33333333333334],[52.6,63.60000000000001],[52.16666666666667,64.16666666666667],[51.0,64.5],[50.83333333333333,65.0],[51.72727272727273,65.27272727272727],[55.421052631578945,65.57894736842105],[56.0,66.0],[59.0,66.0],[59.0,65.0],[61.0,65.0],[61.0,62.0],[60.0,62.0],[60.0,55.0],[61.0,55.0],[61.0,54.0],[63.0,54.0],[63.0,53.0],[64.0,53.0],[64.0,52.0],[73.0,52.0],[73.0,51.0],[77.0,51.0],[77.0,52.0],[80.0,52.0],[80.0,55.0],[81.0,55.0],[81.0,57.0],[83.0,57.0],[83.0,58.0],[82.0,58.0],[82.0,59.0],[81.0,59.0],[81.0,60.0],[80.0,60.0],[80.0,61.0],[79.0,62.0],[77.6,62.6],[77.0,63.0],[76.0,63.0],[76.0,64.0],[75.0,64.0],[75.0,65.0],[74.0,65.0],[74.0,66.0],[73.0,66.0],[73.0,67.0],[72.0,67.0],[72.0,69.0],[71.0,69.0],[71.0,71.0],[70.0,71.0],[70.0,70.0],[68.0,70.0],[68.0,71.0],[67.0,71.0],[67.0,72.0],[66.0,72.0],[66.4,72.6],[66.33333333333334,73.0],[66.5,73.5],[67.0,74.0],[67.0,75.0],[69.0,75.0],[68.5,75.5],[68.5,76.0],[68.75,76.25],[69.0,76.33333333333333],[69.25,76.25],[69.75,75.75],[71.0,75.80000000000001],[72.0,76.0],[72.0,77.0],[74.0,77.66666666666667],[76.0,78.0],[80.0,78.0],[80.60000000000001,78.4],[81.0,78.5],[85.0,78.5],[85.4,78.4],[86.0,78.0],[87.0,78.0],[87.6,78.4],[88.0,78.5],[90.0,78.5],[90.28571428571428,78.28571428571428],[90.55555555555556,77.55555555555556],[92.0,77.0],[93.0,78.0],[93.6,78.4],[94.33333333333334,78.66666666666667],[95.0,78.75],[95.66666666666667,78.66666666666667],[96.33333333333334,78.33333333333334],[96.71428571428571,77.71428571428571],[97.0,77.5],[97.4,77.6],[97.66666666666669,78.33333333333334],[98.0,78.5],[99.0,78.0],[99.0,77.0],[101.0,77.0],[101.0,78.0],[102.0,79.0],[104.0,79.0],[104.60000000000001,79.4],[105.4,79.6],[106.0,80.0],[108.0,80.0],[108.0,79.0],[109.0,79.0],[110.0,78.0],[110.5,78.5],[111.33333333333334,78.66666666666667],[112.0,79.0],[113.0,79.0],[113.0,77.0],[115.0,76.75],[116.18181818181819,76.81818181818181],[116.66666666666667,77.0],[116.66666666666667,77.33333333333334],[117.0,78.0],[118.0,78.0],[118.0,77.0],[124.0,77.0],[124.0,76.0],[127.0,76.0],[127.0,78.0],[126.0,78.0],[126.0,80.0],[128.0,80.0],[128.0,79.0],[130.0,79.0],[130.0,80.0],[130.66666666666669,80.33333333333334],[131.0,81.0],[130.66666666666669,81.66666666666667],[130.0,82.0],[129.33333333333334,81.66666666666667],[129.0,81.0],[125.0,81.0],[125.0,79.0],[123.0,79.0],[123.0,81.0],[119.0,81.0],[119.0,83.0],[127.0,83.0],[127.0,84.0],[130.0,84.0],[130.0,83.0],[131.0,83.0],[131.0,84.0],[137.0,84.0],[137.0,82.0],[135.0,82.0],[135.0,81.0],[141.0,81.0],[141.0,82.0],[138.0,82.0],[138.0,84.0],[146.0,84.0],[146.0,82.0],[145.0,82.0],[145.0,81.0],[148.0,81.0],[148.60000000000002,81.4],[149.0,82.0],[155.0,82.0],[155.0,81.0],[156.0,81.0],[156.0,80.0],[159.0,80.0],[159.0,81.0],[160.0,81.0],[160.4,80.4],[160.66666666666669,79.66666666666667],[161.0,79.5],[162.0,79.33333333333334],[163.60000000000002,79.4],[164.4,79.6],[165.0,80.0],[167.0,80.0],[167.6,79.6],[168.0,79.5],[169.4,79.6],[170.0,80.0],[173.0,80.0],[173.0,79.0],[174.0,78.0],[175.0,78.0],[175.0,79.0],[179.0,79.0],[179.0,77.0],[180.0,77.0],[180.0,70.79545454545455],[178.5925925925926,70.40740740740742],[178.0,70.07142857142857],[177.0,70.0],[176.0,69.6],[175.0,70.0],[174.46153846153848,69.53846153846155],[174.0,69.4],[173.60000000000002,69.6],[173.4,70.0],[173.11594202898553,70.1159420289855],[172.1,70.1],[171.75,70.0],[171.55555555555554,69.44444444444444],[171.0,69.25],[170.0,69.27272727272727],[168.00000000000003,69.04347826086956],[166.99999999999997,69.08333333333333],[166.8,69.0],[166.47058823529412,68.52941176470588],[166.0,68.33333333333334],[165.0,68.4],[164.57142857142856,67.42857142857143],[164.0,67.23529411764706],[162.0,67.5],[161.75,67.25],[161.0,67.125],[160.0,67.18181818181817],[158.0,67.0],[152.0,67.07142857142857],[151.0,67.0],[151.0,66.0],[150.15384615384616,66.15384615384616],[146.0,66.25],[144.8095238095238,66.19047619047619],[144.0,66.0],[143.0,66.0],[142.61290322580643,65.38709677419355],[141.9375,65.0],[141.8,64.2],[141.0,64.0],[140.6521739130435,63.347826086956516],[140.38709677419354,63.387096774193544],[139.33333333333331,63.0],[139.27272727272725,62.72727272727272],[139.0,62.625],[138.44444444444446,62.0],[138.52380952380952,61.52380952380952],[139.45454545454544,61.45454545454545],[140.0,61.0],[138.375,61.0],[138.46153846153848,61.46153846153847],[138.0,61.42857142857142],[137.66666666666669,61.0],[136.0,60.81666666666666],[135.0,60.883720930232556],[133.54954954954957,60.45045045045045],[132.8,60.0],[129.12429378531073,59.87570621468927],[128.6206896551724,59.62068965517241],[128.36,59.64],[128.16,59.0],[127.84313725490196,58.84313725490196],[127.19298245614036,58.807017543859644],[127.01208459214502,57.987915407854985],[126.1590909090909,57.840909090909086],[125.57264957264957,57.427350427350426],[125.20634920634922,56.79365079365079],[123.9090909090909,56.0],[124.53846153846155,55.53846153846154],[125.0,55.36842105263158],[126.1774193548387,55.17741935483871],[131.0,55.04651162790697],[137.0,55.31404958677686],[138.0,55.163043478260875],[141.4047619047619,55.595238095238095],[141.94444444444446,56.0],[143.33333333333334,56.0],[145.0,55.41176470588235],[145.12612612612614,55.126126126126124],[145.41176470588235,55.0],[145.60869565217394,54.0],[146.0,53.625],[146.1086956521739,53.0],[146.016,47.0],[145.40677966101697,46.59322033898306],[145.0983606557377,45.90163934426229],[145.0,44.98701298701298],[144.22222222222223,44.77777777777777],[143.8421052631579,44.0],[143.1409691629956,43.85903083700441],[142.48192771084337,43.51807228915663],[142.2089552238806,43.0],[141.33636363636364,42.663636363636364],[141.0,42.0],[140.1919191919192,41.80808080808081],[139.4375,41.0],[138.82165605095543,40.82165605095541],[138.17834394904457,40.82165605095541],[138.0,40.3],[137.68421052631578,40.0],[136.2450980392157,39.75490196078431],[136.0,39.43181818181818],[135.67796610169492,39.32203389830509],[135.38709677419354,39.0],[134.19323671497585,38.806763285024154],[133.57396449704143,38.42603550295858],[133.08648648648648,37.913513513513514],[133.0,37.2],[132.66666666666669,37.333333333333336],[132.5,37.0],[131.33333333333334,37.0],[131.28571428571428,37.285714285714285],[131.0,37.142857142857146],[129.1578947368421,36.8421052631579],[128.66666666666669,35.0],[128.8,34.0],[128.71428571428572,33.0],[129.0,31.0],[128.3448275862069,30.655172413793103],[128.20833333333334,30.0],[128.41176470588235,29.41176470588235],[129.04347826086956,29.0],[129.0,25.25],[128.85714285714286,25.0],[128.66666666666669,23.0],[128.1025641025641,22.897435897435898],[128.17021276595744,22.170212765957448],[128.0473372781065,21.952662721893493],[128.0,17.5],[127.5,17.0],[127.12121212121212,16.87878787878788],[127.0,14.0],[127.12244897959184,13.122448979591837],[128.2,13.0],[128.6,12.0],[128.66666666666669,11.0],[128.78947368421052,10.789473684210526],[130.38095238095235,10.380952380952381],[131.85714285714286,9.0],[131.85714285714286,8.0],[131.71428571428572,7.7142857142857135],[131.71428571428572,7.285714285714286],[130.0,7.0],[130.0,6.0],[128.0,6.0],[128.0,5.0],[123.0,5.0],[123.0,6.0],[121.66666666666669,6.333333333333334],[121.0,6.0],[121.33333333333334,6.666666666666667],[121.14285714285714,7.142857142857142],[120.75,7.25],[120.0,7.0],[119.5,7.5],[119.33333333333334,8.0],[119.0,8.25],[117.00000000000001,8.333333333333334],[116.5,8.5],[116.0,9.0],[114.0,9.0],[112.85714285714286,9.142857142857142],[112.0,9.0],[110.0,9.0],[110.0,8.0],[110.5,7.5],[110.60000000000001,6.6000000000000005],[111.44444444444443,6.444444444444445],[112.0,6.0],[114.0,5.75],[115.0,5.75],[115.11111111111111,5.888888888888889],[116.0,6.0],[117.86666666666667,5.866666666666666],[118.0,5.5],[119.4,5.4],[120.0,5.0],[120.0,4.0],[123.0,4.0],[123.0,2.0],[124.0,2.0],[124.0,1.0],[125.0,1.0],[126.0,0.0],[121.03108808290156,-0.031088082901554404],[120.3125,-0.3125],[120.0,-0.5681818181818181],[118.55555555555554,-0.5555555555555556],[117.0,-0.7272727272727273],[115.0,-0.5151515151515151],[114.0,-0.23076923076923073],[113.0,-0.23333333333333328],[112.16,0.0],[112.25,0.25],[112.16666666666666,0.8333333333333333],[112.66666666666666,1.0],[112.4,1.4000000000000001],[112.0,1.4],[110.8,1.8],[110.66666666666667,2.0],[111.0,2.333333333333333],[112.0,2.75],[112.6,2.6],[113.0,2.0],[113.60000000000001,2.4],[114.0,2.5],[114.33333333333334,2.3333333333333335],[114.5,2.0],[118.0,2.0],[118.0,3.0],[116.05714285714285,3.057142857142857],[116.0,3.333333333333333],[115.5,3.5],[115.0,4.0],[112.0,4.0],[111.33333333333334,4.333333333333334],[111.0,5.0],[110.0,5.0],[110.0,6.0],[109.0,6.0],[109.0,7.0],[107.0909090909091,7.090909090909091],[107.0,7.5],[106.75,7.75],[106.0,8.0],[105.55555555555554,8.555555555555555],[105.0,8.8],[104.0,8.6],[102.18181818181819,9.181818181818182],[102.0,9.444444444444445],[100.27272727272727,10.272727272727272],[100.0,10.6],[99.0,10.75],[98.33333333333334,10.666666666666668],[97.75,10.75],[97.5,11.0],[97.4,11.400000000000002],[97.0,12.0],[96.0,11.333333333333334],[93.0,12.0],[90.0,12.0],[90.0,13.0],[88.0,13.0],[88.0,14.0],[87.0,14.0],[86.66666666666667,14.666666666666668],[84.0,16.0],[82.0,16.0],[81.60000000000001,16.6],[80.0,17.0],[79.0,18.0],[77.0,18.0],[76.44444444444444,18.444444444444443],[75.75,18.75],[75.5,19.0],[75.0,20.0],[74.4,19.6],[74.0,19.5],[73.0,20.5],[72.0,20.5],[71.0,21.0],[70.60000000000001,21.6],[70.0,22.0],[69.33333333333334,23.333333333333336],[69.0,23.666666666666668],[68.0,24.0],[68.0,25.0],[70.55555555555556,27.444444444444443],[72.0,28.0],[72.6,28.400000000000002],[74.2,28.799999999999997],[74.71428571428571,29.285714285714285],[75.46153846153847,29.53846153846154],[77.18181818181819,30.81818181818182],[77.33333333333334,31.0],[77.5,32.0],[77.4,33.0],[77.19999999999999,33.2],[76.6923076923077,33.30769230769231],[74.8,33.2],[74.0,33.0],[73.0,33.0],[72.4,32.6],[72.0,32.0],[71.0,32.0],[71.0,33.0],[69.0,33.0],[69.0,34.0],[68.0,34.0],[68.0,35.0],[67.0,35.0],[67.0,36.0],[66.0,36.0],[65.0,37.0],[64.0,37.333333333333336],[63.0,38.0],[62.0,38.0],[61.0,38.333333333333336],[60.63636363636364,38.63636363636363],[59.66666666666667,40.66666666666667],[59.6,42.0],[59.315789473684205,42.315789473684205],[58.625,42.625],[58.25,43.0],[58.0,43.5],[57.6,43.60000000000001],[57.0,44.0],[57.0,45.0],[56.0,45.0],[55.0,46.0],[53.69230769230769,46.69230769230769],[52.53846153846155,47.53846153846154],[51.5,48.5],[51.33333333333334,49.0],[51.6,49.400000000000006],[52.18181818181819,49.81818181818181],[53.0,50.0],[53.0,51.0],[54.0,51.0],[54.0,55.0],[53.333333333333336,55.33333333333334],[53.0,55.25],[52.53846153846155,55.53846153846154],[52.15384615384615,56.15384615384615],[51.400000000000006,56.400000000000006],[51.0,57.0],[49.0,57.0],[48.60000000000001,56.400000000000006],[48.800000000000004,55.0],[48.66666666666667,53.0],[48.333333333333336,51.66666666666667],[47.76470588235294,51.23529411764706],[47.6,50.60000000000001],[47.66666666666667,50.333333333333336],[47.4,49.6],[47.0,49.0],[47.0,48.0],[49.0,48.0],[49.400000000000006,47.4],[49.5,47.0],[49.33333333333333,46.0],[49.5,45.0],[49.400000000000006,44.6],[49.0,44.0],[49.0,41.0],[50.0,41.0],[50.0,38.0],[45.0,38.0],[45.0,40.0],[39.0,40.0],[39.0,39.0],[33.0,39.0],[33.0,40.0],[31.0,40.0],[31.0,41.0],[28.0,41.0],[27.0,42.0],[26.0,42.0],[25.714285714285715,41.28571428571428],[25.733333333333334,40.733333333333334],[26.0,40.0],[26.0,39.0],[23.0,39.0],[23.0,38.0],[15.0,38.0],[15.0,35.0],[14.846153846153847,33.15384615384615],[14.0,33.07692307692308],[13.0,33.25],[12.60655737704918,33.60655737704918],[12.314285714285713,34.31428571428572],[12.0,34.611111111111114],[11.0,34.77777777777778],[9.875,35.875],[8.923076923076923,35.92307692307692],[8.818181818181818,36.81818181818182],[7.0,37.0],[6.9375,37.9375],[5.944444444444444,38.0],[5.75,38.75],[4.98019801980198,38.980198019801975],[3.96875,39.0],[4.0,40.0],[0.0,40.0],[0.0,41.0],[0.6666666666666667,41.333333333333336],[0.6000000000000001,41.6],[0.7142857142857143,42.0],[0.4166666666666667,42.41666666666667],[0.0,42.714285714285715],[-0.25,43.25],[-0.25,43.75],[-0.625,43.625],[-1.0,43.75],[-1.6363636363636362,43.63636363636364],[-2.0,42.857142857142854],[-2.5,43.0],[-2.064516129032258,43.064516129032256],[-2.053691275167785,44.053691275167786],[-1.2222222222222223,44.22222222222222],[-1.0579710144927537,45.05797101449276],[0.23529411764705882,45.23529411764706],[0.813953488372093,45.18604651162791],[0.9012345679012346,46.098765432098766],[1.8048780487804879,46.19512195121951],[1.9024390243902438,47.0],[1.7627118644067796,47.76271186440678],[1.4166666666666665,48.0],[1.7254901960784315,48.274509803921575],[1.878787878787879,49.0],[1.4705882352941178,50.0],[1.5384615384615383,50.46153846153847],[2.125,51.0],[2.085714285714286,51.08571428571429],[0.9,51.1],[0.0,50.82352941176471],[-0.3835616438356164,50.38356164383562],[-2.0579710144927534,50.05797101449275],[-2.8313253012048194,48.831325301204814],[-3.95,48.0],[-4.025,46.99999999999999],[-4.576086956521739,46.576086956521735],[-5.407894736842104,46.4078947368421],[-5.96875,46.0],[-6.0,45.75],[-6.375,45.375],[-6.6000000000000005,44.0],[-6.166666666666666,42.0],[-6.000000000000001,41.800000000000004],[-5.4,41.6],[-5.4,41.400000000000006],[-4.7894736842105265,40.21052631578947],[-4.666666666666667,39.333333333333336],[-4.333333333333334,39.0],[-4.666666666666666,38.0],[-4.333333333333334,37.0],[-4.5,36.5],[-5.0,36.333333333333336],[-6.285714285714285,36.285714285714285],[-7.0,36.0],[-7.235294117647059,36.76470588235294],[-8.875,36.875],[-9.0,36.666666666666664],[-10.0,36.0],[-12.0,36.0],[-12.8,35.8],[-13.0,35.333333333333336],[-13.444444444444445,35.55555555555556],[-13.5,36.0],[-14.153846153846153,36.15384615384615],[-14.5,36.0],[-14.5,35.5],[-15.0,35.0],[-15.53846153846154,35.46153846153847],[-16.0,35.599999999999994],[-17.153846153846153,35.15384615384615],[-17.25,35.0],[-17.853658536585364,34.853658536585364],[-18.0,34.57142857142857],[-18.444444444444443,34.44444444444444],[-19.0,34.0],[-20.0,34.0],[-20.53846153846154,34.46153846153846],[-21.0,34.6],[-21.42857142857143,34.42857142857143],[-21.75,34.0],[-21.75,33.75],[-22.0,33.5],[-23.0,33.5],[-23.333333333333336,33.333333333333336],[-25.0,33.0],[-26.0,32.0],[-26.400000000000002,31.400000000000002],[-26.5,31.0],[-26.947368421052634,30.94736842105263],[-27.0,30.666666666666664],[-27.444444444444443,30.444444444444443],[-27.666666666666664,30.0],[-27.931034482758623,29.93103448275862],[-28.0,29.0],[-28.400000000000002,28.400000000000002],[-28.5,28.0],[-28.958333333333332,27.958333333333332],[-29.0,27.75],[-29.6,27.6],[-30.0,27.0],[-30.88235294117647,26.88235294117647],[-31.6,26.6],[-31.8,26.0],[-32.18181818181818,25.81818181818182],[-32.81818181818182,25.81818181818182],[-32.96363636363636,23.963636363636365],[-33.142857142857146,23.857142857142854],[-33.857142857142854,23.857142857142854],[-34.0,19.0],[-36.0,19.0],[-36.0,23.0],[-37.0,23.0],[-37.0,24.0],[-38.0,24.0],[-38.5,24.5],[-39.23529411764706,24.764705882352942],[-40.84615384615385,24.846153846153847],[-41.0,24.666666666666664],[-41.5,24.5],[-42.0,24.0],[-45.0,24.0],[-46.0,25.0],[-46.6,24.6],[-47.4,24.400000000000002],[-48.0,24.0],[-49.875,23.875],[-50.0,23.5],[-51.0,23.0],[-51.0,22.0],[-53.0,22.0],[-53.400000000000006,21.4],[-54.0,21.0],[-53.60000000000001,20.400000000000002],[-53.5,20.0],[-53.25,19.75],[-53.0,19.0],[-53.0,18.0],[-53.38095238095238,17.38095238095238],[-53.4,17.0],[-53.15686274509804,16.84313725490196],[-52.0625,15.0],[-50.869565217391305,14.130434782608695],[-49.971014492753625,14.028985507246377],[-48.83157894736842,14.16842105263158],[-48.0,14.0],[-46.904761904761905,14.095238095238095],[-46.5,14.0],[-46.0,13.5],[-45.46153846153846,14.461538461538462],[-45.0,15.0],[-44.333333333333336,16.333333333333336],[-44.0,16.5],[-41.0,16.5],[-41.0,15.9],[-41.8,15.8],[-42.0,13.909090909090908],[-42.69230769230769,13.692307692307693],[-42.69230769230769,13.307692307692308],[-42.92,12.92],[-42.86206896551724,12.137931034482758],[-43.0,11.0],[-42.8974358974359,10.102564102564102],[-42.5,10.0],[-42.0,9.6],[-41.6,10.0],[-41.0,10.1],[-39.81818181818181,9.818181818181818],[-36.3448275862069,10.344827586206897],[-36.0,10.5],[-34.69230769230769,10.692307692307693],[-34.0,11.0],[-33.0,10.6],[-32.77777777777778,11.0],[-32.36842105263158,11.368421052631579],[-32.0,11.5],[-31.0,11.222222222222221],[-30.0,11.285714285714286],[-29.333333333333336,11.0],[-29.333333333333336,10.666666666666668],[-29.0,10.0],[-28.0,10.0],[-27.966666666666665,9.033333333333333],[-27.5,9.0],[-27.000000000000004,8.666666666666668],[-26.943661971830984,8.056338028169014],[-26.0,8.0],[-25.5,7.5],[-24.636363636363637,7.363636363636364],[-24.0,7.0],[-22.0,7.0],[-21.6,7.6],[-21.666666666666668,8.0],[-21.0,9.0],[-21.619047619047617,9.38095238095238],[-22.0,9.363636363636363],[-22.26923076923077,9.73076923076923],[-22.225806451612904,10.0],[-22.0,10.411764705882353],[-21.444444444444443,10.444444444444443],[-21.0,11.0],[-20.0,11.0],[-19.75,12.0],[-20.0,12.333333333333332],[-20.0,14.0],[-19.266666666666666,14.266666666666666],[-19.0,14.666666666666668],[-18.75,14.75],[-18.25,16.0],[-17.875,16.125],[-17.125,16.125],[-17.125,16.875],[-17.0,17.1],[-16.30769230769231,17.30769230769231],[-16.1,18.0],[-16.0,19.0],[-15.4,19.400000000000002],[-15.25,20.0],[-15.636363636363637,21.0],[-15.600000000000001,21.6],[-15.333333333333334,22.0],[-15.043478260869566,22.043478260869566],[-15.0,22.25],[-13.714285714285714,22.71428571428571],[-13.121212121212121,23.121212121212125],[-13.0,23.4],[-12.0,23.625],[-11.142857142857142,24.142857142857142],[-10.142857142857142,24.142857142857142],[-9.307692307692308,24.30769230769231],[-9.090909090909092,25.0],[-9.2,25.200000000000003],[-8.11111111111111,24.88888888888889],[-5.259740259740259,25.25974025974026],[-4.704918032786885,25.704918032786885],[-4.0,26.555555555555557],[-3.58974358974359,26.58974358974359],[-2.8000000000000003,27.0],[-2.0952380952380953,27.095238095238095],[-2.0,27.333333333333336],[-0.6000000000000001,27.6],[0.0,27.875],[1.0,27.384615384615387],[1.0806451612903225,27.08064516129032],[2.5,27.0],[2.757575757575758,26.757575757575758],[4.0,26.5],[4.186046511627907,26.186046511627907],[5.428571428571429,26.0],[6.0,25.666666666666668],[7.0,25.692307692307693],[7.216867469879518,25.216867469879517],[8.424242424242424,24.424242424242426],[9.0,23.0],[9.647058823529411,23.352941176470587],[10.352941176470587,23.352941176470587],[10.375,22.625],[9.8,22.2],[9.8,20.8],[10.0,20.0],[10.714285714285715,19.714285714285715],[11.0,19.0],[11.857142857142858,18.857142857142858],[12.555555555555555,18.555555555555554],[13.0,18.0],[13.0,17.0],[13.666666666666668,16.666666666666668],[14.333333333333332,15.0],[15.0,14.0],[15.571428571428573,13.571428571428573],[16.0,13.0],[16.77777777777778,12.777777777777779],[17.0,12.0],[18.636363636363637,11.636363636363637],[19.0,11.333333333333332],[20.0,11.0],[21.0,11.0],[22.0,10.666666666666668],[23.0,10.0],[23.4,9.0],[24.0,8.4],[24.88235294117647,7.882352941176471],[25.66666666666667,7.666666666666668],[26.5,7.0],[28.75,6.75],[29.0,6.0],[30.0,7.0],[30.77777777777778,6.777777777777779],[31.333333333333336,7.0],[31.636363636363637,7.363636363636364],[32.36363636363636,7.636363636363637],[34.0,8.0],[35.0,8.0],[35.0,9.0],[37.0,9.0],[37.0,8.0],[38.0,8.0],[38.0,7.0],[37.285714285714285,6.7142857142857135],[36.8,6.199999999999999],[36.75,5.0],[36.36363636363636,3.6363636363636362],[36.0,3.0],[35.66666666666667,2.0],[35.66666666666667,1.6666666666666665],[36.0,1.0],[36.0,-2.0],[37.0,-2.0],[37.0,-4.0],[38.0,-4.0],[38.0,-8.0],[37.0,-9.0],[37.0,-11.0],[36.714285714285715,-11.714285714285714],[36.0,-12.0],[35.81818181818182,-12.81818181818182],[35.5,-13.0],[35.400000000000006,-13.4],[35.0,-14.0],[35.0,-15.0],[34.0,-15.0],[34.0,-16.0],[33.0,-16.0],[33.0,-18.0],[32.0,-18.0],[32.0,-19.0],[31.0,-19.0],[31.0,-20.0],[30.142857142857146,-20.142857142857142],[30.0,-20.5],[29.5,-21.0],[28.083333333333336,-21.083333333333332],[28.0,-21.2],[26.866666666666667,-21.133333333333333],[26.57894736842105,-20.42105263157895],[26.71428571428571,-19.0],[26.333333333333336,-17.666666666666668],[25.375,-16.625],[24.666666666666668,-16.333333333333336],[23.0,-15.0],[22.333333333333336,-14.666666666666668],[21.727272727272727,-14.727272727272727],[21.444444444444443,-15.444444444444443],[20.666666666666668,-16.0],[20.714285714285715,-16.285714285714285],[23.333333333333336,-16.666666666666668],[23.5,-17.0],[23.0,-17.4],[22.53846153846154,-17.538461538461537],[22.0,-18.0],[21.88888888888889,-18.88888888888889],[21.0,-19.333333333333336],[20.6,-20.0],[20.333333333333332,-21.0],[19.6,-22.0],[20.0,-24.0],[20.0,-25.0],[19.74074074074074,-25.74074074074074],[19.76271186440678,-26.237288135593218],[20.4375,-26.4375],[20.56756756756757,-25.56756756756757],[21.0,-25.428571428571427],[21.3265306122449,-25.673469387755105],[21.470588235294116,-26.0],[21.347826086956523,-26.347826086956523],[20.535714285714285,-26.535714285714285],[20.551724137931032,-27.0],[20.3855421686747,-27.3855421686747],[20.0,-27.727272727272727],[19.61290322580645,-27.61290322580645],[19.266666666666666,-27.733333333333334],[19.18181818181818,-27.18181818181818],[19.057142857142857,-26.942857142857143],[18.900000000000002,-27.0],[18.692307692307693,-28.30769230769231],[18.77777777777778,-28.77777777777778],[18.666666666666668,-29.0],[18.235294117647058,-29.235294117647058],[18.0625,-30.0625],[18.266666666666666,-30.733333333333334],[18.049999999999997,-33.0],[17.51851851851852,-33.51851851851852],[17.233333333333334,-34.233333333333334],[16.555555555555554,-34.55555555555555],[16.35483870967742,-35.0],[16.26086956521739,-35.73913043478261],[16.387096774193548,-36.38709677419355],[16.31578947368421,-36.68421052631579],[16.684210526315788,-36.68421052631579],[17.0,-36.86363636363636],[17.452380952380953,-36.452380952380956],[17.645833333333332,-35.64583333333333],[18.0,-35.26086956521739],[18.807692307692307,-34.80769230769231],[19.65,-34.65],[20.333333333333336,-34.333333333333336],[20.85185185185185,-33.851851851851855],[21.23076923076923,-33.0],[21.942857142857143,-31.942857142857143],[23.0,-31.583333333333336],[24.93103448275862,-31.93103448275862],[27.0,-32.0],[28.0,-31.833333333333332],[29.0,-31.88888888888889],[30.0,-31.666666666666664],[30.097560975609756,-31.902439024390244],[30.4,-32.0],[30.25,-32.25],[29.63636363636364,-32.63636363636364],[29.5,-33.5],[28.925925925925924,-33.925925925925924],[28.77777777777778,-34.22222222222222],[28.77777777777778,-34.77777777777778],[28.30769230769231,-34.69230769230769],[27.818181818181817,-35.0],[27.733333333333334,-35.266666666666666],[28.0,-36.0],[29.0,-35.5],[30.000000000000004,-35.333333333333336],[30.11764705882353,-35.11764705882353],[32.0,-35.0],[30.71428571428571,-34.285714285714285],[30.666666666666664,-34.0],[31.5,-33.5],[32.0,-33.0],[32.6,-31.6],[33.0,-31.0],[34.5,-29.5],[34.666666666666664,-29.0],[36.93333333333334,-28.93333333333333],[37.55555555555555,-28.555555555555554],[37.7,-28.0],[37.9568345323741,-27.956834532374103],[41.028880866425986,-27.971119133574007],[41.17391304347826,-28.0],[41.53658536585366,-28.463414634146346],[42.22222222222223,-28.77777777777778],[45.46666666666667,-29.0],[45.66666666666667,-29.333333333333336],[46.26229508196721,-29.737704918032787],[50.0,-30.0],[50.4375,-30.5625],[51.0,-30.76190476190476],[51.06535947712418,-30.934640522875817],[52.02040816326531,-31.0],[52.19354838709677,-31.806451612903224],[53.0,-31.941176470588236],[53.130434782608695,-32.130434782608695],[53.20689655172414,-32.79310344827586],[54.0,-32.95744680851064],[54.103896103896105,-34.896103896103895],[54.36363636363636,-35.0],[54.611111111111114,-35.388888888888886],[55.0,-35.58333333333333],[55.1875,-36.8125],[55.83333333333333,-36.83333333333333],[56.142857142857146,-37.0],[56.315789473684205,-37.68421052631579],[56.705882352941174,-37.705882352941174],[57.05714285714286,-37.94285714285714],[57.416666666666664,-38.0],[57.64102564102564,-38.35897435897436],[58.0,-38.5],[58.14141414141414,-38.85858585858586],[59.8,-39.0],[60.0,-39.142857142857146],[60.19047619047619,-39.80952380952381],[62.75,-40.0],[63.42857142857143,-40.57142857142857],[64.0,-40.7],[64.12121212121212,-40.878787878787875],[66.5,-41.0],[66.72727272727272,-41.272727272727266],[67.0,-41.375],[67.1470588235294,-41.85294117647059],[70.16666666666667,-42.0],[70.5,-42.5],[71.0,-42.65217391304348],[71.42857142857143,-42.42857142857143],[71.85185185185185,-41.851851851851855],[71.85185185185185,-41.148148148148145],[72.0,-40.68],[74.0,-40.62962962962963],[75.8,-40.0],[79.87826086956522,-39.87826086956522],[80.60975609756098,-39.609756097560975],[81.0,-39.11111111111111],[82.0,-39.0],[83.625,-39.375],[86.0,-39.61904761904762],[86.16666666666666,-39.83333333333333],[87.77777777777777,-40.0],[88.0,-40.22222222222222],[88.08,-40.92],[88.50847457627118,-41.49152542372882],[89.0,-41.69047619047619],[89.17687074829932,-42.17687074829932],[89.13740458015268,-42.86259541984733],[91.08510638297872,-42.91489361702128],[91.57731958762888,-43.422680412371136],[92.77272727272727,-44.0],[93.24309392265194,-44.75690607734806],[94.33333333333334,-45.0],[94.58878504672896,-45.41121495327103],[95.1566265060241,-45.8433734939759],[96.6,-46.0],[96.72413793103448,-46.275862068965516],[97.30136986301369,-46.698630136986296],[97.66292134831461,-46.662921348314605],[99.11111111111111,-47.0],[100.0,-47.57142857142857],[100.35294117647058,-47.647058823529406],[100.54545454545453,-48.0],[100.06060606060606,-49.06060606060606],[99.0,-50.0],[97.99999999999999,-49.888888888888886],[97.0,-50.0],[97.0,-51.0],[97.4,-51.6],[97.5,-52.0],[97.86666666666666,-52.13333333333334],[98.22222222222223,-52.22222222222222],[99.0,-52.0],[101.0,-52.0],[101.0,-53.0],[104.0,-53.0],[104.5,-52.5],[105.4,-52.4],[106.0,-52.0],[107.0,-52.0],[108.0,-51.66666666666667],[108.5,-51.5],[109.0,-51.0],[110.0,-51.0],[110.5,-50.0],[110.5,-49.5],[111.4,-48.400000000000006],[111.25,-48.0],[111.33333333333334,-47.66666666666667],[111.0,-47.0],[112.0,-47.0],[112.375,-47.625],[114.0,-48.0],[114.60000000000001,-48.400000000000006],[115.42105263157893,-48.57894736842105],[115.57894736842104,-49.421052631578945],[116.0,-49.61538461538461],[117.0,-49.22222222222223],[118.0,-49.0],[118.16326530612244,-49.836734693877546],[119.0,-49.87755102040816],[119.3157894736842,-50.315789473684205],[119.35999999999999,-50.64],[120.64285714285714,-51.0],[120.75,-51.25],[121.0,-51.35714285714286],[121.12328767123287,-51.87671232876713],[122.5625,-52.0],[122.73584905660377,-52.264150943396224],[123.00000000000001,-52.333333333333336],[123.24347826086955,-52.756521739130434],[124.64285714285714,-53.0],[124.46153846153847,-53.46153846153847],[123.16666666666666,-54.0],[123.33333333333334,-54.333333333333336],[122.66666666666667,-54.66666666666667],[122.0,-54.75],[121.75,-55.0],[121.60000000000001,-55.60000000000001],[121.0,-56.0],[120.0,-56.0],[120.0,-58.0],[119.0,-58.0],[119.0,-59.0],[118.0,-59.0],[118.0,-60.0],[119.0,-60.0],[119.0,-66.0],[120.0,-66.0],[121.33333333333334,-66.33333333333334],[122.0,-66.0],[122.0,-67.0],[123.0,-67.25],[124.0,-67.0],[126.0,-67.0],[126.0,-66.0],[131.0,-66.0],[133.0,-66.71428571428572],[134.0,-66.375],[135.0,-66.5],[136.0,-66.75],[136.5,-67.5],[137.0,-67.70967741935483],[137.11042944785277,-67.88957055214723],[138.39130434782606,-68.0],[138.56923076923078,-68.43076923076923],[139.0,-68.73684210526315],[140.03508771929825,-68.96491228070175],[140.3783783783784,-69.62162162162163],[141.11764705882354,-69.88235294117646],[141.53086419753086,-70.46913580246913],[142.21621621621622,-70.78378378378379],[142.5737704918033,-71.42622950819673],[143.0,-71.68421052631578],[143.60000000000002,-71.60000000000001],[144.0,-70.92857142857143],[145.0,-71.0],[145.11111111111111,-71.88888888888889],[146.0,-72.0],[146.0,-74.0],[145.0,-74.0],[144.3,-74.3],[144.0,-75.0],[143.05940594059405,-75.05940594059405],[142.79310344827587,-75.20689655172414],[142.0,-75.0],[142.0,-76.0],[140.048,-76.048],[139.28205128205127,-76.28205128205128],[138.33333333333334,-77.0],[136.17910447761193,-77.17910447761194],[135.48888888888888,-77.48888888888888],[135.1,-78.0],[133.07650273224044,-78.07650273224044],[132.74074074074076,-78.25925925925927],[132.29032258064515,-78.29032258064515],[132.0,-79.2],[131.5151515151515,-79.51515151515152],[131.3846153846154,-80.0],[131.46511627906978,-80.46511627906976],[131.28571428571428,-80.71428571428572],[131.63636363636363,-80.63636363636364],[132.02758620689656,-80.97241379310346],[133.0,-81.0],[133.0,-82.0],[136.0,-82.0],[136.0,-84.0],[138.0,-84.0],[138.0,-86.0],[141.0,-86.0],[141.6,-86.4],[143.0,-86.5],[144.0,-87.0],[148.0,-87.0],[148.0,-86.0],[147.0,-86.0],[147.0,-85.0],[150.0,-85.0],[150.0,-86.0],[151.0,-86.0],[151.0,-87.0],[154.0,-87.0],[154.63636363636363,-87.36363636363637],[155.44444444444446,-87.55555555555554],[156.0,-87.6],[157.33333333333334,-87.33333333333334],[158.0,-87.0],[158.66666666666669,-87.33333333333334],[159.46153846153845,-87.53846153846155],[162.0,-87.6923076923077],[163.42857142857144,-87.42857142857143],[164.0,-87.14285714285715],[166.0,-87.0],[168.0,-87.0],[169.0,-87.14285714285715],[171.02996254681648,-86.97003745318352],[171.30769230769232,-87.0],[171.5909090909091,-87.40909090909089],[173.0,-87.66666666666667],[173.16867469879517,-87.83132530120481],[180.0,-87.96875],[180.0,-90.0],[-180.0,-90.0],[-180.0,-87.96875],[-179.6875,-88.3125],[-179.625,-88.625],[-178.0,-88.76315789473684],[-169.0,-88.87323943661973],[-168.2,-88.8],[-168.0,-88.52631578947368],[-167.60784313725492,-88.3921568627451],[-167.23076923076923,-88.0],[-167.02264150943395,-87.97735849056603],[-160.92565055762083,-87.92565055762081],[-159.125,-88.0],[-159.0,-88.10000000000001],[-156.0,-87.8913043478261],[-153.8125,-88.0],[-153.44827586206895,-88.44827586206897],[-152.76470588235293,-88.76470588235294],[-150.8709677419355,-88.87096774193549],[-120.0,-88.95348837209302],[-114.09836065573771,-88.90163934426229],[-112.22222222222223,-88.77777777777777],[-112.0,-88.66666666666666],[-109.82089552238806,-88.82089552238806],[-106.0,-88.83783783783784],[-105.23529411764706,-88.76470588235294],[-104.60975609756098,-88.39024390243902],[-104.38461538461539,-88.0],[-104.0,-87.9609375],[-85.07843137254902,-87.92156862745098],[-84.8048780487805,-87.8048780487805],[-84.16216216216216,-87.83783783783784],[-84.0,-87.0],[-80.13953488372093,-86.86046511627907],[-79.75438596491227,-86.24561403508773],[-79.7741935483871,-86.0],[-79.0,-85.83673469387756],[-77.19653179190752,-85.80346820809248],[-76.62393162393163,-85.37606837606837],[-76.5,-85.0],[-76.1317365269461,-84.8682634730539],[-74.13526570048309,-84.86473429951691],[-73.70212765957446,-84.70212765957446],[-73.25641025641025,-84.74358974358974],[-72.875,-84.0],[-71.08510638297872,-83.91489361702128],[-71.0,-83.53846153846153],[-70.58823529411765,-83.41176470588235],[-70.22222222222221,-83.0],[-69.14285714285714,-82.85714285714286],[-69.0,-82.25],[-66.0,-82.44444444444444],[-63.0,-82.125],[-62.0,-82.25],[-60.0,-82.20000000000002],[-59.0,-82.0],[-57.0,-82.5],[-56.0,-82.5],[-55.0,-82.75],[-54.0,-82.66666666666666],[-52.0,-83.33333333333334],[-49.0,-83.5],[-48.60000000000001,-83.6],[-48.0,-84.0],[-47.0,-84.0],[-46.333333333333336,-83.66666666666667],[-43.0,-83.66666666666667],[-41.0,-83.0],[-40.5,-82.0],[-41.0,-81.0],[-40.6,-80.4],[-40.0,-80.0],[-41.0,-79.66666666666667],[-42.0,-79.0],[-42.4,-78.4],[-43.0,-77.0],[-42.333333333333336,-75.66666666666667],[-41.0,-75.0],[-42.333333333333336,-74.33333333333334],[-42.5,-74.0],[-42.4,-73.60000000000001],[-42.0,-73.0],[-41.0,-72.75],[-40.0,-71.5],[-39.6,-71.4],[-39.0,-71.0],[-37.904761904761905,-70.9047619047619],[-37.5,-71.5],[-37.0,-71.8],[-35.0,-72.33333333333334],[-34.5,-72.0],[-34.400000000000006,-71.60000000000001],[-34.0,-71.0],[-34.8,-70.80000000000001],[-34.66666666666667,-70.33333333333334],[-34.76923076923077,-70.0],[-34.5,-69.5],[-34.0,-69.28571428571428],[-33.55555555555555,-69.55555555555554],[-33.333333333333336,-70.0],[-33.3448275862069,-70.3448275862069],[-33.0,-70.55555555555556],[-32.0,-70.71428571428572],[-31.0,-70.66666666666666],[-30.77777777777778,-71.0],[-30.783783783783782,-71.21621621621622],[-31.0,-71.66666666666667],[-31.666666666666664,-72.0],[-32.0,-73.0],[-31.5,-74.0],[-31.285714285714285,-74.28571428571428],[-30.571428571428573,-74.57142857142857],[-29.0,-74.76923076923077],[-28.25,-75.0],[-28.0,-76.0],[-27.6,-75.4],[-27.5,-75.0],[-24.714285714285715,-74.71428571428571],[-24.0,-74.8],[-23.42857142857143,-75.42857142857143],[-23.0,-75.66666666666667],[-22.0,-75.8],[-21.0,-75.66666666666667],[-20.65714285714286,-75.34285714285714],[-20.53846153846154,-75.0],[-19.794117647058826,-74.79411764705883],[-18.6,-75.0],[-18.22222222222222,-75.22222222222223],[-17.37837837837838,-75.37837837837839],[-13.0,-75.78947368421052],[-7.0,-76.78571428571429],[-6.0,-77.08333333333333],[-5.0,-77.0909090909091],[-1.0,-77.84615384615384],[3.2142857142857144,-77.78571428571428],[9.0,-78.0],[6.0,-78.5],[5.6000000000000005,-78.60000000000001],[5.0,-79.0],[5.0,-80.0],[6.0,-80.33333333333334],[7.666666666666668,-79.66666666666667],[8.0,-79.66666666666666],[9.166666666666668,-79.83333333333333],[10.818181818181818,-79.81818181818181],[12.0,-80.0],[13.444444444444445,-80.55555555555556],[14.600000000000001,-80.60000000000001],[15.0,-80.5],[15.789473684210527,-79.78947368421052],[16.6,-79.6],[19.0,-79.27272727272727],[22.0,-79.3],[23.0,-79.45454545454544],[24.0,-79.42857142857142],[26.19047619047619,-80.80952380952381],[27.840000000000003,-80.84],[32.0,-80.0],[34.0,-79.71428571428572],[35.0,-79.85714285714286],[36.52380952380952,-79.52380952380952],[39.0,-79.5],[41.0,-79.66666666666666],[42.0,-79.55555555555554],[46.0,-79.75],[46.66666666666667,-79.66666666666667],[47.0,-79.5],[48.400000000000006,-79.4],[48.5,-79.0],[50.0,-78.5],[50.266666666666666,-78.26666666666667],[50.400000000000006,-78.0],[48.28571428571428,-77.71428571428571],[47.52941176470588,-77.47058823529412],[47.0,-77.0],[44.68,-76.32],[44.12903225806452,-75.87096774193549],[43.35714285714286,-75.64285714285714],[34.0,-75.45833333333334],[33.0,-75.31818181818181],[32.0,-75.4090909090909],[31.5,-75.0],[31.142857142857146,-74.0],[31.0,-73.94444444444444],[28.0,-73.27272727272728],[26.75,-73.25],[25.210526315789473,-72.78947368421052],[23.0,-72.6969696969697],[22.0,-72.3],[21.455696202531644,-72.45569620253166],[19.0,-72.68627450980392],[18.5,-72.5],[18.0,-71.94285714285715],[17.0,-72.29166666666666],[15.842105263157894,-71.84210526315789],[12.0,-71.89583333333333],[8.0,-71.7090909090909],[7.435897435897436,-71.56410256410257],[7.0,-71.19047619047619],[5.0,-71.0625],[4.2362204724409445,-70.76377952755905],[3.0,-70.77966101694915],[1.0,-70.5609756097561],[0.0,-70.6875],[-0.4714285714285714,-70.47142857142858],[-0.8153846153846154,-69.81538461538462],[-1.0,-69.6842105263158],[-1.6363636363636362,-69.63636363636364],[-2.0,-69.42857142857143],[-2.9999999999999996,-69.81818181818181],[-3.2222222222222223,-70.0],[-3.235294117647059,-70.23529411764707],[-2.5384615384615388,-70.53846153846155],[-2.0,-70.57142857142857],[-1.7692307692307692,-70.76923076923077],[-1.7,-71.0],[-2.0,-71.3529411764706],[-4.071428571428571,-71.07142857142857],[-5.555555555555555,-70.55555555555556],[-5.894736842105263,-69.89473684210526],[-5.647058823529411,-69.35294117647058],[-5.678571428571429,-69.0],[-6.0,-68.64],[-6.463768115942029,-68.46376811594203],[-6.592592592592592,-68.0],[-6.372093023255814,-67.62790697674419],[-4.74468085106383,-67.25531914893617],[-4.333333333333334,-67.0],[-4.388888888888889,-66.0],[-4.620689655172414,-65.62068965517241],[-6.454545454545455,-65.45454545454545],[-7.0,-65.11111111111111],[-8.0,-65.5],[-8.23076923076923,-65.0],[-7.568627450980392,-64.43137254901961],[-7.5600000000000005,-64.0],[-7.694444444444445,-63.69444444444444],[-8.571428571428571,-63.0],[-8.231884057971016,-62.768115942028984],[-7.0,-62.26086956521739],[-6.534246575342465,-62.53424657534246],[-6.383838383838384,-63.383838383838395],[-6.0,-63.63333333333333],[-5.666666666666667,-63.66666666666667],[-5.314606741573034,-64.31460674157304],[-4.52808988764045,-64.52808988764045],[-4.125,-65.0],[-4.230769230769231,-65.23076923076923],[-4.0,-65.3],[-2.230769230769231,-64.76923076923077],[-1.7857142857142856,-64.78571428571428],[-1.1754385964912282,-65.17543859649123],[0.0,-65.1111111111111],[1.0,-65.52173913043478],[2.388888888888889,-65.61111111111111],[3.0,-66.0],[4.0,-66.0],[3.5555555555555554,-65.44444444444444],[3.6,-65.0],[3.4615384615384617,-64.53846153846155],[2.894736842105263,-64.10526315789474],[2.166666666666667,-63.83333333333333],[1.0,-63.75],[0.0,-63.4],[-0.2,-63.2],[-1.1081081081081081,-63.10810810810811],[-2.0,-63.09090909090909],[-3.0,-63.416666666666664],[-4.0,-63.470588235294116],[-5.0,-63.0],[-5.41860465116279,-62.41860465116279],[-6.0,-62.13636363636364],[-6.352941176470588,-62.35294117647058],[-6.333333333333334,-62.0],[-6.7,-61.7],[-7.0,-61.625],[-7.555555555555555,-61.0],[-7.40625,-60.0],[-6.815384615384616,-59.184615384615384],[-6.684210526315789,-58.68421052631579],[-6.818181818181818,-58.18181818181818],[-6.294117647058824,-58.294117647058826],[-6.0,-58.15625],[-4.743589743589743,-58.25641025641025],[-4.318181818181818,-57.68181818181819],[-4.0,-57.650000000000006],[-3.674418604651163,-57.674418604651166],[-3.0,-58.0],[-3.2857142857142856,-58.71428571428571],[-3.6666666666666665,-59.0],[-3.0,-60.0],[-3.0,-61.0],[-2.4,-61.400000000000006],[-2.0,-61.5],[-0.8,-61.2],[-0.16666666666666669,-60.83333333333333],[1.0,-60.6],[4.0,-60.66666666666667],[5.0,-60.5],[5.75,-61.25],[6.0,-62.0],[6.25,-61.0],[6.6000000000000005,-60.60000000000001],[7.0,-60.400000000000006],[7.352941176470589,-60.647058823529406],[7.375,-61.0],[7.62962962962963,-61.37037037037037],[8.0,-61.55555555555556],[8.416666666666668,-61.416666666666664],[9.285714285714285,-60.28571428571428],[10.666666666666668,-60.0],[9.0,-59.76923076923076],[8.591836734693878,-59.40816326530612],[8.6,-59.0],[8.428571428571429,-58.57142857142858],[8.0,-58.34782608695652],[6.758620689655173,-58.241379310344826],[6.5,-58.0],[6.4375,-57.5625],[5.4,-57.0],[5.571428571428571,-56.57142857142857],[6.0,-56.25],[6.285714285714285,-56.285714285714285],[7.0,-56.0],[6.0,-55.5],[5.5,-55.0],[4.0,-54.5],[3.0,-54.333333333333336],[2.909090909090909,-54.09090909090909],[2.2222222222222223,-53.77777777777777],[1.0,-53.6],[0.6666666666666667,-53.333333333333336],[-0.13333333333333336,-53.13333333333334],[-0.7391304347826086,-52.73913043478261],[-2.0,-52.5],[-2.8,-53.2],[-4.0,-53.625],[-4.127659574468085,-54.12765957446808],[-3.5223880597014925,-54.52238805970149],[-3.3043478260869565,-55.0],[-3.5294117647058822,-55.470588235294116],[-5.0,-55.36363636363636],[-6.0,-55.5],[-6.32258064516129,-55.32258064516129],[-6.384615384615385,-55.0],[-6.157894736842105,-53.84210526315789],[-5.826086956521739,-53.173913043478265],[-5.439024390243902,-51.5609756097561],[-4.8108108108108105,-51.18918918918919],[-3.9714285714285715,-51.0],[-4.7142857142857135,-50.71428571428571],[-5.313725490196079,-50.31372549019608],[-5.380952380952381,-50.0],[-5.266666666666667,-49.733333333333334],[-4.0,-48.82352941176471],[-3.0,-49.291666666666664],[-2.0,-49.29629629629629],[-1.6521739130434783,-49.0],[-1.4545454545454544,-48.54545454545454],[-0.8309859154929577,-48.16901408450704],[0.0,-48.0],[1.110236220472441,-48.110236220472444],[2.0,-47.30434782608695],[3.0,-47.275862068965516],[4.0,-47.0],[5.0,-47.125],[6.0,-47.0],[6.090909090909091,-46.09090909090909],[6.5,-46.0],[7.037037037037037,-46.0],[7.531531531531532,-46.468468468468465],[8.0,-46.65],[9.0,-46.58823529411765],[11.0,-46.76470588235294],[12.0,-46.60606060606061],[14.0,-46.77272727272727],[14.555555555555554,-46.55555555555555],[14.809523809523808,-46.0],[15.0,-45.07692307692308],[16.0,-45.0],[16.266666666666666,-44.266666666666666],[16.18181818181818,-44.0],[16.660377358490567,-43.660377358490564],[17.0,-42.285714285714285],[18.0,-41.0],[18.692307692307693,-40.69230769230769],[19.0,-40.77777777777778],[20.041666666666668,-40.041666666666664],[20.5,-40.0],[20.0,-39.66666666666667],[19.904761904761905,-39.904761904761905],[19.31111111111111,-39.68888888888889],[18.725490196078432,-39.72549019607843],[18.0,-40.0],[17.72,-39.28],[16.946666666666665,-39.05333333333333],[17.235294117647058,-38.76470588235294],[17.62162162162162,-38.62162162162163],[17.764705882352942,-38.0],[17.61111111111111,-37.388888888888886],[17.0,-37.10344827586207],[15.0,-37.04347826086956],[12.0,-37.4],[11.0,-37.33333333333333],[10.5,-37.5],[10.0,-38.0],[8.25,-38.25],[7.666666666666668,-38.66666666666667],[7.5,-39.0],[7.333333333333333,-40.0],[6.538461538461538,-40.53846153846154],[6.333333333333334,-41.0],[6.0,-41.3],[3.7777777777777777,-41.22222222222222],[3.5,-41.0],[3.4000000000000004,-40.6],[3.0,-40.5],[2.307692307692308,-41.30769230769231],[2.0,-41.333333333333336],[1.5789473684210527,-41.57894736842105],[1.25,-42.25],[1.0,-42.15384615384615],[0.0,-42.66666666666667],[-0.3076923076923077,-43.0],[-2.0,-44.04615384615384],[-2.4881889763779528,-44.51181102362205],[-2.5391304347826087,-45.0],[-2.7253886010362693,-45.27461139896373],[-3.0,-45.4344262295082],[-3.3785714285714286,-45.378571428571426],[-4.0,-44.567567567567565],[-5.0,-45.0],[-8.0,-45.20731707317073],[-11.1651376146789,-45.1651376146789],[-12.75,-45.0],[-13.0,-44.94117647058823],[-13.421052631578947,-44.421052631578945],[-15.032432432432431,-44.03243243243244],[-15.479999999999999,-43.48],[-16.15023474178404,-43.15023474178403],[-16.60952380952381,-42.60952380952381],[-17.382978723404257,-42.38297872340426],[-18.017467248908297,-42.0174672489083],[-18.288808664259925,-41.28880866425993],[-18.266666666666666,-40.733333333333334],[-17.807692307692307,-40.19230769230769],[-17.16888888888889,-38.83111111111111],[-16.75,-38.25],[-16.371681415929203,-36.6283185840708],[-16.325581395348838,-35.674418604651166],[-15.728260869565215,-35.27173913043478],[-15.626865671641792,-35.0],[-15.711229946524064,-33.711229946524064],[-16.0,-33.57142857142857],[-16.2967032967033,-33.7032967032967],[-16.767857142857142,-35.23214285714286],[-17.0,-35.146067415730336],[-17.51111111111111,-35.48888888888889],[-17.78137651821862,-36.21862348178138],[-18.34389140271493,-36.65610859728507],[-19.0,-37.921052631578945],[-19.49612403100775,-38.50387596899225],[-20.0,-39.8],[-20.626666666666665,-40.373333333333335],[-20.903345724907062,-41.09665427509294],[-21.49814126394052,-41.501858736059475],[-21.736263736263734,-42.0],[-22.0,-43.199999999999996],[-22.57142857142857,-44.0],[-22.3921568627451,-44.3921568627451],[-21.6875,-45.0],[-21.45360824742268,-45.453608247422686],[-20.869158878504674,-45.86915887850468],[-20.0,-46.0],[-19.0,-46.68181818181818],[-17.928571428571427,-46.92857142857143],[-16.1,-47.1],[-14.25,-48.0],[-14.76923076923077,-48.23076923076923],[-15.0,-48.75],[-15.333333333333336,-49.0],[-15.95505617977528,-49.044943820224724],[-16.709090909090907,-49.29090909090908],[-18.0,-50.0],[-19.368421052631582,-50.36842105263158],[-19.727272727272727,-50.272727272727266],[-19.954545454545457,-51.0],[-20.609756097560975,-51.390243902439025],[-20.90909090909091,-52.0],[-21.93548387096774,-52.064516129032256],[-22.565217391304348,-52.43478260869565],[-22.789473684210527,-53.0],[-23.80246913580247,-53.19753086419753],[-24.0,-53.72727272727273],[-25.0,-53.476190476190474],[-26.0,-53.473684210526315],[-27.0,-53.77777777777778],[-28.129032258064516,-53.12903225806451],[-28.794871794871796,-53.205128205128204],[-29.073394495412845,-53.07339449541284],[-31.444444444444443,-53.0],[-31.705882352941178,-52.705882352941174],[-32.0,-52.61538461538462],[-32.15094339622642,-52.15094339622641],[-32.53333333333333,-52.0],[-32.631578947368425,-51.631578947368425],[-33.868852459016395,-50.868852459016395],[-34.0919540229885,-50.0919540229885],[-35.0,-48.55555555555556],[-35.15,-47.0],[-35.30508474576271,-46.30508474576271],[-35.69230769230769,-46.0],[-35.72727272727273,-45.0],[-36.0,-44.0],[-35.54545454545454,-43.0],[-35.36363636363637,-41.63636363636364],[-35.375,-41.0],[-35.611111111111114,-40.0],[-35.526315789473685,-39.0],[-36.0,-38.0],[-36.1021897810219,-37.0],[-35.97142857142857,-35.0],[-35.605095541401276,-34.39490445859873],[-35.26086956521739,-33.0],[-35.42553191489362,-28.0],[-35.15753424657534,-24.0],[-35.262008733624455,-22.262008733624455],[-35.815602836879435,-20.81560283687943],[-35.945945945945944,-19.945945945945947],[-36.57142857142858,-18.571428571428573],[-37.62264150943396,-17.622641509433965],[-39.0,-16.935064935064933],[-39.532319391634985,-16.53231939163498],[-40.33582089552239,-16.33582089552239],[-41.40233236151604,-15.402332361516036],[-42.03589743589744,-15.035897435897436],[-44.09205020920503,-12.09205020920502],[-45.437086092715234,-10.437086092715232],[-45.94285714285714,-10.0],[-46.13559322033898,-9.135593220338983],[-46.739999999999995,-8.74],[-47.0,-8.071428571428571],[-47.10752688172043,-7.10752688172043],[-47.80701754385966,-6.000000000000001],[-47.720000000000006,-4.0],[-47.483870967741936,-3.0],[-47.60975609756098,-2.6097560975609757],[-48.0,-2.111111111111111],[-48.0,-1.75],[-47.699999999999996,-1.0],[-47.0,-0.391304347826087],[-46.85714285714286,0.0],[-46.05673758865248,1.0567375886524824],[-46.0,2.0],[-45.70967741935485,3.0],[-46.026315789473685,4.0],[-46.0,6.1000000000000005],[-45.67272727272727,6.672727272727273],[-45.05063291139241,7.0506329113924044],[-45.0,8.0],[-44.29268292682927,8.292682926829269],[-44.0,9.272727272727273],[-43.52941176470588,9.529411764705882],[-43.199999999999996,10.0],[-43.515151515151516,10.484848484848484],[-45.0,10.666666666666668],[-45.16494845360825,10.835051546391753],[-45.78761061946903,10.787610619469026],[-46.11650485436893,10.883495145631068],[-46.64912280701754,11.350877192982455],[-48.0,11.310344827586206],[-49.0,11.93939393939394],[-51.33333333333334,11.0],[-51.333333333333336,10.666666666666668],[-50.92857142857143,10.071428571428571],[-50.0,10.0],[-50.0,9.0],[-51.0,9.0],[-51.0,8.0],[-51.97402597402597,7.974025974025974],[-52.77777777777778,7.777777777777778],[-53.0,6.9411764705882355],[-54.0,6.976190476190476],[-54.083769633507856,8.916230366492147],[-54.38095238095237,9.619047619047619],[-55.0,9.94],[-55.11926605504587,10.880733944954128],[-55.49612403100775,11.503875968992247],[-56.07558139534884,11.924418604651164],[-56.27878787878788,12.721212121212123],[-56.78294573643411,12.782945736434108],[-57.1021897810219,13.0],[-57.22950819672131,14.229508196721312],[-57.054054054054056,14.945945945945947],[-57.425925925925924,15.574074074074074],[-58.0,16.086956521739133],[-58.400000000000006,17.6],[-58.82051282051282,18.0],[-59.023529411764706,18.976470588235294],[-59.99999999999999,19.11111111111111],[-60.10062893081761,19.89937106918239],[-60.421052631578945,20.0],[-60.66666666666667,21.0],[-61.0,21.25],[-61.185567010309285,21.814432989690722],[-61.69230769230769,22.0],[-61.69230769230769,22.307692307692307],[-62.0,22.666666666666664],[-62.031007751937985,22.968992248062015],[-63.031496062992126,23.0],[-62.85714285714286,24.142857142857142],[-63.0,24.22222222222222],[-63.175,24.825],[-63.77777777777778,25.0],[-64.0,26.0],[-64.38805970149254,26.611940298507463],[-64.86666666666667,27.000000000000004],[-65.0,29.0],[-66.0,29.0],[-67.0,30.0],[-67.7037037037037,30.296296296296294],[-68.0,31.0],[-69.0,31.074074074074073],[-69.23809523809524,31.761904761904763],[-69.71428571428571,32.0],[-69.6923076923077,32.30769230769231],[-70.0,32.476190476190474],[-70.21782178217822,33.21782178217822],[-70.0,33.6875],[-69.66666666666667,33.66666666666667],[-69.5,34.0],[-69.85714285714286,34.14285714285714],[-70.0,34.5],[-70.45454545454545,34.45454545454545],[-70.55555555555556,34.0],[-70.89041095890411,33.890410958904106],[-71.02461538461539,33.97538461538462],[-71.0,34.66666666666667],[-70.60000000000001,34.6],[-70.80952380952381,35.19047619047619],[-70.72413793103448,35.72413793103448],[-71.00000000000001,37.07692307692308],[-71.21052631578948,36.21052631578948],[-71.87755102040816,35.87755102040816],[-72.0,35.91891891891892],[-72.23300970873787,36.76699029126213],[-72.63157894736841,37.0],[-72.68539325842697,37.31460674157303],[-73.0,37.46666666666667],[-73.10810810810811,38.108108108108105],[-73.0,38.888888888888886],[-72.77777777777777,39.0],[-72.83333333333334,40.0],[-72.47368421052632,41.0],[-72.33333333333334,42.333333333333336],[-71.4,43.0],[-71.72727272727272,43.272727272727266],[-72.0,45.05882352941176],[-72.23076923076923,43.230769230769226],[-73.0,43.0],[-73.23456790123457,44.23456790123457],[-73.19718309859155,44.80281690140845],[-74.02099737532808,44.97900262467192],[-74.26086956521739,46.73913043478261],[-75.02604166666667,46.97395833333333],[-75.26130653266333,47.73869346733669],[-76.0,48.120000000000005],[-76.15172413793104,49.0],[-76.07518796992481,54.0],[-76.28225806451613,56.28225806451613],[-76.21875,56.78125],[-76.51479289940828,57.485207100591715],[-77.00689655172414,57.99310344827586],[-77.22727272727273,59.77272727272727],[-77.75,59.75],[-78.06666666666668,59.93333333333333],[-78.19444444444444,60.80555555555556],[-78.85483870967742,60.854838709677416],[-79.13846153846154,61.0],[-79.50222222222222,61.49777777777778],[-81.04863221884499,61.951367781155014],[-81.3855421686747,62.6144578313253],[-82.14678899082568,62.85321100917431],[-83.57142857142857,63.0],[-83.76623376623377,63.23376623376623],[-84.52941176470588,63.470588235294116],[-87.0,63.83108108108108],[-93.0,63.8255033557047],[-96.0,63.66666666666667],[-98.57142857142857,63.0],[-101.8153846153846,62.815384615384616],[-104.18181818181819,62.18181818181818],[-107.5,62.0],[-108.11111111111111,62.0],[-109.0,62.285714285714285],[-109.20942408376963,62.79057591623037],[-110.77777777777777,63.22222222222222],[-111.0,63.4],[-113.0,63.4],[-113.08571428571429,64.0],[-113.0,64.6],[-112.63636363636363,65.0],[-112.71428571428572,66.0],[-113.0,66.66666666666667],[-113.13392857142857,67.86607142857143],[-113.40860215053763,68.59139784946237],[-114.05384615384615,69.0],[-114.02749140893471,71.02749140893471],[-113.75757575757575,71.24242424242425],[-113.3111111111111,71.3111111111111],[-113.13157894736842,72.0],[-113.39285714285714,73.60714285714286],[-114.5,74.0],[-115.0,74.42857142857142],[-115.15094339622641,74.84905660377359],[-120.02962962962962,74.97037037037038],[-122.0,75.546875],[-125.33333333333334,75.66666666666667],[-128.04102564102564,75.95897435897436],[-130.0,75.96850393700787],[-131.0,76.46575342465754],[-138.0,76.72164948453609],[-140.0,76.67391304347827],[-141.0,76.29545454545455],[-145.71951219512195,75.71951219512195],[-146.47337278106508,75.47337278106508],[-147.0,75.0],[-149.89944134078212,74.89944134078212],[-150.63636363636363,74.63636363636363],[-151.3448275862069,74.0],[-151.87859424920129,73.87859424920129],[-155.0,73.86619718309859],[-157.65116279069767,73.65116279069767],[-158.26086956521738,73.26086956521739],[-158.34615384615384,73.0],[-159.16425120772948,72.83574879227052],[-159.85641025641024,72.85641025641026],[-160.64444444444445,72.64444444444445],[-161.25352112676057,72.25352112676056],[-161.42857142857144,72.0],[-161.91752577319588,71.91752577319588],[-164.20754716981133,71.79245283018868],[-167.0,72.33333333333334],[-167.97014925373136,71.97014925373135],[-169.86363636363637,71.86363636363637],[-170.61538461538458,71.61538461538461],[-172.0,71.5],[-174.0,71.07142857142857],[-180.0,70.79545454545455],[-180.0,77.0],[-178.0,77.0],[-178.0,79.0],[-177.0,79.0],[-177.0,80.0],[-172.0,80.0],[-172.0,81.0],[-168.0,81.0],[-167.6,80.4],[-167.0,80.25],[-166.93333333333334,80.06666666666668],[-163.0,80.0],[-162.0,79.77777777777777],[-161.0,80.0],[-160.0,80.0],[-157.57142857142856,79.42857142857144],[-154.9322033898305,79.0677966101695],[-120.0,79.0],[-119.0,78.83333333333334],[-117.71428571428571,78.28571428571428],[-117.0,78.21126760563381],[-115.0,78.4],[-113.0,78.3125],[-110.94117647058823,78.05882352941177],[-102.875,78.0],[-102.4375,77.5625],[-101.69696969696969,77.3030303030303],[-100.86915887850468,77.13084112149532],[-98.53846153846155,77.0],[-98.36842105263158,76.63157894736842],[-98.0,76.53333333333333],[-97.77777777777777,76.22222222222223],[-96.44444444444444,76.0],[-96.93006993006992,75.93006993006993],[-97.0,75.16666666666667],[-97.33333333333334,75.0],[-97.93846153846154,74.93846153846154],[-98.0,74.0],[-100.0,74.0],[-100.4,73.4],[-100.5,73.0],[-100.0,72.66666666666667],[-99.66666666666667,72.66666666666667],[-99.0,73.0],[-99.0,71.5],[-100.0,71.33333333333334],[-100.33333333333334,71.0],[-100.0,70.5],[-99.0,70.5],[-98.88235294117648,70.11764705882354],[-98.0,70.0],[-98.0,69.0],[-97.0,68.0],[-81.10526315789474,68.10526315789474],[-80.23809523809524,68.23809523809524],[-80.0,68.55555555555556],[-79.63636363636364,68.63636363636364],[-79.2,69.0],[-71.1951219512195,69.1951219512195],[-70.44444444444444,69.44444444444444],[-69.89473684210526,69.89473684210526],[-69.5,70.0],[-67.04081632653062,70.04081632653062],[-66.71428571428571,70.28571428571428],[-66.28571428571428,70.28571428571428],[-66.0,71.0],[-65.0,70.0],[-64.0,70.0],[-63.5,70.5],[-61.77777777777777,70.22222222222223],[-59.0,70.2],[-58.0,70.5],[-57.0,70.5],[-56.0,70.33333333333333],[-55.0,70.66666666666667],[-54.00000000000001,70.66666666666667],[-53.75,71.0],[-54.0,71.2],[-58.00000000000001,71.2],[-61.0,71.5],[-61.99999999999999,71.42857142857142],[-63.090909090909086,71.0909090909091],[-64.0,71.0],[-64.33766233766234,71.66233766233766],[-64.26,72.0],[-63.80597014925373,72.19402985074628],[-63.11320754716981,72.11320754716981],[-63.258823529411764,72.74117647058823],[-63.082089552238806,74.0],[-63.106280193236714,74.89371980676329],[-63.25287356321839,75.2528735632184],[-63.15873015873016,75.84126984126985],[-64.0,75.95384615384614],[-64.0,76.33333333333333],[-63.57142857142857,76.57142857142857],[-63.25,77.0],[-62.05649717514124,77.05649717514125],[-61.79166666666667,77.20833333333334],[-61.25,77.25],[-61.00689655172414,78.00689655172414],[-58.15172413793104,78.15172413793104],[-58.0,79.00806451612902],[-54.24175824175825,79.24175824175825],[-53.59375,79.59375],[-53.23529411764706,80.0],[-51.136752136752136,80.13675213675214],[-50.46153846153847,80.46153846153847],[-50.05095541401274,81.05095541401273],[-50.0,85.0],[-30.0,85.0],[-30.0,84.0],[-22.0,84.0],[-22.0,85.0],[-20.0,85.0],[-20.0,84.0],[-17.0,84.0],[-17.0,85.0],[-16.0,85.0],[-15.333333333333334,84.66666666666667],[-15.0,84.0],[-14.666666666666668,84.66666666666667],[-13.0,85.0],[-10.0,85.0],[-9.166666666666668,85.16666666666667],[-6.909090909090909,85.0909090909091],[-6.199999999999999,85.2],[-1.9775280898876404,85.02247191011236],[4.0,85.0],[4.6,84.60000000000001],[5.0,84.5],[5.4,84.60000000000001]],[[21.0,77.0],[21.4,77.6],[21.5,78.0],[21.0,78.5],[20.0,78.0],[21.0,77.0]],[[46.0,48.0],[46.0,47.0],[45.0,47.0],[45.0,46.0],[44.0,46.0],[44.0,45.0],[43.0,45.0],[43.0,44.0],[40.0,44.0],[40.0,43.0],[38.0,43.0],[38.0,42.0],[42.0,42.0],[42.0,43.0],[44.0,43.0],[44.0,44.0],[46.0,44.0],[46.0,45.0],[47.0,45.0],[47.0,48.0],[46.0,48.0]],[[26.0,43.0],[25.285714285714285,43.28571428571428],[24.285714285714285,44.285714285714285],[22.700000000000003,44.7],[22.4,45.4],[20.571428571428573,46.57142857142858],[20.4,47.0],[20.166666666666664,47.16666666666667],[19.764705882352942,47.23529411764706],[19.0,47.0],[19.8,44.8],[20.333333333333336,44.333333333333336],[21.692307692307693,43.69230769230769],[23.25,43.25],[23.5,43.0],[23.866666666666667,42.86666666666667],[24.266666666666666,42.733333333333334],[24.81818181818182,42.81818181818182],[25.0,42.0],[26.0,42.0],[26.0,43.0]],[[124.0,-82.0],[124.0,-84.0],[109.0,-84.0],[108.4,-84.4],[108.0,-84.5],[106.0,-84.5],[105.00000000000001,-84.66666666666667],[99.00000000000001,-84.66666666666667],[97.0,-84.5],[96.0,-84.6],[92.0,-84.5],[87.0,-84.6],[85.0,-84.25],[84.0,-84.4],[81.0,-84.33333333333334],[80.0,-84.5],[78.71428571428571,-84.28571428571428],[78.0,-84.0],[63.0,-84.0],[62.00000000000001,-83.9],[59.0,-84.0],[57.86666666666667,-83.86666666666666],[52.0,-83.83333333333333],[51.00000000000001,-83.66666666666667],[50.0,-83.80000000000001],[48.0,-83.66666666666667],[46.0,-83.33333333333333],[44.0,-83.33333333333333],[43.10526315789473,-82.89473684210526],[39.0,-82.875],[36.647058823529406,-82.6470588235294],[35.0,-82.66666666666667],[34.0,-82.4],[32.44444444444444,-82.44444444444444],[31.0,-82.75],[29.0,-82.4],[27.555555555555554,-82.55555555555554],[26.77777777777778,-82.77777777777777],[26.5,-83.0],[26.5,-84.5],[26.0,-85.0],[25.0,-85.0],[25.0,-86.0],[24.400000000000002,-86.4],[23.6,-86.60000000000001],[22.0,-86.75],[20.0,-86.66666666666667],[19.25,-86.75],[17.0,-87.33333333333334],[16.0,-87.33333333333334],[15.0,-87.0],[14.0,-87.0],[11.714285714285714,-87.71428571428572],[6.181818181818182,-87.81818181818181],[5.0,-88.0],[6.0,-88.25],[12.0,-88.25],[13.0,-88.4],[18.0,-88.5],[19.0,-88.4],[26.0,-88.4],[27.0,-88.25],[31.0,-88.33333333333334],[32.0,-88.5],[44.0,-88.5],[44.400000000000006,-88.6],[45.0,-89.0],[53.0,-89.0],[53.66666666666667,-88.66666666666667],[54.0,-88.66666666666666],[61.0,-88.66666666666666],[62.0,-89.0],[78.0,-89.0],[79.0,-88.66666666666666],[87.0,-88.66666666666666],[88.0,-88.5],[93.0,-88.5],[95.0,-88.25],[97.0,-88.25],[98.0,-88.0],[100.0,-88.0],[101.0,-88.25],[103.0,-88.25],[105.0,-88.5],[109.0,-88.4],[111.0,-88.0],[112.0,-88.0],[113.0,-87.0],[116.0,-87.0],[116.75,-87.25],[120.0,-87.25],[122.0,-87.5],[123.00000000000001,-87.33333333333334],[126.00000000000001,-87.33333333333334],[128.0,-87.0],[133.0,-87.0],[133.0,-86.0],[130.0,-86.0],[130.33333333333334,-85.33333333333334],[130.25,-85.0],[130.33333333333334,-84.66666666666667],[130.0,-84.0],[131.0,-84.0],[131.0,-83.0],[133.0,-83.0],[133.0,-82.0],[124.0,-82.0]],[[4.4,-79.6],[3.75,-79.75],[1.8666666666666667,-79.86666666666667],[-4.0,-79.78571428571428],[-9.0,-80.0],[-8.142857142857142,-80.14285714285714],[-6.153846153846153,-80.15384615384616],[-4.333333333333334,-80.33333333333334],[-1.0,-80.22222222222223],[1.0,-80.28571428571429],[2.0,-80.16666666666667],[4.25,-80.25],[5.0,-80.0],[4.4,-79.6]],[[4.5,-66.5],[5.0,-66.66666666666667],[7.0,-66.0909090909091],[8.333333333333334,-66.0],[8.0,-65.66666666666667],[7.4,-65.60000000000001],[6.666666666666667,-65.33333333333334],[6.428571428571429,-65.42857142857143],[5.0,-65.42857142857143],[4.529411764705882,-65.52941176470588],[4.0,-66.0],[4.5,-66.5]],[[7.625,-56.375],[8.703703703703702,-56.29629629629629],[10.0,-56.57142857142857],[12.0,-56.0],[10.533333333333333,-55.46666666666667],[10.000000000000002,-54.85714285714286],[8.0,-54.76923076923077],[7.4,-55.0],[7.0,-56.0],[7.625,-56.375]],[[-64.83333333333333,29.833333333333336],[-64.9047619047619,30.095238095238095],[-65.14285714285714,30.142857142857146],[-65.22222222222223,29.77777777777778],[-65.0,29.0],[-64.83333333333333,29.833333333333336]],[[111.60000000000001,-49.400000000000006],[112.5,-49.5],[113.0,-50.0],[113.0,-49.0],[111.60000000000001,-48.60000000000001],[111.0,-49.0],[111.60000000000001,-49.400000000000006]],[[1.0,81.0],[-1.0,81.0],[-1.0,80.0],[-0.4,79.6],[0.0,79.5],[1.0,80.0],[1.0,81.0]],[[-21.125,5.875],[-20.75,6.0],[-20.666666666666668,6.333333333333334],[-21.0,7.0],[-21.285714285714285,6.285714285714285],[-21.125,5.875]],[[-25.714285714285715,-77.28571428571428],[-25.666666666666668,-77.0],[-27.0,-76.33333333333333],[-27.5,-76.5],[-27.666666666666664,-77.0],[-27.0,-77.66666666666667],[-26.0,-77.5],[-25.714285714285715,-77.28571428571428]],[[-20.0,82.0],[-20.0,83.0],[-21.0,83.0],[-21.0,82.0],[-20.0,82.0]],[[-14.0,83.0],[-15.0,83.0],[-15.0,82.0],[-14.0,82.0],[-14.0,83.0]],[[-4.6,83.4],[-5.0,83.5],[-5.333333333333334,83.33333333333334],[-5.5,83.0],[-5.333333333333334,82.66666666666667],[-5.0,82.5],[-4.6,82.6],[-4.0,83.0],[-4.6,83.4]],[[24.0,78.0],[23.0,78.0],[23.0,77.0],[24.0,77.0],[24.0,78.0]],[[7.0,72.0],[6.0,72.0],[6.0,71.0],[7.0,71.0],[7.0,72.0]],[[5.0,71.0],[4.571428571428572,70.42857142857143],[4.571428571428571,70.0],[5.0,69.57142857142857],[5.5,69.5],[5.75,70.0],[5.666666666666667,70.33333333333334],[6.0,71.0],[5.0,71.0]],[[5.666666666666666,69.0],[6.000000000000001,68.80000000000001],[6.5,69.0],[6.4,69.4],[6.0,69.66666666666667],[5.5,69.5],[5.666666666666666,69.0]],[[7.6,69.4],[7.5,69.0],[8.153846153846153,68.84615384615384],[9.333333333333334,69.0],[9.333333333333334,69.33333333333334],[9.0,70.0],[8.333333333333334,69.66666666666667],[8.0,69.66666666666667],[7.6,69.4]],[[10.0,48.0],[10.0,47.0],[9.0,47.0],[9.5,46.5],[9.600000000000001,45.6],[10.0,45.0],[10.600000000000001,46.400000000000006],[11.0,46.5],[11.2,46.8],[11.2,47.2],[11.0,47.5],[10.5,47.5],[10.0,48.0]],[[15.0,48.0],[17.0,48.0],[17.0,49.0],[16.0,49.0],[15.266666666666666,49.266666666666666],[14.235294117647058,49.23529411764706],[13.565217391304346,49.565217391304344],[12.636363636363637,51.63636363636363],[12.666666666666666,52.0],[12.333333333333332,53.0],[12.352941176470587,53.35294117647058],[12.0,53.375],[11.625,53.0],[11.666666666666668,51.66666666666667],[11.833333333333334,50.833333333333336],[11.75,49.75],[12.636363636363637,48.63636363636364],[13.5,48.0],[13.5,47.5],[14.0,47.5],[15.0,48.0]],[[18.0,49.0],[18.0,50.0],[17.0,50.0],[17.0,49.0],[18.0,49.0]],[[13.0,47.5],[12.8,47.2],[12.8,46.8],[13.0,46.5],[13.5,46.5],[13.5,47.5],[13.0,47.5]],[[13.5,45.5],[13.0,45.0],[13.0,44.0],[14.0,44.0],[14.0,45.0],[14.25,45.75],[14.222222222222221,46.22222222222222],[14.0,46.5],[13.5,46.5],[13.5,45.5]],[[38.00000000000001,59.142857142857146],[37.0,59.28571428571429],[34.75,59.25],[34.33333333333333,59.0],[35.0,58.33333333333333],[37.333333333333336,58.33333333333334],[38.0,58.0],[39.0,58.0],[39.36363636363636,58.63636363636364],[39.266666666666666,59.266666666666666],[38.00000000000001,59.142857142857146]],[[-13.0,-24.372093023255815],[-13.432,-24.567999999999998],[-13.613636363636363,-25.0],[-13.327272727272728,-25.327272727272728],[-13.0,-25.450000000000003],[-12.76,-25.240000000000002],[-12.69832402234637,-24.69832402234637],[-13.0,-24.372093023255815]],[[-7.2727272727272725,-18.727272727272727],[-7.3428571428571425,-19.0],[-7.0,-19.413793103448278],[-6.555555555555555,-19.0],[-6.7,-18.7],[-7.0,-18.555555555555557],[-7.2727272727272725,-18.727272727272727]],[[11.0,-24.0],[11.333333333333334,-23.333333333333336],[11.333333333333334,-23.0],[11.222222222222221,-22.77777777777778],[10.555555555555554,-22.444444444444443],[10.2,-21.799999999999997],[9.4,-21.6],[9.0,-21.0],[8.5,-21.5],[8.0,-21.666666666666668],[7.75,-22.0],[7.666666666666667,-23.0],[8.0,-24.0],[9.0,-24.375],[9.5,-24.0],[9.571428571428573,-23.571428571428573],[10.0,-23.25],[10.600000000000001,-23.400000000000002],[11.0,-24.0]],[[10.777777777777779,-24.77777777777778],[10.818181818181818,-25.18181818181818],[11.19047619047619,-25.19047619047619],[11.333333333333334,-25.0],[11.363636363636363,-24.636363636363637],[11.0,-24.0],[10.777777777777779,-24.77777777777778]],[[24.0,-37.333333333333336],[24.666666666666664,-37.0],[23.940298507462686,-36.940298507462686],[23.87096774193548,-37.12903225806452],[24.0,-37.333333333333336]],[[24.6875,-55.3125],[25.0,-55.55555555555556],[25.833333333333336,-55.0],[25.24390243902439,-54.75609756097561],[24.850746268656717,-54.850746268656714],[24.6875,-55.3125]],[[28.0,-62.25],[27.700000000000003,-62.3],[27.363636363636363,-61.63636363636363],[25.8,-62.0],[26.0,-62.3],[27.25,-62.75],[27.181818181818183,-63.0],[27.4,-63.60000000000001],[28.0,-63.9],[29.0,-63.5],[29.18181818181818,-62.99999999999999],[29.0,-62.5],[28.0,-62.25]],[[29.555555555555554,-59.44444444444444],[30.285714285714285,-59.71428571428571],[30.77777777777778,-60.22222222222222],[31.0,-60.2],[31.25,-60.0],[31.57142857142857,-59.0],[31.75,-57.75],[32.0,-57.0],[30.0,-56.714285714285715],[29.516129032258068,-56.483870967741936],[28.419354838709676,-55.58064516129032],[28.0,-55.40909090909091],[27.53571428571429,-55.535714285714285],[26.88888888888889,-55.99999999999999],[27.461538461538463,-57.53846153846154],[28.0,-58.0],[27.813953488372093,-58.81395348837209],[28.0,-59.30769230769231],[28.296296296296298,-59.29629629629629],[28.875,-58.875],[29.0,-58.9],[29.555555555555554,-59.44444444444444]],[[29.0,-53.19047619047619],[29.08888888888889,-52.91111111111111],[28.873015873015873,-52.87301587301587],[28.666666666666668,-53.0],[29.0,-53.19047619047619]],[[38.15384615384615,-60.84615384615384],[38.0,-60.75],[37.5,-61.0],[37.0,-61.06666666666667],[36.0,-62.0],[35.25,-63.0],[35.647058823529406,-63.35294117647059],[36.0,-63.45],[37.256410256410255,-63.256410256410255],[38.0,-62.27272727272727],[38.75,-62.0],[38.42857142857143,-61.57142857142857],[38.15384615384615,-60.84615384615384]],[[43.0,-63.5],[42.66666666666667,-64.0],[43.0,-64.33333333333334],[43.18181818181818,-64.18181818181819],[44.0,-64.2],[45.0,-64.5],[45.4,-64.4],[46.0,-64.0],[45.66666666666667,-63.333333333333336],[44.0,-63.0],[43.0,-63.5]],[[46.0,-60.44444444444444],[45.0,-60.333333333333336],[44.5,-61.0],[44.6,-61.400000000000006],[45.5,-62.0],[45.6,-62.4],[46.0,-62.66666666666667],[46.15384615384615,-62.15384615384615],[46.66666666666667,-62.0],[47.0,-61.75],[47.24,-61.24],[48.0,-61.0],[46.27777777777778,-60.72222222222223],[46.0,-60.44444444444444]],[[49.99999999999999,-61.05882352941177],[50.07692307692308,-61.00000000000001],[48.0,-61.0],[49.99999999999999,-61.05882352941177]],[[48.0,-55.896551724137936],[47.99999999999999,-56.3],[48.3,-56.0],[48.0,-55.896551724137936]],[[50.36363636363636,-58.0],[51.0,-58.5],[51.41176470588235,-58.41176470588235],[51.7,-58.0],[51.00000000000001,-57.66666666666667],[50.36363636363636,-58.0]],[[70.2,-44.2],[70.12658227848101,-45.12658227848101],[69.60655737704919,-45.606557377049185],[69.5,-46.0],[69.39393939393939,-47.0],[69.62264150943398,-47.377358490566046],[70.0,-47.66666666666667],[71.0,-47.65217391304348],[75.0,-48.0],[75.5,-49.0],[75.81818181818181,-49.18181818181818],[76.0,-49.5],[76.4,-49.6],[77.0,-50.0],[79.0,-50.0],[78.5,-49.5],[78.5,-49.0],[79.2,-48.8],[79.8,-48.8],[79.66666666666667,-48.333333333333336],[79.78571428571428,-48.0],[81.3,-48.0],[81.33333333333334,-48.333333333333336],[81.0,-49.0],[80.4,-49.400000000000006],[80.0,-50.0],[80.0,-51.0],[81.0,-51.0],[82.4,-50.60000000000001],[83.0,-51.0],[83.0,-49.0],[84.0,-48.909090909090914],[85.0,-49.0],[85.0,-50.0],[87.0,-50.0],[87.28571428571429,-49.0],[89.0,-47.0],[89.30909090909091,-46.30909090909091],[89.77906976744185,-44.0],[89.65137614678899,-43.65137614678899],[89.78947368421052,-43.21052631578947],[86.03007518796993,-43.03007518796993],[85.0,-43.1025641025641],[84.54098360655738,-42.459016393442624],[84.0,-42.271186440677965],[80.0,-42.354166666666664],[79.47272727272727,-42.47272727272727],[79.0,-42.86666666666667],[78.48192771084338,-42.51807228915663],[78.0,-42.375],[76.0,-42.275],[75.52845528455285,-42.52845528455285],[75.0,-43.714285714285715],[74.6842105263158,-44.0],[73.73195876288659,-44.26804123711341],[71.75,-44.25],[71.31818181818183,-44.0],[71.26415094339623,-43.735849056603776],[71.0,-43.53333333333333],[70.63157894736842,-43.631578947368425],[70.2,-44.2]],[[105.0,-66.0],[105.60000000000001,-65.60000000000001],[106.0,-65.5],[106.16666666666666,-65.16666666666666],[106.16666666666666,-64.83333333333333],[106.0,-64.5],[105.71428571428571,-64.71428571428571],[105.0,-64.8],[104.75,-65.0],[104.66666666666667,-65.33333333333334],[105.0,-66.0]],[[104.0,-66.0],[103.0,-65.75],[102.0,-66.5],[101.0,-66.33333333333334],[100.0,-66.5],[98.75,-66.25],[98.25,-65.75],[96.75,-65.75],[95.0,-66.5],[94.71428571428572,-66.71428571428571],[94.5,-67.5],[94.0,-68.0],[93.4,-68.4],[93.0,-68.4],[92.57142857142858,-68.57142857142857],[92.25,-69.0],[92.33333333333334,-69.33333333333334],[92.0,-70.0],[93.0,-70.0],[93.57142857142858,-70.42857142857143],[94.28571428571428,-70.71428571428571],[94.66666666666667,-71.33333333333334],[96.0,-72.25],[97.0,-72.25],[98.66666666666667,-71.66666666666667],[99.00000000000001,-71.33333333333334],[100.0,-71.2],[100.52941176470588,-70.52941176470588],[101.00000000000001,-70.2],[102.33333333333334,-70.66666666666667],[102.85714285714286,-71.14285714285714],[103.66666666666669,-71.33333333333334],[104.0,-72.0],[104.77777777777777,-72.22222222222223],[105.33333333333334,-72.66666666666667],[105.33333333333334,-74.0],[106.0,-75.0],[107.0,-75.0],[107.33333333333334,-74.33333333333334],[108.0,-74.0],[108.0,-73.0],[107.33333333333334,-72.66666666666667],[107.0,-72.66666666666667],[106.0,-72.0],[106.60000000000001,-71.60000000000001],[107.0,-71.0],[108.0,-71.66666666666667],[109.0,-71.5],[109.33333333333334,-71.66666666666667],[109.33333333333334,-72.33333333333334],[109.0,-73.0],[109.60000000000001,-73.4],[110.0,-74.0],[111.0,-74.16666666666667],[112.18181818181819,-74.18181818181819],[112.20000000000002,-74.0],[112.68,-73.68],[113.5,-73.5],[114.46153846153847,-72.46153846153845],[114.6,-72.0],[114.4,-71.60000000000001],[114.0,-71.0],[113.44444444444444,-70.55555555555556],[113.0,-70.33333333333333],[111.5,-70.0],[111.28571428571428,-69.71428571428572],[110.66666666666667,-69.66666666666667],[110.0,-70.0],[110.0,-69.0],[109.44444444444444,-69.44444444444444],[108.63636363636363,-69.36363636363636],[108.0,-69.0],[106.0,-70.0],[105.0,-70.0],[105.0,-68.0],[104.66666666666667,-66.66666666666667],[105.0,-66.0],[104.0,-66.0]],[[110.33333333333334,-59.66666666666667],[110.71428571428571,-60.28571428571428],[111.0,-60.5],[112.0,-60.0],[112.77777777777777,-59.77777777777778],[114.22222222222223,-58.22222222222222],[114.33333333333334,-57.66666666666667],[114.0,-57.0],[115.0,-56.0],[115.0,-55.0],[116.0,-55.0],[116.0,-54.0],[112.0,-54.0],[112.0,-55.0],[110.0,-55.0],[110.0,-56.0],[109.4,-56.400000000000006],[108.66666666666667,-57.66666666666667],[108.0,-58.0],[108.0,-59.0],[109.0,-59.0],[109.71428571428571,-59.285714285714285],[110.33333333333334,-59.66666666666667]],[[-31.0,-77.25],[-30.0,-77.0],[-30.400000000000002,-76.4],[-31.0,-76.0],[-32.0,-76.5],[-32.25,-77.0],[-31.0,-77.25]],[[-2.6999999999999997,-67.0],[-1.7586206896551724,-67.24137931034483],[-0.8333333333333334,-67.0],[-2.0,-66.69565217391305],[-2.6999999999999997,-67.0]],[[17.666666666666668,-66.0],[17.0,-65.33333333333333],[16.0,-65.375],[14.818181818181817,-65.18181818181819],[14.666666666666668,-65.0],[13.421052631578947,-64.57894736842104],[11.125,-64.125],[11.0,-64.125],[10.363636363636363,-65.0],[10.588235294117647,-65.41176470588235],[12.342857142857142,-65.65714285714286],[13.5,-66.0],[13.5,-67.0],[15.0,-67.42857142857143],[17.0,-67.33333333333334],[17.666666666666668,-67.0],[17.666666666666668,-66.0]],[[5.0,-53.55555555555556],[5.303030303030303,-53.3030303030303],[5.571428571428571,-52.0],[5.280701754385964,-51.71929824561403],[5.0,-51.63636363636364],[4.2727272727272725,-52.0],[4.615384615384615,-53.38461538461539],[5.0,-53.55555555555556]],[[19.0,-59.38461538461539],[21.0,-59.727272727272734],[22.0,-59.36363636363637],[22.266666666666666,-59.00000000000001],[20.755102040816325,-58.244897959183675],[20.714285714285715,-57.71428571428571],[21.076923076923077,-56.92307692307693],[20.615384615384613,-56.38461538461539],[20.272727272727273,-55.72727272727272],[19.166666666666668,-54.83333333333333],[19.0,-54.81818181818182],[18.340425531914896,-55.34042553191489],[17.589743589743588,-55.58974358974359],[17.11111111111111,-56.0],[16.846153846153847,-56.84615384615385],[16.904761904761905,-57.0],[16.400000000000002,-58.400000000000006],[15.636363636363637,-59.0],[16.0,-59.5],[17.0,-59.55555555555556],[19.0,-59.38461538461539]],[[-68.95918367346938,32.95918367346939],[-69.0,33.166666666666664],[-69.14285714285714,33.142857142857146],[-69.06896551724138,32.93103448275862],[-68.95918367346938,32.95918367346939]],[[-65.0,65.0],[-66.0,65.33333333333334],[-67.0,65.0],[-65.6923076923077,64.6923076923077],[-65.0,65.0]],[[-33.0,62.75],[-32.5,63.0],[-33.0,63.5],[-34.0,63.0],[-33.285714285714285,62.714285714285715],[-33.0,62.75]],[[-25.285714285714285,58.28571428571428],[-25.333333333333336,58.0],[-25.22222222222222,57.77777777777777],[-24.666666666666668,57.66666666666667],[-24.0,58.0],[-24.714285714285715,58.28571428571428],[-25.285714285714285,58.28571428571428]],[[-26.0,56.5],[-26.333333333333336,56.333333333333336],[-26.333333333333336,56.0],[-26.0,55.833333333333336],[-24.75,55.75],[-24.0,56.0],[-24.666666666666668,56.333333333333336],[-25.0,56.25],[-25.66666666666667,56.333333333333336],[-26.0,56.5]],[[-23.333333333333336,56.66666666666667],[-22.799999999999997,56.8],[-22.666666666666668,57.00000000000001],[-22.77777777777778,57.22222222222222],[-23.400000000000002,57.4],[-24.0,57.0],[-23.333333333333336,56.66666666666667]],[[23.28571428571429,-56.0],[24.0,-56.38461538461539],[24.3125,-56.3125],[24.555555555555557,-56.0],[24.3125,-55.6875],[23.28571428571429,-56.0]],[[27.83050847457627,-71.83050847457628],[27.782608695652172,-72.21739130434783],[28.0,-72.35714285714285],[28.333333333333336,-72.0],[28.227272727272727,-71.77272727272727],[28.0,-71.70588235294117],[27.83050847457627,-71.83050847457628]],[[28.0,-61.25],[28.200000000000003,-61.00000000000001],[27.94871794871795,-60.94871794871795],[27.8,-61.2],[28.0,-61.25]],[[43.0,-71.66666666666667],[42.75,-72.0],[42.84615384615385,-72.15384615384616],[43.0,-72.25],[43.15384615384615,-72.15384615384616],[43.25,-72.0],[43.0,-71.66666666666667]],[[91.25,-69.25],[91.5,-69.0],[91.33333333333334,-67.66666666666667],[91.0,-67.5],[90.5,-67.5],[90.0,-67.0],[90.0,-69.0],[91.25,-69.25]],[[113.75,-75.25],[115.0,-75.16666666666667],[115.5,-75.0],[115.4,-74.6],[115.0,-74.0],[114.5,-74.5],[113.0,-75.0],[113.75,-75.25]],[[12.5,-67.0],[12.181818181818183,-66.81818181818181],[11.904761904761905,-66.90476190476191],[12.0,-67.14285714285714],[12.5,-67.0]],[[-37.0,53.0],[-36.0,53.0],[-35.400000000000006,53.400000000000006],[-34.6,53.60000000000001],[-34.0,54.0],[-32.0,54.0],[-31.444444444444443,53.55555555555555],[-31.0,53.5],[-30.6,53.60000000000001],[-30.0,54.0],[-29.0,54.0],[-28.5,54.5],[-28.0,54.5],[-27.666666666666668,55.0],[-28.0,55.5],[-28.400000000000002,55.60000000000001],[-28.71428571428571,56.285714285714285],[-30.0,56.5],[-30.53846153846154,57.46153846153847],[-31.0,57.75],[-32.0,58.0],[-33.0,58.0],[-33.6,57.6],[-34.0,57.0],[-35.0,57.0],[-35.6,56.6],[-36.0,56.5],[-36.285714285714285,56.285714285714285],[-36.66666666666667,55.66666666666667],[-38.0,55.0],[-37.4,54.6],[-36.66666666666667,54.333333333333336],[-36.5,54.0],[-36.5,53.5],[-37.0,53.0]],[[-24.0,60.0],[-23.5,59.5],[-23.285714285714285,58.71428571428571],[-22.71428571428571,58.71428571428571],[-22.0,59.0],[-21.4,58.60000000000001],[-20.555555555555554,58.55555555555556],[-20.333333333333332,59.0],[-21.0,59.5],[-21.5,59.5],[-22.0,60.0],[-23.0,60.5],[-24.0,60.0]],[[-19.200000000000003,55.2],[-19.25,55.0],[-19.0,54.8],[-18.833333333333332,54.83333333333333],[-18.75,55.0],[-18.846153846153847,55.153846153846146],[-19.200000000000003,55.2]],[[-21.333333333333336,56.0],[-21.0,55.5],[-20.5,56.0],[-20.77777777777778,56.22222222222223],[-21.2,56.2],[-21.333333333333336,56.0]],[[132.0,38.17391304347826],[131.60000000000002,38.0],[131.57894736842104,37.578947368421055],[132.0,37.33333333333333],[132.4,37.6],[132.33333333333334,38.0],[132.0,38.17391304347826]],[[140.56716417910448,48.0],[140.3671497584541,48.367149758454104],[140.0,48.5],[139.67932489451476,48.32067510548523],[139.53658536585368,48.0],[139.6431924882629,47.64319248826291],[140.0,47.43283582089552],[140.37623762376236,47.62376237623762],[140.56716417910448,48.0]],[[82.57142857142858,43.42857142857143],[81.4,43.0],[81.77777777777777,42.77777777777778],[83.0,42.53333333333333],[84.0,42.698412698412696],[85.31683168316832,42.68316831683168],[86.08695652173913,42.91304347826087],[86.14814814814815,43.85185185185185],[88.0,44.0],[88.28571428571428,44.71428571428571],[88.71428571428571,45.285714285714285],[89.5,46.0],[90.0,46.2],[90.34782608695652,46.652173913043484],[90.36363636363637,47.0],[88.16,47.16],[87.875,48.0],[86.7910447761194,48.208955223880594],[86.04651162790698,48.04651162790698],[85.80000000000001,48.2],[85.2,48.2],[85.36363636363637,48.63636363636364],[85.25,49.0],[85.0,49.148148148148145],[83.73529411764706,49.26470588235294],[82.0,49.0],[82.0,48.0],[82.42105263157895,47.421052631578945],[82.42105263157895,46.57894736842105],[81.84615384615384,46.15384615384615],[81.0,46.25],[80.69999999999999,45.99999999999999],[80.75,45.0],[82.0,44.839285714285715],[82.625,44.625],[82.94,44.0],[82.57142857142858,43.42857142857143]],[[97.0,36.0],[96.6,35.0],[97.0,34.0],[98.0,33.166666666666664],[99.0,33.400000000000006],[100.0,35.0],[100.07692307692308,36.0],[99.0,36.22222222222222],[97.81818181818181,36.18181818181819],[97.0,36.0]],[[98.0,44.0],[98.56521739130434,43.565217391304344],[98.9,43.0],[99.18181818181819,42.81818181818182],[99.77777777777777,43.22222222222222],[100.0,44.0],[100.0,45.0],[99.0,45.0],[98.74358974358974,44.25641025641025],[98.0,44.0]],[[101.86666666666667,45.13333333333334],[101.5,45.0],[102.36363636363636,44.36363636363637],[103.0,44.16666666666667],[103.4,44.400000000000006],[104.0,44.0],[103.53846153846155,44.53846153846154],[103.625,45.0],[103.0,45.45454545454545],[102.00000000000001,45.333333333333336],[101.86666666666667,45.13333333333334]],[[109.0,38.0],[109.2,37.0],[109.6923076923077,36.69230769230769],[110.34782608695652,36.65217391304348],[111.5,37.0],[111.66666666666667,37.333333333333336],[112.0,37.5],[112.06896551724138,37.93103448275862],[112.25,38.0],[112.28571428571428,38.285714285714285],[111.5,40.0],[111.14285714285714,40.142857142857146],[110.71428571428571,40.71428571428571],[110.71428571428572,41.0],[109.39999999999999,42.0],[108.0,42.5],[107.5,42.5],[107.0,43.0],[107.0,42.0],[106.4,41.6],[105.0,41.5],[104.66666666666667,41.333333333333336],[104.5,41.0],[104.60000000000001,40.6],[105.0,40.0],[106.4,39.400000000000006],[107.0,39.0],[108.4,38.6],[109.0,39.0],[109.0,38.0]],[[102.28571428571428,39.71428571428571],[102.18181818181819,40.18181818181818],[100.44444444444444,41.44444444444444],[100.0,42.5],[99.81818181818181,42.18181818181818],[99.84615384615384,41.0],[100.0,40.599999999999994],[100.4,40.4],[100.42857142857143,40.0],[101.0,39.6],[101.44444444444443,39.55555555555555],[101.66666666666667,39.66666666666667],[102.0,39.5],[102.28571428571428,39.71428571428571]],[[105.2,38.2],[105.00000000000001,38.333333333333336],[104.71428571428571,38.285714285714285],[104.5,38.0],[104.80000000000001,37.8],[105.0,37.0],[105.2,38.0],[105.2,38.2]]],[[[23.400000000000002,19.6],[24.0,19.85714285714286],[24.22222222222222,18.77777777777778],[24.040816326530614,17.959183673469386],[23.0,17.81818181818182],[22.97241379310345,17.97241379310345],[22.77777777777778,18.0],[23.0,19.25],[23.400000000000002,19.6]]],[[[23.5,21.5],[24.0,22.0],[24.0,20.5],[23.5,21.0],[23.5,21.5]]],[[[23.400000000000002,22.6],[23.333333333333336,23.0],[23.636363636363633,23.363636363636363],[23.52941176470588,24.52941176470588],[23.200000000000003,25.0],[23.5,25.5],[24.17391304347826,25.82608695652174],[25.0,25.88235294117647],[25.176470588235293,25.176470588235293],[25.0,24.583333333333336],[24.517241379310345,24.482758620689655],[24.063694267515924,23.936305732484076],[24.0,22.0],[23.0,22.0],[23.400000000000002,22.6]]],[[[19.714285714285715,23.71428571428571],[19.5,24.0],[19.666666666666668,24.333333333333336],[20.0,24.5],[21.0,24.0],[20.0,23.666666666666668],[19.714285714285715,23.71428571428571]]],[[[-10.0,26.183098591549296],[-9.350000000000001,26.0],[-9.59375,25.59375],[-10.0,25.606060606060606],[-10.433333333333334,26.0],[-10.0,26.183098591549296]]],[[[7.351145038167939,35.35114503816794],[8.0,34.85],[9.0,34.41176470588235],[9.24137931034483,34.241379310344826],[9.233333333333334,34.0],[9.53061224489796,33.53061224489796],[10.27027027027027,33.270270270270274],[10.600000000000001,32.6],[11.3125,32.3125],[11.5,32.0],[11.317460317460316,30.68253968253968],[11.0,30.333333333333336],[10.0,30.526315789473685],[9.0,30.0625],[8.0,30.0],[7.444444444444444,29.555555555555554],[6.529411764705882,29.47058823529412],[6.0,29.0],[5.857142857142857,29.85714285714286],[5.333333333333334,30.000000000000004],[5.0,30.333333333333336],[4.0,30.4],[3.0,30.0],[2.0,30.0],[1.7241379310344827,30.724137931034484],[1.0,31.0],[0.6666666666666666,32.0],[0.8181818181818181,32.18181818181818],[1.0,33.333333333333336],[1.3478260869565217,33.652173913043484],[1.5,34.0],[1.5,34.5],[2.0,35.0],[1.979899497487437,36.02010050251256],[2.6666666666666665,36.0],[2.8181818181818183,35.81818181818182],[4.0,36.714285714285715],[4.283018867924529,36.283018867924525],[5.157575757575757,36.157575757575756],[5.621621621621622,35.62162162162163],[6.0,35.42857142857143],[7.351145038167939,35.35114503816794]]],[[[-5.857142857142857,35.85714285714286],[-4.0,36.0],[-3.875,35.125],[-3.9789473684210526,34.97894736842105],[-4.0,33.94],[-5.0,34.15384615384615],[-6.035714285714286,35.0],[-5.857142857142857,35.85714285714286]]],[[[-4.0,36.0],[-3.4000000000000004,36.400000000000006],[-3.0,36.4],[-2.9285714285714284,36.07142857142857],[-3.0,35.88235294117647],[-3.2,35.8],[-4.0,36.0]]],[[[-2.9622641509433962,38.0377358490566],[-1.0,38.016666666666666],[-1.9736842105263157,37.973684210526315],[-2.0,37.75],[-3.2222222222222223,37.77777777777777],[-3.3333333333333335,38.0],[-3.166666666666667,38.166666666666664],[-2.9622641509433962,38.0377358490566]]],[[[-3.0,45.64912280701754],[-3.2666666666666666,45.733333333333334],[-3.3603603603603602,46.36036036036035],[-2.6875,46.6875],[-2.346456692913386,47.346456692913385],[-2.0,47.44897959183673],[-1.0,47.390243902439025],[-0.5798319327731092,47.57983193277311],[-0.43181818181818177,48.0],[-0.36036036036036034,49.36036036036036],[0.0,49.58823529411765],[0.33613445378151263,49.33613445378151],[0.5206611570247934,48.52066115702479],[0.7916666666666666,48.0],[0.4222222222222222,47.57777777777778],[0.1782178217821782,46.821782178217816],[-1.0,46.652173913043484],[-1.4379562043795622,46.43795620437957],[-1.8144329896907216,45.81443298969072],[-3.0,45.64912280701754]]],[[[147.0,-85.0],[146.4,-84.60000000000001],[146.0,-84.0],[147.03030303030303,-84.0],[147.0,-85.0]]],[[[123.60000000000001,-55.400000000000006],[123.25,-55.0],[123.57142857142857,-54.57142857142857],[124.31578947368419,-54.68421052631579],[124.5,-55.0],[124.42857142857143,-55.42857142857143],[124.0,-55.6],[123.60000000000001,-55.400000000000006]]],[[[179.45714285714286,-35.0],[179.34657039711192,-35.34657039711192],[179.0,-35.44444444444444],[177.42857142857142,-35.0],[179.0,-34.47826086956522],[179.38866396761136,-34.611336032388664],[179.45714285714286,-35.0]]],[[[33.0,-18.0],[34.0,-18.0],[34.093333333333334,-18.906666666666666],[34.0,-19.170731707317074],[33.0,-19.0],[33.0,-18.0]]],[[[35.0,-16.0],[36.0,-16.0],[36.27777777777778,-16.72222222222222],[36.2,-17.0],[35.0,-17.0],[35.0,-16.0]]],[[[137.5,2.5],[140.8082191780822,2.808219178082192],[141.29166666666666,2.708333333333333],[141.77777777777777,2.7777777777777777],[142.0,2.333333333333333],[142.8,3.0],[142.98540145985402,3.014598540145985],[143.14285714285714,3.0],[143.46153846153845,2.0],[142.0,1.984],[140.0,1.763975155279503],[137.7793103448276,1.7793103448275862],[136.57142857142856,2.0],[136.71428571428572,2.2857142857142856],[137.5,2.5]]],[[[135.0,1.4],[133.0,1.0],[132.57142857142858,0.4285714285714286],[132.0,0.14285714285714285],[131.0,0.0],[130.72727272727272,0.7272727272727273],[130.80645161290323,1.0],[130.48076923076923,1.4807692307692308],[130.0,1.5813953488372094],[129.4,1.6],[129.03846153846155,1.0],[129.0,0.0],[127.0,0.0],[126.5,0.5],[126.60000000000001,1.4000000000000001],[127.18181818181819,1.8181818181818181],[127.55555555555554,2.4444444444444446],[128.0,2.6666666666666665],[129.0,2.75],[129.5,3.5],[130.0,3.75],[130.5,3.5],[131.0,3.0],[132.0,3.0],[132.0,5.0],[134.0,4.857142857142858],[134.60000000000002,4.6],[134.53846153846155,4.461538461538462],[134.77777777777777,3.7777777777777777],[135.42857142857144,3.4285714285714284],[135.66666666666669,3.0],[135.6,2.0],[135.38709677419354,1.6129032258064515],[135.0,1.4]]],[[[106.19999999999999,6.199999999999999],[106.33333333333333,6.0],[106.18181818181819,5.818181818181818],[104.63636363636363,5.636363636363637],[104.28571428571428,5.7142857142857135],[104.0,5.5],[103.84615384615384,5.153846153846154],[103.9090909090909,4.909090909090908],[104.47999999999999,4.48],[104.85714285714286,4.0],[104.44444444444444,3.5555555555555554],[104.0,3.4],[103.0,3.4],[102.76470588235294,3.764705882352941],[102.27118644067797,3.7288135593220337],[101.91397849462365,3.913978494623656],[100.0,4.25531914893617],[99.65686274509804,4.6568627450980395],[98.0,5.1764705882352935],[97.68361581920902,5.68361581920904],[96.31034482758622,6.0],[95.58536585365853,6.585365853658536],[94.8859649122807,6.885964912280702],[94.0,7.0],[94.0,8.0],[94.77777777777777,8.222222222222221],[96.02631578947368,7.973684210526316],[99.0,7.909090909090909],[100.7037037037037,7.703703703703704],[103.0,6.333333333333334],[104.0,6.2],[105.3076923076923,6.307692307692308],[106.19999999999999,6.199999999999999]]],[[[70.0,16.25],[71.0,16.5],[71.4,16.400000000000002],[71.66666666666667,16.0],[72.14285714285714,15.857142857142858],[72.85714285714286,15.857142857142858],[74.0,15.0],[74.83783783783784,14.837837837837839],[75.0,14.7],[75.66666666666667,14.666666666666668],[76.28571428571428,14.285714285714285],[76.4,14.0],[78.68,13.68],[79.33333333333334,13.333333333333336],[79.5,13.0],[81.88679245283019,12.88679245283019],[82.24000000000001,12.76],[83.0,13.0],[83.0,12.0],[85.11111111111111,11.88888888888889],[88.0,12.0],[87.6,11.400000000000002],[87.66666666666667,11.0],[91.73913043478261,10.73913043478261],[92.42105263157895,10.421052631578947],[93.5,9.5],[94.0,8.0],[93.26086956521739,7.739130434782609],[92.92727272727272,7.927272727272728],[91.6,8.0],[89.6219512195122,8.621951219512194],[88.0,8.928571428571429],[85.0,9.0],[82.3125,9.3125],[82.0,9.454545454545453],[81.0,9.545454545454547],[80.0,10.0],[79.16666666666667,10.166666666666666],[79.0,10.333333333333334],[78.0,10.4],[77.0,10.7],[76.84615384615384,10.846153846153847],[76.0,11.0],[75.0,11.53846153846154],[74.82857142857142,11.82857142857143],[73.0,12.04],[71.85123966942149,12.851239669421487],[70.91666666666666,13.0],[70.0,13.333333333333334],[69.67164179104478,13.671641791044776],[68.93333333333334,13.933333333333332],[68.0,14.0625],[67.55882352941177,14.558823529411764],[65.96899224806202,14.968992248062015],[65.672131147541,15.672131147540984],[64.87564766839378,15.875647668393782],[64.55555555555554,16.555555555555554],[63.92134831460674,16.921348314606742],[63.82051282051282,17.17948717948718],[63.94642857142857,17.946428571428573],[63.096774193548384,17.903225806451612],[62.73913043478261,18.0],[62.714285714285715,18.285714285714285],[63.0,18.6],[63.529411764705884,18.52941176470588],[64.33333333333334,18.333333333333336],[64.95,17.95],[66.60000000000001,17.6],[67.33333333333333,17.0],[68.21052631578948,16.789473684210527],[68.78947368421052,16.789473684210527],[69.0,16.5],[70.0,16.25]]],[[[53.0,30.0],[53.0,29.0],[53.875,28.875],[54.00000000000001,28.666666666666668],[54.5,28.5],[54.66666666666667,28.0],[54.90909090909091,27.909090909090907],[55.0,27.5],[55.28571428571428,27.285714285714285],[55.33333333333333,27.0],[55.85185185185185,26.85185185185185],[56.400000000000006,26.400000000000002],[56.57142857142857,26.0],[57.470588235294116,25.470588235294116],[57.8974358974359,24.897435897435898],[58.60000000000001,24.6],[59.61904761904761,23.61904761904762],[59.885714285714286,22.885714285714286],[60.578947368421055,22.57894736842105],[61.133333333333326,22.133333333333333],[61.529411764705884,21.52941176470588],[61.66666666666667,21.0],[61.57894736842105,20.42105263157895],[61.24,19.759999999999998],[61.0,19.75],[60.95744680851064,19.95744680851064],[60.0,20.0],[59.58823529411765,20.58823529411765],[58.94152046783626,20.94152046783626],[58.28571428571429,21.0],[58.0,21.333333333333336],[57.940740740740736,21.94074074074074],[56.971014492753625,22.0],[56.88059701492537,22.88059701492537],[56.21978021978022,22.78021978021978],[55.565217391304344,23.0],[55.41269841269841,23.41269841269841],[55.0,23.56521739130435],[54.8780487804878,23.878048780487806],[53.989333333333335,23.98933333333333],[53.86666666666666,24.866666666666667],[52.994623655913976,24.994623655913976],[52.85135135135135,25.85135135135135],[51.95638629283489,25.95638629283489],[51.590909090909086,26.59090909090909],[50.434782608695656,27.0],[50.0,27.357142857142854],[49.49704142011834,28.497041420118343],[48.473684210526315,29.0],[48.32727272727273,29.327272727272728],[48.0,29.418604651162788],[47.7737556561086,29.773755656108598],[47.16666666666667,30.0],[47.3125,30.3125],[47.285714285714285,30.71428571428571],[47.71428571428571,30.71428571428571],[48.0,30.86206896551724],[48.81818181818181,30.81818181818182],[49.36363636363636,30.636363636363637],[50.0,31.0],[49.8,30.200000000000003],[50.0,29.833333333333332],[51.285714285714285,29.714285714285715],[52.0,30.0],[53.0,30.0]]],[[[37.0,29.5],[36.91666666666667,30.083333333333332],[37.0,30.599999999999998],[37.375,30.375],[37.5,30.0],[37.04347826086956,29.956521739130437],[37.0,29.5]]],[[[44.01066666666667,29.98933333333333],[43.0,29.968503937007874],[42.0,30.0],[42.578947368421055,30.421052631578945],[43.0,30.5],[44.0,30.333333333333336],[44.01066666666667,29.98933333333333]]],[[[36.0,33.42857142857143],[35.0,33.75],[34.5,33.5],[34.25,33.0],[35.0,32.4],[35.400000000000006,32.6],[36.0,32.699999999999996],[36.375,32.625],[36.75,32.75],[37.25,32.25],[37.33333333333333,32.0],[36.714285714285715,31.285714285714285],[36.0,31.0],[35.166666666666664,31.166666666666664],[35.0,31.333333333333336],[34.5,31.0],[34.0,30.976190476190478],[33.74358974358974,31.743589743589745],[32.971428571428575,32.0],[32.82352941176471,33.1764705882353],[32.90909090909091,34.0],[32.63636363636364,34.63636363636363],[32.2,35.0],[32.63636363636364,35.36363636363637],[33.0,35.44444444444444],[33.29629629629629,35.29629629629629],[33.5,35.0],[33.55555555555555,34.55555555555555],[34.0,34.2],[34.66666666666667,34.333333333333336],[35.0,35.0],[35.63636363636364,34.63636363636363],[36.0,34.66666666666667],[36.44444444444444,34.44444444444444],[36.400000000000006,33.6],[36.0,33.42857142857143]]],[[[30.0,34.5],[29.96875,35.96875],[28.0,36.0],[27.962962962962965,37.03703703703704],[30.0,37.0],[30.046511627906977,36.04651162790698],[30.666666666666668,36.0],[30.666666666666668,35.66666666666667],[31.0,35.0],[30.5,34.5],[30.0,34.5]]],[[[83.88888888888889,45.888888888888886],[83.0,46.0],[83.81818181818181,46.18181818181819],[84.0,46.33333333333333],[84.25,46.25],[84.28571428571428,45.71428571428571],[84.0,45.0],[83.88888888888889,45.888888888888886]]],[[[43.60000000000001,63.400000000000006],[44.0,63.66666666666667],[45.22222222222222,63.22222222222222],[45.5,63.0],[45.5,62.5],[45.0,62.0],[44.444444444444436,62.444444444444436],[43.55555555555555,62.55555555555555],[43.333333333333336,63.00000000000001],[43.60000000000001,63.400000000000006]]],[[[47.25,69.0],[46.9375,68.0625],[46.909090909090914,66.9090909090909],[48.13333333333333,66.13333333333334],[48.14285714285714,65.85714285714286],[47.476190476190474,65.52380952380952],[46.0,65.33333333333334],[44.6,65.60000000000001],[44.0,66.0],[44.0,67.0],[43.8,68.0],[44.125,69.0],[44.36363636363637,70.36363636363636],[44.285714285714285,70.71428571428571],[45.0,71.0],[46.0,72.0],[46.80952380952381,71.80952380952381],[48.0,72.0],[48.56363636363636,72.43636363636364],[49.0,72.52173913043478],[50.0,72.58333333333333],[50.47457627118644,72.47457627118644],[51.0,72.0],[50.629629629629626,71.37037037037037],[49.714285714285715,71.0],[49.400000000000006,70.60000000000001],[49.0,70.58333333333334],[48.66666666666667,70.33333333333334],[47.88235294117647,70.11764705882354],[47.25,69.0]]],[[[65.0,71.0],[65.0,69.0],[63.0,69.0],[63.0,71.0],[65.0,71.0]]],[[[33.0,73.57142857142857],[32.142857142857146,74.0],[33.0,74.46153846153847],[33.34285714285714,74.34285714285714],[33.54545454545455,74.0],[33.333333333333336,73.66666666666667],[33.0,73.57142857142857]]],[[[35.5,75.0],[35.30769230769231,74.6923076923077],[35.0,74.5],[34.714285714285715,75.0],[35.0,75.33333333333334],[35.5,75.0]]],[[[69.52941176470588,78.52941176470587],[70.0,78.0],[69.66666666666667,77.33333333333334],[69.0,77.2],[67.19999999999999,77.19999999999999],[66.4,77.4],[66.0,77.66666666666667],[65.73333333333333,77.26666666666668],[64.91666666666667,77.08333333333334],[64.0,77.07142857142857],[61.0,77.4],[60.0,77.2],[59.0,77.6],[58.0,77.5],[55.63636363636364,77.63636363636364],[55.0,78.0],[55.0,79.0],[62.0,79.0],[62.84615384615385,78.84615384615385],[65.83333333333334,78.83333333333333],[66.0,78.5],[66.25,78.75],[67.11764705882354,78.88235294117646],[68.76923076923077,78.76923076923077],[69.52941176470588,78.52941176470587]]]]}}]}