{"type":"FeatureCollection","features":[{"type":"Feature","properties":{"ageMa":60},"geometry":{"type":"MultiPolygon","coordinates":[[[[-103.55555555555556,-81.55555555555556],[-103.0,-82.0],[-103.0,-81.0],[-102.45454545454544,-80.54545454545453],[-102.0,-80.44444444444444],[-101.0,-80.57142857142858],[-100.0,-81.0],[-100.0,-82.0],[-97.24000000000001,-82.24000000000001],[-96.60000000000001,-82.6],[-96.09756097560977,-83.09756097560975],[-95.0,-83.0],[-93.0,-83.38461538461539],[-91.0,-84.0],[-90.36363636363636,-84.36363636363636],[-89.0,-84.0],[-88.11111111111111,-83.88888888888889],[-87.0,-84.0],[-86.16666666666666,-83.83333333333334],[-85.77777777777777,-83.22222222222223],[-85.85714285714286,-83.00000000000001],[-85.0,-82.53846153846155],[-83.57894736842104,-82.57894736842105],[-83.0,-82.71428571428571],[-82.33333333333334,-83.0],[-82.28571428571428,-83.28571428571428],[-81.71428571428571,-83.28571428571428],[-80.0,-83.71428571428571],[-79.0,-83.66666666666667],[-77.68421052631578,-83.3157894736842],[-77.25,-83.0],[-77.13333333333333,-82.86666666666666],[-77.0,-82.0],[-76.0,-81.66666666666667],[-75.0,-81.58823529411765],[-74.68181818181819,-81.68181818181819],[-74.36363636363637,-82.0],[-74.57575757575758,-82.42424242424242],[-75.0,-82.69999999999999],[-76.25,-82.75],[-76.66666666666666,-83.0],[-76.375,-84.375],[-75.88235294117646,-84.88235294117648],[-74.0,-85.2],[-73.0,-84.9090909090909],[-71.0,-84.73333333333333],[-70.0,-85.0],[-68.60000000000001,-85.60000000000001],[-68.25,-86.0],[-68.66666666666667,-86.33333333333334],[-70.0,-86.71428571428572],[-73.0,-86.875],[-76.0,-87.4],[-78.0,-87.4],[-79.0,-87.25],[-81.0,-87.33333333333334],[-82.0,-87.0],[-83.0,-87.66666666666667],[-84.0,-87.33333333333334],[-86.0,-87.4],[-87.0,-87.66666666666667],[-88.4,-87.4],[-89.0,-87.0],[-89.75,-87.25],[-90.25,-87.25],[-91.77777777777777,-86.77777777777777],[-93.16666666666667,-86.83333333333334],[-94.0,-87.0],[-93.4,-87.4],[-93.0,-88.0],[-94.0,-88.4],[-95.0,-88.4],[-97.18181818181819,-88.81818181818181],[-100.44444444444444,-88.44444444444443],[-102.0,-88.0],[-103.16666666666666,-88.16666666666667],[-104.0,-88.0],[-104.63636363636363,-87.63636363636364],[-105.0,-87.6],[-106.0,-87.6],[-107.00000000000001,-87.80000000000001],[-107.6470588235294,-87.6470588235294],[-109.0,-87.66666666666667],[-110.0,-88.0],[-110.60000000000001,-88.4],[-111.43478260869566,-88.56521739130434],[-112.0,-89.0],[-112.55555555555556,-88.55555555555554],[-113.0,-88.42857142857143],[-116.0,-88.55555555555556],[-118.0,-89.0],[-119.0,-88.6],[-120.99999999999999,-88.81818181818181],[-123.0,-88.875],[-124.0,-88.66666666666667],[-128.0,-88.75],[-128.66666666666669,-89.0],[-129.0,-90.0],[-129.4,-89.4],[-129.5,-89.0],[-131.0,-88.875],[-132.0,-89.0],[-134.0,-88.875],[-134.25,-89.0],[-134.53846153846155,-89.46153846153845],[-135.0,-89.6],[-135.46153846153845,-89.46153846153845],[-135.75,-89.0],[-136.0,-88.88888888888887],[-137.0,-89.0],[-138.0,-88.88888888888887],[-140.0,-89.0],[-140.5,-89.5],[-141.0,-89.6],[-141.46153846153845,-89.46153846153845],[-141.75,-89.0],[-142.0,-88.875],[-144.0,-89.0],[-144.55555555555554,-89.44444444444444],[-146.0,-89.85714285714286],[-147.36363636363637,-89.63636363636364],[-147.7142857142857,-89.71428571428571],[-148.0,-89.5],[-149.0,-89.5],[-149.4,-89.4],[-150.0,-89.0],[-151.0,-89.0],[-151.0,-90.0],[-151.66666666666669,-89.66666666666667],[-153.0,-89.8],[-155.0,-89.66666666666667],[-155.5,-89.5],[-156.0,-89.0],[-157.0,-89.0],[-157.0,-90.0],[-157.66666666666669,-89.66666666666667],[-158.0,-89.75],[-160.0,-89.5],[-161.0,-89.5],[-161.40000000000003,-89.4],[-162.0,-89.0],[-163.0,-89.0],[-163.0,-90.0],[-164.0,-90.0],[-165.0,-89.66666666666667],[-166.0,-89.66666666666667],[-166.5,-89.5],[-167.0,-89.0],[-168.11764705882354,-88.88235294117646],[-169.10526315789474,-88.89473684210527],[-169.33333333333334,-89.0],[-169.55555555555554,-89.44444444444444],[-170.0,-89.66666666666667],[-171.0,-89.75],[-172.0,-90.0],[-172.66666666666669,-89.66666666666667],[-172.8,-89.0],[-173.00000000000003,-88.85714285714286],[-175.0,-89.0],[-175.0,-90.0],[-175.66666666666669,-89.66666666666667],[-177.0,-90.0],[-178.0,-89.75],[-179.0,-90.0],[-179.6923076923077,-89.69230769230771],[-180.0,-89.33333333333334],[-180.0,-83.01538461538462],[-179.61538461538464,-82.0],[-179.20253164556962,-81.79746835443038],[-178.85454545454547,-81.85454545454546],[-178.61290322580646,-82.61290322580645],[-178.0,-83.0],[-177.0,-83.13725490196079],[-175.07692307692307,-83.07692307692307],[-172.0,-83.53571428571428],[-169.75757575757575,-83.24242424242425],[-163.0,-83.34375],[-161.25,-83.25],[-158.0,-83.46428571428572],[-156.0,-83.3611111111111],[-148.0,-83.56666666666666],[-147.0,-83.94444444444444],[-146.0,-83.77272727272728],[-144.0,-83.94736842105264],[-143.0,-83.63333333333333],[-141.0,-83.54545454545455],[-139.0,-83.94736842105264],[-136.0,-83.4814814814815],[-126.72093023255815,-83.27906976744185],[-125.88888888888889,-83.11111111111111],[-125.2,-82.8],[-124.3030303030303,-82.69696969696969],[-122.0,-83.10810810810811],[-121.76470588235293,-83.0],[-121.44827586206897,-82.55172413793105],[-121.0,-82.35],[-119.0,-82.33333333333334],[-117.7,-82.7],[-117.53846153846153,-83.0],[-117.0,-83.21875],[-114.24242424242425,-83.24242424242425],[-114.00000000000001,-83.33333333333334],[-113.2,-83.0],[-114.76744186046511,-82.76744186046511],[-115.46153846153848,-82.46153846153847],[-115.85714285714286,-82.0],[-115.48979591836735,-81.51020408163265],[-113.0,-81.0],[-111.75,-80.0],[-108.625,-79.375],[-107.0,-79.28571428571428],[-106.56521739130434,-79.56521739130434],[-106.0,-80.44444444444444],[-105.60000000000001,-80.60000000000001],[-105.4,-81.4],[-105.0,-81.66666666666667],[-103.55555555555556,-81.55555555555556]],[[-96.0,-87.25],[-95.0,-87.0],[-96.0,-86.66666666666667],[-97.0,-87.0],[-96.0,-87.25]],[[-91.71428571428571,-84.71428571428571],[-92.16666666666666,-84.83333333333334],[-92.75,-84.75],[-93.66666666666667,-85.0],[-93.0,-85.28571428571428],[-91.5,-85.0],[-91.71428571428571,-84.71428571428571]],[[-84.0,-84.33333333333334],[-82.75,-84.0],[-82.71428571428571,-83.71428571428571],[-84.32,-83.67999999999999],[-84.84615384615384,-83.84615384615384],[-85.22222222222223,-83.77777777777777],[-85.5,-84.0],[-84.0,-84.33333333333334]]],[[[-65.26666666666667,-82.73333333333333],[-66.7391304347826,-83.26086956521739],[-68.0,-83.18181818181817],[-69.0,-83.42105263157895],[-69.88888888888889,-83.0],[-69.0,-82.11111111111111],[-68.0,-82.0],[-67.3,-81.7],[-65.0,-81.82608695652173],[-62.0327868852459,-80.9672131147541],[-59.66666666666667,-81.0],[-59.86666666666667,-81.13333333333334],[-60.81818181818182,-81.18181818181819],[-61.0,-81.5],[-61.25,-82.75],[-64.41379310344828,-82.58620689655173],[-65.26666666666667,-82.73333333333333]]],[[[-38.0,-78.0],[-39.0,-78.6],[-39.352941176470594,-78.0],[-39.400000000000006,-77.6],[-39.0,-77.45454545454545],[-38.0,-78.0]]],[[[-91.38095238095238,-78.61904761904762],[-94.63636363636364,-78.63636363636364],[-96.0,-78.52941176470588],[-96.34782608695652,-78.65217391304348],[-97.0,-79.2],[-99.0,-79.3125],[-101.00000000000001,-79.73333333333333],[-101.61904761904762,-79.61904761904762],[-102.0,-79.33333333333334],[-102.4,-79.6],[-104.0,-80.0],[-105.0,-80.0],[-105.37037037037035,-79.37037037037037],[-105.38461538461539,-79.0],[-105.2127659574468,-78.7872340425532],[-104.11267605633803,-77.88732394366197],[-102.33333333333334,-77.66666666666667],[-100.7090909090909,-77.29090909090908],[-98.0,-76.25],[-97.0,-76.41176470588235],[-96.28571428571428,-75.71428571428571],[-94.0,-75.10714285714286],[-93.49152542372882,-75.49152542372882],[-93.15950920245399,-76.15950920245399],[-92.50617283950618,-76.50617283950618],[-92.1086956521739,-77.1086956521739],[-90.38461538461539,-78.0],[-91.0,-78.5],[-91.38095238095238,-78.61904761904762]]],[[[-156.0,-76.25],[-156.375,-76.0],[-154.71428571428572,-76.0],[-156.0,-76.25]]],[[[-88.0,-75.0],[-87.13793103448276,-74.86206896551724],[-86.78947368421053,-75.0],[-87.17021276595744,-75.17021276595744],[-88.0,-75.0]]],[[[-123.84615384615384,-72.84615384615385],[-123.0,-73.0],[-123.0,-74.0],[-124.0,-74.0],[-124.41666666666666,-75.0],[-125.31578947368419,-75.68421052631578],[-126.05263157894737,-75.94736842105263],[-129.0,-76.47368421052632],[-133.10526315789474,-76.10526315789474],[-138.0,-76.5],[-138.44444444444443,-76.44444444444444],[-139.0,-76.0],[-140.0,-75.6470588235294],[-141.30769230769232,-75.69230769230771],[-142.0983606557377,-75.90163934426229],[-143.0,-76.375],[-144.0,-76.46666666666667],[-146.1875,-76.1875],[-146.60000000000002,-75.0],[-145.64285714285714,-74.35714285714286],[-144.86363636363637,-74.13636363636364],[-143.0,-74.14814814814815],[-142.0,-73.52941176470588],[-141.0,-73.66666666666666],[-139.0,-73.33333333333334],[-138.0,-73.0],[-136.0,-73.29032258064517],[-135.0,-73.0232558139535],[-134.12698412698413,-73.12698412698413],[-134.0,-73.28571428571429],[-133.0,-72.81818181818181],[-131.7391304347826,-72.7391304347826],[-131.0,-73.0],[-130.0,-73.0],[-129.0,-72.25],[-128.0,-73.0],[-126.18181818181819,-73.18181818181819],[-126.00000000000001,-73.33333333333334],[-125.81818181818183,-73.18181818181819],[-124.8095238095238,-73.19047619047619],[-123.84615384615384,-72.84615384615385]]],[[[-116.0,-72.6],[-115.0,-73.0],[-115.63636363636363,-73.36363636363636],[-116.0,-74.0],[-116.54666666666667,-74.45333333333333],[-117.0,-74.60714285714286],[-118.0,-74.03030303030303],[-120.0,-74.35294117647058],[-121.0,-74.375],[-121.33333333333334,-74.66666666666667],[-121.1923076923077,-75.0],[-121.5578947368421,-75.4421052631579],[-122.0,-75.61764705882354],[-122.5,-75.5],[-123.44444444444446,-75.0],[-123.47058823529412,-74.52941176470587],[-123.0,-74.0],[-122.34615384615384,-74.34615384615384],[-121.60869565217392,-74.3913043478261],[-121.25,-74.0],[-121.51351351351352,-73.51351351351352],[-122.0,-73.18181818181819],[-122.26666666666667,-73.26666666666668],[-123.0,-73.0],[-122.22222222222223,-72.77777777777777],[-121.87096774193549,-72.87096774193549],[-120.7560975609756,-72.7560975609756],[-120.11764705882352,-73.11764705882354],[-119.28571428571428,-73.28571428571428],[-118.0,-73.85714285714286],[-117.74468085106383,-73.25531914893617],[-116.79310344827586,-73.20689655172414],[-116.5,-73.0],[-116.33333333333334,-72.66666666666667],[-116.0,-72.6]]],[[[-105.44444444444444,-71.55555555555554],[-104.71428571428571,-71.28571428571428],[-104.42105263157895,-71.42105263157895],[-101.60000000000001,-71.60000000000001],[-101.28571428571428,-71.71428571428571],[-101.0,-71.5],[-100.66666666666666,-72.0],[-104.0,-72.42857142857143],[-106.0,-72.0],[-105.44444444444444,-71.55555555555554]]],[[[-86.4,-71.0],[-85.82608695652175,-70.82608695652175],[-85.33333333333334,-71.0],[-85.8,-72.0],[-86.33333333333333,-72.0],[-86.4,-71.0]]],[[[-105.5,-70.0],[-105.71428571428571,-70.28571428571428],[-106.0,-70.33333333333333],[-106.25,-70.0],[-106.02247191011236,-69.97752808988764],[-105.5,-70.0]]],[[[-79.5,-70.0],[-79.3448275862069,-69.65517241379311],[-78.77777777777777,-69.22222222222223],[-78.85964912280701,-68.85964912280701],[-79.81481481481481,-68.81481481481481],[-80.48888888888888,-68.48888888888888],[-80.84615384615384,-68.0],[-80.47826086956522,-67.52173913043478],[-79.84,-67.16],[-79.0,-67.13513513513514],[-78.27272727272727,-67.27272727272727],[-78.08333333333333,-67.91666666666667],[-77.45714285714286,-68.45714285714286],[-77.125,-69.0],[-77.27586206896552,-69.72413793103448],[-77.72222222222223,-70.27777777777779],[-79.0,-70.55555555555556],[-79.3448275862069,-70.3448275862069],[-79.5,-70.0]]],[[[-69.0,-63.793103448275865],[-69.27272727272727,-63.72727272727272],[-71.0,-64.6],[-72.0,-64.75],[-72.53125,-65.46875],[-73.4,-66.0],[-73.26086956521739,-66.26086956521739],[-71.54098360655738,-67.54098360655738],[-71.0,-68.5],[-70.42857142857143,-69.0],[-70.60000000000001,-70.4],[-71.0,-71.0],[-70.89473684210526,-71.89473684210526],[-71.48979591836735,-72.51020408163265],[-72.0,-72.69999999999999],[-73.0,-72.6923076923077],[-73.5126050420168,-73.48739495798318],[-74.0,-73.725],[-75.18421052631578,-73.81578947368422],[-76.0,-74.26923076923077],[-78.0,-74.43589743589743],[-79.0,-74.3103448275862],[-80.0,-74.41666666666667],[-80.3225806451613,-74.32258064516128],[-80.84126984126983,-73.84126984126983],[-82.47222222222223,-73.47222222222223],[-83.1,-73.10000000000001],[-83.13953488372093,-72.86046511627907],[-81.25,-72.0],[-81.3157894736842,-71.68421052631578],[-81.0,-71.25],[-80.72727272727273,-72.0],[-80.0,-72.36363636363637],[-79.11111111111111,-72.0],[-79.0,-71.8],[-78.47368421052633,-71.52631578947368],[-77.0,-71.375],[-75.88888888888889,-71.0],[-75.78947368421052,-70.78947368421052],[-76.77777777777779,-69.0],[-76.60000000000001,-68.4],[-76.5625,-67.0],[-76.25,-66.0],[-76.28571428571428,-65.71428571428571],[-76.0,-65.0],[-75.0,-64.0],[-74.26086956521739,-64.26086956521739],[-73.8125,-64.1875],[-73.3859649122807,-63.6140350877193],[-72.0,-63.25],[-71.92682926829268,-63.0],[-71.0,-62.13636363636364],[-70.78571428571428,-62.21428571428571],[-70.1,-62.099999999999994],[-70.0,-62.5],[-69.77777777777777,-62.222222222222214],[-69.41935483870968,-62.41935483870968],[-68.61194029850746,-62.38805970149254],[-68.07142857142857,-62.0],[-67.16867469879519,-61.83132530120482],[-67.01829268292683,-60.98170731707317],[-65.57142857142857,-61.0],[-66.21052631578948,-61.78947368421053],[-66.22222222222223,-62.0],[-66.5625,-62.4375],[-67.42424242424242,-62.57575757575758],[-67.78947368421052,-63.21052631578947],[-68.3921568627451,-63.6078431372549],[-69.0,-63.793103448275865]],[[-75.8,-70.0],[-75.29629629629629,-70.29629629629629],[-74.90243902439025,-70.09756097560975],[-75.0,-69.84],[-75.19512195121952,-69.80487804878048],[-75.8,-70.0]]],[[[-173.32535885167465,-62.674641148325364],[-173.0,-62.26086956521739],[-172.5072463768116,-62.507246376811594],[-172.24444444444444,-63.0],[-172.52777777777777,-63.47222222222222],[-173.0,-63.723404255319146],[-173.2982456140351,-63.29824561403509],[-173.32535885167465,-62.674641148325364]]],[[[-169.28571428571428,-58.71428571428571],[-169.65217391304347,-59.34782608695652],[-170.0,-59.5],[-173.0,-59.4],[-174.4,-57.4],[-174.5263157894737,-57.0],[-174.37735849056605,-56.62264150943397],[-174.0,-56.333333333333336],[-173.0,-56.0],[-172.13793103448276,-56.137931034482754],[-170.00000000000003,-56.08695652173914],[-168.6216216216216,-56.37837837837838],[-168.0,-56.0],[-166.9699248120301,-55.96992481203008],[-166.78947368421052,-56.210526315789465],[-166.73913043478262,-56.73913043478261],[-165.0,-57.0],[-166.0,-57.090909090909086],[-167.0,-57.375],[-168.0,-57.4],[-168.66666666666666,-58.0],[-168.68421052631578,-58.315789473684205],[-169.28571428571428,-58.71428571428571]]],[[[-159.15384615384616,-55.0],[-159.46666666666667,-56.0],[-159.7090909090909,-56.29090909090908],[-161.0,-57.227272727272734],[-163.21052631578948,-57.78947368421053],[-164.0,-57.785714285714285],[-165.0,-57.0],[-164.39285714285714,-56.607142857142854],[-163.61194029850748,-56.388059701492544],[-163.3030303030303,-55.0],[-163.0952380952381,-54.904761904761905],[-161.45833333333331,-54.541666666666664],[-160.8235294117647,-54.1764705882353],[-160.7391304347826,-54.0],[-159.87121212121212,-53.871212121212125],[-157.25,-54.0],[-157.4,-54.400000000000006],[-157.0,-54.5],[-156.85714285714283,-55.0],[-157.33333333333331,-55.0],[-157.55555555555554,-54.55555555555556],[-159.0,-54.833333333333336],[-159.15384615384616,-55.0]]],[[[-171.46153846153848,-55.46153846153847],[-171.75,-55.0],[-172.8181818181818,-54.81818181818182],[-173.4,-54.400000000000006],[-173.57142857142856,-54.0],[-173.25,-53.0],[-173.8,-52.0],[-172.71428571428572,-52.0],[-172.48780487804876,-52.48780487804878],[-172.0,-52.625],[-171.0,-52.45],[-169.98275862068965,-52.0],[-169.51851851851853,-54.0],[-169.77586206896552,-54.224137931034484],[-170.0,-54.866666666666674],[-170.4,-55.0],[-170.57142857142858,-55.42857142857143],[-171.0,-55.75],[-171.46153846153848,-55.46153846153847]]],[[[-52.163636363636364,8.0],[-52.21951219512195,7.780487804878049],[-51.8974358974359,7.102564102564102],[-50.25806451612903,7.258064516129032],[-50.28571428571428,7.7142857142857135],[-50.0,8.071428571428571],[-47.0,8.0],[-47.44444444444444,7.444444444444444],[-48.00000000000001,7.200000000000001],[-49.0,7.0],[-49.0,6.0],[-47.0,6.0],[-46.5,5.5],[-46.142857142857146,4.857142857142858],[-45.44444444444444,4.555555555555555],[-44.5,3.5],[-44.16666666666667,2.8333333333333335],[-43.5,2.5],[-43.0,2.0],[-42.0,3.0],[-39.71428571428571,2.2857142857142856],[-38.0,1.0],[-37.25,0.0],[-36.44444444444444,-0.4444444444444444],[-35.5,-1.5],[-35.0,-1.6666666666666665],[-34.88235294117647,-1.8823529411764706],[-34.0,-2.0],[-33.84615384615385,-2.846153846153846],[-33.0,-3.0],[-32.89473684210527,-3.8947368421052633],[-32.5,-4.0],[-31.692307692307693,-4.6923076923076925],[-31.0,-5.0],[-30.826086956521742,-5.826086956521739],[-29.0,-6.333333333333333],[-28.5,-6.0],[-27.5,-6.0],[-27.000000000000004,-6.142857142857143],[-26.612903225806452,-6.612903225806452],[-25.390243902439025,-7.390243902439025],[-24.93103448275862,-7.931034482758621],[-24.0,-8.0],[-23.789473684210527,-8.789473684210527],[-23.238095238095237,-8.761904761904763],[-22.545454545454547,-9.0],[-22.0,-10.0],[-22.0,-11.0],[-22.0625,-12.0],[-22.72222222222222,-12.277777777777779],[-23.0,-13.0625],[-23.774193548387096,-13.225806451612904],[-23.97826086956522,-14.0],[-24.72631578947368,-14.273684210526316],[-25.0,-15.037037037037036],[-25.625,-15.375],[-25.925233644859812,-16.074766355140188],[-26.0,-17.0],[-26.461538461538463,-17.538461538461537],[-26.636363636363633,-18.0],[-26.488372093023255,-18.488372093023255],[-25.984126984126984,-19.0],[-26.333333333333336,-20.0],[-26.38095238095238,-20.38095238095238],[-26.22222222222222,-20.77777777777778],[-26.5,-22.0],[-26.93548387096774,-22.064516129032256],[-27.09090909090909,-23.0],[-27.718309859154928,-23.281690140845072],[-28.0,-24.666666666666668],[-28.285714285714285,-25.0],[-29.153846153846153,-25.846153846153847],[-31.0,-26.42857142857143],[-31.205128205128204,-26.794871794871796],[-33.0,-27.0],[-33.25,-27.75],[-34.5,-28.0],[-35.0,-28.333333333333332],[-35.21052631578947,-28.789473684210527],[-36.0,-29.0],[-36.125,-30.0],[-36.08695652173913,-31.0],[-36.266666666666666,-31.733333333333334],[-37.027027027027025,-31.972972972972972],[-37.25,-32.75],[-37.92857142857143,-33.07142857142857],[-38.0,-33.25],[-39.2,-33.8],[-39.53846153846155,-34.46153846153846],[-40.25,-35.0],[-40.5,-35.5],[-41.0,-36.0],[-42.0,-36.0],[-42.0,-37.0],[-42.4,-37.6],[-42.4,-38.0],[-43.0,-38.75],[-43.60000000000001,-38.6],[-44.0,-38.0],[-45.0,-38.0],[-45.0,-39.0],[-45.4,-39.6],[-45.5,-40.0],[-45.75,-40.25],[-47.0,-40.5],[-47.55555555555556,-41.44444444444444],[-48.0,-41.66666666666667],[-49.0,-41.5],[-50.0,-41.75],[-51.00000000000001,-41.66666666666667],[-51.5,-42.0],[-51.5,-43.0],[-51.66666666666667,-43.333333333333336],[-52.0,-43.5],[-52.33333333333334,-43.333333333333336],[-53.0,-43.25],[-53.66666666666667,-43.333333333333336],[-54.0,-43.5],[-54.10526315789474,-43.89473684210526],[-54.0,-44.5],[-53.0,-45.0],[-54.0,-45.333333333333336],[-54.266666666666666,-45.733333333333334],[-54.4,-46.0],[-54.33333333333334,-47.0],[-54.55555555555556,-47.44444444444444],[-55.0,-47.666666666666664],[-56.0,-47.85714285714286],[-56.14285714285714,-48.0],[-56.22222222222223,-48.22222222222222],[-56.0,-49.0],[-55.57142857142858,-49.57142857142857],[-55.5,-50.0],[-55.647058823529406,-50.35294117647058],[-56.375,-50.625],[-57.81818181818181,-52.18181818181819],[-58.25,-52.25],[-59.0,-52.0],[-59.285714285714285,-53.28571428571428],[-58.5,-55.0],[-58.5,-56.0],[-58.0,-56.22222222222222],[-57.0,-56.18181818181817],[-56.3,-56.3],[-55.63636363636364,-56.63636363636364],[-55.42857142857143,-57.0],[-56.80434782608695,-57.19565217391305],[-57.0,-57.81818181818181],[-58.0,-57.77777777777778],[-59.090909090909086,-57.909090909090914],[-60.0,-57.86666666666667],[-60.257425742574256,-57.257425742574256],[-62.0,-57.0],[-62.19565217391305,-56.19565217391305],[-64.0,-56.0],[-64.0,-55.0],[-65.00591715976331,-55.005917159763314],[-65.0,-53.0],[-65.12173913043478,-52.121739130434776],[-65.04237288135593,-49.0],[-65.0,-48.583333333333336],[-64.03448275862068,-47.96551724137931],[-64.0,-46.0],[-63.400000000000006,-45.6],[-63.25,-45.0],[-63.111111111111114,-44.888888888888886],[-63.315789473684205,-44.315789473684205],[-63.25,-44.0],[-63.090909090909086,-43.90909090909091],[-63.13513513513514,-43.13513513513514],[-63.0,-42.375],[-62.67567567567568,-42.32432432432432],[-62.285714285714285,-41.71428571428571],[-62.04255319148936,-40.95744680851064],[-62.0,-39.6],[-61.8235294117647,-39.0],[-61.23529411764706,-38.76470588235294],[-61.017857142857146,-37.0],[-60.42748091603053,-36.57251908396947],[-60.2621359223301,-36.0],[-60.137404580152676,-33.0],[-60.0,-32.357142857142854],[-59.31060606060606,-31.0],[-59.141643059490086,-29.858356940509914],[-58.629893238434164,-29.37010676156584],[-58.49019607843137,-29.0],[-58.41666666666667,-27.0],[-58.214285714285715,-26.0],[-58.067961165048544,-22.0],[-58.3235294117647,-21.0],[-59.51592356687898,-19.515923566878982],[-63.032345013477084,-17.032345013477087],[-63.39145907473309,-16.391459074733095],[-63.859375,-16.0],[-64.02941176470588,-15.0],[-64.93333333333334,-14.0],[-65.16931216931216,-13.16931216931217],[-66.0,-11.95238095238095],[-66.44755244755245,-10.447552447552447],[-67.0,-10.0],[-67.47272727272727,-7.472727272727273],[-67.83870967741936,-7.0],[-67.5,-6.5],[-67.38202247191012,-6.0],[-67.31868131868131,-4.0],[-67.03460207612457,-1.9653979238754324],[-66.35714285714286,-1.6428571428571428],[-66.02580645161291,-0.9741935483870967],[-64.37777777777778,1.0],[-64.01960784313725,2.0],[-64.4040404040404,3.0],[-63.559471365638764,4.559471365638766],[-63.36363636363636,5.363636363636363],[-62.470588235294116,6.0],[-62.23684210526316,7.0],[-61.5,8.0],[-61.0,8.338983050847457],[-59.540983606557376,8.540983606557377],[-59.0,9.0],[-58.28571428571428,8.714285714285714],[-58.0,8.25],[-57.72727272727272,8.727272727272727],[-57.0,8.875],[-56.72549019607844,8.27450980392157],[-56.0,8.118421052631579],[-54.0,8.135135135135135],[-53.0,8.414414414414415],[-52.67142857142857,8.32857142857143],[-52.163636363636364,8.0]],[[-57.86206896551724,6.862068965517241],[-57.80952380952381,7.190476190476191],[-58.0,7.857142857142858],[-58.41379310344828,7.413793103448276],[-59.16666666666667,7.0],[-59.00000000000001,6.857142857142857],[-58.93333333333333,6.933333333333333],[-58.239999999999995,6.76],[-57.86206896551724,6.862068965517241]],[[-60.25,-55.0],[-60.625,-54.625],[-61.0,-54.57142857142857],[-61.599999999999994,-55.0],[-61.0,-55.75],[-60.25,-55.0]]],[[[-69.62,3.0],[-70.0,2.833333333333333],[-70.2289156626506,3.0],[-70.2010582010582,3.201058201058201],[-70.0,3.372549019607843],[-69.62,3.0]]],[[[-75.89189189189189,6.891891891891891],[-76.9090909090909,7.0],[-76.10362694300518,7.103626943005182],[-75.0,7.0],[-75.89189189189189,6.891891891891891]]],[[[-78.0,7.900826446280992],[-79.0,7.91869918699187],[-79.2439024390244,8.24390243902439],[-79.0,8.714285714285715],[-78.83050847457628,8.169491525423728],[-78.19047619047619,8.19047619047619],[-77.82352941176471,8.0],[-78.0,7.900826446280992]]],[[[-79.25,9.0],[-79.73333333333333,8.733333333333334],[-80.33333333333333,9.0],[-80.18320610687023,9.18320610687023],[-79.86666666666667,9.133333333333333],[-79.25,9.0]]],[[[-82.88535031847134,12.885350318471337],[-83.0,12.785714285714285],[-83.18,13.18],[-83.0,13.818181818181817],[-82.88535031847134,12.885350318471337]]],[[[-66.7,17.7],[-68.22325581395349,17.77674418604651],[-68.85714285714286,18.0],[-68.0,18.52173913043478],[-67.0,18.46666666666667],[-66.78461538461538,18.215384615384615],[-66.0,18.0],[-66.7,17.7]]],[[[-31.75,43.0],[-32.0,42.75],[-32.18181818181818,42.81818181818182],[-32.4,43.400000000000006],[-32.0,43.5],[-31.75,43.0]]],[[[-3.6000000000000005,47.4],[-3.333333333333333,47.0],[-3.5,45.5],[-4.5,44.5],[-5.0,44.375],[-5.454545454545455,44.54545454545455],[-5.625,45.0],[-5.6000000000000005,45.6],[-5.0,46.0],[-5.0,47.0],[-3.6000000000000005,47.4]]],[[[-9.555555555555555,47.44444444444444],[-10.0,47.5],[-10.285714285714286,48.0],[-10.071428571428571,48.07142857142857],[-10.0,48.25],[-9.714285714285714,48.28571428571428],[-9.0,48.0],[-8.75,48.75],[-8.8,49.0],[-8.421052631578947,49.421052631578945],[-8.0,49.66666666666667],[-6.571428571428572,49.42857142857143],[-6.25,49.0],[-6.565217391304348,46.565217391304344],[-7.0,46.375],[-8.363636363636363,46.36363636363637],[-9.0,45.75],[-9.333333333333334,46.0],[-9.333333333333334,47.0],[-9.555555555555555,47.44444444444444]]],[[[-162.72727272727272,84.27272727272727],[-162.26666666666665,83.73333333333333],[-162.0,83.66666666666667],[-161.76470588235293,83.23529411764707],[-160.77358490566039,83.22641509433961],[-160.4,83.0],[-160.79310344827587,82.79310344827586],[-160.84615384615384,82.0],[-160.66101694915253,81.33898305084745],[-160.0,81.13725490196079],[-159.02222222222224,82.0],[-159.0,82.33333333333334],[-158.0,82.0],[-157.6595744680851,81.34042553191489],[-157.74193548387098,81.0],[-157.64444444444445,80.64444444444445],[-157.88235294117646,80.11764705882354],[-156.0952380952381,80.09523809523809],[-156.24242424242425,80.75757575757575],[-156.1012658227848,81.10126582278481],[-155.88059701492537,81.11940298507463],[-155.2696629213483,80.73033707865169],[-155.0,80.8],[-154.0,80.01818181818182],[-153.0,80.04347826086956],[-152.44736842105263,79.55263157894737],[-151.5374149659864,79.5374149659864],[-151.05555555555557,80.0],[-151.0,81.02439024390243],[-150.92307692307693,80.07692307692308],[-149.0,80.06521739130434],[-148.51136363636363,80.51136363636364],[-148.35555555555555,81.35555555555555],[-148.0,81.63492063492063],[-147.0,81.04651162790698],[-145.97142857142856,81.02857142857142],[-145.87234042553192,80.12765957446808],[-145.0,80.08333333333333],[-142.0,80.25806451612904],[-141.47058823529412,80.47058823529412],[-141.17857142857144,81.0],[-141.0,81.1063829787234],[-140.52941176470586,80.47058823529412],[-139.78947368421052,80.21052631578948],[-139.0,80.15517241379311],[-138.3030303030303,80.30303030303031],[-138.0,81.08695652173914],[-137.0,81.08888888888889],[-136.60655737704917,80.39344262295081],[-136.0,80.23636363636363],[-135.0,80.31428571428572],[-133.89473684210526,80.10526315789474],[-133.68627450980392,79.68627450980392],[-133.68627450980392,79.31372549019608],[-133.31372549019608,79.31372549019608],[-133.0,79.15686274509804],[-126.0,79.12244897959184],[-125.70731707317074,78.70731707317074],[-125.6888888888889,78.31111111111112],[-125.35087719298247,78.35087719298245],[-125.0,78.2],[-124.11940298507463,78.11940298507463],[-122.0,78.22727272727273],[-121.5072463768116,78.50724637681161],[-121.22727272727273,79.0],[-121.0,79.15625],[-118.0754716981132,79.0754716981132],[-117.21428571428571,79.21428571428572],[-117.16666666666667,79.83333333333333],[-117.0,80.0625],[-109.25,80.25],[-108.52941176470587,80.52941176470588],[-108.33333333333334,81.0],[-108.0,81.07692307692308],[-102.8,81.2],[-102.125,81.125],[-101.71428571428572,81.28571428571428],[-101.28571428571428,81.28571428571428],[-101.0,82.0],[-100.85714285714285,81.14285714285714],[-99.0,81.0],[-98.5,80.0],[-99.63636363636363,79.63636363636364],[-99.8,79.0],[-99.75,78.75],[-100.0,78.0],[-99.5,77.5],[-98.5,77.0],[-98.0,76.875],[-97.0,77.0],[-96.00000000000001,76.8],[-95.5,77.0],[-95.33333333333334,77.33333333333334],[-94.75,77.75],[-94.75,78.0],[-94.42857142857143,78.42857142857143],[-94.0,78.6],[-93.0,78.6],[-92.0,79.0],[-91.0,78.75],[-90.0,79.0],[-89.0,79.0],[-88.44444444444443,78.55555555555554],[-88.0,78.5],[-87.00000000000001,78.80000000000001],[-86.0,78.80000000000001],[-85.92592592592594,79.92592592592592],[-85.66666666666667,80.0],[-85.5,80.5],[-85.0,80.8],[-84.03999999999999,79.96000000000001],[-84.0,78.66666666666667],[-83.95238095238095,79.95238095238095],[-82.04651162790698,79.95348837209303],[-82.00000000000001,78.83333333333334],[-81.0,79.0],[-78.0,79.0],[-77.25,78.75],[-73.0,78.71428571428572],[-72.66666666666667,79.0],[-72.75,79.25],[-73.44444444444444,79.55555555555554],[-73.66666666666667,80.0],[-73.34782608695653,80.34782608695653],[-73.0,80.5],[-72.0,80.28571428571429],[-69.57142857142858,80.57142857142857],[-68.5,81.0],[-65.84,81.16],[-65.0,81.0],[-64.0,80.5],[-63.69230769230769,80.6923076923077],[-63.5,81.0],[-63.0,81.22222222222223],[-62.0,81.0],[-60.0,81.0],[-59.5,80.5],[-59.5,80.0],[-59.0,79.66666666666667],[-58.75,79.75],[-58.60000000000001,80.4],[-59.0,81.0],[-58.0,81.0],[-57.0,80.5],[-56.5,81.0],[-56.125,81.125],[-55.0,81.4],[-54.0,81.36363636363637],[-52.90909090909091,81.0909090909091],[-51.0,81.0],[-50.5,80.5],[-49.84615384615385,80.15384615384616],[-49.400000000000006,79.6],[-49.0,79.33333333333334],[-47.0,79.33333333333334],[-46.0,79.66666666666667],[-45.0,79.75],[-44.25,80.25],[-43.0,80.6],[-41.5,80.5],[-39.25,79.75],[-38.0,79.75],[-37.0,80.33333333333333],[-36.0,80.0],[-35.0,80.25],[-34.15384615384615,79.84615384615385],[-33.0,79.66666666666667],[-32.8,79.8],[-32.0,79.85714285714286],[-31.0,79.71428571428572],[-30.0,79.85714285714286],[-29.18181818181818,79.81818181818181],[-28.625,79.375],[-28.400000000000002,79.0],[-28.444444444444443,78.55555555555554],[-27.0,78.28571428571428],[-25.0,78.66666666666667],[-23.0,78.57142857142856],[-21.272727272727273,79.27272727272727],[-21.0,79.27272727272727],[-20.000000000000004,78.85714285714286],[-19.0,78.625],[-17.0,78.77777777777777],[-15.4,78.60000000000001],[-14.0,78.25],[-13.666666666666666,78.0],[-13.0,77.83333333333333],[-12.2,77.8],[-11.400000000000002,77.6],[-11.0,77.0],[-11.52,76.52],[-14.0,76.06666666666666],[-15.0,76.0],[-13.0,75.6923076923077],[-10.785714285714285,75.78571428571428],[-10.5,76.0],[-10.428571428571429,76.42857142857143],[-10.0,76.6],[-8.0,76.33333333333333],[-7.2,75.80000000000001],[-6.0,75.33333333333334],[-5.0,75.55555555555554],[-4.0,76.0],[-3.0,75.63636363636363],[-1.0,75.69999999999999],[0.33333333333333337,75.33333333333334],[3.0,75.16666666666666],[3.545454545454545,75.0],[3.444444444444444,74.55555555555554],[3.0,74.625],[2.6363636363636367,74.36363636363636],[2.4782608695652173,73.52173913043478],[2.0,73.26666666666668],[-0.08333333333333331,73.08333333333333],[-0.25,73.0],[0.0,72.6],[0.2857142857142857,72.71428571428571],[0.6363636363636364,72.63636363636363],[2.242424242424242,72.75757575757575],[2.8000000000000003,73.0],[2.666666666666667,73.33333333333334],[3.0,73.0909090909091],[3.476190476190476,73.52380952380952],[3.625,74.0],[3.5555555555555554,74.44444444444443],[5.0,74.6923076923077],[5.222222222222221,74.77777777777777],[5.285714285714286,75.0],[6.0,75.3225806451613],[6.769230769230768,75.0],[6.8125,74.8125],[7.0,74.72727272727272],[9.375,74.625],[11.0,75.0],[11.344827586206897,73.34482758620689],[11.621621621621623,73.37837837837839],[12.0,73.21212121212122],[12.666666666666668,73.33333333333334],[13.0,73.77777777777777],[14.666666666666668,74.0],[14.666666666666668,74.33333333333334],[15.0,75.0],[15.333333333333334,74.0],[16.38095238095238,73.38095238095238],[16.57142857142857,73.0],[16.625,72.0],[16.416666666666668,71.58333333333334],[15.636363636363637,71.36363636363636],[14.444444444444443,70.55555555555556],[14.0,70.4],[13.0,70.66666666666666],[12.571428571428571,71.0],[12.399999999999999,72.0],[12.173913043478262,72.17391304347827],[11.80952380952381,72.19047619047619],[11.315789473684209,71.68421052631578],[11.0,71.57142857142857],[10.714285714285715,71.71428571428571],[10.0,73.25],[9.571428571428573,73.57142857142858],[9.0,73.64285714285714],[8.538461538461538,73.46153846153847],[8.0,73.0],[8.421052631578947,72.42105263157895],[9.19047619047619,72.19047619047619],[9.666666666666668,71.0],[9.4,69.6],[9.0,69.0],[8.48,68.52],[8.0,68.4],[7.0,68.33333333333334],[6.0,68.5],[5.6521739130434785,68.34782608695653],[5.32,67.68],[4.421052631578947,66.57894736842105],[4.0,66.33333333333334],[3.457142857142857,65.54285714285714],[2.736842105263158,65.26315789473685],[2.466666666666667,64.53333333333333],[1.0714285714285714,63.0],[-2.0,61.41176470588235],[-2.4827586206896552,61.48275862068966],[-2.7948717948717947,60.794871794871796],[-2.7777777777777777,60.0],[-3.0,59.733333333333334],[-3.6842105263157894,59.68421052631578],[-4.363636363636363,59.36363636363636],[-5.0,58.86666666666667],[-5.7142857142857135,59.285714285714285],[-7.195121951219512,59.19512195121951],[-7.8,59.0],[-8.0,58.5],[-8.307692307692308,58.69230769230769],[-8.560975609756099,58.5609756097561],[-9.0,58.608695652173914],[-10.0,58.193548387096776],[-11.0,58.2],[-11.615384615384615,58.0],[-11.696969696969695,57.6969696969697],[-12.0,57.61538461538461],[-12.266666666666666,57.266666666666666],[-14.0,57.0625],[-15.10752688172043,57.10752688172043],[-16.0,56.705882352941174],[-18.0,56.333333333333336],[-18.243243243243242,56.24324324324324],[-19.0,55.23529411764706],[-19.684210526315788,54.68421052631579],[-20.48780487804878,53.48780487804878],[-21.758620689655174,52.758620689655174],[-22.24561403508772,52.75438596491228],[-23.0,52.88235294117647],[-23.509433962264154,53.490566037735846],[-24.0,53.72222222222222],[-25.20253164556962,54.79746835443038],[-25.733333333333338,56.0],[-25.8,57.0],[-27.0,59.0],[-26.18181818181818,60.0],[-26.0,60.5],[-25.692307692307693,60.69230769230769],[-25.0,60.77777777777777],[-24.714285714285715,61.0],[-25.0,62.0],[-24.857142857142858,63.00000000000001],[-23.785714285714285,63.785714285714285],[-23.19047619047619,65.19047619047619],[-22.733333333333334,65.73333333333333],[-22.0,66.2],[-20.727272727272727,68.0],[-20.166666666666668,69.0],[-20.5,70.0],[-21.63157894736842,70.36842105263159],[-24.459016393442624,70.54098360655738],[-25.25925925925926,70.74074074074075],[-25.5,71.0],[-25.37837837837838,71.37837837837839],[-25.0,71.875],[-24.285714285714285,71.71428571428571],[-23.375,72.0],[-23.75,72.25],[-24.454545454545453,72.45454545454545],[-24.666666666666668,72.33333333333334],[-24.6,72.6],[-24.833333333333336,73.0],[-24.692307692307693,73.30769230769232],[-25.0,74.0],[-25.707317073170735,74.29268292682927],[-27.0,74.125],[-28.000000000000004,74.2],[-29.0,74.0],[-29.0,73.0],[-30.0,73.0],[-30.700000000000003,73.30000000000001],[-32.0,73.3125],[-33.8,72.8],[-35.22222222222222,72.77777777777777],[-35.199999999999996,73.0],[-36.0,73.4],[-36.333333333333336,73.0],[-36.285714285714285,72.71428571428571],[-36.0,72.42857142857143],[-35.647058823529406,72.35294117647058],[-35.625,72.0],[-35.0,71.16666666666667],[-34.0,70.69999999999999],[-33.0,70.80000000000001],[-32.6,70.4],[-32.63636363636364,70.0],[-31.75,69.25],[-31.392857142857142,68.60714285714286],[-30.833333333333336,68.0],[-30.75,67.25],[-30.5,67.0],[-31.0,66.66666666666667],[-31.5,66.0],[-30.0,65.11111111111111],[-29.555555555555554,64.44444444444444],[-29.0,64.0],[-29.23076923076923,63.0],[-30.23809523809524,62.238095238095234],[-31.0,62.16],[-32.0,62.25],[-32.470588235294116,62.52941176470588],[-33.0,63.375],[-33.35294117647059,63.35294117647059],[-34.0,63.0],[-33.5625,62.4375],[-33.5625,61.5625],[-34.5,60.5],[-35.193548387096776,60.19354838709677],[-35.62162162162163,59.62162162162163],[-36.0,59.5],[-37.5,59.5],[-38.285714285714285,59.285714285714285],[-38.42857142857142,59.0],[-37.888888888888886,58.111111111111114],[-37.3,57.7],[-36.80645161290323,57.806451612903224],[-36.0,58.22222222222223],[-35.85714285714286,58.14285714285714],[-35.285714285714285,57.0],[-35.333333333333336,56.0],[-35.142857142857146,53.0],[-34.16666666666667,52.0],[-33.733333333333334,51.266666666666666],[-32.45454545454545,50.54545454545455],[-32.0,50.0],[-32.22222222222222,49.22222222222223],[-32.8,48.0],[-33.43478260869565,47.43478260869565],[-33.35714285714286,46.64285714285714],[-33.095238095238095,45.904761904761905],[-32.75,45.75],[-32.25,45.75],[-32.0,45.5],[-31.8,45.0],[-32.55555555555555,43.55555555555555],[-34.25,43.75],[-34.33333333333333,44.0],[-34.71428571428571,44.285714285714285],[-36.0,44.38461538461539],[-36.44444444444444,44.55555555555555],[-36.800000000000004,45.0],[-36.66666666666667,45.66666666666667],[-36.315789473684205,46.315789473684205],[-35.0,46.85714285714286],[-34.55555555555555,47.55555555555556],[-34.0,47.888888888888886],[-33.714285714285715,47.71428571428571],[-33.5,48.0],[-35.0,48.33333333333333],[-35.275862068965516,48.275862068965516],[-36.0,48.0],[-36.54545454545455,47.54545454545455],[-37.285714285714285,47.285714285714285],[-37.75,46.75],[-38.8,46.0],[-39.0,45.666666666666664],[-40.0,45.0],[-39.28571428571428,44.71428571428571],[-39.0,44.833333333333336],[-38.51219512195122,44.48780487804878],[-38.285714285714285,44.0],[-38.52380952380952,43.52380952380952],[-39.0,43.285714285714285],[-39.36363636363636,43.36363636363636],[-39.75,42.75],[-40.0,42.6],[-41.0,42.57142857142857],[-42.0,42.714285714285715],[-44.0,42.285714285714285],[-44.476190476190474,42.52380952380952],[-44.68421052631579,43.315789473684205],[-45.0,43.5],[-47.0,43.5],[-47.30769230769231,43.30769230769231],[-49.0,42.833333333333336],[-50.0,42.0],[-50.22222222222222,41.22222222222222],[-51.0,41.0],[-52.0,41.0],[-53.0,40.66666666666667],[-53.400000000000006,40.4],[-55.0,40.0],[-55.0,39.0],[-56.0,39.0],[-56.0,38.0],[-57.0,38.0],[-58.0,37.0],[-58.0,36.0],[-59.0,36.0],[-59.400000000000006,35.400000000000006],[-60.0,35.0],[-62.0,35.0],[-62.0,34.0],[-63.0,34.0],[-63.0,33.0],[-65.0,33.0],[-65.0,32.0],[-67.0,32.0],[-67.0,33.0],[-70.0,33.0],[-70.0,34.0],[-73.0,34.0],[-74.0,35.0],[-75.0,34.0],[-78.0,34.0],[-78.60000000000001,33.6],[-81.0,32.5],[-81.75,31.75],[-82.4,31.400000000000002],[-82.5,30.0],[-82.22222222222223,29.77777777777778],[-82.38095238095238,29.38095238095238],[-82.3076923076923,29.0],[-81.875,28.125],[-82.0,27.8125],[-83.23076923076923,26.999999999999996],[-82.93333333333334,26.0],[-82.525,25.474999999999998],[-82.3448275862069,25.0],[-82.0,24.0],[-81.88571428571429,23.114285714285714],[-81.23809523809524,22.76190476190476],[-80.79310344827587,22.20689655172414],[-80.0,22.0],[-76.0,22.0],[-75.55555555555556,22.555555555555557],[-75.0,24.0],[-75.0,25.0],[-73.15384615384616,25.153846153846153],[-73.0,25.333333333333332],[-72.5,25.0],[-72.05714285714286,24.942857142857143],[-71.84615384615384,24.153846153846153],[-72.33333333333334,23.333333333333336],[-72.9322033898305,22.93220338983051],[-73.0,22.0],[-73.71428571428571,21.714285714285715],[-73.68,21.32],[-73.85964912280701,20.859649122807017],[-73.91836734693878,20.081632653061224],[-74.0754716981132,19.92452830188679],[-76.0,19.307692307692307],[-76.46153846153845,19.53846153846154],[-77.0,19.595238095238095],[-78.0,19.346938775510203],[-79.41509433962264,19.58490566037736],[-79.78787878787878,20.21212121212121],[-81.5576923076923,20.44230769230769],[-82.38333333333333,20.383333333333333],[-82.58974358974359,20.0],[-82.3931623931624,19.606837606837605],[-82.0,19.41025641025641],[-80.71428571428572,19.285714285714285],[-80.0,19.0],[-80.25,18.0],[-80.2,17.0],[-81.45161290322581,16.451612903225804],[-81.86666666666666,15.866666666666667],[-82.5,15.5],[-83.0,15.0],[-83.16666666666667,14.0],[-83.8076923076923,13.807692307692308],[-84.0709219858156,14.0],[-84.1010101010101,16.8989898989899],[-84.625,17.0],[-85.0,18.0],[-85.14953271028037,18.850467289719624],[-86.0,19.130434782608695],[-86.24844720496894,19.751552795031056],[-86.9090909090909,20.0],[-87.12571428571428,20.874285714285712],[-87.52380952380952,21.0],[-88.0,21.434782608695656],[-88.14285714285714,22.142857142857142],[-87.0,22.91304347826087],[-86.76470588235294,22.764705882352942],[-86.84,23.0],[-87.45544554455446,23.544554455445542],[-88.20454545454545,23.795454545454547],[-89.0,24.615384615384613],[-89.45925925925926,25.540740740740738],[-89.83783783783784,26.0],[-89.79166666666667,27.0],[-90.0,27.5],[-90.35714285714285,27.642857142857142],[-90.35714285714286,28.0],[-91.0,28.47368421052632],[-91.19607843137256,28.80392156862745],[-91.9090909090909,29.0],[-91.93103448275862,30.068965517241377],[-92.11111111111111,30.11111111111111],[-92.77083333333334,29.770833333333336],[-94.04050632911392,29.959493670886076],[-94.1578947368421,31.157894736842103],[-94.0,31.75],[-93.76470588235294,31.764705882352942],[-93.5,32.0],[-93.63636363636363,32.36363636363636],[-93.57894736842105,33.0],[-93.72881355932203,33.271186440677965],[-94.4,33.4],[-94.72727272727272,33.0],[-94.33333333333334,32.0],[-94.88235294117646,31.88235294117647],[-95.05298013245033,32.05298013245033],[-95.04081632653062,32.95918367346939],[-95.23076923076923,33.0],[-95.51219512195122,33.48780487804878],[-96.0,33.526315789473685],[-96.10975609756098,34.0],[-96.02985074626866,35.0],[-96.13333333333333,35.86666666666667],[-96.71153846153845,35.71153846153846],[-97.17241379310346,36.0],[-97.05263157894737,37.0],[-97.20833333333333,38.791666666666664],[-97.70588235294117,38.705882352941174],[-98.13157894736842,39.0],[-98.05405405405405,40.945945945945944],[-99.0,41.285714285714285],[-99.24193548387098,41.75806451612903],[-99.8048780487805,42.19512195121951],[-100.13483146067415,42.86516853932584],[-100.83505154639175,42.83505154639175],[-101.18181818181819,43.0],[-101.38805970149254,43.61194029850746],[-102.0,44.0],[-102.11999999999999,44.88],[-103.0,46.5],[-103.33663366336634,47.66336633663366],[-103.68,48.0],[-104.0,48.727272727272734],[-104.12698412698413,50.12698412698413],[-103.92857142857143,51.00000000000001],[-103.88888888888889,52.0],[-103.99999999999999,52.18181818181817],[-104.3076923076923,52.30769230769231],[-104.6923076923077,52.30769230769231],[-105.0,53.0],[-104.75757575757575,53.75757575757576],[-104.82978723404256,54.170212765957444],[-105.4864864864865,54.513513513513516],[-105.6923076923077,55.0],[-105.85714285714286,56.0],[-106.0,56.11764705882352],[-106.4,56.0],[-106.57142857142857,55.0],[-106.92941176470589,54.92941176470588],[-107.07228915662651,55.07228915662651],[-107.07228915662651,55.92771084337349],[-107.87368421052632,55.873684210526314],[-108.09160305343511,56.091603053435115],[-108.0,56.75],[-107.8,56.8],[-107.6,57.6],[-107.57142857142858,58.42857142857143],[-108.0,59.0],[-107.61290322580645,59.61290322580645],[-107.66666666666669,60.00000000000001],[-107.76,60.24],[-108.47619047619047,60.52380952380952],[-108.9090909090909,61.0],[-109.0,62.0],[-109.85714285714286,63.14285714285714],[-110.0,65.0],[-110.88235294117646,65.11764705882354],[-111.0,65.66666666666667],[-111.22222222222223,64.77777777777777],[-111.0,64.0],[-111.85714285714286,64.14285714285714],[-112.02631578947368,64.02631578947368],[-112.0625,63.0625],[-112.5,63.0],[-112.0,62.5],[-111.75,62.0],[-112.0,61.0],[-112.22222222222223,61.77777777777777],[-112.6470588235294,61.647058823529406],[-113.0,61.75],[-113.06593406593406,61.934065934065934],[-113.6,62.0],[-113.33333333333334,62.333333333333336],[-113.11111111111111,63.0],[-114.0,63.44444444444444],[-114.16528925619835,63.83471074380165],[-114.43478260869566,64.0],[-114.94326241134752,65.05673758865248],[-116.44444444444443,65.55555555555556],[-117.0,66.0],[-118.0,66.15151515151516],[-118.4,66.60000000000001],[-119.0,66.81481481481481],[-120.85714285714286,67.14285714285714],[-121.0,67.5],[-121.25,67.25],[-122.08333333333333,67.08333333333333],[-122.8125,67.1875],[-126.77142857142857,67.22857142857143],[-127.5,67.5],[-127.96491228070175,68.03508771929825],[-130.11428571428573,68.11428571428571],[-130.28571428571428,68.0],[-130.33333333333334,67.0],[-133.1951219512195,66.8048780487805],[-134.39999999999998,67.0],[-135.0,67.42857142857143],[-136.0,67.6],[-137.0,67.33333333333334],[-138.0,67.5],[-139.0,67.33333333333334],[-139.04999999999998,67.0],[-140.0,66.72857142857143],[-142.2,67.0],[-142.63636363636363,67.36363636363636],[-144.0,67.5],[-144.25,68.0],[-147.0,68.7],[-149.0,68.55555555555556],[-150.25,68.0],[-154.0,68.0],[-154.76470588235293,68.23529411764706],[-156.0,68.375],[-156.45454545454547,68.54545454545455],[-156.93333333333334,69.06666666666666],[-158.0,69.375],[-159.0,69.5],[-159.30769230769232,69.6923076923077],[-159.5,70.0],[-158.38461538461536,70.38461538461539],[-157.8181818181818,70.81818181818181],[-157.72727272727272,71.0],[-157.75,72.0],[-157.77777777777777,72.22222222222223],[-158.55555555555554,73.44444444444444],[-160.0,75.0],[-160.0,76.0],[-160.60000000000002,75.60000000000001],[-161.0,75.66666666666667],[-161.33333333333334,75.33333333333334],[-161.33333333333334,75.0],[-161.55555555555554,74.55555555555554],[-163.0,74.28571428571429],[-164.0,74.33333333333334],[-164.1904761904762,74.19047619047619],[-164.42857142857142,73.42857142857143],[-165.0,73.23076923076923],[-165.66666666666669,73.33333333333334],[-166.30769230769232,73.6923076923077],[-166.8181818181818,74.18181818181819],[-167.66666666666669,74.33333333333334],[-168.0,75.0],[-169.0,75.0],[-169.5,74.5],[-170.0,74.4],[-170.46153846153845,74.53846153846155],[-171.0,75.0],[-172.0,75.0],[-172.53846153846155,74.53846153846155],[-173.0,74.4],[-173.375,74.625],[-174.0,74.66666666666667],[-174.41666666666666,75.0],[-174.5625,75.4375],[-175.0701754385965,75.9298245614035],[-176.16666666666669,76.0],[-176.0,77.0],[-175.60000000000002,77.6],[-175.66666666666669,78.0],[-176.22222222222223,78.22222222222223],[-176.75,77.75],[-177.2,77.8],[-177.5,78.0],[-177.5,79.0],[-178.33333333333334,79.33333333333334],[-178.66666666666669,79.33333333333334],[-179.0,80.0],[-179.4,79.4],[-179.5,79.0],[-179.33333333333334,78.66666666666667],[-178.66666666666669,78.33333333333334],[-178.5,78.0],[-179.0,77.5],[-180.0,77.6],[-180.0,82.36363636363636],[-179.64102564102564,82.64102564102564],[-179.0,83.0],[-178.45833333333334,82.54166666666667],[-178.0,82.42105263157895],[-177.58490566037736,82.58490566037736],[-177.26666666666665,83.0],[-177.34782608695653,83.34782608695652],[-177.0,84.0],[-176.0,84.0],[-176.0,85.0],[-175.33333333333334,84.66666666666667],[-174.0,85.0],[-170.0,85.0],[-169.5,84.5],[-169.0,84.25],[-167.0,84.42857142857143],[-165.71428571428572,84.28571428571428],[-165.0,84.0],[-163.0,84.375],[-162.72727272727272,84.27272727272727]],[[7.41025641025641,73.41025641025641],[6.0,73.61538461538461],[5.619047619047619,73.38095238095238],[5.333333333333333,73.0],[6.0,72.33333333333334],[7.0,72.38461538461539],[7.484848484848485,72.51515151515153],[8.0,73.0],[7.41025641025641,73.41025641025641]],[[-24.352941176470587,73.6470588235294],[-24.0,73.76923076923077],[-21.714285714285715,74.0],[-21.799999999999997,74.2],[-22.0,74.25],[-24.0,74.375],[-25.0,74.0],[-24.352941176470587,73.6470588235294]],[[-40.6,44.6],[-41.0,44.0],[-40.0,43.5],[-39.71428571428571,43.71428571428571],[-39.833333333333336,44.00000000000001],[-39.71428571428571,44.285714285714285],[-40.0,45.0],[-40.6,44.6]],[[-74.0,36.0],[-73.0,36.0],[-73.0,37.0],[-74.0,37.0],[-74.0,36.0]],[[-166.0,80.65714285714286],[-166.5111111111111,80.5111111111111],[-167.0769230769231,80.00000000000001],[-168.49019607843135,79.49019607843137],[-168.89285714285714,79.0],[-168.8235294117647,78.8235294117647],[-169.0,78.0],[-168.0,78.0],[-166.3,78.30000000000001],[-166.35714285714286,78.64285714285714],[-166.17543859649123,79.17543859649123],[-165.42105263157893,79.42105263157895],[-165.3235294117647,80.0],[-165.54455445544554,80.45544554455446],[-166.0,80.65714285714286]],[[-169.1818181818182,78.81818181818181],[-171.0,79.0],[-171.47058823529412,79.52941176470588],[-172.0,79.66666666666666],[-172.47619047619048,79.47619047619047],[-172.8,79.0],[-172.8695652173913,78.0],[-172.78571428571428,77.78571428571428],[-173.0,77.0],[-171.94871794871796,77.05128205128204],[-171.66666666666669,76.33333333333334],[-171.0,76.13636363636364],[-169.24,76.24000000000001],[-169.0,78.0],[-169.1818181818182,78.81818181818181]],[[-150.72727272727275,79.0],[-150.71428571428572,79.28571428571428],[-151.0,79.6],[-151.26086956521738,79.26086956521739],[-151.0,78.84210526315789],[-150.72727272727275,79.0]],[[-149.63333333333333,74.36666666666667],[-149.0,74.16],[-148.54347826086956,74.54347826086956],[-148.55555555555554,75.44444444444444],[-149.0,75.8076923076923],[-149.35087719298247,75.64912280701753],[-149.67346938775512,75.6734693877551],[-149.6888888888889,75.31111111111112],[-149.85714285714283,75.0],[-149.63333333333333,74.36666666666667]],[[-146.62318840579712,72.6231884057971],[-146.38095238095238,73.0],[-146.6,73.4],[-147.0,73.5909090909091],[-148.35,73.35],[-148.77777777777777,73.0],[-148.3181818181818,72.68181818181819],[-147.0,72.5],[-146.62318840579712,72.6231884057971]],[[-143.25,73.0],[-143.54838709677418,73.45161290322581],[-144.0,73.6774193548387],[-144.46666666666667,73.46666666666665],[-144.75,73.0],[-144.47727272727272,72.52272727272727],[-144.0,72.25],[-143.48,72.47999999999999],[-143.25,73.0]],[[-136.34375,75.0],[-136.53072625698326,75.46927374301676],[-137.0,75.6774193548387],[-137.46927374301677,75.46927374301676],[-137.88888888888889,74.88888888888889],[-138.4969696969697,74.4969696969697],[-138.640625,74.0],[-138.64516129032256,73.0],[-138.46242774566474,72.53757225433526],[-138.0,72.2156862745098],[-137.51515151515153,72.51515151515153],[-137.29383886255926,73.29383886255924],[-136.55151515151516,73.55151515151515],[-136.28846153846155,74.0],[-136.34375,75.0]],[[-129.78125,77.0],[-129.4237288135593,76.57627118644066],[-129.0,76.40476190476191],[-128.64285714285714,76.64285714285714],[-128.6153846153846,77.38461538461539],[-129.0,77.83333333333333],[-129.78125,77.0]],[[-118.0,78.33333333333334],[-118.14285714285714,78.14285714285714],[-117.99999999999999,77.91666666666667],[-117.75,78.0],[-118.0,78.33333333333334]],[[-93.0,72.0],[-92.66666666666667,72.66666666666667],[-92.66666666666667,73.0],[-93.0,73.16666666666667],[-94.0,73.0],[-94.0,72.0],[-93.0,72.0]],[[-86.45054945054946,22.45054945054945],[-86.39805825242718,21.601941747572813],[-86.0,21.422535211267608],[-85.54696132596685,21.54696132596685],[-85.21153846153847,22.0],[-85.54189944134077,22.45810055865922],[-86.0,22.661290322580644],[-86.45054945054946,22.45054945054945]],[[-84.37037037037038,21.0],[-84.0,20.714285714285715],[-83.75,20.75],[-83.47368421052632,21.0],[-84.0,21.24390243902439],[-84.2247191011236,21.224719101123597],[-84.37037037037038,21.0]],[[-82.0,73.33333333333334],[-82.18181818181819,73.18181818181819],[-82.0,72.875],[-81.80000000000001,73.0],[-82.0,73.33333333333334]],[[-70.80000000000001,77.0],[-71.0,77.2],[-71.5,77.0],[-71.0,76.85714285714286],[-70.80000000000001,77.0]],[[-43.85714285714286,74.85714285714286],[-43.8,75.2],[-44.0,75.5],[-44.22222222222222,75.22222222222223],[-44.16666666666667,74.83333333333334],[-43.85714285714286,74.85714285714286]],[[-37.666666666666664,76.0],[-37.30769230769231,75.69230769230771],[-37.0,75.66666666666667],[-36.83333333333333,75.83333333333333],[-36.66666666666667,76.0],[-36.66666666666667,77.0],[-37.0,77.33333333333334],[-38.0,77.5],[-39.0,77.0],[-38.5,76.5],[-37.75,76.25],[-37.666666666666664,76.0]],[[-29.0,77.6],[-28.5,78.0],[-28.555555555555554,78.44444444444444],[-29.0,78.4],[-29.5,78.0],[-29.0,77.6]],[[-20.25,75.0],[-19.0,74.57142857142857],[-17.8,75.0],[-19.0,75.17647058823529],[-20.25,75.0]],[[-16.200000000000003,73.0],[-16.0,72.9],[-15.75,73.0],[-16.200000000000003,73.0]],[[-3.184615384615385,61.815384615384616],[-3.0,61.400000000000006],[-2.52,61.519999999999996],[-2.625,62.0],[-2.8285714285714287,62.171428571428564],[-3.1132075471698113,62.11320754716981],[-3.184615384615385,61.815384615384616]],[[-21.900000000000002,62.00000000000001],[-22.000000000000004,62.16666666666667],[-22.71428571428571,62.285714285714285],[-23.23076923076923,62.230769230769226],[-23.5,62.0],[-23.0,61.57142857142857],[-22.0,61.75],[-21.900000000000002,62.00000000000001]],[[-94.83333333333333,33.83333333333333],[-95.0,34.25],[-95.1,34.0],[-95.4,33.6],[-94.83333333333333,33.83333333333333]],[[-41.0,64.5],[-40.6,64.6],[-40.0,65.0],[-40.6,65.4],[-41.0,66.0],[-42.0,66.33333333333334],[-44.0,66.75],[-45.0,66.33333333333334],[-46.0,67.0],[-46.400000000000006,66.4],[-47.0,66.0],[-48.0,66.25],[-48.5,66.0],[-48.400000000000006,65.60000000000001],[-48.0,65.0],[-47.0,65.0],[-46.5,65.5],[-45.0,65.5],[-44.66666666666667,65.33333333333334],[-43.77777777777778,65.22222222222223],[-43.14285714285714,64.85714285714286],[-41.28571428571428,64.71428571428571],[-41.0,64.5]],[[-54.0,65.5],[-54.46153846153847,65.46153846153847],[-55.5,64.5],[-56.0,64.5],[-56.5,65.0],[-56.5,65.5],[-57.0,65.5],[-57.333333333333336,65.33333333333334],[-60.28571428571428,65.28571428571428],[-61.0,65.0],[-61.5,64.5],[-62.0,64.5],[-63.0,64.0],[-64.0,64.0],[-64.0,63.0],[-65.0,63.0],[-65.0,61.0],[-63.0,61.0],[-63.0,60.0],[-62.0,60.0],[-61.6,60.60000000000001],[-61.0,61.0],[-60.0,61.0],[-59.5,60.5],[-59.0,60.333333333333336],[-58.60000000000001,60.400000000000006],[-58.0,60.0],[-57.5,60.5],[-56.6,60.60000000000001],[-56.0,61.0],[-55.0,60.0],[-54.333333333333336,59.66666666666667],[-53.77777777777777,59.77777777777778],[-53.5,60.0],[-53.400000000000006,60.400000000000006],[-52.66666666666667,60.66666666666667],[-52.5,61.0],[-52.6,61.400000000000006],[-53.0,62.0],[-52.4,62.4],[-52.0,62.5],[-51.0,63.5],[-50.0,63.0],[-49.0,62.83333333333333],[-48.0,62.25],[-47.333333333333336,62.333333333333336],[-47.0,62.5],[-46.5,63.5],[-47.0,63.5],[-48.0,64.0],[-49.0,63.5],[-49.33333333333334,63.66666666666667],[-49.33333333333333,64.0],[-49.6,64.4],[-50.0,64.5],[-51.0,64.25],[-52.4,64.6],[-52.77777777777778,65.22222222222223],[-54.0,65.5]],[[-55.60000000000001,65.60000000000001],[-55.5,66.0],[-56.00000000000001,66.2],[-56.5,66.0],[-56.5,65.5],[-55.60000000000001,65.60000000000001]],[[-45.0,63.5],[-44.71428571428571,63.71428571428571],[-44.8,64.2],[-45.0,64.5],[-45.4,64.6],[-46.5,64.5],[-46.75,64.0],[-46.5,63.5],[-45.0,63.5]],[[-44.5,62.5],[-44.0,62.0],[-43.0,62.0],[-42.0,61.599999999999994],[-41.55555555555555,61.55555555555555],[-41.0,62.0],[-41.6,62.4],[-42.5,62.5],[-43.0,63.0],[-43.75,63.25],[-44.36363636363637,63.36363636363636],[-44.66666666666667,63.0],[-44.5,62.5]]],[[[-2.3529411764705883,49.35294117647059],[-2.230769230769231,48.99999999999999],[-2.2666666666666666,48.266666666666666],[-2.5,48.0],[-2.6,47.6],[-3.0,47.333333333333336],[-3.4000000000000004,47.6],[-3.2857142857142856,48.0],[-3.6000000000000005,48.400000000000006],[-3.8260869565217392,49.17391304347826],[-4.235294117647059,49.23529411764706],[-5.0,49.0],[-5.666666666666667,49.33333333333334],[-5.666666666666667,49.66666666666667],[-6.285714285714285,50.71428571428571],[-6.5,51.5],[-7.0,52.0],[-6.4,52.4],[-6.0,52.5],[-5.75,52.75],[-5.0,52.833333333333336],[-4.75,52.75],[-3.2222222222222223,53.22222222222222],[-3.0,53.5],[-2.75,53.25],[-3.0,52.0],[-2.5999999999999996,51.0],[-2.6363636363636367,50.63636363636363],[-3.0,50.0],[-2.307692307692308,49.69230769230769],[-2.3529411764705883,49.35294117647059]]],[[[-1.0,76.07317073170732],[-1.8536585365853657,76.14634146341463],[-1.926829268292683,77.00000000000001],[-1.3636363636363635,77.36363636363637],[-1.0,77.45238095238096],[-0.6935483870967742,77.30645161290323],[-0.525,77.0],[-0.5555555555555556,76.55555555555556],[-1.0,76.07317073170732]]],[[[-5.583333333333334,77.58333333333334],[-5.711538461538462,78.0],[-5.0,78.63793103448276],[-4.0,78.60655737704919],[-3.0,78.30833333333334],[-2.5542168674698793,78.0],[-2.593406593406593,77.5934065934066],[-3.0,77.37288135593221],[-5.0,77.11904761904762],[-5.3125,77.3125],[-5.6875,77.3125],[-5.583333333333334,77.58333333333334]]],[[[-171.0,79.0],[-170.8181818181818,78.18181818181819],[-171.0,77.86363636363636],[-171.12765957446808,77.87234042553192],[-171.12244897959184,78.12244897959184],[-171.0,79.0]]],[[[-7.568181818181818,78.56818181818181],[-8.0,78.13636363636363],[-8.279069767441861,78.27906976744185],[-8.851851851851851,78.14814814814815],[-8.65079365079365,78.65079365079364],[-8.775510204081632,79.0],[-8.381909547738694,79.3819095477387],[-8.0,79.45238095238096],[-7.7226277372262775,79.27737226277372],[-7.5476190476190474,79.0],[-7.568181818181818,78.56818181818181]]],[[[-74.5,80.0],[-74.6923076923077,79.6923076923077],[-75.0,79.6],[-75.30769230769232,79.6923076923077],[-75.66666666666667,80.0],[-75.0,81.0],[-74.5,80.0]]],[[[-178.5,84.5],[-179.5,84.5],[-180.0,85.0],[-179.04395604395606,85.04395604395604],[-178.0,85.0],[-178.5,84.5]]],[[[-155.0,86.22689075630252],[-154.51785714285714,86.0],[-154.66666666666669,85.66666666666667],[-155.0,85.49056603773585],[-155.36986301369865,85.63013698630138],[-155.50943396226415,86.0],[-155.0,86.22689075630252]]],[[[23.354838709677416,-68.0],[23.29530201342282,-68.29530201342283],[23.0,-68.56410256410257],[22.576923076923077,-68.0],[23.18410041841004,-67.81589958158996],[23.354838709677416,-68.0]]],[[[44.0,-48.2],[43.0,-48.26470588235294],[42.470588235294116,-48.0],[42.64,-47.64],[43.0,-47.625],[44.0,-47.79310344827586],[44.315789473684205,-48.0],[44.0,-48.2]]],[[[40.39473684210526,-33.0],[40.10909090909091,-34.10909090909091],[39.67857142857143,-35.0],[39.65625,-36.0],[39.0,-36.913043478260875],[38.0,-37.21739130434783],[37.0,-37.35294117647059],[36.590909090909086,-36.40909090909091],[36.0,-36.151515151515156],[35.786259541984734,-35.213740458015266],[35.599999999999994,-35.0],[35.55555555555556,-34.0],[36.0,-33.0],[36.529411764705884,-32.52941176470588],[36.77777777777778,-32.0],[36.666666666666664,-31.0],[36.0,-30.0],[36.166666666666664,-29.0],[37.49122807017543,-28.49122807017544],[37.93333333333334,-28.0],[38.916666666666664,-27.916666666666668],[39.5,-27.5],[40.329670329670336,-26.32967032967033],[40.39473684210526,-26.0],[41.0,-25.0],[42.0,-25.357142857142854],[42.27272727272727,-26.0],[42.35087719298245,-28.0],[42.14814814814815,-29.0],[41.5,-29.5],[41.225,-30.0],[41.17391304347826,-31.0],[40.473684210526315,-32.0],[40.39473684210526,-33.0]]],[[[53.0,-23.233333333333334],[53.36220472440945,-23.637795275590555],[53.516129032258064,-25.0],[53.333333333333336,-25.333333333333336],[52.751937984496124,-25.248062015503876],[52.0,-24.67741935483871],[51.44736842105263,-24.0],[51.875,-22.875],[53.0,-23.233333333333334]]],[[[51.203821656050955,-21.796178343949045],[51.32,-22.32],[51.0,-22.421052631578945],[50.76470588235294,-22.235294117647058],[50.65957446808511,-22.0],[50.77777777777778,-21.77777777777778],[51.203821656050955,-21.796178343949045]]],[[[46.0,-18.21875],[45.68181818181818,-18.0],[46.0,-17.86],[47.0,-18.0],[46.0,-18.21875]]],[[[3.4146341463414633,28.0],[3.616,27.616],[4.0,27.48936170212766],[5.0,27.357142857142854],[7.390804597701149,27.39080459770115],[7.743589743589743,27.256410256410255],[8.0,27.5],[8.37037037037037,27.37037037037037],[8.714285714285715,27.0],[8.25,26.0],[8.25,25.0],[7.647058823529411,24.352941176470587],[7.5,24.0],[7.684210526315789,23.684210526315788],[8.375,23.375],[9.0,22.875],[10.000000000000002,22.923076923076927],[11.0,22.5],[11.833333333333334,22.000000000000004],[12.222222222222221,21.22222222222222],[14.666666666666668,20.0],[17.0,18.333333333333336],[17.5,18.5],[17.75,19.25],[18.0,19.5],[18.5,19.5],[18.5,20.0],[18.0,20.5],[17.0,20.666666666666668],[16.75,21.0],[19.666666666666668,21.0],[19.77777777777778,20.77777777777778],[20.0,20.75],[20.13953488372093,20.13953488372093],[22.022727272727273,20.022727272727273],[22.114285714285714,19.885714285714286],[22.064516129032256,19.064516129032256],[22.5,19.0],[22.0,18.5],[20.6,18.400000000000002],[20.692307692307693,17.692307692307693],[21.0,17.5],[22.0,17.666666666666668],[23.0,17.5],[23.666666666666668,18.0],[23.71428571428571,18.285714285714285],[24.5,19.0],[25.333333333333332,19.0],[25.6,18.0],[26.0,17.666666666666668],[26.153846153846153,17.846153846153847],[26.8,17.799999999999997],[27.375,18.0],[27.166666666666664,19.0],[27.6,19.400000000000002],[29.0,19.08],[29.137931034482758,19.137931034482758],[30.0,18.833333333333336],[30.166666666666664,19.0],[29.862068965517242,19.862068965517242],[29.872340425531917,21.0],[30.25,21.25],[30.772727272727273,21.227272727272727],[30.700000000000003,21.700000000000003],[30.854838709677416,22.14516129032258],[31.0,23.857142857142858],[33.0,24.0],[33.75,23.75],[33.66666666666667,23.333333333333336],[34.0,22.0],[34.5,22.5],[35.0,22.625],[35.476190476190474,22.476190476190474],[36.0,22.0],[35.476190476190474,21.523809523809522],[34.58620689655173,21.413793103448274],[34.5,21.0],[34.65714285714286,20.65714285714286],[35.0,20.5],[36.66666666666667,21.333333333333336],[37.25,21.25],[37.333333333333336,20.666666666666668],[37.0,20.0],[37.0,18.0],[38.0,18.0],[38.0,17.0],[37.71428571428571,16.285714285714285],[37.75,16.0],[38.285714285714285,15.714285714285712],[39.0,16.0],[39.0,15.0],[40.0,15.0],[40.5,14.5],[40.71428571428571,12.714285714285714],[41.0,12.0],[41.0,10.0],[41.66666666666667,9.666666666666668],[42.4,8.4],[42.5,7.0],[43.0,6.0],[43.81818181818182,5.818181818181818],[44.0,5.0],[44.444444444444436,4.444444444444445],[44.63636363636364,3.6363636363636362],[46.0,3.625],[46.17857142857143,3.178571428571429],[46.0,2.375],[45.04166666666667,1.9583333333333333],[44.81818181818181,1.0],[44.272727272727266,0.7272727272727273],[44.0,0.35714285714285715],[43.0,0.6],[41.6,0.0],[41.826086956521735,-0.17391304347826086],[42.18181818181818,-0.8181818181818181],[42.66666666666667,-2.0],[42.12903225806451,-2.129032258064516],[41.888888888888886,-3.0],[41.34782608695652,-3.347826086956522],[41.0,-4.625],[40.32,-5.32],[40.0,-6.75],[39.66666666666667,-7.0],[39.08888888888889,-7.088888888888889],[39.047619047619044,-8.0],[38.15686274509804,-8.156862745098039],[38.0,-9.021739130434783],[37.04,-9.040000000000001],[37.0,-9.25],[36.625,-9.625],[36.0,-10.0],[35.18181818181819,-10.181818181818182],[35.0,-11.0],[34.400000000000006,-10.600000000000001],[32.66666666666667,-10.333333333333334],[32.5,-10.0],[32.166666666666664,-9.833333333333332],[31.0,-9.75],[30.5,-10.0],[30.6,-10.4],[30.5,-12.0],[30.71428571428571,-12.285714285714285],[30.6,-12.6],[30.666666666666668,-13.0],[30.888888888888886,-13.999999999999998],[31.375,-14.625],[31.428571428571427,-15.0],[31.20689655172414,-15.206896551724139],[31.20689655172414,-15.793103448275861],[30.746031746031743,-16.746031746031743],[30.666666666666668,-17.333333333333336],[30.833333333333332,-17.833333333333336],[30.75,-20.0],[31.21818181818182,-21.78181818181818],[31.46153846153846,-22.0],[31.52542372881356,-22.47457627118644],[32.0,-23.0],[32.093023255813954,-26.0],[32.0,-27.4],[31.5,-28.0],[31.130434782608695,-28.130434782608695],[31.0,-28.6],[30.0,-29.0],[29.153846153846153,-29.153846153846153],[29.0,-29.4],[28.555555555555554,-29.555555555555554],[28.0,-30.0],[27.0,-30.0],[27.0,-31.0],[26.0,-31.333333333333332],[25.692307692307693,-31.692307692307693],[25.5,-32.0],[26.0,-34.0],[26.0,-36.0],[25.099999999999998,-36.1],[25.0,-36.5],[24.75,-36.25],[23.77777777777778,-36.22222222222222],[23.0,-36.0],[22.77777777777778,-38.0],[22.333333333333336,-38.333333333333336],[21.92857142857143,-40.0],[21.305882352941175,-40.305882352941175],[20.857142857142858,-41.0],[20.272727272727273,-41.272727272727266],[19.61904761904762,-42.0],[18.469565217391306,-42.4695652173913],[18.048076923076923,-43.04807692307692],[17.333333333333336,-43.333333333333336],[17.0,-43.833333333333336],[15.80952380952381,-44.19047619047619],[15.157894736842106,-44.1578947368421],[15.0,-44.5],[14.666666666666668,-44.66666666666667],[11.94059405940594,-45.05940594059406],[11.133333333333333,-44.86666666666667],[9.833333333333332,-44.833333333333336],[8.846153846153847,-45.15384615384615],[6.181818181818182,-44.81818181818182],[5.781818181818182,-44.21818181818182],[5.4,-44.0],[5.2,-43.0],[5.545454545454545,-42.0],[5.2142857142857135,-41.0],[4.5,-39.5],[4.311111111111111,-38.68888888888889],[4.0,-38.22222222222222],[3.344827586206897,-37.6551724137931],[3.166666666666667,-35.833333333333336],[3.1578947368421053,-32.0],[3.0,-31.57142857142857],[2.68,-31.32],[2.4,-30.6],[2.1176470588235294,-29.11764705882353],[1.6400000000000001,-28.36],[1.3823529411764706,-27.0],[1.4666666666666668,-26.0],[1.719298245614035,-25.719298245614034],[1.975609756097561,-24.975609756097562],[2.5416666666666665,-24.541666666666664],[2.882926829268293,-22.882926829268293],[3.5402298850574714,-22.54022988505747],[3.953488372093023,-22.0],[4.361111111111111,-21.0],[4.426229508196721,-20.573770491803277],[4.32,-20.32],[4.571428571428571,-20.0],[4.466666666666667,-18.0],[4.166666666666667,-17.0],[3.6923076923076925,-14.307692307692308],[3.0,-13.4],[2.736842105263158,-12.263157894736842],[2.2857142857142856,-12.0],[1.5714285714285714,-10.0],[1.8125,-9.8125],[1.96875,-8.96875],[1.9523809523809523,-7.9523809523809526],[2.5238095238095237,-7.523809523809524],[2.7027027027027026,-7.0],[2.92,-6.0],[2.6842105263157894,-5.315789473684211],[1.9444444444444444,-5.0],[1.7333333333333334,-4.266666666666667],[1.4000000000000001,-4.4],[0.0,-4.0],[-0.25,-3.25],[-0.6875,-3.3125],[-1.0,-3.2],[-1.1960784313725492,-2.803921568627451],[-1.1428571428571428,-2.0],[-1.52,-1.52],[-2.175438596491228,-1.1754385964912282],[-3.028169014084507,-1.028169014084507],[-5.903225806451612,-1.096774193548387],[-6.666666666666667,-1.3333333333333333],[-7.0,-1.875],[-7.333333333333334,-2.0],[-9.0,-2.0769230769230766],[-9.285714285714285,-2.0],[-9.583333333333334,-1.5833333333333333],[-10.0,-1.2857142857142856],[-10.063492063492065,-1.0634920634920635],[-11.0,-1.0],[-14.0,-1.1428571428571428],[-15.384615384615385,-1.0],[-15.609756097560975,-0.6097560975609756],[-16.0,-0.2727272727272727],[-16.333333333333336,0.6666666666666667],[-17.0,0.9090909090909091],[-17.129032258064516,1.870967741935484],[-18.0,2.0],[-18.08,2.92],[-19.2,3.0],[-19.22222222222222,3.2222222222222223],[-18.666666666666668,3.666666666666667],[-18.5,4.0],[-19.333333333333336,4.333333333333334],[-19.666666666666668,4.333333333333334],[-19.666666666666668,4.666666666666667],[-19.833333333333336,5.0],[-19.818181818181817,6.181818181818182],[-20.0,6.5],[-21.0,7.0],[-21.0,9.0],[-20.0,9.0],[-20.0,11.0],[-19.400000000000002,11.400000000000002],[-18.6,11.600000000000001],[-18.5,12.0],[-18.6,12.4],[-19.0,13.0],[-18.714285714285715,13.714285714285714],[-18.75,14.0],[-19.363636363636363,15.636363636363637],[-19.8,16.0],[-19.625,17.0],[-19.238095238095237,17.238095238095237],[-19.0,17.833333333333332],[-18.357142857142858,18.357142857142858],[-17.555555555555557,19.555555555555554],[-17.0,20.0],[-16.08955223880597,20.089552238805968],[-15.450000000000001,20.45],[-15.181818181818182,21.18181818181818],[-14.484848484848484,21.484848484848484],[-14.0,22.0],[-13.0,22.11111111111111],[-11.575,22.575],[-11.15,23.0],[-11.454545454545455,24.0],[-10.672131147540984,24.32786885245902],[-10.285714285714285,24.285714285714285],[-10.216216216216216,24.783783783783782],[-10.0,25.14814814814815],[-9.0,25.434782608695652],[-8.0,25.450000000000003],[-7.706666666666667,25.706666666666667],[-7.607142857142858,26.0],[-7.531914893617021,26.46808510638298],[-7.636363636363637,26.636363636363637],[-7.285714285714286,26.714285714285715],[-6.470588235294117,27.47058823529412],[-5.25,28.0],[-5.173913043478262,28.173913043478258],[-4.870967741935484,28.129032258064516],[-4.36036036036036,26.63963963963964],[-4.0,26.35483870967742],[-2.688888888888889,26.68888888888889],[-2.1,27.1],[0.0,27.285714285714285],[0.49645390070921985,27.50354609929078],[1.0,28.0125],[3.0,28.161904761904765],[3.4146341463414633,28.0]],[[18.5,19.0],[18.666666666666668,18.666666666666668],[20.0,18.75],[20.333333333333336,18.666666666666668],[20.333333333333336,19.0],[20.200000000000003,19.200000000000003],[19.333333333333336,19.333333333333336],[19.0,19.5],[18.5,19.5],[18.5,19.0]],[[3.3333333333333335,25.0],[3.5555555555555554,24.555555555555554],[4.7142857142857135,23.71428571428571],[6.0,23.666666666666664],[6.4,24.0],[5.538461538461539,24.53846153846154],[5.4,25.0],[5.0,25.222222222222225],[3.741935483870968,25.258064516129032],[3.3333333333333335,25.0]],[[44.16666666666667,2.8333333333333335],[44.285714285714285,3.2857142857142856],[44.0,3.333333333333333],[43.833333333333336,3.166666666666667],[43.84615384615385,2.846153846153846],[44.16666666666667,2.8333333333333335]],[[-18.0,11.0],[-18.0,10.0],[-17.5,10.5],[-17.0,10.5],[-16.81818181818182,10.818181818181818],[-17.0,11.25],[-17.285714285714285,11.285714285714285],[-18.0,11.0]]],[[[49.0,5.0],[49.6,5.4],[50.0,5.142857142857143],[50.00641025641026,4.993589743589744],[49.0,5.0]]],[[[48.0,7.205128205128205],[48.32,6.68],[48.30434782608696,6.304347826086957],[49.4,6.0],[49.470588235294116,5.529411764705882],[49.0,5.0],[48.23529411764706,5.235294117647059],[47.78947368421053,5.210526315789474],[47.33333333333333,5.0],[47.333333333333336,4.666666666666667],[47.0,4.5],[46.66666666666667,4.666666666666667],[45.77777777777778,4.777777777777778],[45.5,5.0],[45.6,5.4],[46.0,6.0],[45.4,6.4],[45.22222222222222,7.222222222222222],[45.285714285714285,8.285714285714285],[45.0,9.0],[46.0,9.0],[46.0,11.0],[46.6,12.0],[46.909090909090914,12.09090909090909],[47.02173913043478,11.978260869565219],[47.1,10.9],[47.023809523809526,10.023809523809524],[47.25,9.0],[47.13636363636363,8.863636363636363],[47.138888888888886,8.0],[47.285714285714285,7.7142857142857135],[47.22222222222222,7.222222222222222],[47.65957446808511,7.340425531914894],[48.0,7.205128205128205]]],[[[44.86,15.14],[45.04294478527608,15.042944785276074],[45.0,14.125],[44.46153846153847,14.461538461538462],[44.22222222222222,15.0],[44.86,15.14]]],[[[43.66666666666667,15.666666666666668],[43.5,16.0],[44.014440433213,16.014440433212997],[44.0,15.5],[43.66666666666667,15.666666666666668]]],[[[42.166666666666664,17.0],[42.83333333333333,17.166666666666664],[43.1219512195122,17.0],[43.196078431372555,16.80392156862745],[43.0,16.166666666666668],[42.4,16.400000000000002],[42.166666666666664,17.0]]],[[[41.07692307692308,18.0],[41.827338129496404,18.172661870503596],[42.06315789473684,18.06315789473684],[42.1875,17.8125],[42.0,17.142857142857146],[41.333333333333336,17.333333333333336],[41.07692307692308,18.0]]],[[[39.6,18.400000000000002],[39.0,18.0],[39.28571428571428,18.714285714285715],[39.0,19.166666666666668],[38.71428571428571,19.285714285714285],[38.0,19.0],[38.285714285714285,19.714285714285715],[38.11764705882353,20.11764705882353],[38.15384615384615,21.0],[38.79816513761468,21.201834862385322],[39.0,21.129411764705882],[39.1981981981982,20.8018018018018],[39.11494252873563,20.114942528735632],[39.76377952755905,20.236220472440944],[40.0,20.13274336283186],[40.21126760563381,19.7887323943662],[40.127272727272725,19.127272727272725],[40.76623376623377,19.233766233766232],[41.130434782608695,19.0],[41.22085889570552,18.77914110429448],[41.0,18.05263157894737],[39.6,18.400000000000002]]],[[[35.0,25.062992125984252],[35.23529411764706,25.0],[35.390243902439025,24.609756097560975],[35.15384615384615,24.153846153846153],[35.609756097560975,24.390243902439025],[36.0,24.235294117647058],[36.22222222222222,23.77777777777778],[36.0,23.272727272727273],[35.400000000000006,23.400000000000002],[34.5,24.0],[34.93103448275862,24.06896551724138],[34.719298245614034,24.719298245614034],[34.80487804878049,25.0],[35.0,25.062992125984252]]],[[[48.61904761904761,26.619047619047617],[49.0,26.0],[50.42424242424243,25.424242424242426],[50.794871794871796,24.794871794871796],[51.4375,24.4375],[51.77777777777778,23.77777777777778],[52.4,23.400000000000002],[52.599999999999994,23.0],[52.30769230769231,22.692307692307693],[52.0,22.684210526315788],[51.58064516129032,22.419354838709676],[51.31578947368421,22.0],[51.315789473684205,21.684210526315788],[51.0,21.4],[50.78571428571429,21.785714285714285],[49.727272727272734,22.0],[49.0,22.615384615384613],[48.90909090909091,22.90909090909091],[47.935483870967744,23.0],[47.71428571428571,23.71428571428571],[47.325581395348834,23.674418604651166],[46.9020979020979,23.9020979020979],[46.0,23.97938144329897],[45.75675675675676,24.756756756756758],[43.99999999999999,25.11111111111111],[43.87692307692308,25.876923076923077],[42.9874213836478,25.9874213836478],[42.83333333333333,26.833333333333336],[41.9581589958159,26.9581589958159],[41.608695652173914,27.608695652173914],[40.800000000000004,28.0],[40.46043165467626,28.46043165467626],[39.047619047619044,28.999999999999996],[38.92857142857142,29.928571428571427],[38.8,30.0],[39.5,30.5],[40.0,30.636363636363637],[40.48275862068966,30.48275862068966],[41.5632183908046,29.563218390804597],[42.0,29.441176470588236],[42.209790209790214,29.209790209790214],[44.8,29.000000000000004],[46.0,28.5],[46.30769230769231,28.30769230769231],[46.4,28.0],[47.5,27.5],[47.90476190476191,26.904761904761905],[48.61904761904761,26.619047619047617]]],[[[19.0,27.11764705882353],[19.102564102564102,27.102564102564102],[19.2,26.0],[19.0,25.949367088607595],[18.916666666666668,27.083333333333332],[19.0,27.11764705882353]]],[[[12.25,27.0],[12.0,26.545454545454547],[11.701492537313431,26.70149253731343],[11.407407407407407,27.40740740740741],[10.363636363636363,28.0],[12.093023255813954,28.093023255813954],[12.25,27.0]]],[[[33.916666666666664,30.0],[33.22680412371134,29.77319587628866],[33.188235294117646,29.188235294117646],[33.0,28.931034482758623],[31.0,28.989583333333332],[29.873015873015873,28.873015873015873],[29.333333333333336,29.0],[29.285714285714285,29.285714285714285],[29.0,29.4],[28.333333333333336,29.333333333333336],[27.764705882352942,29.235294117647058],[27.333333333333336,29.0],[26.186046511627907,28.813953488372093],[26.0,28.200000000000003],[25.724137931034484,28.724137931034484],[25.0,29.0],[25.666666666666664,30.0],[25.66666666666667,30.333333333333336],[26.0,30.2],[27.0,30.625],[28.0,30.714285714285715],[30.18181818181818,30.18181818181818],[31.0,29.333333333333336],[32.0,29.75],[32.44444444444444,30.555555555555554],[33.0,30.733333333333334],[33.55555555555555,30.555555555555554],[33.916666666666664,30.0]]],[[[17.869565217391305,28.130434782608695],[17.74285714285714,28.74285714285714],[17.18181818181818,29.0],[17.0,29.285714285714285],[16.735849056603772,31.264150943396224],[17.0,31.636363636363637],[18.0,31.516129032258064],[18.359550561797754,31.359550561797754],[18.375,30.375],[18.85714285714286,30.0],[19.230769230769234,29.0],[19.166666666666668,28.833333333333336],[18.5,28.5],[18.115384615384613,27.884615384615387],[17.869565217391305,28.130434782608695]]],[[[25.333333333333336,31.333333333333336],[25.42857142857143,31.0],[25.42857142857143,30.571428571428573],[24.789473684210527,30.210526315789473],[25.0,29.0],[24.14814814814815,28.851851851851855],[23.916666666666664,28.916666666666668],[23.3125,30.0],[23.370370370370367,30.37037037037037],[22.88888888888889,30.88888888888889],[22.208333333333336,30.791666666666668],[21.285714285714285,31.0],[21.13793103448276,31.137931034482758],[20.0,30.863636363636363],[19.558823529411764,31.558823529411764],[19.0,31.90625],[18.83783783783784,31.83783783783784],[18.176470588235293,33.0],[18.525423728813557,33.47457627118644],[18.966101694915256,35.03389830508474],[19.257142857142856,34.25714285714285],[20.625,34.0],[21.41025641025641,33.41025641025641],[22.175824175824175,33.175824175824175],[24.333333333333336,33.0],[24.636363636363637,31.636363636363637],[25.0,31.6],[25.333333333333336,31.333333333333336]],[[23.81818181818182,30.81818181818182],[24.133333333333333,30.866666666666667],[24.285714285714285,31.285714285714285],[23.833333333333336,31.166666666666664],[23.666666666666664,31.0],[23.81818181818182,30.81818181818182]]],[[[51.29333333333334,33.29333333333334],[51.84615384615385,33.0],[49.91111111111111,32.91111111111111],[49.14285714285714,33.0],[51.29333333333334,33.29333333333334]]],[[[26.17910447761194,34.17910447761194],[26.157894736842106,33.84210526315789],[26.0,33.64705882352941],[25.842105263157897,33.84210526315789],[26.0,34.66666666666667],[26.17910447761194,34.17910447761194]]],[[[35.375,63.0],[35.6,63.400000000000006],[36.0,63.625],[36.45454545454545,63.45454545454545],[36.714285714285715,63.0],[36.55555555555556,62.444444444444436],[36.0,62.0],[35.5,62.5],[35.375,63.0]]],[[[39.0,64.4],[39.66666666666667,64.0],[39.44444444444444,63.55555555555556],[39.0,63.5],[38.71428571428571,63.71428571428571],[38.6,64.0],[38.733333333333334,64.26666666666667],[39.0,64.4]]],[[[53.5,66.5],[54.0,67.0],[54.0,69.0],[56.0,69.0],[56.0,68.0],[57.0,67.0],[56.6,66.4],[56.5,65.5],[56.0,65.0],[55.0,66.0],[54.400000000000006,65.60000000000001],[54.0,65.5],[53.66666666666667,65.66666666666667],[53.5,66.0],[53.5,66.5]]],[[[44.95744680851064,70.04255319148936],[44.54545454545455,69.45454545454545],[43.906976744186046,69.09302325581395],[43.63636363636364,68.36363636363636],[43.199999999999996,68.0],[43.42857142857143,66.57142857142858],[43.333333333333336,66.33333333333334],[43.66666666666667,66.33333333333334],[44.1,66.1],[45.086956521739125,66.08695652173913],[45.199999999999996,66.0],[45.15384615384615,65.84615384615384],[44.0,65.66666666666667],[42.66666666666667,65.66666666666667],[42.0,66.0],[41.0,66.22222222222223],[40.51724137931035,66.51724137931035],[40.22222222222222,67.0],[40.375,68.0],[40.54545454545455,68.45454545454545],[41.75,70.25],[42.0,70.4],[42.20689655172414,70.79310344827587],[42.6,71.0],[43.3,71.7],[45.0,71.91304347826087],[45.888888888888886,71.88888888888889],[46.25,71.75],[47.0,72.0],[46.833333333333336,71.16666666666666],[46.916666666666664,71.0],[46.458333333333336,70.54166666666667],[44.95744680851064,70.04255319148936]]],[[[49.47826086956522,72.47826086956522],[49.84615384615385,72.0],[49.48888888888889,71.5111111111111],[48.0,71.31578947368422],[47.6,71.4],[47.2,71.2],[47.0,72.0],[47.315789473684205,72.68421052631578],[48.23076923076923,72.76923076923077],[49.47826086956522,72.47826086956522]]],[[[18.5,72.0],[18.0,71.33333333333334],[17.666666666666668,71.66666666666667],[17.692307692307693,72.30769230769232],[18.0,72.66666666666667],[18.5,72.0]]],[[[19.0,76.08888888888889],[18.136363636363637,76.13636363636364],[18.04651162790698,77.0],[18.64192139737991,77.35807860262008],[19.26451612903226,77.26451612903226],[19.891304347826086,77.0],[19.78723404255319,76.2127659574468],[19.0,76.08888888888889]]],[[[40.5,77.5],[40.76,77.0],[40.647058823529406,76.6470588235294],[40.8125,76.1875],[40.1875,76.1875],[40.00000000000001,76.07317073170732],[39.16666666666667,76.16666666666667],[39.28571428571428,76.71428571428572],[39.173913043478265,77.0],[39.464285714285715,77.53571428571429],[40.0,77.74509803921569],[40.5,77.5]]],[[[29.227272727272727,77.0],[29.392156862745097,77.3921568627451],[29.34285714285714,77.65714285714286],[29.641025641025642,77.64102564102564],[29.999999999999996,77.82926829268291],[30.31818181818182,77.68181818181819],[30.72222222222222,77.72222222222223],[30.700000000000003,77.3],[30.849999999999998,77.0],[30.73913043478261,76.73913043478261],[31.0,76.0],[30.26086956521739,76.26086956521739],[30.0,76.14999999999999],[29.666666666666668,76.33333333333334],[29.333333333333336,76.33333333333334],[29.384615384615383,76.61538461538461],[29.227272727272727,77.0]]],[[[34.711711711711715,77.7117117117117],[34.44827586206897,78.0],[34.670103092783506,78.3298969072165],[35.0,78.48484848484848],[36.0,78.49253731343283],[36.37714285714286,78.37714285714286],[36.84615384615385,78.0],[36.578947368421055,76.57894736842105],[36.6551724137931,76.3448275862069],[36.378378378378386,76.37837837837839],[36.0,76.175],[35.60240963855422,76.60240963855422],[35.607142857142854,77.0],[35.40637450199203,77.40637450199203],[34.711711711711715,77.7117117117117]]],[[[2.973684210526316,78.0],[2.4065934065934065,77.5934065934066],[2.0,77.4931506849315],[1.6636363636363636,77.66363636363636],[1.4393939393939394,78.0],[2.0,78.2551724137931],[2.973684210526316,78.0]]],[[[6.661971830985915,79.66197183098592],[7.0,79.78181818181818],[7.555555555555555,79.55555555555554],[7.9772727272727275,79.0],[7.403755868544601,78.59624413145539],[7.0,78.46913580246914],[6.5064935064935066,78.49350649350649],[6.333333333333334,78.33333333333334],[6.4,78.60000000000001],[6.044444444444444,79.0],[6.25531914893617,79.74468085106383],[6.661971830985915,79.66197183098592]]],[[[19.0,81.22916666666666],[19.3728813559322,81.0],[19.33846153846154,80.66153846153847],[19.0,80.5],[18.716129032258067,80.71612903225807],[18.671641791044777,81.0],[19.0,81.22916666666666]]],[[[124.33333333333333,-89.0],[124.28571428571428,-89.28571428571428],[124.0,-89.5],[122.0,-89.5],[121.0,-89.66666666666667],[120.0,-89.5],[119.0,-90.0],[118.0,-89.66666666666667],[117.0,-90.0],[116.25,-89.75],[115.0,-89.66666666666667],[114.0,-90.0],[113.0,-89.66666666666667],[112.0,-90.0],[111.22222222222223,-89.77777777777777],[110.0,-89.66666666666667],[109.55555555555554,-89.44444444444444],[109.33333333333334,-89.0],[109.5,-88.5],[110.0,-88.33333333333334],[114.00000000000001,-88.33333333333334],[117.0,-88.66666666666666],[119.0,-88.5],[120.0,-88.75],[121.33333333333334,-88.66666666666667],[124.0,-88.83333333333334],[124.33333333333333,-89.0]]],[[[129.0,-80.33333333333333],[128.66666666666669,-80.0],[129.13333333333333,-79.86666666666667],[129.5,-80.0],[129.0,-80.33333333333333]]],[[[107.0,-69.0],[106.38461538461539,-69.38461538461539],[105.53846153846155,-69.53846153846155],[105.0,-69.57894736842105],[103.0,-69.26470588235294],[101.43137254901961,-69.43137254901961],[100.67441860465117,-69.67441860465117],[100.30000000000001,-70.0],[100.51724137931035,-70.48275862068965],[101.12903225806451,-70.87096774193549],[103.84,-70.84],[105.34782608695652,-70.65217391304347],[106.31578947368419,-70.68421052631578],[108.0,-71.0],[108.0,-72.0],[107.0,-72.0],[105.26666666666667,-72.26666666666667],[104.33333333333334,-73.0],[104.04,-73.03999999999999],[101.9090909090909,-73.0909090909091],[101.33333333333334,-73.0],[100.47058823529412,-72.52941176470588],[100.0,-72.42857142857143],[99.52941176470587,-72.52941176470588],[98.5,-73.0],[98.66666666666667,-73.33333333333334],[98.75,-74.0],[99.55555555555556,-74.44444444444443],[100.27586206896552,-74.72413793103448],[100.72413793103448,-74.72413793103448],[103.0,-75.25],[104.19047619047619,-75.80952380952381],[105.33333333333334,-76.0],[106.30769230769232,-76.6923076923077],[107.16,-76.84],[109.0,-77.83333333333333],[110.0,-78.0],[111.0,-78.0],[112.4,-78.60000000000001],[113.0,-79.16666666666667],[114.0,-79.0],[114.75,-79.25],[115.0,-79.5],[116.0,-79.66666666666666],[117.00000000000001,-80.33333333333334],[118.0,-80.0],[120.0,-80.0],[121.0,-80.5],[124.0,-81.33333333333334],[125.0,-81.25],[126.0,-81.5],[127.0,-81.57142857142857],[128.0,-81.4],[130.0,-81.5],[131.0,-81.25],[133.0,-81.57142857142857],[134.0,-81.5],[134.75,-81.0],[134.75,-80.75],[135.0,-80.5],[135.33333333333334,-80.33333333333334],[136.0,-80.33333333333334],[138.0,-81.0],[138.0,-82.0],[138.44444444444443,-82.55555555555554],[138.4,-83.0],[139.0,-83.42857142857142],[142.0,-83.25],[142.66666666666669,-82.66666666666667],[143.33333333333334,-82.33333333333334],[143.69230769230768,-81.6923076923077],[144.0,-81.6],[145.0,-81.6],[145.88888888888889,-82.11111111111111],[147.0,-81.80000000000001],[148.0,-82.16666666666667],[149.0,-82.0],[150.0,-82.125],[152.0,-81.85714285714285],[153.44444444444443,-81.44444444444444],[154.0,-81.16666666666667],[155.0,-81.5],[156.30769230769232,-81.3076923076923],[156.5925925925926,-81.40740740740742],[158.0,-81.36842105263158],[158.58333333333331,-81.0],[158.3684210526316,-80.63157894736842],[158.0,-80.48148148148148],[156.2051282051282,-80.7948717948718],[154.1,-80.89999999999999],[152.71428571428572,-80.28571428571428],[152.5,-80.0],[152.5,-79.5],[153.0,-79.0],[153.76470588235293,-78.76470588235293],[154.30769230769232,-78.30769230769232],[154.22222222222223,-77.77777777777777],[153.20000000000002,-77.0],[152.33333333333334,-76.0],[153.0,-75.71428571428571],[154.0,-74.9],[155.0,-75.375],[156.0,-75.33333333333334],[156.55555555555554,-75.0],[156.85714285714283,-74.0],[157.41379310344826,-73.41379310344827],[157.32432432432432,-72.67567567567568],[156.5,-71.0],[155.0,-70.29411764705883],[154.0,-70.4],[153.77777777777777,-70.22222222222223],[153.61290322580643,-69.61290322580645],[153.8181818181818,-69.18181818181819],[153.66666666666666,-69.0],[154.0,-68.8],[154.66666666666669,-69.33333333333334],[155.0,-69.44444444444444],[157.0,-69.25806451612902],[158.23076923076923,-69.76923076923077],[159.0,-69.82692307692308],[159.69767441860466,-69.69767441860465],[160.0,-69.5],[161.0,-70.0],[161.86666666666667,-70.13333333333333],[162.0,-71.05555555555556],[163.09174311926606,-71.09174311926606],[163.26086956521738,-70.26086956521739],[163.7037037037037,-70.29629629629629],[164.94805194805195,-69.94805194805195],[167.36496350364965,-69.63503649635037],[168.0,-69.66101694915254],[168.57142857142856,-70.0],[168.6153846153846,-71.0],[169.3030303030303,-71.30303030303031],[169.75757575757575,-70.75757575757575],[170.0,-70.2],[170.4,-70.4],[171.0,-70.0],[170.55555555555554,-70.55555555555556],[170.7142857142857,-71.28571428571428],[171.0,-71.18181818181817],[171.38297872340428,-71.61702127659575],[171.42857142857144,-72.0],[171.3050847457627,-72.30508474576271],[171.0,-72.42857142857143],[170.64,-72.36],[170.35714285714283,-72.0],[170.38461538461536,-71.61538461538461],[170.0,-71.44444444444444],[169.6969696969697,-71.6969696969697],[169.79166666666666,-72.0],[169.6,-72.6],[168.0,-73.36842105263158],[166.53191489361703,-74.53191489361703],[165.28571428571428,-75.0],[165.5,-76.0],[166.0,-76.6],[167.2,-76.8],[167.79746835443038,-77.20253164556962],[168.61194029850748,-77.38805970149254],[169.22222222222223,-78.0],[168.58333333333334,-78.58333333333334],[167.99999999999997,-78.7906976744186],[166.0,-79.0],[166.7,-79.3],[167.0,-79.21428571428571],[167.5263157894737,-79.47368421052633],[168.14634146341464,-79.85365853658536],[169.0,-80.66666666666667],[169.84,-81.16],[172.0,-81.61111111111111],[173.0,-81.6842105263158],[174.0,-82.375],[177.0,-82.07692307692308],[179.35714285714286,-82.35714285714286],[179.72222222222223,-82.27777777777777],[180.0,-83.01538461538462],[180.0,-89.33333333333333],[179.0,-88.5],[178.0,-88.5],[177.75,-88.75],[177.6,-89.4],[178.0,-90.0],[177.4,-89.60000000000001],[176.0,-90.0],[175.28571428571428,-89.71428571428571],[173.60000000000002,-89.4],[173.0,-89.0],[174.0,-88.0],[173.125,-87.875],[170.0,-87.85714285714286],[168.0,-87.54545454545455],[165.0,-87.66666666666667],[164.0,-87.5],[160.0,-87.5],[158.6923076923077,-87.3076923076923],[157.0,-87.33333333333334],[156.0,-87.0],[155.0,-87.2],[154.0,-86.80000000000001],[151.0,-87.33333333333334],[150.0,-87.2],[149.0,-87.4],[148.0,-87.25],[146.0,-87.33333333333334],[144.0,-87.0],[141.0,-87.0],[140.4,-86.60000000000001],[139.0,-86.33333333333333],[135.0,-86.75],[134.0,-86.66666666666667],[132.0,-86.75],[129.0,-86.33333333333333],[128.0,-86.6],[127.0,-86.5],[124.0,-86.75],[123.00000000000001,-86.66666666666667],[122.0,-86.0],[121.0,-86.66666666666667],[120.5,-86.5],[120.0,-86.0],[119.0,-86.0],[118.4,-86.4],[117.66666666666667,-86.66666666666667],[117.0,-86.75],[116.33333333333334,-86.66666666666667],[116.0,-86.5],[113.8,-86.8],[113.0,-87.0],[112.4,-87.4],[112.0,-87.5],[110.0,-87.5],[109.60000000000001,-87.6],[109.0,-88.0],[106.0,-88.0],[106.5,-88.5],[106.4,-89.4],[105.00000000000001,-89.66666666666667],[103.0,-89.66666666666667],[102.0,-90.0],[101.30769230769232,-89.69230769230771],[100.0,-89.75],[99.33333333333334,-89.66666666666667],[98.60000000000001,-89.4],[98.5,-89.0],[98.0,-88.5],[96.71428571428571,-88.71428571428571],[95.0,-89.5],[94.60000000000001,-89.4],[94.5,-89.0],[94.0,-88.66666666666667],[93.0,-88.5],[92.0,-88.5],[91.0,-88.0],[88.0,-87.85714285714286],[86.0,-88.0],[85.0,-88.66666666666667],[84.0,-88.6],[83.73333333333333,-88.73333333333333],[83.33333333333334,-89.33333333333334],[83.0,-89.5],[82.66666666666667,-89.33333333333334],[82.6,-89.0],[82.3157894736842,-88.68421052631578],[82.0,-88.57142857142857],[80.0,-88.71428571428571],[79.5,-89.0],[79.4,-89.4],[79.0,-89.66666666666667],[78.0,-90.0],[76.0,-90.0],[76.0,-89.0],[75.0,-88.75],[74.0,-88.75],[73.84615384615384,-88.84615384615384],[73.60000000000001,-89.60000000000001],[73.0,-89.8],[72.5,-89.5],[72.3,-88.7],[71.0,-88.42857142857143],[69.56521739130434,-88.56521739130434],[69.0,-89.0],[68.43478260869566,-88.56521739130434],[68.0,-88.44444444444444],[64.0,-88.5],[63.2,-89.0],[63.22222222222222,-89.22222222222223],[63.0,-89.5],[62.75,-89.25],[62.75,-89.0],[62.0,-88.69999999999999],[60.0,-88.80000000000001],[59.0,-88.63636363636363],[55.0,-88.84615384615384],[52.0,-88.6923076923077],[45.7,-88.7],[44.5,-89.0],[44.400000000000006,-89.4],[44.0,-90.0],[43.60000000000001,-89.4],[43.5,-89.0],[42.0,-88.75],[38.0,-89.0],[37.4,-89.4],[37.0,-89.5],[36.0,-89.5],[35.66666666666667,-89.66666666666667],[35.0,-89.75],[32.8,-89.80000000000001],[32.0,-90.0],[31.0,-89.66666666666667],[30.0,-89.5],[29.6,-89.60000000000001],[29.0,-90.0],[28.333333333333336,-89.66666666666667],[28.0,-89.66666666666667],[27.0,-89.0],[26.0,-89.66666666666667],[25.0,-90.0],[24.0,-90.0],[23.25,-89.75],[20.0,-89.66666666666667],[19.0,-89.8],[17.75,-89.75],[17.0,-90.0],[16.333333333333336,-89.66666666666667],[16.0,-89.66666666666667],[15.857142857142858,-89.85714285714286],[15.0,-90.0],[13.083333333333334,-89.91666666666666],[10.0,-90.0],[7.857142857142858,-89.85714285714286],[7.0,-90.0],[6.0,-89.66666666666667],[5.857142857142857,-89.85714285714286],[4.913043478260869,-89.91304347826086],[0.0,-89.81818181818181],[-1.0,-89.9090909090909],[-1.8666666666666667,-89.86666666666667],[-2.0,-89.75],[-3.0,-89.6],[-3.235294117647059,-89.76470588235294],[-4.0,-89.9],[-6.0,-89.77777777777777],[-7.0,-90.0],[-9.222222222222221,-89.77777777777777],[-10.0,-90.0],[-11.0,-90.0],[-11.666666666666668,-89.66666666666667],[-13.25,-89.75],[-14.0,-90.0],[-15.0,-89.0],[-17.0,-88.91666666666666],[-19.0,-89.0],[-21.0,-88.78571428571429],[-26.0,-88.88888888888887],[-27.0,-88.72727272727273],[-29.0,-88.66666666666667],[-30.000000000000004,-88.66666666666667],[-32.0,-89.0],[-33.0,-89.0],[-34.0,-88.625],[-36.0,-88.66666666666667],[-37.0,-89.0],[-39.0,-89.0],[-40.0,-88.66666666666667],[-41.0,-88.0],[-41.63636363636364,-88.36363636363636],[-42.4,-88.6],[-43.0,-89.0],[-44.0,-88.66666666666667],[-45.0,-89.0],[-45.6,-88.6],[-46.0,-88.0],[-46.66666666666667,-88.33333333333334],[-48.0,-88.33333333333334],[-49.0,-89.0],[-51.0,-89.0],[-52.0,-88.5],[-54.0,-88.25],[-54.6,-88.4],[-55.0,-89.0],[-56.0,-88.0],[-58.0,-88.0],[-58.60000000000001,-87.6],[-60.0,-87.5],[-60.5,-87.0],[-58.33333333333334,-86.66666666666667],[-57.6,-86.4],[-57.0,-86.0],[-56.166666666666664,-85.83333333333333],[-55.0,-86.0],[-54.333333333333336,-86.33333333333334],[-53.71428571428571,-86.28571428571428],[-53.0,-86.0],[-53.333333333333336,-85.33333333333334],[-53.33333333333333,-85.0],[-54.0,-84.5],[-57.28571428571428,-84.28571428571428],[-58.0,-84.0],[-59.0,-83.0],[-58.0,-82.5],[-57.00000000000001,-82.33333333333334],[-56.0,-82.0],[-55.0,-82.0],[-54.25,-81.0],[-54.5,-80.5],[-55.111111111111114,-80.11111111111111],[-55.0,-79.94736842105263],[-53.0,-80.0],[-52.21052631578948,-80.21052631578948],[-49.0,-80.46153846153845],[-48.60000000000001,-80.4],[-48.0,-80.0],[-46.0,-79.53125],[-43.0,-79.38709677419355],[-42.0,-79.52173913043478],[-39.676767676767675,-79.32323232323232],[-39.00000000000001,-79.13333333333334],[-35.0,-79.62068965517241],[-31.0,-79.38461538461539],[-29.6,-80.0],[-29.77777777777778,-80.22222222222223],[-30.444444444444443,-80.55555555555556],[-33.125,-80.875],[-33.61904761904762,-81.38095238095238],[-34.315789473684205,-81.68421052631578],[-35.0,-81.75],[-37.0,-81.625],[-38.0,-81.25],[-39.0,-81.25],[-39.400000000000006,-81.60000000000001],[-40.0,-81.77777777777777],[-41.0,-81.75],[-42.00000000000001,-81.89999999999999],[-43.0,-81.75],[-46.0,-82.0],[-45.0,-82.5],[-44.66666666666667,-83.0],[-44.266666666666666,-83.26666666666667],[-43.0,-83.5],[-42.0,-83.25],[-40.0,-83.25],[-39.0,-83.4],[-34.0,-83.5],[-33.0,-83.4],[-31.0,-83.6],[-30.0,-83.5],[-27.0,-83.8],[-26.0,-83.6],[-25.0,-83.6],[-23.666666666666668,-83.66666666666667],[-23.0,-84.0],[-22.0,-84.0],[-21.2,-84.2],[-16.0,-84.2],[-15.0,-84.4],[-14.0,-84.8],[-13.0,-84.66666666666667],[-12.75,-84.75],[-12.25,-85.25],[-12.0,-85.25],[-11.0,-85.75],[-10.0,-85.5],[-8.0,-85.625],[-7.0,-85.375],[-5.999999999999999,-85.3],[-5.181818181818182,-84.81818181818181],[-3.5555555555555554,-84.44444444444443],[-2.6666666666666665,-84.0],[-3.6000000000000005,-83.6],[-5.0,-83.36363636363637],[-6.0,-83.4],[-7.25,-83.25],[-8.5,-83.0],[-9.0,-82.66666666666667],[-11.0,-82.0],[-12.0,-81.0],[-12.4,-80.4],[-12.6,-79.6],[-13.5,-79.5],[-14.0,-79.0],[-13.5,-78.5],[-13.0,-78.5],[-12.666666666666668,-78.33333333333334],[-12.666666666666668,-78.0],[-13.0,-77.66666666666667],[-13.4,-77.6],[-14.0,-78.0],[-14.0,-77.0],[-15.0,-76.33333333333333],[-16.0,-76.25],[-17.0,-76.57142857142857],[-17.38095238095238,-76.38095238095238],[-17.88235294117647,-75.88235294117646],[-19.0,-75.69999999999999],[-20.08695652173913,-75.91304347826087],[-22.5,-76.0],[-22.799999999999997,-76.2],[-22.71428571428571,-76.71428571428572],[-22.8,-77.0],[-22.484848484848488,-77.48484848484848],[-22.0,-77.72727272727272],[-20.833333333333332,-78.0],[-22.0,-78.375],[-24.0,-78.66666666666667],[-24.266666666666666,-78.26666666666667],[-24.210526315789473,-78.0],[-24.454545454545453,-77.45454545454545],[-25.0,-77.21052631578948],[-26.0,-77.2],[-26.555555555555554,-76.55555555555556],[-27.0,-76.53846153846155],[-27.285714285714285,-76.71428571428572],[-27.702127659574465,-77.29787234042553],[-28.0,-77.46666666666667],[-29.0,-77.26086956521739],[-30.38095238095238,-77.38095238095238],[-33.857142857142854,-77.14285714285714],[-34.515151515151516,-77.48484848484848],[-36.0,-77.55555555555556],[-37.0,-77.33333333333333],[-37.166666666666664,-77.16666666666666],[-37.125,-77.0],[-37.588235294117645,-76.58823529411765],[-39.0,-76.375],[-39.434782608695656,-76.56521739130434],[-39.63636363636363,-77.36363636363637],[-41.0,-77.11764705882354],[-42.17142857142857,-77.17142857142858],[-43.0,-77.0],[-42.0,-76.4],[-41.0,-76.6],[-40.074074074074076,-75.92592592592594],[-38.0,-75.41176470588235],[-37.0,-75.77777777777777],[-36.0,-75.61538461538461],[-35.71428571428571,-75.71428571428571],[-35.266666666666666,-76.26666666666667],[-34.470588235294116,-76.47058823529412],[-34.0,-76.8],[-32.75,-76.25],[-31.0,-76.2],[-30.242424242424242,-75.75757575757575],[-29.0,-75.91666666666666],[-27.909090909090907,-74.99999999999999],[-26.166666666666668,-74.0],[-26.0,-73.33333333333334],[-25.818181818181817,-74.0],[-25.0,-74.26470588235294],[-23.768115942028984,-74.23188405797102],[-23.11111111111111,-74.0],[-22.18181818181818,-72.81818181818181],[-21.0,-72.3913043478261],[-20.0,-72.25],[-18.0,-71.47826086956522],[-16.0,-71.6923076923077],[-14.0,-71.4],[-13.661971830985916,-71.66197183098592],[-13.625,-72.0],[-13.344827586206897,-72.34482758620689],[-13.0,-72.37037037037037],[-11.416666666666668,-72.0],[-11.32258064516129,-71.6774193548387],[-11.0,-71.5],[-8.708333333333332,-71.29166666666666],[-6.0,-71.28571428571428],[-4.0,-71.48],[-3.0,-71.37142857142857],[-2.0,-71.5909090909091],[-1.0,-71.5],[0.0,-71.23529411764706],[1.0,-71.42857142857142],[2.0,-71.3421052631579],[2.495049504950495,-71.5049504950495],[3.0,-72.0],[4.0,-71.54545454545453],[7.666666666666668,-71.33333333333334],[8.0,-71.375],[8.285714285714285,-71.71428571428571],[8.333333333333334,-72.0],[9.0,-72.3125],[14.0,-72.17021276595744],[15.756756756756758,-72.24324324324324],[17.51219512195122,-72.48780487804878],[18.0,-73.0],[18.853658536585364,-73.14634146341464],[19.13953488372093,-73.13953488372093],[19.724137931034484,-72.72413793103448],[20.0,-72.66666666666667],[20.333333333333336,-72.66666666666667],[21.0,-73.08333333333333],[21.200000000000003,-73.0],[21.88888888888889,-71.88888888888889],[23.0,-72.0],[24.0,-71.5],[25.0,-71.66666666666667],[25.235294117647058,-71.23529411764706],[26.89189189189189,-70.89189189189189],[29.0,-71.8],[29.666666666666668,-71.66666666666667],[30.0,-71.0],[30.2,-72.0],[31.2,-72.19999999999999],[31.666666666666664,-72.0],[31.333333333333336,-71.0],[31.400000000000002,-70.60000000000001],[31.0,-70.0],[32.0,-70.0],[32.68421052631579,-70.3157894736842],[33.0,-70.33333333333334],[33.6,-70.0],[34.81818181818182,-69.81818181818181],[35.0,-69.5],[36.0,-69.77777777777777],[37.0,-69.22222222222221],[37.048780487804876,-68.99999999999999],[37.6829268292683,-68.6829268292683],[38.0,-68.62135922330097],[39.0,-68.95238095238095],[40.0,-69.0],[41.0,-69.66666666666667],[41.3921568627451,-69.3921568627451],[41.66666666666667,-68.66666666666667],[43.0,-68.38095238095238],[43.57142857142857,-68.0],[46.0,-67.8],[48.0,-67.82051282051282],[48.28865979381443,-68.28865979381443],[48.044444444444444,-68.95555555555556],[48.88679245283019,-68.88679245283018],[50.0,-69.27272727272727],[51.0,-68.95522388059702],[52.2,-69.8],[53.0,-69.95],[54.5,-70.0],[55.0,-70.21052631578948],[56.0625,-70.0625],[57.17777777777778,-70.17777777777778],[59.0,-70.0],[58.73913043478261,-70.73913043478261],[58.85,-71.15],[60.60000000000001,-71.4],[61.23529411764706,-71.76470588235294],[61.28571428571428,-72.0],[60.56363636363637,-72.56363636363636],[60.30434782608696,-73.30434782608695],[59.0,-73.5],[58.64102564102564,-73.64102564102564],[58.111111111111114,-74.11111111111111],[57.71428571428571,-74.28571428571428],[57.28571428571428,-74.28571428571428],[57.434782608695656,-74.56521739130434],[57.333333333333336,-75.0],[58.0,-75.83333333333333],[58.16666666666667,-75.83333333333333],[58.54545454545455,-77.0],[59.0,-77.33333333333334],[60.0,-77.2],[60.27272727272728,-77.0],[60.22222222222222,-76.77777777777777],[60.0,-76.8125],[59.5438596491228,-76.45614035087719],[59.434782608695656,-76.0],[59.61194029850746,-75.61194029850746],[60.40625,-75.59375],[60.8125,-76.0],[60.77777777777778,-76.22222222222223],[61.0,-76.27272727272728],[61.16666666666667,-76.16666666666667],[61.16666666666667,-75.0],[61.5,-74.5],[62.0,-74.44444444444444],[62.344827586206904,-74.65517241379311],[63.0,-75.46153846153845],[64.6923076923077,-74.6923076923077],[65.62962962962963,-73.62962962962962],[66.0,-73.44444444444444],[66.42105263157895,-73.42105263157895],[66.8,-73.0],[66.66666666666667,-72.0],[67.0,-71.8125],[67.375,-72.0],[67.5,-72.5],[68.0,-72.83333333333333],[68.71428571428571,-72.71428571428571],[69.0,-72.0],[69.75,-71.75],[71.46153846153847,-71.46153846153847],[72.0,-71.0],[72.77777777777777,-71.22222222222221],[74.0,-71.28571428571428],[75.21428571428572,-71.21428571428572],[76.0,-70.875],[77.0,-71.375],[79.0,-71.125],[80.0,-71.58333333333333],[80.37837837837839,-71.37837837837839],[80.55555555555556,-70.55555555555556],[81.0,-70.2],[81.5,-70.5],[81.75,-71.25],[82.0,-71.42857142857142],[84.42857142857143,-70.42857142857143],[86.0,-70.16666666666667],[86.33333333333334,-70.0],[85.28571428571428,-69.71428571428572],[84.6470588235294,-69.35294117647058],[84.5,-69.0],[84.83783783783784,-68.83783783783784],[85.72093023255815,-68.72093023255813],[88.0,-68.72222222222223],[91.0,-68.2],[92.7037037037037,-68.29629629629629],[94.0,-68.2],[95.0,-68.33333333333334],[95.75,-68.25],[96.36363636363637,-68.0],[96.5,-67.5],[97.0,-67.125],[97.60714285714286,-67.39285714285714],[98.0,-67.39285714285714],[98.95061728395062,-66.95061728395062],[101.0,-67.05882352941177],[102.0,-67.52380952380952],[103.0,-68.18181818181817],[104.0,-68.1875],[105.0,-68.60714285714286],[105.60000000000001,-68.60000000000001],[106.0,-68.44444444444444],[106.5,-68.5],[107.0,-69.0]],[[165.09302325581393,-78.90697674418605],[164.77777777777777,-79.0],[165.0,-79.4],[165.44444444444446,-79.44444444444443],[166.0,-79.0],[165.09302325581393,-78.90697674418605]],[[163.0,-81.0],[165.0,-81.32352941176471],[166.0,-81.26470588235294],[166.4736842105263,-81.0],[166.0,-80.0],[165.0,-80.21428571428571],[164.0,-80.875],[163.0,-81.0]],[[162.10526315789474,-80.89473684210526],[161.88888888888889,-81.0],[163.0,-81.0],[162.10526315789474,-80.89473684210526]],[[155.5,-85.0],[151.27777777777777,-84.72222222222223],[146.0,-84.72222222222223],[140.0,-84.2],[132.0,-84.69999999999999],[131.0,-84.625],[129.8095238095238,-84.80952380952381],[123.99999999999999,-84.70588235294117],[123.0,-84.8],[122.5,-85.0],[122.57142857142858,-85.42857142857143],[123.36363636363637,-85.63636363636364],[128.0,-85.5],[129.0,-85.75],[130.0,-85.5],[132.0,-85.5],[133.28571428571428,-85.71428571428571],[135.0,-85.66666666666666],[137.0,-85.9090909090909],[138.0,-85.81818181818183],[142.0,-86.0],[143.0,-85.66666666666666],[147.0,-85.83333333333334],[148.0,-85.71428571428572],[149.0,-85.85714285714286],[151.0,-85.71428571428572],[153.0,-85.4],[155.0,-85.25],[155.5,-85.0]],[[115.0,-85.33333333333334],[115.33333333333334,-85.33333333333334],[116.0,-85.0],[114.89473684210527,-84.89473684210526],[114.5,-85.0],[115.0,-85.33333333333334]],[[156.5,-79.0],[156.0,-78.85714285714286],[155.0,-79.0],[156.5,-79.0]],[[156.16666666666666,-77.0],[155.9047619047619,-76.90476190476191],[155.75,-77.0],[155.88235294117646,-77.11764705882352],[156.16666666666666,-77.0]],[[159.10526315789474,-73.89473684210526],[158.83783783783784,-73.83783783783784],[158.0,-74.0],[158.0,-75.0],[159.0,-75.13636363636364],[159.5,-75.0],[159.22222222222223,-74.77777777777777],[159.10526315789474,-73.89473684210526]],[[164.0,-75.5],[164.4,-75.4],[164.79999999999998,-75.0],[164.25806451612902,-74.74193548387098],[163.0,-75.0],[163.5897435897436,-75.41025641025641],[164.0,-75.5]],[[165.0,-82.37704918032787],[164.6020942408377,-82.60209424083769],[164.46478873239437,-83.0],[164.6398104265403,-83.3601895734597],[165.0,-83.5205479452055],[165.34545454545454,-83.34545454545454],[165.52054794520546,-83.0],[165.38578680203045,-82.61421319796955],[165.0,-82.37704918032787]],[[172.0,-83.40277777777777],[171.61946902654867,-83.61946902654867],[171.41095890410958,-84.0],[171.5962441314554,-84.4037558685446],[172.0,-84.61428571428571],[172.38565022421525,-84.38565022421525],[172.49425287356323,-84.0],[172.38738738738738,-83.61261261261261],[172.0,-83.40277777777777]],[[173.6195652173913,-83.61956521739131],[173.64646464646466,-84.35353535353535],[174.0,-84.57377049180329],[174.36649214659687,-84.36649214659687],[174.5072463768116,-84.0],[174.40935672514618,-83.59064327485379],[174.0,-83.3],[173.6195652173913,-83.61956521739131]],[[-38.00000000000001,-85.85714285714286],[-38.333333333333336,-86.0],[-38.4,-86.4],[-38.0,-87.0],[-37.0,-87.0],[-37.5,-86.5],[-37.5,-86.0],[-38.00000000000001,-85.85714285714286]],[[-36.18181818181819,-87.18181818181819],[-33.0,-87.28571428571429],[-32.0,-87.0],[-32.6,-86.60000000000001],[-34.0,-86.33333333333333],[-36.333333333333336,-86.66666666666667],[-37.0,-87.0],[-36.18181818181819,-87.18181818181819]],[[-30.866666666666667,-87.13333333333334],[-30.0,-87.0],[-31.0,-86.75],[-32.0,-87.0],[-30.866666666666667,-87.13333333333334]],[[-18.266666666666666,-85.73333333333333],[-18.666666666666668,-86.0],[-18.307692307692307,-86.30769230769232],[-17.0,-86.5],[-14.0,-86.25],[-13.5,-86.0],[-13.666666666666668,-85.66666666666667],[-14.0,-85.5],[-16.0,-85.66666666666667],[-17.0,-85.42857142857143],[-18.266666666666666,-85.73333333333333]],[[-1.8,-82.19999999999999],[-1.6,-82.0],[-1.7142857142857142,-81.71428571428571],[-2.0,-81.5],[-3.0,-82.0],[-2.25,-82.25],[-1.8,-82.19999999999999]],[[0.8333333333333334,-83.0],[1.6129032258064515,-83.38709677419354],[3.0,-83.53846153846153],[4.4,-83.4],[5.333333333333334,-83.0],[3.411764705882353,-82.58823529411765],[2.0,-82.5],[1.5555555555555554,-82.55555555555554],[1.0,-82.80000000000001],[0.8333333333333334,-83.0]],[[37.5,-79.5],[36.0,-79.6],[35.8,-80.0],[36.0,-80.66666666666667],[37.0,-80.4],[38.333333333333336,-80.33333333333334],[38.5,-80.0],[38.5,-79.5],[39.0,-79.0],[38.0,-79.0],[37.5,-79.5]],[[43.0,-79.33333333333334],[43.2,-79.0],[43.04651162790698,-78.95348837209302],[41.826086956521735,-78.82608695652173],[40.5,-79.0],[40.71428571428571,-79.28571428571428],[42.0,-79.66666666666666],[43.0,-79.33333333333334]],[[45.0,-73.6],[45.272727272727266,-73.27272727272727],[45.25,-73.0],[45.0,-72.78571428571428],[44.4,-73.0],[45.0,-73.6]],[[54.629629629629626,-75.62962962962962],[54.090909090909086,-76.0],[54.57446808510638,-76.42553191489361],[55.43478260869565,-76.43478260869566],[55.55555555555556,-76.0],[55.298507462686565,-75.70149253731343],[55.0,-75.58333333333333],[54.629629629629626,-75.62962962962962]],[[56.12903225806451,-76.87096774193549],[55.71428571428571,-76.71428571428572],[55.90243902439025,-77.09756097560975],[56.66666666666667,-77.0],[56.12903225806451,-76.87096774193549]],[[64.0,-77.5],[64.42857142857143,-77.57142857142857],[65.0,-78.0],[65.75438596491227,-78.24561403508773],[66.24561403508773,-78.24561403508773],[66.875,-78.0],[66.37837837837839,-77.62162162162163],[65.53333333333333,-77.46666666666667],[65.0,-76.83333333333334],[64.0,-76.75],[63.4,-77.0],[64.0,-77.5]],[[69.75,-78.0],[69.0,-77.72727272727272],[68.25,-78.0],[69.0,-78.1875],[69.75,-78.0]],[[88.25,-70.0],[88.00000000000001,-69.83333333333334],[87.66666666666667,-70.0],[88.0,-70.125],[88.25,-70.0]],[[99.0,-71.0],[98.16666666666666,-70.83333333333333],[97.78947368421052,-70.21052631578948],[97.83333333333334,-70.0],[97.38461538461539,-69.61538461538461],[95.0,-69.32],[93.78260869565217,-69.78260869565217],[93.5,-70.0],[94.3,-70.7],[95.0,-71.0],[96.33333333333334,-71.0],[96.5,-72.0],[97.0,-72.25],[97.19999999999999,-72.19999999999999],[97.53846153846153,-71.53846153846153],[98.0,-71.25],[99.0,-71.0]],[[94.5,-71.5],[92.75,-71.75],[92.44444444444444,-72.0],[92.4,-72.4],[92.0,-72.66666666666667],[91.69230769230771,-72.69230769230771],[91.6,-73.0],[92.0,-73.28571428571429],[93.1,-73.10000000000001],[95.0,-72.125],[95.5,-72.0],[95.4,-71.60000000000001],[95.0,-71.0],[94.5,-71.5]],[[111.0,-84.66666666666667],[113.0,-84.0],[110.90697674418605,-83.90697674418604],[110.0,-84.0],[111.0,-84.66666666666667]],[[3.3076923076923084,-85.30769230769232],[4.0,-85.0],[3.347826086956522,-84.65217391304347],[3.0,-84.6],[0.5,-85.0],[2.6521739130434785,-85.34782608695653],[3.3076923076923084,-85.30769230769232]],[[106.28571428571428,-79.71428571428571],[106.5,-80.0],[107.18181818181819,-80.18181818181819],[108.0,-80.25],[108.2,-80.2],[108.33333333333334,-80.0],[107.71428571428571,-79.71428571428571],[107.28571428571428,-79.71428571428571],[106.71428571428571,-79.28571428571428],[106.80000000000001,-79.0],[106.29629629629629,-78.7037037037037],[104.7037037037037,-78.29629629629629],[104.0,-77.80000000000001],[102.0,-77.33333333333333],[101.0,-77.25],[99.0,-77.5],[98.0,-77.33333333333333],[97.6,-77.6],[97.33333333333333,-78.0],[99.73913043478261,-78.26086956521739],[100.47058823529412,-78.52941176470587],[100.86046511627907,-79.13953488372093],[101.6734693877551,-79.32653061224491],[103.6470588235294,-79.35294117647058],[105.45714285714286,-79.54285714285714],[106.0,-79.8],[106.28571428571428,-79.71428571428571]],[[99.0,-82.8235294117647],[98.4,-83.0],[99.0,-83.2],[103.0,-83.10000000000001],[104.0,-83.33333333333334],[104.27272727272727,-83.27272727272727],[104.5,-83.0],[104.0,-82.875],[101.04878048780489,-82.95121951219512],[99.0,-82.8235294117647]],[[108.33333333333334,-84.0],[107.0,-84.0],[107.89473684210527,-84.10526315789473],[108.33333333333334,-84.0]]],[[[124.35294117647058,-77.35294117647058],[123.0,-77.41666666666667],[122.72972972972974,-77.27027027027027],[122.58333333333333,-77.0],[123.0,-76.5],[124.31578947368419,-76.68421052631578],[125.0,-77.0],[124.35294117647058,-77.35294117647058]]],[[[115.82222222222222,-74.17777777777778],[113.5,-74.0],[113.88235294117646,-73.88235294117646],[116.0,-73.76470588235294],[116.66666666666669,-74.0],[115.82222222222222,-74.17777777777778]]],[[[123.0,-70.0],[122.0,-70.0],[121.0,-69.66666666666667],[120.63636363636364,-69.63636363636364],[120.0,-70.0],[119.36363636363636,-69.63636363636364],[119.0,-69.66666666666667],[118.55555555555554,-69.44444444444444],[118.33333333333334,-69.0],[118.55555555555554,-68.55555555555556],[119.375,-68.375],[119.6,-68.0],[119.89999999999999,-67.9],[120.66666666666667,-68.0],[120.8,-68.2],[121.00000000000001,-68.2],[122.0,-68.0],[122.6969696969697,-67.6969696969697],[124.17142857142856,-67.82857142857142],[124.6,-68.0],[124.5,-69.0],[125.0,-70.0],[124.4,-70.4],[123.66666666666667,-70.33333333333334],[123.0,-70.0]]],[[[107.58333333333334,-68.58333333333334],[107.0,-69.0],[107.25,-68.25],[107.09090909090908,-68.0],[107.72222222222223,-67.72222222222223],[110.0,-67.55555555555556],[113.0,-67.85714285714286],[113.5,-68.0],[113.0,-68.2],[112.27272727272727,-68.27272727272727],[111.0,-68.26315789473685],[108.00000000000001,-68.66666666666667],[107.58333333333334,-68.58333333333334]]],[[[129.0,-68.0],[128.0,-67.0],[129.25,-67.0],[129.33333333333334,-67.33333333333334],[129.0,-68.0]]],[[[72.38297872340425,-57.38297872340426],[72.54545454545455,-57.0],[72.76744186046511,-56.76744186046511],[73.0,-56.72727272727273],[73.19736842105263,-57.19736842105263],[73.0,-57.51724137931034],[72.64102564102564,-57.64102564102564],[72.73584905660377,-58.0],[72.47272727272727,-58.47272727272727],[72.0,-58.709090909090904],[71.51552795031057,-58.484472049689444],[71.27777777777777,-58.0],[71.53846153846153,-57.53846153846154],[72.0,-57.315789473684205],[72.38297872340425,-57.38297872340426]]],[[[67.92592592592592,-55.0],[67.4032258064516,-55.403225806451616],[67.0,-55.46296296296296],[66.24242424242425,-55.0],[66.4,-54.400000000000006],[67.0,-54.10714285714286],[67.1875,-54.1875],[68.0,-54.0],[67.92592592592592,-55.0]]],[[[69.7948717948718,-54.205128205128204],[69.2,-54.0],[70.0,-53.69230769230769],[70.57142857142857,-54.0],[69.7948717948718,-54.205128205128204]]],[[[66.0,-52.54545454545455],[66.55555555555556,-53.0],[66.3448275862069,-53.344827586206904],[66.0,-53.416666666666664],[65.81818181818181,-53.18181818181819],[65.0,-53.0],[66.0,-52.54545454545455]]],[[[64.73770491803279,-52.26229508196721],[65.0,-53.0],[64.38524590163934,-53.385245901639344],[64.0,-53.4017094017094],[63.265625,-53.0],[63.425,-52.575],[63.36363636363636,-52.36363636363636],[63.61538461538461,-52.38461538461538],[64.0,-52.17543859649123],[64.73770491803279,-52.26229508196721]]],[[[60.120000000000005,-50.879999999999995],[59.239999999999995,-50.76],[59.0,-50.57142857142857],[58.85714285714286,-50.14285714285714],[59.0,-49.89473684210526],[60.0,-49.4],[61.0,-49.11111111111111],[61.45070422535212,-49.54929577464789],[61.58823529411764,-50.588235294117645],[61.53333333333333,-51.46666666666667],[62.0,-52.0],[61.33333333333334,-51.66666666666667],[61.0,-51.90909090909091],[60.69230769230769,-51.30769230769231],[60.120000000000005,-50.879999999999995]]],[[[139.03174603174602,-30.96825396825397],[140.0625,-31.0],[140.0,-31.5],[139.66666666666669,-31.66666666666667],[139.5,-32.0],[139.66666666666669,-32.333333333333336],[140.0,-32.5],[140.0,-33.5],[139.66666666666669,-33.66666666666667],[139.5,-34.0],[139.66666666666669,-34.333333333333336],[140.0,-34.5],[140.05555555555557,-37.05555555555556],[140.0,-37.5],[139.77777777777777,-37.77777777777777],[139.86666666666667,-38.13333333333333],[140.7142857142857,-38.285714285714285],[141.0,-38.5],[141.1818181818182,-38.18181818181818],[141.53153153153153,-38.468468468468465],[142.0,-38.440677966101696],[142.41509433962264,-38.58490566037736],[142.62264150943395,-39.0],[142.29166666666669,-40.0],[142.6822429906542,-40.3177570093458],[143.51020408163265,-40.48979591836734],[143.8125,-41.0],[143.75675675675677,-41.24324324324324],[144.0,-42.0],[145.0,-41.77777777777777],[145.35897435897436,-41.35897435897436],[146.0,-41.233333333333334],[146.58620689655172,-41.41379310344828],[147.0,-41.94736842105264],[147.44444444444446,-41.44444444444444],[148.0,-41.31428571428572],[148.49230769230772,-41.50769230769231],[148.95999999999998,-42.0],[148.96296296296296,-42.96296296296296],[148.83333333333334,-43.0],[148.86666666666667,-43.13333333333333],[149.0,-43.25],[150.0,-43.400000000000006],[150.1875,-44.1875],[150.14285714285714,-44.85714285714286],[151.0,-45.2],[151.21052631578948,-46.78947368421053],[151.78947368421052,-46.78947368421053],[152.06349206349208,-46.93650793650794],[152.27586206896552,-47.724137931034484],[153.05839416058393,-47.941605839416056],[153.3272727272727,-48.67272727272727],[155.10344827586206,-48.896551724137936],[155.41176470588235,-49.58823529411765],[156.0,-50.285714285714285],[156.18867924528303,-50.81132075471698],[156.21052631578948,-52.21052631578948],[156.05882352941177,-53.0],[156.3,-53.7],[156.75,-54.0],[156.66666666666669,-55.0],[156.3404255319149,-55.34042553191489],[156.21212121212122,-56.0],[156.22535211267606,-58.225352112676056],[156.11764705882354,-58.88235294117647],[156.33333333333334,-59.0],[156.13953488372093,-59.139534883720934],[155.86666666666667,-59.86666666666667],[155.6,-60.0],[155.0,-61.0],[155.5,-61.5],[156.0,-61.599999999999994],[156.16,-61.84],[157.0,-62.142857142857146],[157.42857142857142,-62.57142857142858],[158.0,-62.76470588235294],[158.44444444444443,-63.55555555555556],[158.9090909090909,-64.0],[158.71428571428572,-65.0],[157.0,-65.22857142857143],[154.93617021276594,-65.06382978723404],[153.75342465753425,-64.24657534246575],[153.0,-64.0],[153.0,-63.0],[152.4,-63.400000000000006],[152.0,-63.333333333333336],[151.8857142857143,-63.114285714285714],[151.0,-63.0],[151.0,-62.0],[150.5,-62.5],[149.0,-62.33333333333333],[148.88235294117646,-62.11764705882353],[148.125,-61.875],[147.11111111111111,-62.11111111111111],[145.0,-62.0],[144.0,-61.66666666666667],[143.0,-61.5],[142.80952380952382,-61.19047619047619],[142.0,-60.5],[141.0,-60.75],[140.5,-60.5],[140.0,-60.0],[138.0,-60.0],[137.0,-59.66666666666667],[136.55555555555554,-59.44444444444444],[136.0,-58.66666666666667],[135.4,-59.400000000000006],[133.77777777777777,-59.77777777777778],[133.5,-60.0],[132.75,-60.0],[132.5,-59.5],[130.5,-58.5],[130.0,-58.0],[128.0,-57.57142857142857],[127.0,-57.75],[125.57142857142858,-57.42857142857143],[125.0,-57.0],[124.0,-57.66666666666667],[121.84615384615384,-57.84615384615385],[121.0,-58.33333333333333],[120.0,-58.25],[119.0,-58.800000000000004],[116.83333333333334,-58.83333333333333],[115.63636363636363,-59.63636363636364],[115.0,-59.83333333333333],[114.0,-59.85714285714286],[113.75,-60.0],[113.05128205128204,-60.05128205128205],[110.0,-60.0],[107.25,-60.25],[106.52727272727273,-60.527272727272724],[106.0,-61.0],[101.25,-61.0],[99.8,-60.0],[100.0,-59.0],[101.0,-59.0],[101.125,-58.0],[100.70588235294117,-57.294117647058826],[100.28571428571428,-57.0],[99.87878787878788,-55.12121212121212],[99.06896551724138,-55.06896551724138],[98.96825396825396,-54.96825396825397],[98.81818181818181,-53.18181818181819],[98.33333333333334,-52.0],[98.5,-51.0],[98.77777777777777,-50.77777777777778],[98.85714285714285,-50.0],[99.45714285714286,-49.457142857142856],[99.72727272727273,-49.0],[100.58333333333333,-48.583333333333336],[101.0,-47.888888888888886],[101.71428571428572,-47.71428571428571],[102.15384615384616,-47.15384615384616],[102.9047619047619,-46.904761904761905],[103.0,-46.66666666666667],[103.5,-46.5],[104.0,-46.0],[105.0,-46.0],[105.71428571428571,-46.28571428571428],[107.0,-46.0],[110.0,-46.0],[111.0,-45.0],[111.18181818181819,-43.81818181818182],[111.0,-43.0],[111.0,-42.0],[111.85714285714286,-41.857142857142854],[113.0,-41.0],[113.81818181818181,-40.81818181818182],[114.36363636363637,-40.36363636363637],[114.60000000000001,-39.6],[115.0,-39.0],[116.0,-38.333333333333336],[116.28571428571428,-38.285714285714285],[116.66666666666667,-37.66666666666667],[117.33333333333334,-37.333333333333336],[118.0,-36.5],[118.5,-36.5],[119.0,-37.0],[119.0,-36.0],[121.22222222222223,-35.77777777777778],[122.0,-36.0],[123.0,-35.5],[124.0,-35.66666666666667],[124.44444444444443,-35.44444444444444],[124.77777777777777,-34.77777777777778],[125.0,-34.666666666666664],[125.28571428571428,-34.71428571428571],[126.0,-36.0],[126.5,-36.5],[126.60000000000001,-37.4],[127.0,-38.0],[127.6,-37.6],[128.0,-37.5],[128.28571428571428,-37.71428571428571],[128.66666666666669,-38.333333333333336],[129.0,-38.5],[129.5,-38.5],[129.5,-39.5],[129.0,-40.0],[129.0,-41.0],[129.75,-41.25],[131.0,-41.25],[131.6,-41.400000000000006],[132.0,-42.0],[134.0,-42.0],[134.0,-43.0],[136.13333333333333,-43.13333333333333],[136.5,-41.0],[136.66666666666669,-40.66666666666667],[137.0,-40.5],[137.25,-40.0],[137.2,-39.8],[136.53846153846155,-39.46153846153847],[136.28571428571428,-38.71428571428571],[136.1818181818182,-37.81818181818181],[135.55555555555554,-37.44444444444444],[135.33333333333334,-37.0],[135.5,-36.5],[136.0,-36.0],[136.6,-36.400000000000006],[137.0,-37.0],[137.25,-36.0],[137.25,-35.0],[137.0,-34.5],[136.6,-34.400000000000006],[136.0,-34.0],[135.0,-34.0],[134.0,-33.0],[133.0,-33.0],[132.0,-32.5],[131.6,-32.6],[131.0,-33.0],[130.0,-32.0],[128.55555555555554,-31.444444444444443],[128.5,-31.0],[128.30769230769232,-30.692307692307693],[127.6,-30.400000000000002],[127.33333333333334,-30.000000000000004],[127.4,-29.0],[127.6,-28.6],[128.28571428571428,-28.285714285714285],[130.0,-28.111111111111107],[130.02272727272728,-28.0],[130.67424242424244,-27.674242424242422],[131.32575757575756,-27.674242424242422],[132.51295336787567,-28.48704663212435],[134.0,-28.80263157894737],[135.2714932126697,-28.728506787330318],[136.0121212121212,-28.98787878787879],[136.568345323741,-29.43165467625899],[137.27848101265823,-29.721518987341774],[138.0,-29.955882352941178],[139.01990049751242,-29.980099502487562],[139.03174603174602,-30.96825396825397]],[[120.81818181818181,-40.81818181818182],[120.66666666666667,-41.0],[121.11111111111111,-41.111111111111114],[121.11111111111111,-40.888888888888886],[120.81818181818181,-40.81818181818182]]],[[[60.833333333333336,-28.0],[60.77777777777778,-27.77777777777778],[61.0,-27.333333333333336],[61.33823529411765,-30.0],[61.0,-30.315068493150683],[60.0,-30.136363636363637],[59.83333333333333,-30.0],[60.0,-28.833333333333336],[60.48780487804878,-28.48780487804878],[60.833333333333336,-28.0]]],[[[65.24000000000001,-5.76],[66.0,-5.9743589743589745],[66.86956521739131,-5.869565217391305],[67.0,-5.0],[68.0,-5.0],[68.77777777777777,-4.777777777777778],[69.0,-4.5],[69.5,-5.5],[70.0,-6.0],[70.0,-7.0],[71.0,-7.0],[71.0,-8.0],[71.71428571428571,-8.285714285714285],[72.33333333333334,-8.333333333333334],[73.0,-8.0],[74.0,-8.0],[74.0,-7.0],[74.38095238095238,-6.380952380952381],[75.0,-6.0],[73.65217391304348,-5.6521739130434785],[73.18181818181819,-5.818181818181818],[72.55555555555556,-5.444444444444444],[72.6,-5.0],[71.53333333333333,-4.466666666666667],[71.25,-3.75],[71.0,-3.4444444444444446],[70.6923076923077,-3.3076923076923084],[70.55555555555556,-3.0],[70.7037037037037,-2.7037037037037033],[71.22222222222221,-2.2222222222222223],[72.0,-2.0],[73.0,-2.0],[74.0,-3.0],[74.88235294117648,-3.1176470588235294],[75.0,-4.0],[77.0,-4.0],[77.0,-5.0],[79.0,-5.0],[79.0,-6.0],[81.0,-6.0],[81.83333333333334,-6.166666666666667],[81.7,-6.7],[81.85,-7.15],[83.0,-7.5],[83.23913043478261,-8.23913043478261],[83.1,-8.9],[83.375,-9.0],[83.0,-9.375],[82.72727272727272,-9.272727272727273],[82.57142857142857,-9.0],[82.21052631578948,-8.789473684210527],[79.56521739130434,-8.434782608695652],[78.85714285714286,-8.142857142857142],[78.85714285714286,-8.0],[78.0,-7.4],[76.8,-7.2],[76.8,-7.0],[76.0,-6.6000000000000005],[75.7037037037037,-6.703703703703703],[75.63636363636364,-7.363636363636364],[76.0,-7.8],[76.2,-7.8],[76.4,-8.4],[76.0,-9.0],[76.55555555555556,-8.555555555555555],[78.0,-9.0],[78.36363636363636,-9.636363636363637],[79.0,-10.0],[79.53846153846155,-11.461538461538463],[80.15384615384616,-11.846153846153845],[80.6,-13.0],[80.42857142857142,-14.0],[80.28571428571428,-14.285714285714285],[79.69999999999999,-14.7],[79.13333333333333,-16.133333333333333],[77.9,-16.900000000000002],[77.66666666666667,-17.333333333333336],[78.0,-18.0],[77.42857142857143,-17.571428571428573],[76.6470588235294,-17.64705882352941],[76.0,-18.0],[75.0,-18.09090909090909],[74.0,-18.454545454545453],[72.0,-18.833333333333336],[71.75,-19.0],[70.20338983050847,-19.203389830508474],[69.25,-20.0],[68.16,-20.16],[67.0,-20.65],[66.67441860465117,-20.674418604651166],[66.125,-21.0],[64.83561643835617,-21.164383561643838],[64.0,-21.045454545454547],[63.50588235294118,-21.50588235294118],[63.432432432432435,-22.0],[62.77777777777777,-23.22222222222222],[62.6923076923077,-23.692307692307693],[61.37837837837838,-24.37837837837838],[61.0,-25.333333333333332],[60.5,-26.0],[60.400000000000006,-26.400000000000002],[60.00000000000001,-26.66666666666667],[59.66666666666667,-26.333333333333336],[59.0,-26.272727272727273],[58.753846153846155,-26.753846153846155],[58.0,-27.333333333333336],[57.230769230769226,-26.76923076923077],[57.11764705882352,-26.0],[57.139534883720934,-25.13953488372093],[57.272727272727266,-25.0],[57.05263157894737,-23.94736842105263],[57.142857142857146,-21.0],[57.57142857142857,-18.0],[57.4,-17.0],[57.6,-16.6],[58.0,-16.4],[58.114285714285714,-16.114285714285714],[58.18181818181818,-15.0],[58.36363636363636,-14.363636363636363],[58.63636363636364,-14.363636363636363],[59.117647058823536,-14.117647058823529],[59.28571428571429,-14.0],[59.266666666666666,-13.733333333333334],[59.0,-13.333333333333332],[58.0,-13.600000000000001],[57.0,-13.5],[56.892857142857146,-13.0],[57.0,-12.25],[57.15384615384615,-12.153846153846153],[57.22222222222222,-11.777777777777779],[57.0,-11.5],[56.833333333333336,-10.833333333333334],[57.0,-10.0],[56.71428571428571,-9.285714285714285],[56.0,-8.5],[55.84375,-6.0],[56.0,-4.5],[56.400000000000006,-3.4000000000000004],[56.75,-3.0],[56.71428571428571,-2.714285714285714],[58.15384615384615,-2.1538461538461537],[58.63636363636364,-1.6363636363636362],[60.0,-1.0],[60.63636363636364,-1.3636363636363635],[61.0,-1.4],[62.0,-1.2142857142857142],[63.25,-1.25],[63.73913043478261,-0.7391304347826086],[64.0,-0.6666666666666666],[64.75,-1.0],[65.76470588235294,-3.235294117647059],[66.0,-3.5],[67.0,-4.0],[65.15,-4.15],[65.20833333333334,-4.791666666666667],[65.11627906976744,-5.0],[65.24000000000001,-5.76]],[[58.400000000000006,-12.6],[59.0,-12.916666666666666],[59.6,-12.6],[59.733333333333334,-12.0],[59.5,-11.5],[59.0,-11.0],[58.2,-11.2],[58.36363636363636,-11.636363636363637],[58.266666666666666,-12.0],[58.400000000000006,-12.6]]],[[[72.4,-5.6000000000000005],[72.5,-6.0],[72.4,-6.4],[72.0,-7.0],[71.0,-7.0],[71.0,-6.0],[72.4,-5.6000000000000005]]],[[[83.0,-5.333333333333333],[82.66666666666667,-5.333333333333334],[82.0,-5.0],[82.6,-4.6],[83.0,-4.0],[83.0,-5.333333333333333]]],[[[120.0,-0.3076923076923077],[120.15384615384616,-0.8461538461538461],[120.05607476635514,-1.0560747663551402],[119.10000000000001,-1.0],[119.6086956521739,-0.6086956521739131],[120.0,-0.3076923076923077]]],[[[115.66666666666669,-0.6666666666666667],[117.0,-0.4],[117.22222222222223,-0.2222222222222222],[117.47058823529412,0.47058823529411764],[117.4,0.6000000000000001],[117.6,0.6000000000000001],[118.0,0.875],[118.36842105263159,0.368421052631579],[118.33333333333333,0.0],[118.91666666666666,-1.0],[117.74418604651163,-1.255813953488372],[117.18181818181819,-1.1818181818181817],[117.0,-1.6],[116.84,-1.16],[115.66666666666666,-1.0],[115.66666666666669,-0.6666666666666667]]],[[[114.0,-2.0],[113.77272727272728,-1.2272727272727273],[113.0,-1.0857142857142859],[112.2051282051282,-1.2051282051282053],[112.05882352941177,-2.0],[111.0,-2.1048387096774195],[110.38095238095238,-2.0],[110.32,-1.68],[110.0,-1.5],[109.0,-1.6153846153846154],[108.75,-2.0],[108.0,-2.1181102362204722],[105.47619047619047,-1.5238095238095237],[105.0,-1.2857142857142856],[104.91011235955057,-1.0898876404494382],[102.94152046783626,-1.0584795321637426],[102.44736842105263,-0.5526315789473684],[101.58823529411765,0.0],[101.57575757575758,0.42424242424242425],[102.08695652173913,0.9130434782608696],[103.0,1.0],[107.9375,0.9375],[109.19999999999999,0.8],[110.0,1.0],[110.5,1.5],[112.4,1.4000000000000001],[113.60000000000001,0.6000000000000001],[115.0,0.5],[115.33333333333334,0.33333333333333337],[115.33333333333334,-0.33333333333333337],[115.0,-0.33333333333333337],[114.69230769230771,-0.6923076923076923],[114.71428571428571,-1.0],[114.0,-2.0]]],[[[119.25,1.75],[121.0,2.5],[122.0,2.333333333333333],[122.25,2.75],[122.4,3.6000000000000005],[122.53846153846155,3.5384615384615383],[123.0,3.6999999999999997],[123.46666666666667,3.466666666666667],[123.75,2.25],[123.66666666666667,2.0],[122.05,1.95],[121.63636363636363,1.3636363636363635],[121.68421052631578,1.0],[121.0,0.5666666666666667],[120.0,0.36363636363636365],[119.22222222222223,1.0],[119.33333333333334,1.3333333333333333],[119.25,1.75]]],[[[114.66666666666667,2.0],[114.44444444444444,1.5555555555555554],[114.00000000000001,1.3333333333333335],[113.5,1.5],[113.33333333333334,2.0],[113.4,2.6],[113.7142857142857,3.2857142857142856],[114.28571428571428,3.2857142857142856],[114.5,3.0],[114.66666666666667,2.0]]],[[[120.75,11.0],[120.8,10.8],[121.5,10.0],[121.66666666666667,9.0],[122.0,8.0],[122.6,7.6],[122.75,7.0],[122.46153846153847,6.538461538461538],[122.0,6.4],[121.53846153846155,6.538461538461538],[121.18181818181819,7.181818181818182],[120.77777777777777,7.222222222222222],[120.5,7.0],[120.5,6.0],[120.28571428571428,5.7142857142857135],[119.7142857142857,5.285714285714286],[119.0,4.5],[118.60000000000001,4.4],[117.53846153846155,4.538461538461539],[117.0,5.0],[116.0,5.0],[115.33333333333334,5.333333333333334],[115.0,6.0],[114.0,6.0],[113.25,6.25],[113.33333333333334,6.666666666666667],[113.22222222222223,7.777777777777778],[114.0,8.25],[114.35294117647058,9.647058823529411],[115.0,10.333333333333332],[115.33333333333334,11.0],[115.27272727272728,14.0],[115.0625,16.0],[116.0,16.9375],[116.91111111111113,16.91111111111111],[117.48888888888888,16.488888888888887],[117.84615384615384,16.0],[118.0,15.666666666666668],[118.21428571428572,14.214285714285715],[119.00869565217391,14.008695652173913],[119.02197802197801,13.021978021978022],[120.25,13.0],[121.5,12.0],[121.36363636363636,11.636363636363637],[120.75,11.0]],[[119.0,6.666666666666667],[119.28571428571428,6.7142857142857135],[119.5,7.0],[119.25,7.25],[119.0,7.200000000000001],[118.9,7.0],[119.0,6.666666666666667]]],[[[107.33333333333334,17.666666666666668],[107.25,19.0],[107.5,19.5],[108.0,19.75],[108.46153846153847,19.46153846153846],[108.75,19.0],[108.6,18.0],[108.375,17.625],[108.0,17.4],[107.6,17.4],[107.36363636363637,16.636363636363637],[107.0,16.333333333333336],[106.66666666666669,16.666666666666668],[106.69230769230771,17.30769230769231],[107.0,17.666666666666668],[107.33333333333334,17.666666666666668]]],[[[69.0,18.714285714285715],[69.5,18.5],[69.71428571428571,18.0],[69.1639344262295,17.83606557377049],[68.375,18.0],[68.54545454545455,18.454545454545453],[69.0,18.714285714285715]]],[[[111.77777777777777,19.22222222222222],[112.0,19.5],[112.14285714285714,19.142857142857142],[112.0,18.833333333333332],[111.81818181818181,18.818181818181817],[111.66666666666666,19.0],[111.77777777777777,19.22222222222222]]],[[[112.57894736842104,21.421052631578945],[113.0,21.666666666666668],[113.47058823529412,21.470588235294116],[113.25806451612902,20.741935483870968],[113.0,20.333333333333336],[112.55555555555556,20.555555555555554],[112.42857142857142,21.0],[112.57894736842104,21.421052631578945]]],[[[114.0,21.615384615384617],[113.52380952380952,21.523809523809522],[113.28571428571429,22.0],[113.4,22.4],[113.33333333333334,22.666666666666668],[114.0,23.0],[114.3225806451613,22.32258064516129],[114.16949152542372,21.83050847457627],[114.0,21.615384615384617]]],[[[116.0,24.75],[116.06060606060606,23.939393939393938],[115.77777777777777,23.77777777777778],[115.4,24.0],[115.60000000000001,24.400000000000002],[116.0,24.75]]],[[[64.25,32.0],[63.00000000000001,31.333333333333336],[62.55555555555555,31.555555555555557],[62.25,32.0],[62.55555555555555,32.44444444444444],[63.0,32.6],[63.421052631578945,32.578947368421055],[64.0,33.0],[64.25,32.0]]],[[[119.5,37.0],[119.22222222222223,36.77777777777778],[119.0,36.8],[118.8,37.0],[118.84615384615385,37.15384615384615],[119.22222222222223,37.22222222222222],[119.5,37.0]]],[[[105.0,18.5],[104.0,18.25],[103.75,18.0],[103.66666666666669,17.333333333333336],[103.5,17.0],[103.83333333333334,16.833333333333332],[104.0,16.0],[104.78947368421052,15.789473684210527],[105.99999999999999,15.95],[106.91666666666667,15.916666666666666],[107.42857142857144,15.428571428571429],[107.76470588235294,14.764705882352942],[107.94444444444446,13.944444444444443],[108.77777777777777,13.777777777777779],[108.93333333333334,13.0],[108.82608695652173,11.826086956521738],[108.89473684210526,11.105263157894736],[108.60000000000001,10.4],[108.0,10.0],[107.0,10.0],[106.4,10.4],[105.66666666666667,10.333333333333334],[105.0,10.0],[105.85714285714286,9.857142857142858],[106.0,9.666666666666668],[106.5,9.5],[106.66666666666667,9.0],[106.75,8.0],[106.4,7.6],[106.0,7.5],[105.60000000000001,7.6],[105.11764705882352,8.117647058823529],[103.25,8.25],[102.5,9.0],[101.15384615384616,9.153846153846153],[100.5,9.5],[100.25,10.0],[99.77777777777777,10.222222222222221],[99.0,10.0],[99.0,9.0],[99.80000000000001,8.8],[99.80000000000001,8.2],[99.92,7.92],[100.25,7.75],[101.0,8.0],[100.66666666666669,7.333333333333334],[100.82608695652175,6.826086956521738],[101.57142857142857,6.571428571428572],[101.81818181818181,5.999999999999999],[101.85714285714286,5.142857142857143],[101.75,4.75],[102.0,4.75],[102.5,5.5],[103.0,5.7142857142857135],[103.5,5.5],[104.0,4.833333333333334],[104.77777777777777,4.777777777777778],[106.0,5.0],[107.0,5.0],[107.5,4.5],[107.75,4.0],[107.92857142857143,3.928571428571429],[108.0,3.0],[109.0,3.0],[109.0,2.0],[108.4,1.6],[107.0,1.5],[106.66666666666666,2.0],[106.125,2.125],[106.0,2.4000000000000004],[104.80000000000001,2.8],[104.66666666666667,3.0],[104.0,3.2857142857142856],[102.0,3.25],[101.625,3.625],[101.33333333333334,4.333333333333334],[101.0,4.333333333333334],[100.55555555555554,4.555555555555555],[100.11764705882354,5.117647058823529],[100.0,5.5],[99.5,6.0],[98.80000000000001,6.199999999999999],[98.2,6.199999999999999],[97.71428571428571,6.7142857142857135],[97.66666666666666,7.0],[97.17391304347825,7.173913043478261],[97.0,7.4],[96.76470588235294,7.235294117647059],[96.60000000000001,6.4],[96.0,6.166666666666666],[95.8,6.199999999999999],[95.5,6.0],[95.42857142857143,4.0],[95.27272727272727,3.727272727272727],[94.60000000000001,3.4000000000000004],[94.0,3.333333333333333],[93.67741935483872,3.6774193548387095],[93.38775510204081,3.612244897959184],[92.82159624413146,3.8215962441314555],[91.58620689655173,4.0],[90.77358490566039,4.773584905660377],[88.94594594594594,4.9459459459459465],[88.48979591836735,5.489795918367347],[88.0,5.786885245901639],[86.9406779661017,5.9406779661016955],[86.46236559139784,6.46236559139785],[86.0,6.728813559322034],[85.0,6.803278688524591],[84.4935064935065,7.4935064935064934],[84.0,7.745098039215686],[83.0,7.737704918032787],[82.61904761904762,8.0],[82.42622950819673,8.426229508196721],[82.0,8.65],[79.0,8.9873417721519],[78.58904109589041,9.58904109589041],[78.0,9.745762711864407],[74.94594594594594,10.054054054054054],[73.6,10.0],[73.0,10.23076923076923],[72.73684210526315,10.736842105263158],[71.93388429752066,10.933884297520661],[70.33333333333334,11.0],[70.0,11.25],[69.71428571428572,11.714285714285714],[69.32000000000001,11.68],[68.91304347826087,11.91304347826087],[67.6,12.0],[67.0,12.5],[66.83098591549296,12.830985915492958],[65.25,13.25],[64.67441860465117,13.674418604651164],[62.372093023255815,14.372093023255815],[62.0,14.571428571428571],[61.9,14.899999999999999],[60.400000000000006,15.4],[60.0,15.619047619047619],[59.86991869918699,15.869918699186993],[58.952380952380956,16.0],[58.3921568627451,16.392156862745097],[58.0,16.5],[57.75460122699387,16.754601226993863],[56.9381443298969,16.938144329896907],[56.6,17.6],[55.89547038327526,17.89547038327526],[55.56923076923077,18.56923076923077],[54.95081967213115,19.0],[54.91111111111111,19.91111111111111],[54.77142857142857,20.228571428571428],[54.80645161290323,20.806451612903224],[54.5,21.0],[54.699999999999996,21.3],[55.0,21.42857142857143],[55.28571428571428,21.285714285714285],[55.63636363636364,20.636363636363637],[56.315789473684205,20.31578947368421],[56.599999999999994,20.0],[57.77142857142857,19.771428571428572],[58.400000000000006,19.400000000000002],[58.6,19.0],[59.0,18.666666666666668],[60.315789473684205,18.31578947368421],[62.0,17.363636363636363],[63.0,17.545454545454543],[64.0,17.2],[64.86666666666667,16.866666666666667],[66.0,16.0],[66.83673469387756,15.83673469387755],[67.0,15.692307692307693],[68.0,15.8],[68.57142857142857,15.0],[68.88888888888889,14.888888888888888],[70.0,15.166666666666666],[72.85294117647058,13.852941176470587],[74.375,13.625],[74.875,13.875],[75.0,13.0],[75.80000000000001,13.2],[76.08695652173913,13.08695652173913],[78.08695652173914,13.08695652173913],[78.5,13.0],[79.42857142857144,12.428571428571429],[80.18181818181819,12.181818181818183],[81.0,12.130434782608695],[81.5,12.5],[81.64516129032258,13.0],[81.52380952380952,13.523809523809522],[81.0,13.869565217391305],[79.77777777777777,13.777777777777779],[79.42105263157895,14.421052631578945],[78.82608695652173,14.826086956521738],[78.17391304347827,14.826086956521738],[77.6,15.0],[77.375,15.375],[76.75,15.75],[75.94285714285715,15.942857142857143],[74.875,16.0],[74.5,16.5],[73.33333333333334,17.0],[73.28571428571428,17.285714285714285],[73.0,17.5],[72.0,17.8],[71.3076923076923,18.307692307692307],[70.57142857142857,18.571428571428573],[70.14285714285714,19.142857142857142],[69.28571428571428,19.285714285714285],[68.0,19.285714285714285],[67.54545454545455,19.545454545454547],[67.16666666666667,20.0],[67.22222222222223,21.22222222222222],[67.0,22.0],[64.2,22.2],[64.0,22.5],[63.66666666666667,22.666666666666668],[62.81818181818182,22.81818181818182],[62.5,23.0],[62.5,23.5],[63.0,24.0],[62.0,24.0],[60.5,25.5],[60.400000000000006,26.0],[60.79310344827586,26.206896551724135],[61.0,27.5],[62.375,28.625],[62.7,29.3],[65.25,29.75],[65.75,30.25],[67.26666666666667,30.733333333333334],[67.5,31.0],[68.0,32.0],[68.60000000000001,32.4],[69.0,33.0],[69.0,34.16666666666667],[68.46153846153847,34.46153846153846],[68.0,35.0],[67.0,35.0],[66.0,34.75],[65.0,34.75],[64.0,35.0],[62.0,34.6],[61.66666666666667,34.333333333333336],[60.7,34.3],[60.0,34.0],[59.0,33.2],[58.0,33.0],[57.23529411764706,31.764705882352942],[57.0,31.666666666666664],[56.599999999999994,32.0],[56.35294117647058,33.35294117647059],[56.0,34.0],[55.35294117647058,32.647058823529406],[55.0,32.4],[54.647058823529406,32.647058823529406],[54.315789473684205,33.315789473684205],[54.0,33.5],[53.07142857142857,32.92857142857143],[52.666666666666664,33.0],[52.0,33.666666666666664],[51.976190476190474,34.0],[51.63414634146341,34.63414634146341],[51.0,34.93181818181818],[50.0,34.86538461538461],[49.0,35.0],[48.733333333333334,35.733333333333334],[48.0,35.885714285714286],[45.829787234042556,35.829787234042556],[44.5,36.0],[44.400000000000006,36.400000000000006],[44.0,37.0],[43.975609756097555,36.0],[43.0,35.66666666666667],[42.14893617021277,36.0],[42.14583333333333,36.14583333333333],[42.0,36.179487179487175],[41.0,36.108108108108105],[40.375,36.375],[38.63243243243243,36.63243243243244],[38.0,37.047619047619044],[37.0,37.175],[36.590062111801245,37.590062111801245],[36.0,37.82352941176471],[34.91428571428572,38.0],[34.45161290322581,39.0],[34.46666666666667,39.46666666666667],[34.0,40.0],[34.0,41.0],[32.6,41.400000000000006],[32.0,41.0],[31.0,41.0],[30.789473684210527,40.21052631578947],[30.857142857142858,40.00000000000001],[30.0,39.68421052631579],[29.142857142857142,40.00000000000001],[29.210526315789473,40.21052631578947],[29.0,41.0],[28.400000000000002,41.400000000000006],[27.6,41.6],[27.0,42.0],[26.400000000000002,41.6],[26.0,41.5],[25.75,41.25],[25.5,40.5],[25.0,40.0],[24.857142857142858,39.0],[24.0,38.88461538461539],[23.333333333333336,39.0],[23.31578947368421,39.315789473684205],[23.0,39.6],[22.914893617021278,39.91489361702128],[21.25,40.0],[21.0,40.16666666666667],[20.696969696969695,40.6969696969697],[19.885714285714286,40.885714285714286],[15.857142857142858,41.0],[15.387096774193548,41.387096774193544],[15.0,41.42857142857143],[14.333333333333332,41.0],[13.09375,40.90625],[12.0,40.30769230769231],[11.742857142857142,40.74285714285714],[11.0,40.85454545454545],[8.235294117647058,40.76470588235294],[8.235294117647058,40.23529411764706],[8.11111111111111,40.0],[8.25531914893617,39.74468085106383],[8.129032258064516,39.12903225806452],[8.626373626373628,39.37362637362638],[9.0,39.261538461538464],[11.0,39.30882352941177],[11.563218390804598,39.4367816091954],[12.0,39.826086956521735],[13.0,39.628571428571426],[14.0,39.33823529411765],[14.504201680672269,38.504201680672274],[15.0,38.16901408450704],[16.057142857142857,38.05714285714286],[16.216216216216218,37.78378378378378],[16.137931034482758,37.13793103448276],[16.862068965517242,37.13793103448276],[17.066666666666666,37.0],[17.068181818181817,36.06818181818181],[17.53061224489796,33.53061224489796],[17.8,33.0],[17.0,32.25],[16.563636363636363,32.56363636363636],[16.454545454545453,33.0],[16.25,33.25],[15.0,33.958333333333336],[14.200000000000001,34.2],[14.0,34.42857142857143],[13.578947368421051,34.57894736842105],[13.08695652173913,35.08695652173913],[12.307692307692308,35.30769230769231],[12.352941176470587,35.647058823529406],[12.066666666666666,37.0],[11.857142857142858,37.0],[11.571428571428571,36.42857142857143],[11.0,36.0],[11.684210526315788,35.68421052631579],[11.826086956521738,34.826086956521735],[12.444444444444445,34.55555555555555],[12.6,34.6],[12.538461538461538,34.46153846153846],[12.7,34.0],[12.571428571428573,33.42857142857143],[12.25,33.0],[12.647058823529411,32.647058823529406],[13.0,32.72727272727273],[13.571428571428573,32.57142857142857],[14.0,32.0],[13.58974358974359,31.41025641025641],[13.358974358974358,30.641025641025642],[13.0,30.299999999999997],[12.5,30.5],[12.11111111111111,32.0],[12.222222222222221,32.22222222222222],[11.222222222222221,33.22222222222222],[11.307692307692308,33.69230769230769],[11.173913043478262,34.173913043478265],[10.870967741935484,34.12903225806451],[10.600000000000001,33.6],[10.666666666666668,33.333333333333336],[10.428571428571429,33.42857142857143],[10.0,33.27272727272727],[9.8,33.8],[9.272727272727273,34.0],[9.239999999999998,34.239999999999995],[9.0,34.5],[8.942307692307693,34.94230769230769],[8.625,35.0],[8.277777777777779,35.27777777777778],[7.962264150943396,35.96226415094339],[7.0,35.94117647058824],[5.584,35.583999999999996],[5.216216216216216,35.78378378378378],[5.137931034482758,35.13793103448276],[5.018691588785046,34.98130841121495],[4.8,35.0],[4.933333333333334,37.0],[6.0,37.30612244897959],[6.41717791411043,37.582822085889575],[6.701754385964913,38.29824561403509],[7.403225806451612,38.596774193548384],[7.925925925925926,39.0],[7.675675675675675,39.67567567567568],[7.0,39.86206896551724],[6.25,39.75],[6.0,39.44444444444444],[5.666666666666667,39.66666666666667],[5.0,39.78947368421053],[4.577464788732394,39.42253521126761],[4.53125,39.0],[4.265625,38.734375],[4.0,38.62222222222222],[3.0,38.81481481481482],[2.5643564356435644,38.43564356435643],[2.2,37.8],[1.0,37.666666666666664],[0.5630252100840336,37.436974789915965],[0.2937062937062937,36.70629370629371],[-0.4316546762589928,36.431654676258994],[-0.7894736842105263,36.0],[-0.7333333333333334,35.733333333333334],[-1.1777777777777776,35.17777777777778],[-1.5217391304347827,34.0],[-1.2727272727272727,33.0],[-2.511111111111111,31.511111111111113],[-3.177777777777778,31.177777777777777],[-3.1666666666666665,31.0],[-3.7660818713450293,30.76608187134503],[-4.3125,30.6875],[-4.852941176470589,30.852941176470587],[-5.25,30.75],[-5.7142857142857135,31.0],[-5.75,31.25],[-6.0,31.285714285714285],[-6.619047619047619,30.619047619047617],[-7.0,30.428571428571427],[-7.216216216216216,30.783783783783782],[-7.571428571428571,30.999999999999996],[-8.26086956521739,31.73913043478261],[-9.0,31.866666666666667],[-9.137931034482758,33.0],[-8.722222222222221,35.0],[-9.031007751937985,36.031007751937985],[-8.6,37.0],[-8.257142857142856,37.25714285714285],[-8.0,37.75],[-6.0,37.70833333333333],[-5.0,37.89473684210526],[-4.305555555555555,37.69444444444444],[-2.730769230769231,37.730769230769226],[-2.125,38.0],[-2.2222222222222223,39.22222222222222],[-2.0,40.0],[-2.6,40.4],[-3.0,41.0],[-4.285714285714286,41.71428571428571],[-4.5,42.5],[-5.0,43.0],[-4.0,43.5],[-3.6363636363636362,43.36363636363636],[-3.0,42.75],[-2.8,42.8],[-2.8000000000000003,43.0],[-2.4210526315789473,43.421052631578945],[-1.0,43.5],[-0.5294117647058824,43.470588235294116],[-0.18181818181818182,42.81818181818182],[0.0,42.66666666666667],[0.33333333333333337,42.66666666666667],[0.5,43.0],[0.0,44.0],[1.0,44.66666666666667],[1.3333333333333333,44.66666666666667],[2.0,45.0],[2.3333333333333335,45.66666666666667],[3.0,46.0],[4.0,46.0],[4.0,47.0],[7.0,47.0],[7.0,51.0],[8.0,51.0],[9.0,50.66666666666667],[9.5,51.0],[9.0,52.0],[9.0,53.0],[8.0,53.2],[7.0,53.0],[6.666666666666667,52.33333333333334],[6.4,52.4],[5.0,52.18181818181817],[4.5,52.5],[4.108108108108108,53.10810810810811],[4.0,53.66666666666667],[3.5428571428571427,54.542857142857144],[3.333333333333333,56.0],[5.070175438596491,56.92982456140351],[6.0,57.25],[6.413793103448276,57.58620689655172],[7.666666666666666,58.0],[7.8,58.2],[9.0,59.0],[9.428571428571427,60.0],[10.5,61.0],[10.619047619047619,61.38095238095238],[11.142857142857142,61.857142857142854],[11.916666666666666,62.083333333333336],[12.235294117647058,62.76470588235294],[13.0,63.0],[15.0,64.33333333333333],[19.0625,64.9375],[21.0,65.4],[22.0,65.375],[23.0,64.83333333333334],[24.0,63.714285714285715],[26.0,64.16666666666667],[26.652173913043477,63.65217391304348],[29.571428571428573,63.57142857142857],[30.266666666666666,63.266666666666666],[30.4,63.0],[30.769230769230766,62.76923076923077],[32.48275862068966,62.48275862068966],[33.0,62.0],[32.66666666666667,60.66666666666667],[33.333333333333336,60.66666666666667],[34.0,61.0],[35.0,61.0],[35.6,61.400000000000006],[36.0,62.0],[36.400000000000006,61.400000000000006],[37.0,61.0],[38.0,61.0],[38.375,61.625],[38.6,62.4],[39.0,62.66666666666667],[40.0,63.0],[40.6,63.400000000000006],[42.0,63.66666666666667],[42.5,63.5],[42.66666666666667,63.00000000000001],[42.6,62.6],[43.0,62.5],[43.333333333333336,63.333333333333336],[43.0,64.0],[44.0,64.0],[45.0,63.6],[46.0,63.75],[46.53846153846154,64.46153846153847],[47.0,64.75],[47.6,64.6],[48.0,64.0],[48.28571428571428,64.71428571428571],[48.2,65.0],[48.733333333333334,65.26666666666667],[50.0,65.46153846153847],[51.44444444444444,65.44444444444444],[52.0,65.0],[54.75,64.75],[55.0,64.0],[56.0,64.0],[56.0,63.0],[55.0,62.0],[55.0,61.0],[55.60000000000001,60.60000000000001],[56.400000000000006,60.60000000000001],[57.0,61.0],[56.6,61.6],[56.5,62.0],[56.6,62.4],[58.0,63.0],[59.0,62.0],[59.71428571428571,61.71428571428571],[60.00000000000001,61.66666666666667],[60.22222222222222,61.77777777777777],[60.5,62.0],[60.400000000000006,62.4],[60.0,63.0],[60.60000000000001,63.400000000000006],[61.0,64.0],[66.0,64.0],[66.0,65.0],[65.0,65.5],[64.0,65.0],[63.0,65.5],[62.5,65.5],[62.0,66.0],[62.0,65.0],[61.0,65.0],[60.60000000000001,65.60000000000001],[59.75,65.75],[59.6,66.4],[60.0,67.0],[61.0,67.0],[61.6,67.4],[62.0,68.0],[63.0,68.0],[63.0,67.0],[64.0,67.0],[64.0,68.0],[65.0,68.0],[65.0,69.0],[63.83333333333333,69.16666666666667],[63.0,69.0],[62.0,69.0],[62.333333333333336,69.66666666666667],[62.25,70.0],[62.53846153846154,70.46153846153847],[63.0,70.75],[64.0,70.85714285714286],[65.25,70.75],[66.0,71.0],[65.0,72.0],[65.60000000000001,72.4],[66.0,73.0],[67.0,73.0],[69.0,73.83333333333334],[70.09523809523809,73.9047619047619],[70.33333333333334,74.0],[71.0,74.66666666666667],[72.44444444444444,74.55555555555554],[73.0,75.0],[73.75,74.75],[75.0,75.0],[75.46153846153847,75.53846153846155],[75.5,76.0],[75.35294117647058,76.35294117647058],[75.0,76.5],[74.72727272727272,76.27272727272728],[74.0,76.1875],[72.25,76.25],[71.0,76.57142857142858],[70.67999999999999,76.32],[70.0,76.1875],[68.28571428571428,76.28571428571428],[68.0,76.4],[67.78947368421052,76.21052631578948],[67.0,76.08333333333333],[66.0,76.18181818181819],[65.375,76.375],[65.0,77.0],[63.0,77.0],[62.21428571428571,77.21428571428572],[61.599999999999994,78.0],[62.333333333333336,78.66666666666667],[63.0,78.80952380952381],[64.67567567567568,78.67567567567568],[65.42424242424242,78.42424242424242],[66.0,78.0],[67.65217391304347,77.65217391304347],[68.0,77.42857142857143],[69.30769230769232,77.6923076923077],[70.0,77.65],[71.0,77.27272727272727],[73.0,77.61904761904762],[74.0,77.5909090909091],[75.1875,77.1875],[76.4,77.0],[76.68421052631578,76.68421052631578],[78.0,76.5],[78.75,76.0],[78.73333333333333,75.73333333333333],[79.0,75.5],[80.0,76.125],[81.0,75.85714285714286],[84.0,76.0],[87.0,75.9090909090909],[87.75,75.75],[88.0,75.33333333333334],[88.33333333333334,75.33333333333334],[89.0,75.0],[89.5,74.5],[89.75,74.0],[89.71428571428571,73.71428571428571],[90.0,73.5],[91.4,73.4],[92.0,73.0],[92.75,72.75],[93.0,72.5],[93.5,73.0],[93.6,73.4],[94.5,73.5],[95.0,73.0],[95.0,74.0],[97.0,74.0],[97.66666666666669,73.66666666666667],[98.28571428571428,73.71428571428571],[99.0,74.0],[99.71428571428571,73.71428571428571],[101.0,73.5],[102.0,74.0],[107.0,74.0],[107.85714285714285,73.85714285714286],[110.0,74.0],[111.0,73.0],[112.2,72.8],[115.0,73.0],[115.4,73.60000000000001],[116.0,74.0],[117.00000000000001,73.66666666666667],[118.0,74.0],[118.5,74.5],[119.4,74.4],[120.0,74.0],[121.0,73.75],[122.0,74.0],[125.0,74.0],[125.0,75.0],[127.0,75.0],[127.66666666666669,74.66666666666667],[128.0,74.66666666666667],[128.5,75.0],[128.66666666666669,75.33333333333334],[129.0,75.5],[129.66666666666669,76.33333333333334],[131.0,77.0],[130.33333333333334,77.33333333333334],[130.0,78.0],[129.5,77.5],[129.0,77.33333333333334],[128.60000000000002,77.4],[128.0,77.0],[128.0,78.0],[128.5,78.5],[129.0,78.66666666666667],[129.4,78.60000000000001],[130.0,79.0],[134.0,79.0],[134.0,80.0],[135.0,80.0],[136.0,79.0],[136.6,79.4],[139.0,80.5],[139.33333333333334,80.33333333333334],[139.5,80.0],[139.5,79.0],[139.76470588235293,78.76470588235293],[141.0,78.4],[142.0,78.33333333333334],[142.5,78.5],[142.71428571428572,79.28571428571428],[143.0,79.5],[144.4,79.6],[144.33333333333334,80.0],[144.63636363636363,80.36363636363636],[145.36363636363637,80.63636363636364],[147.2,80.80000000000001],[148.0,81.0],[149.0,82.0],[149.5,81.5],[149.66666666666669,81.0],[149.85714285714286,80.85714285714286],[151.0,81.0],[152.0,80.71428571428572],[153.14285714285714,80.85714285714286],[153.75,81.25],[154.0,81.25],[155.0,81.75],[156.28571428571428,81.28571428571428],[156.33333333333334,81.0],[157.0,80.63636363636364],[158.0,80.85714285714286],[160.0,80.75],[160.33333333333334,81.0],[160.36363636363637,81.36363636363636],[160.0,81.66666666666667],[159.0,81.66666666666667],[158.0,81.5],[157.5,82.0],[157.6,82.4],[158.0,82.5],[160.0,82.5],[160.4,82.4],[161.0,82.0],[161.28571428571428,82.71428571428571],[162.0,83.0],[162.75,82.75],[163.33333333333334,82.33333333333334],[163.5,82.0],[164.14285714285714,81.85714285714286],[164.5,82.0],[164.6,82.4],[165.0,83.0],[165.63636363636363,82.63636363636363],[167.0,82.5],[172.0,82.71428571428571],[172.5,82.5],[172.71428571428572,82.0],[172.6923076923077,81.6923076923077],[173.0,81.66666666666667],[173.33333333333334,81.66666666666667],[174.0,82.0],[175.4,82.4],[176.0,82.0],[176.0,83.0],[177.0,84.0],[178.0,83.33333333333333],[178.33333333333334,83.33333333333334],[179.0,83.0],[178.2,82.8],[178.0,82.875],[177.4,82.6],[177.0,82.0],[177.0,81.0],[176.66666666666669,80.33333333333334],[176.40000000000003,80.4],[175.0,80.0],[174.71428571428572,79.28571428571428],[174.0,79.0],[175.11764705882354,78.88235294117646],[175.5,79.0],[175.66666666666669,79.33333333333334],[177.0,79.5],[177.5,80.5],[178.0,80.6],[178.4,80.4],[178.84615384615384,79.84615384615385],[179.25,79.75],[179.6923076923077,80.3076923076923],[179.85714285714286,81.0],[179.52941176470588,81.52941176470588],[179.0,82.0],[179.57894736842104,82.42105263157895],[180.0,82.36363636363636],[180.0,77.6],[179.73333333333335,77.73333333333333],[179.36363636363637,78.36363636363636],[177.75,78.25],[177.0,78.0],[177.77777777777777,77.77777777777777],[177.77777777777777,77.22222222222223],[177.9310344827586,76.93103448275863],[178.83333333333334,76.83333333333333],[179.0,76.0],[178.37735849056605,75.62264150943396],[178.1006289308176,74.8993710691824],[177.1818181818182,74.81818181818181],[176.51612903225808,74.48387096774194],[176.21052631578948,74.0],[175.36666666666667,73.63333333333334],[175.38888888888889,73.38888888888889],[175.14507772020724,72.85492227979275],[174.66666666666669,72.66666666666667],[174.31578947368422,72.68421052631578],[174.0,72.29411764705883],[172.38461538461536,71.61538461538461],[172.1578947368421,71.0],[172.0,70.89285714285714],[167.91549295774647,70.91549295774648],[166.99999999999997,71.11111111111111],[166.0,70.54545454545455],[165.0,70.76190476190476],[164.41379310344828,70.58620689655173],[164.0,70.0],[162.88235294117646,70.11764705882354],[162.0,69.0],[161.28571428571428,69.28571428571428],[160.75,69.25],[160.0,68.5],[159.75,68.0],[159.8,67.8],[161.0,67.0],[161.11111111111111,66.11111111111111],[161.5,66.0],[161.0,65.84615384615384],[160.63934426229508,65.36065573770492],[160.6451612903226,64.64516129032258],[161.07142857142856,64.0],[160.36666666666667,63.63333333333334],[160.0,63.15384615384615],[159.6,63.0],[159.33333333333334,62.66666666666667],[158.73333333333335,62.266666666666666],[158.5,61.5],[158.0,61.0],[158.0701754385965,60.07017543859649],[157.96694214876032,59.96694214876033],[157.01709401709402,59.98290598290598],[157.0,59.66666666666667],[156.75,60.0],[154.36363636363637,61.36363636363636],[154.22222222222223,62.0],[153.56521739130434,62.56521739130435],[153.11111111111111,64.11111111111111],[152.625,64.625],[152.5,65.0],[153.0,66.0],[153.20000000000002,67.0],[153.65217391304347,67.34782608695652],[154.0,67.44444444444444],[155.0,67.5],[156.0,68.44444444444444],[157.0,68.75],[157.17391304347825,69.17391304347827],[157.0,70.0],[156.25,70.25],[156.0,70.5],[155.0,70.0],[154.0,70.0],[153.25,70.25],[153.33333333333334,70.66666666666667],[153.0,72.0],[152.5,71.5],[151.875,71.125],[150.0,71.0],[149.88888888888889,69.11111111111111],[150.0,68.85714285714286],[150.33333333333334,68.66666666666667],[150.66666666666669,68.66666666666667],[150.71428571428572,67.28571428571428],[150.0,67.0],[149.2,67.19999999999999],[148.0,67.0],[147.47058823529412,65.52941176470588],[146.91666666666666,65.08333333333334],[146.0,65.0],[145.0,65.0952380952381],[144.75,65.0],[144.42857142857144,64.57142857142858],[143.78571428571428,64.21428571428572],[142.95121951219514,64.04878048780488],[142.75,63.25],[142.25,63.25],[141.60000000000002,63.0],[141.0,62.4],[139.0,62.25],[138.53846153846155,62.53846153846154],[138.5,63.0],[138.0,63.214285714285715],[137.0,63.0],[134.0,63.0],[133.22222222222223,62.77777777777777],[132.0,62.66666666666667],[131.66666666666669,62.333333333333336],[130.0,62.22222222222222],[129.55555555555554,61.44444444444444],[128.8490566037736,61.15094339622642],[128.57894736842104,60.578947368421055],[128.63636363636363,60.36363636363636],[128.4,60.400000000000006],[127.89285714285714,60.107142857142854],[127.7,59.699999999999996],[127.7,59.3],[127.30000000000001,59.3],[126.89473684210527,59.10526315789474],[126.52941176470588,58.470588235294116],[125.78571428571428,58.0],[125.83333333333334,57.83333333333333],[127.38095238095238,57.38095238095238],[127.75,56.75],[128.44444444444443,56.44444444444444],[129.0,56.0],[130.0,56.0],[130.55555555555554,55.55555555555555],[130.64444444444445,54.644444444444446],[131.19230769230768,54.19230769230769],[131.4,53.60000000000001],[131.22222222222223,53.22222222222222],[131.6470588235294,53.35294117647058],[132.75,53.0],[132.25,52.75],[131.11111111111111,52.888888888888886],[131.0,52.800000000000004],[130.4375,53.4375],[130.0,53.583333333333336],[129.67441860465118,53.325581395348834],[129.52380952380952,52.476190476190474],[129.20689655172413,51.79310344827586],[129.1578947368421,50.8421052631579],[128.73913043478262,50.26086956521739],[128.75,50.0],[128.41860465116278,49.581395348837205],[127.0,49.525],[126.63793103448276,49.36206896551724],[126.475,49.0],[126.60000000000001,48.60000000000001],[127.0,48.3],[127.3103448275862,48.310344827586206],[127.9,48.0],[127.41860465116278,47.581395348837205],[127.0,47.65384615384616],[126.55844155844156,47.44155844155844],[126.15,47.0],[126.0,46.4],[125.80952380952381,46.19047619047619],[124.94444444444444,46.05555555555556],[124.18181818181819,45.0],[124.22222222222221,44.77777777777777],[123.4,44.0],[123.77777777777777,43.77777777777778],[124.31578947368419,43.68421052631579],[125.6470588235294,44.35294117647059],[125.86666666666667,45.13333333333334],[126.26666666666668,45.733333333333334],[126.60000000000001,45.6],[127.0,45.68181818181819],[127.5,46.0],[127.89473684210526,47.0],[127.73333333333333,47.266666666666666],[128.0,47.666666666666664],[129.0,48.2],[129.7037037037037,49.29629629629629],[130.0,49.33333333333333],[130.32,49.32],[131.0,48.75],[131.26666666666665,48.266666666666666],[131.31578947368422,48.0],[131.05882352941177,47.0],[131.34482758620692,46.0],[131.1904761904762,45.0],[131.0,44.652173913043484],[130.55223880597015,44.44776119402985],[130.0,43.9],[129.41758241758242,43.582417582417584],[128.64356435643563,43.35643564356435],[127.71717171717172,43.282828282828284],[127.26315789473684,43.0],[127.0,42.61538461538461],[126.52941176470588,42.470588235294116],[126.0,42.0],[124.36363636363636,41.63636363636364],[124.0,41.0],[123.33333333333334,40.66666666666667],[123.0,40.66666666666667],[122.68,40.32],[122.42857142857142,39.0],[122.1764705882353,38.82352941176471],[122.0,38.18181818181818],[121.77777777777779,38.22222222222222],[121.66666666666667,38.0],[121.09638554216868,37.903614457831324],[121.0,37.42857142857143],[120.55555555555554,37.55555555555555],[120.26666666666667,38.266666666666666],[119.0,38.2],[118.375,38.375],[118.14285714285715,39.0],[118.0,40.0],[117.33333333333334,38.66666666666667],[117.00000000000001,38.333333333333336],[116.0,38.66666666666667],[115.66666666666669,38.66666666666667],[115.5,39.0],[115.15384615384616,39.15384615384615],[115.23529411764706,39.76470588235294],[115.13333333333333,40.86666666666667],[115.25,41.0],[115.0625,41.0625],[114.66666666666667,41.0],[114.4,40.6],[114.00000000000001,40.333333333333336],[113.0,40.2],[112.52941176470587,40.529411764705884],[112.42857142857142,41.0],[112.21428571428572,41.214285714285715],[111.00000000000001,41.142857142857146],[110.66666666666667,40.333333333333336],[110.0,40.11764705882353],[108.0,40.0],[108.0,39.0],[107.0,39.0],[107.0,36.0],[108.0,36.0],[108.0,38.0],[109.0,38.0],[110.25,37.75],[111.0,38.0],[112.00000000000001,38.800000000000004],[112.55555555555556,38.55555555555556],[113.0,38.0],[112.47058823529412,37.529411764705884],[112.0,37.333333333333336],[111.60000000000001,37.4],[111.0,37.0],[110.66666666666669,36.0],[110.66666666666667,35.66666666666667],[111.0,35.0],[111.0,34.0],[108.0,34.0],[108.0,35.0],[107.5,34.5],[107.0,34.5],[106.66666666666669,34.333333333333336],[106.5,34.0],[106.80000000000001,33.8],[107.0,33.0],[109.0,33.0],[109.5,32.5],[109.5,32.0],[109.84615384615384,31.846153846153847],[110.06060606060606,31.939393939393938],[110.13333333333333,32.13333333333333],[110.0,33.0],[112.11111111111111,32.888888888888886],[113.0,33.0],[113.5,33.5],[114.0,33.5],[114.28571428571428,33.285714285714285],[114.60000000000001,32.6],[114.71428571428571,32.0],[114.57142857142856,30.0],[113.91666666666667,27.999999999999996],[114.22222222222223,27.77777777777778],[114.69230769230771,27.692307692307693],[114.83333333333334,27.0],[114.73333333333332,26.266666666666666],[114.33333333333334,26.0],[114.33333333333334,25.66666666666667],[114.5,24.0],[114.63636363636364,23.636363636363633],[115.0,23.6],[115.22222222222223,23.22222222222222],[115.10344827586206,22.896551724137932],[114.73913043478261,22.73913043478261],[114.0,23.0],[113.55555555555556,23.555555555555557],[113.33333333333334,24.333333333333336],[113.0,24.5],[112.33333333333333,24.0],[112.25,23.75],[111.63636363636364,23.363636363636363],[111.0,23.25],[110.0,23.4],[109.0,23.0],[109.55555555555554,22.555555555555557],[110.0,22.6],[110.4,22.4],[110.6,22.0],[110.35294117647058,21.647058823529413],[110.0,21.5],[109.53846153846155,21.53846153846154],[109.0,22.0],[108.91666666666667,21.083333333333332],[108.55555555555556,20.444444444444443],[108.0,20.166666666666668],[107.2,20.200000000000003],[106.0,20.5],[105.28571428571428,18.714285714285715],[105.0,18.5]],[[99.22222222222223,10.777777777777779],[99.06666666666666,11.066666666666666],[98.80000000000001,11.0],[98.75,10.75],[99.0,10.0],[99.22222222222223,10.777777777777779]],[[44.6,37.4],[45.0,37.5],[45.4,37.4],[46.0,37.0],[46.400000000000006,37.6],[46.5,38.0],[45.5,38.5],[45.25,39.0],[45.5,39.5],[46.0,39.75],[47.1,39.9],[47.4,40.6],[49.0,41.0],[48.5,41.5],[48.25,42.25],[47.55555555555556,42.55555555555556],[47.0,44.0],[46.400000000000006,44.400000000000006],[46.142857142857146,45.142857142857146],[45.66666666666667,45.333333333333336],[45.0,45.0],[45.0,46.0],[44.0,46.0],[44.0,45.0],[43.0,45.0],[42.285714285714285,45.285714285714285],[42.0,45.25],[41.5,45.0],[41.333333333333336,44.66666666666667],[41.0,44.5],[40.6,44.6],[40.0,45.0],[39.44444444444444,43.55555555555555],[38.8,43.2],[38.66666666666667,43.0],[39.0,42.0],[40.0,42.0],[39.66666666666667,41.333333333333336],[40.0,40.0],[41.0,39.0],[41.66666666666667,38.66666666666667],[41.800000000000004,38.0],[42.94594594594595,37.94594594594595],[43.0,37.75],[43.60000000000001,37.6],[44.0,37.0],[44.6,37.4]],[[67.0,70.0],[67.4,70.60000000000001],[68.0,71.0],[66.71428571428571,71.28571428571428],[66.0,71.0],[67.0,70.0]],[[172.66666666666669,79.33333333333334],[172.0,79.0],[173.00000000000003,78.9],[174.0,79.0],[172.66666666666669,79.33333333333334]],[[171.2,79.2],[170.75,79.0],[171.0,78.875],[172.0,79.0],[171.2,79.2]],[[64.0,61.5],[65.0,62.0],[64.0,63.0],[63.71428571428571,62.285714285714285],[63.77777777777778,61.77777777777777],[64.0,61.5]],[[67.6,64.4],[67.0,64.0],[68.0,63.0],[67.0,62.0],[68.0,61.5],[69.25,61.75],[69.5,62.5],[70.0,63.0],[68.60000000000001,63.60000000000001],[68.4,64.4],[68.0,64.5],[67.6,64.4]],[[141.6,77.4],[141.33333333333334,77.0],[142.0,76.0],[142.66666666666666,77.0],[142.5,77.5],[142.0,77.66666666666667],[141.6,77.4]],[[146.66666666666669,79.0],[146.25,79.25],[145.66666666666669,79.33333333333334],[145.25,79.25],[144.60000000000002,79.4],[144.4,78.60000000000001],[143.60000000000002,78.4],[143.0,78.0],[143.36363636363637,76.36363636363637],[143.84615384615384,75.84615384615384],[144.16666666666669,75.83333333333333],[145.0,76.2],[146.0,76.16666666666667],[147.0,76.42857142857142],[148.0,77.0],[147.0,78.0],[146.6,78.60000000000001],[146.66666666666669,79.0]],[[148.88235294117646,76.88235294117646],[149.5,77.0],[149.25,77.25],[148.0,77.0],[148.88235294117646,76.88235294117646]],[[165.75,79.0],[165.88235294117646,78.88235294117646],[166.77777777777777,78.77777777777777],[168.0,79.0],[167.26666666666665,79.26666666666667],[165.75,79.0]],[[167.75,81.0],[168.0,80.6],[168.36363636363637,80.63636363636364],[168.5,81.0],[168.1904761904762,81.19047619047619],[167.83333333333334,81.16666666666667],[167.75,81.0]],[[172.0,80.33333333333333],[172.30769230769232,80.6923076923077],[172.30769230769232,81.3076923076923],[171.8,81.2],[171.78947368421052,80.78947368421052],[172.0,80.33333333333333]],[[-6.2105263157894735,33.78947368421053],[-6.0,33.714285714285715],[-5.5,34.0],[-6.105263157894736,34.10526315789473],[-6.25,34.0],[-6.2105263157894735,33.78947368421053]],[[1.2619047619047619,40.0],[1.5664335664335662,39.56643356643356],[2.0,39.40384615384615],[2.492063492063492,39.507936507936506],[2.8157894736842106,40.0],[2.688888888888889,40.31111111111111],[2.793103448275862,40.79310344827586],[2.242424242424242,40.75757575757576],[2.0,40.885714285714286],[1.7037037037037037,40.7037037037037],[1.3225806451612905,40.67741935483871],[1.4000000000000001,40.4],[1.2619047619047619,40.0]],[[11.0,46.5],[11.285714285714285,46.71428571428571],[13.0,47.0],[12.4,47.4],[12.0,48.0],[11.400000000000002,47.6],[10.600000000000001,47.4],[10.0,47.0],[11.0,46.5]],[[28.0,60.0],[28.0,61.0],[27.160000000000004,61.16],[26.0,61.0],[27.0,60.0],[28.0,60.0]],[[28.400000000000002,59.400000000000006],[28.5,59.0],[28.799999999999997,58.8],[29.666666666666668,58.66666666666667],[30.333333333333336,58.66666666666667],[31.0,59.0],[32.0,59.0],[32.46153846153846,59.53846153846154],[32.375,60.375],[29.22222222222222,60.22222222222222],[28.66666666666667,60.333333333333336],[28.0,60.0],[28.400000000000002,59.400000000000006]],[[41.66666666666667,62.0],[42.0,61.800000000000004],[42.25,61.75],[42.5,62.0],[42.4,62.4],[41.75,62.25],[41.66666666666667,62.0]],[[56.0,57.0],[56.5,58.0],[56.166666666666664,58.16666666666667],[55.84615384615384,58.15384615384615],[55.71428571428571,57.71428571428571],[56.0,57.0]],[[58.0,57.0],[59.0,56.0],[60.0,56.0],[59.5,56.5],[59.5,57.0],[59.333333333333336,57.333333333333336],[58.71428571428571,57.28571428571428],[58.0,57.0]],[[72.0,64.0],[72.0,63.0],[73.0,63.0],[73.0,64.0],[72.0,64.0]],[[72.66666666666667,70.0],[73.0,69.5],[73.4,69.4],[73.5,69.0],[75.0,69.0],[74.28571428571428,69.28571428571428],[74.0,70.0],[74.0,71.0],[73.5,70.5],[73.0,70.5],[72.66666666666667,70.0]],[[76.04255319148936,68.95744680851064],[77.0,69.0],[76.33333333333334,69.33333333333334],[76.0,70.0],[75.71428571428571,69.28571428571428],[75.0,69.0],[76.04255319148936,68.95744680851064]],[[80.0,70.5],[80.33333333333334,71.0],[80.0,71.25],[79.77777777777777,71.22222222222221],[79.66666666666667,71.0],[80.0,70.5]],[[81.75,72.25],[81.8,71.8],[82.0,71.5],[82.4,71.60000000000001],[82.5,72.0],[82.25,72.25],[82.0,73.0],[81.75,72.25]],[[87.0,74.0],[87.0,73.0],[88.0,73.0],[88.0,74.0],[87.0,74.0]],[[91.33333333333334,9.0],[91.69230769230771,8.692307692307693],[92.28571428571428,7.285714285714286],[93.63636363636363,6.636363636363637],[94.0,6.0],[94.5,6.5],[94.66666666666666,7.0],[94.4,8.0],[93.4,8.4],[93.0,9.23076923076923],[92.28571428571428,9.285714285714285],[92.0,9.666666666666666],[91.5,9.5],[91.33333333333334,9.0]],[[106.16666666666667,71.0],[106.00000000000001,71.2],[105.66666666666667,71.0],[106.0,70.5],[106.16666666666667,71.0]],[[120.7142857142857,40.285714285714285],[120.8,40.8],[119.84615384615385,40.84615384615385],[119.91666666666667,41.0],[119.47826086956522,41.47826086956522],[119.0,41.407407407407405],[118.08333333333333,41.0],[118.5111111111111,40.51111111111111],[119.41509433962264,40.41509433962264],[119.66101694915253,39.66101694915254],[120.0,39.375],[120.44444444444443,39.44444444444444],[120.85714285714286,39.0],[120.81818181818181,38.81818181818181],[121.14285714285714,38.85714285714286],[121.0,39.333333333333336],[120.63636363636364,39.63636363636363],[120.83333333333334,40.0],[120.7142857142857,40.285714285714285]],[[121.70588235294117,44.294117647058826],[121.0,44.0],[120.82608695652175,43.173913043478265],[120.46153846153847,42.53846153846154],[120.0,42.4],[119.55555555555554,41.55555555555555],[120.0,41.2],[121.0,41.333333333333336],[121.20000000000002,42.0],[121.52941176470587,42.470588235294116],[122.30769230769232,42.69230769230769],[122.71428571428572,44.0],[122.0,44.55555555555556],[121.70588235294117,44.294117647058826]],[[125.0,55.916666666666664],[125.2,56.00000000000001],[125.0,56.125],[125.0,55.916666666666664]],[[138.0,77.75],[138.20000000000002,78.0],[138.16666666666669,78.16666666666667],[137.77777777777777,78.22222222222223],[137.66666666666669,78.0],[138.0,77.75]],[[140.0,76.66666666666667],[140.5,77.0],[140.1818181818182,77.18181818181819],[139.875,77.125],[139.8,77.0],[140.0,76.66666666666667]],[[142.4,74.0],[142.625,73.625],[143.0,73.5],[143.75,74.0],[143.0,74.5],[142.6,74.4],[142.4,74.0]],[[159.0,78.5],[160.0,78.66666666666667],[160.33333333333334,78.33333333333334],[160.33333333333331,78.0],[161.0,77.66666666666667],[162.66666666666666,78.0],[162.36363636363637,78.36363636363636],[161.00000000000003,79.16666666666667],[157.0,79.22222222222223],[156.0,79.0909090909091],[154.0,79.54545454545455],[153.0,79.58333333333334],[150.0,79.0],[150.0,78.0],[150.5,78.5],[151.0,78.5],[151.25,78.25],[152.0,78.0],[154.0,78.0],[155.0,78.5],[155.4,78.4],[155.6,78.0],[156.0,77.80000000000001],[156.4,78.0],[156.57142857142856,78.42857142857143],[157.66666666666669,78.66666666666667],[159.0,78.5]],[[36.88235294117647,40.88235294117647],[37.5,41.0],[37.0,41.333333333333336],[36.8,41.2],[36.75,41.0],[36.88235294117647,40.88235294117647]],[[160.33333333333331,72.0],[160.60000000000002,71.60000000000001],[161.0,71.6],[161.22222222222223,71.77777777777777],[161.28571428571428,72.0],[161.14814814814815,72.14814814814815],[160.33333333333331,72.0]]],[[[108.0,78.5],[108.4,78.4],[109.0,78.0],[109.0,77.0],[107.0,77.0],[107.0,78.0],[108.0,78.5]]],[[[89.7037037037037,82.29629629629629],[90.30379746835443,82.30379746835443],[90.8,82.00000000000001],[90.46153846153847,81.53846153846155],[90.0,81.36842105263158],[89.55,81.55000000000001],[89.2,82.00000000000001],[89.7037037037037,82.29629629629629]]],[[[145.1818181818182,-88.81818181818181],[145.33333333333331,-89.0],[145.33333333333334,-89.33333333333334],[145.0,-90.0],[144.60000000000002,-89.4],[144.0,-89.0],[145.1818181818182,-88.81818181818181]]],[[[148.0,-90.0],[147.5,-89.0],[148.0,-88.75],[149.0,-89.0],[148.0,-90.0]]],[[[171.0,-89.0],[170.4,-89.4],[169.6,-89.60000000000001],[169.0,-90.0],[168.0,-89.0],[169.66666666666669,-88.66666666666667],[170.0,-88.5],[170.4,-88.6],[171.0,-89.0]]],[[[126.0,-89.75],[125.53846153846155,-89.46153846153845],[125.4,-89.0],[125.68421052631578,-88.68421052631578],[126.0,-88.57142857142857],[132.2,-88.8],[133.0,-89.0],[132.4,-89.4],[132.0,-89.5],[131.0,-89.5],[130.0,-89.66666666666667],[126.0,-89.75]]],[[[168.0,-89.0],[167.4,-89.4],[167.0,-89.5],[166.5,-89.5],[166.0,-89.0],[167.0,-88.8],[168.0,-89.0]]],[[[149.8,-88.8],[153.77777777777777,-88.77777777777777],[154.33333333333331,-89.0],[154.0,-89.33333333333333],[153.0,-89.5],[150.0,-89.5],[149.60000000000002,-89.4],[149.0,-89.0],[149.8,-88.8]]],[[[141.0,-89.66666666666667],[140.0,-89.5],[138.0,-89.5],[137.71428571428572,-89.28571428571428],[137.66666666666669,-89.0],[138.0,-88.8],[141.0,-88.6],[142.0,-88.8],[143.0,-88.75],[144.0,-89.0],[143.0,-89.5],[142.0,-89.5],[141.0,-89.66666666666667]]],[[[132.25806451612902,-76.74193548387098],[133.0,-77.5],[134.5,-77.5],[135.33333333333334,-77.33333333333334],[136.0,-77.0],[137.0,-77.33333333333334],[137.23529411764707,-77.76470588235294],[137.66666666666669,-78.0],[137.0,-78.33333333333334],[133.58333333333334,-78.58333333333334],[132.76470588235293,-78.76470588235293],[130.52380952380952,-78.47619047619047],[130.0,-78.0],[129.41379310344828,-78.41379310344827],[129.0,-78.46153846153847],[127.26666666666667,-78.26666666666667],[126.0,-78.38461538461539],[125.28571428571429,-78.0],[125.0,-77.0],[125.54545454545455,-76.54545454545455],[126.24,-76.24000000000001],[126.29999999999998,-76.0],[126.72549019607843,-75.72549019607843],[127.0,-75.61111111111111],[127.31818181818181,-75.68181818181819],[128.5,-76.0],[129.0,-76.66666666666666],[129.60000000000002,-76.60000000000001],[130.0,-76.5],[130.33333333333334,-76.0],[131.0,-75.83333333333333],[131.61290322580643,-76.38709677419355],[132.25806451612902,-76.74193548387098]]],[[[134.64705882352942,-67.35294117647058],[135.33333333333334,-67.66666666666667],[137.0,-68.0],[138.0,-67.69999999999999],[140.0,-67.64285714285714],[141.28571428571428,-68.0],[141.33333333333334,-68.33333333333334],[141.0,-69.0],[141.91304347826087,-69.08695652173913],[143.0,-69.4],[143.75,-70.0],[143.34285714285716,-70.34285714285714],[142.0,-70.53846153846153],[141.17391304347825,-71.17391304347827],[140.6923076923077,-71.3076923076923],[140.27272727272725,-71.27272727272728],[140.0,-71.42857142857143],[138.6888888888889,-71.3111111111111],[138.0,-71.0],[137.531914893617,-70.46808510638297],[137.44444444444443,-69.55555555555554],[136.80645161290323,-69.19354838709677],[135.625,-69.375],[135.3,-69.3],[135.16666666666669,-69.83333333333333],[134.92592592592592,-70.07407407407408],[134.75,-70.0],[134.0,-69.0],[133.4090909090909,-69.4090909090909],[132.53333333333333,-69.53333333333335],[132.06666666666666,-70.0],[132.72727272727275,-71.0],[132.68421052631578,-71.3157894736842],[133.0,-71.75],[134.13333333333333,-72.13333333333333],[135.0,-72.0],[135.0,-73.0],[135.6521739130435,-73.34782608695653],[136.46153846153845,-73.53846153846155],[137.0909090909091,-73.9090909090909],[139.0,-74.0],[138.75,-74.75],[138.8,-75.2],[139.0,-75.2],[140.0,-76.0],[139.34782608695653,-76.34782608695653],[139.0,-76.4],[138.20000000000002,-76.0],[138.2,-75.80000000000001],[138.0,-75.80000000000001],[137.6,-75.4],[137.0,-75.26666666666667],[136.0,-75.57142857142856],[133.82608695652175,-75.17391304347825],[133.5,-75.0],[133.44444444444443,-74.55555555555554],[133.0,-74.0],[132.13333333333333,-74.13333333333334],[131.0,-74.0909090909091],[130.0,-74.38888888888889],[128.77358490566039,-74.22641509433961],[128.14285714285714,-74.0],[128.0,-73.66666666666667],[127.66666666666669,-73.66666666666667],[127.66666666666667,-74.0],[127.0,-74.15384615384615],[126.80952380952381,-73.80952380952381],[127.0,-73.33333333333334],[127.33333333333334,-73.33333333333334],[127.33333333333334,-73.0],[126.30769230769232,-72.69230769230771],[124.5,-72.5],[123.78947368421053,-72.21052631578948],[123.66666666666666,-72.0],[123.75,-71.75],[125.0,-71.0],[125.0,-70.0],[125.60000000000001,-70.4],[126.00000000000001,-70.33333333333334],[126.33333333333334,-70.66666666666667],[127.0,-71.0],[128.0,-70.83333333333334],[128.57894736842104,-70.57894736842104],[128.9090909090909,-70.0],[128.53846153846155,-69.46153846153847],[128.0,-69.33333333333334],[127.0,-69.28571428571428],[126.4,-69.4],[126.00000000000001,-69.66666666666667],[125.5,-69.5],[125.33333333333334,-69.0],[125.4,-68.0],[126.0,-67.4],[126.36363636363636,-67.36363636363636],[126.66666666666666,-67.0],[128.0,-67.0],[127.6,-67.6],[127.5,-68.0],[127.81818181818181,-68.18181818181819],[129.0,-68.0],[130.0,-68.0],[131.0,-67.4],[132.0,-67.66666666666666],[133.96428571428572,-66.96428571428571],[134.25,-67.0],[134.64705882352942,-67.35294117647058]],[[130.16666666666669,-71.0],[130.2,-70.0],[129.84615384615384,-69.84615384615384],[129.5,-70.0],[129.66666666666669,-70.33333333333334],[129.66666666666669,-71.0],[130.0,-71.28571428571428],[130.16666666666669,-71.0]]],[[[147.86046511627907,-69.13953488372093],[147.57142857142858,-69.0],[148.0,-68.72727272727272],[149.0,-68.75],[150.0,-69.0],[149.15,-69.15],[147.86046511627907,-69.13953488372093]]],[[[156.12698412698413,-68.12698412698413],[156.0,-68.44444444444444],[155.66666666666669,-68.33333333333334],[155.42857142857142,-68.0],[156.08080808080808,-67.91919191919192],[156.12698412698413,-68.12698412698413]]],[[[162.0,-68.22727272727273],[161.66666666666669,-68.0],[162.0,-67.90196078431373],[163.0,-68.0],[162.0,-68.22727272727273]]],[[[144.0,-68.0909090909091],[143.0,-68.42857142857143],[142.68421052631578,-68.3157894736842],[142.625,-68.0],[143.0,-67.625],[144.0,-67.9],[146.0,-67.875],[146.11111111111111,-68.11111111111111],[146.0,-68.25],[145.33333333333334,-68.33333333333334],[145.0,-68.5],[144.84615384615387,-68.15384615384615],[144.0,-68.0909090909091]]],[[[176.0,-48.6986301369863],[176.27848101265823,-48.72151898734178],[176.44,-49.0],[176.28947368421052,-49.28947368421053],[176.0,-49.44],[175.74269005847952,-49.25730994152046],[175.6986301369863,-49.0],[176.0,-48.6986301369863]]],[[[178.0,-47.59322033898305],[178.2926829268293,-47.707317073170735],[178.44444444444446,-48.0],[178.30769230769232,-48.30769230769231],[178.0,-48.470588235294116],[177.65714285714287,-48.34285714285714],[177.35135135135135,-48.0],[178.0,-47.59322033898305]]],[[[153.70967741935482,-43.70967741935483],[154.421875,-43.578125],[154.52941176470588,-44.0],[154.36986301369865,-44.369863013698634],[154.0,-44.6],[153.5609756097561,-44.4390243902439],[153.4375,-44.0],[153.70967741935482,-43.70967741935483]]],[[[155.0,-42.43283582089553],[155.475,-43.0],[155.34234234234236,-43.34234234234234],[155.0,-43.61290322580645],[154.5581395348837,-43.44186046511628],[154.71641791044777,-42.71641791044776],[155.0,-42.43283582089553]]],[[[166.93023255813955,-39.0],[168.0,-38.74698795180723],[168.24,-39.24],[168.0,-39.48837209302326],[167.72185430463577,-39.27814569536423],[166.93023255813955,-39.0]]],[[[162.31958762886597,-39.0],[162.27555555555557,-39.275555555555556],[162.0,-39.53448275862069],[161.72072072072072,-39.0],[162.0,-38.69],[162.31958762886597,-39.0]]],[[[165.0,-37.900826446280995],[165.16666666666666,-38.0],[165.18045112781954,-38.180451127819545],[165.0279069767442,-39.027906976744184],[164.88837209302324,-38.11162790697674],[165.0,-37.900826446280995]]],[[[129.5,-38.0],[130.0,-37.5],[130.28571428571428,-37.71428571428571],[130.5,-38.0],[130.33333333333334,-38.333333333333336],[130.0,-38.5],[129.5,-38.5],[129.5,-38.0]]],[[[132.1578947368421,50.1578947368421],[132.23076923076923,50.0],[131.76923076923077,49.769230769230774],[131.5,50.0],[131.8125,50.1875],[132.1578947368421,50.1578947368421]]],[[[142.0,84.0],[141.28571428571428,83.71428571428571],[140.0,83.66666666666667],[139.6923076923077,83.3076923076923],[139.4,82.6],[139.0,82.4],[138.0,83.0],[137.5,83.5],[137.33333333333334,84.0],[137.5,84.5],[138.28571428571428,84.71428571428571],[139.28571428571428,84.71428571428571],[140.0,85.0],[140.5,84.5],[141.0,84.33333333333334],[141.5,84.5],[141.7142857142857,85.28571428571428],[143.25,85.25],[144.0,85.0],[143.4,84.60000000000001],[143.0,84.66666666666667],[142.5,84.5],[142.0,84.0]]],[[[136.44444444444443,84.44444444444443],[136.66666666666669,84.0],[136.44444444444443,83.55555555555554],[136.0,83.33333333333334],[135.0,84.0],[135.5,84.5],[136.44444444444443,84.44444444444443]]],[[[172.375,84.375],[172.6,84.0],[172.42857142857144,83.57142857142858],[172.0,83.4],[171.5,83.5],[170.75,83.75],[170.5,84.0],[170.77777777777777,84.22222222222223],[172.0,84.6],[172.375,84.375]]],[[[155.57894736842104,84.57894736842104],[155.42857142857142,85.0],[155.52941176470588,85.47058823529412],[156.44444444444446,85.55555555555556],[156.8,86.0],[157.25,86.0],[157.33333333333334,85.33333333333334],[157.5,85.0],[157.33333333333334,83.66666666666667],[157.0,83.0],[156.6,83.6],[156.5,84.0],[156.22222222222223,84.22222222222223],[156.0,84.2],[155.57894736842104,84.57894736842104]]],[[[154.0,85.0],[153.0,84.4],[152.0,84.25],[151.5,84.5],[151.25,85.0],[151.71428571428572,85.28571428571428],[153.0,85.6],[153.5,85.5],[154.0,85.0]]],[[[175.69230769230768,84.6923076923077],[175.5,85.0],[175.71428571428572,85.28571428571428],[176.0,85.4],[176.26666666666665,85.26666666666667],[176.39999999999998,85.0],[176.36363636363637,84.63636363636363],[176.0,84.5],[175.69230769230768,84.6923076923077]]],[[[166.40000000000003,85.60000000000001],[166.0,85.0],[165.66666666666669,85.66666666666667],[165.0,86.0],[167.0,86.0],[166.40000000000003,85.60000000000001]]],[[[155.44444444444446,85.55555555555556],[154.60000000000002,85.60000000000001],[154.33333333333334,86.0],[154.91489361702128,86.08510638297872],[155.33333333333334,86.0],[155.44444444444446,85.55555555555556]]],[[[139.55555555555554,86.55555555555556],[140.0,86.0],[140.0,85.0],[139.28571428571428,85.28571428571428],[139.0,85.2],[138.33333333333334,85.33333333333334],[138.0,86.0],[138.0,87.0],[138.71428571428572,86.71428571428571],[139.0,86.80000000000001],[139.55555555555554,86.55555555555556]]],[[[152.25,89.25],[152.0,90.0],[156.0,90.0],[156.0,89.0],[154.25,89.0],[154.28571428571428,89.28571428571428],[154.0,89.5],[153.77777777777777,89.22222222222223],[153.83333333333334,89.0],[153.0,88.8913043478261],[152.16666666666669,89.0],[152.25,89.25]]],[[[149.93442622950818,88.9344262295082],[149.0,89.0],[149.66666666666669,89.33333333333334],[150.0,90.0],[152.0,90.0],[151.66666666666669,89.33333333333334],[151.75,89.0],[149.93442622950818,88.9344262295082]]]]}}]}