{"type":"FeatureCollection","features":[{"type":"Feature","properties":{"ageMa":170},"geometry":{"type":"MultiPolygon","coordinates":[[[[-180.0,-90.0],[-180.0,-88.93548387096774],[-178.0,-88.93548387096774],[-177.93478260869566,-90.0],[-180.0,-90.0]]],[[[-2.4705882352941178,-65.52941176470588],[-2.0,-65.6],[-1.5,-66.0],[-2.0,-66.44444444444444],[-2.4000000000000004,-66.0],[-2.4705882352941178,-65.52941176470588]]],[[[-10.428571428571427,-65.0],[-10.3,-64.69999999999999],[-9.647058823529411,-64.6470588235294],[-9.399999999999999,-65.0],[-10.0,-65.6],[-10.375,-65.375],[-10.428571428571427,-65.0]]],[[[-25.46666666666667,-58.53333333333333],[-26.0,-58.92857142857143],[-27.0,-58.55555555555556],[-27.242424242424242,-58.75757575757576],[-27.5,-59.5],[-28.0,-59.58823529411765],[-29.4,-59.0],[-29.0,-58.77777777777778],[-28.64102564102564,-58.35897435897436],[-28.46153846153846,-58.0],[-28.575757575757578,-57.57575757575758],[-29.200000000000003,-57.0],[-30.6,-56.6],[-30.727272727272727,-56.0],[-30.612903225806452,-55.61290322580645],[-31.0,-55.0],[-30.315789473684212,-55.31578947368421],[-29.625,-55.0],[-29.454545454545453,-54.54545454545455],[-29.0,-54.44444444444444],[-28.08695652173913,-55.08695652173913],[-28.08,-56.08],[-27.545454545454547,-56.54545454545454],[-27.18181818181818,-57.18181818181819],[-26.400000000000002,-57.4],[-26.0,-57.38095238095238],[-25.57377049180328,-57.57377049180329],[-25.1875,-58.0],[-25.46666666666667,-58.53333333333333]]],[[[-31.285714285714285,-52.71428571428571],[-31.0,-52.800000000000004],[-30.91304347826087,-53.086956521739125],[-31.0,-53.5],[-31.5,-53.5],[-32.0,-53.0],[-31.285714285714285,-52.71428571428571]]],[[[-20.714285714285715,67.71428571428571],[-20.0,67.80000000000001],[-18.6,67.6],[-17.666666666666668,67.66666666666667],[-17.0,68.0],[-16.0,68.0],[-15.222222222222221,67.77777777777777],[-12.999999999999998,67.81818181818181],[-12.6,67.6],[-12.333333333333334,67.66666666666667],[-12.444444444444445,67.44444444444444],[-12.266666666666666,66.73333333333333],[-12.0,66.55555555555556],[-11.652173913043478,66.65217391304348],[-11.2,67.0],[-11.2,67.19999999999999],[-11.0,67.33333333333333],[-10.5,67.5],[-7.818181818181818,67.81818181818181],[-1.1818181818181817,67.81818181818181],[-0.5,67.5],[0.0,66.5],[0.2222222222222222,66.77777777777777],[0.6923076923076923,66.6923076923077],[3.2222222222222223,66.77777777777777],[4.666666666666667,67.33333333333334],[5.25,67.25],[5.333333333333333,67.0],[6.333333333333334,66.33333333333334],[6.6521739130434785,65.65217391304347],[7.0,65.33333333333333],[7.285714285714286,65.28571428571428],[7.7894736842105265,64.78947368421052],[8.0,64.66666666666667],[9.0,64.6],[10.0,64.0],[9.4,63.60000000000001],[9.125,63.0],[9.583333333333334,61.58333333333333],[10.105263157894736,61.10526315789473],[10.7,60.0],[10.4,58.60000000000001],[10.363636363636363,57.36363636363637],[10.5,57.0],[10.333333333333334,56.66666666666667],[10.0,55.0],[10.0,53.0],[9.166666666666668,51.83333333333333],[8.636363636363637,51.36363636363636],[8.0,51.3],[7.863636363636363,51.13636363636364],[7.25,51.0],[6.826086956521738,50.173913043478265],[5.999999999999999,50.05555555555556],[5.818181818181818,49.18181818181818],[4.75,49.0],[4.428571428571429,48.57142857142858],[3.666666666666667,48.333333333333336],[3.0,48.33333333333333],[2.793103448275862,48.206896551724135],[2.489795918367347,47.51020408163265],[1.7209302325581395,47.27906976744186],[1.4,47.0],[1.2962962962962963,46.7037037037037],[0.0,46.55555555555556],[-0.5,46.0],[-0.3,45.0],[-0.5483870967741935,44.54838709677419],[-1.3934426229508197,43.39344262295082],[-3.136986301369863,42.13698630136986],[-3.586206896551724,41.0],[-3.384615384615385,40.0],[-3.5294117647058822,39.529411764705884],[-4.2,39.0],[-4.625,38.0],[-4.0,37.58333333333333],[-2.6,37.4],[-1.6,36.0],[-1.75,35.75],[-3.2666666666666666,35.266666666666666],[-4.0,35.22222222222222],[-5.0,35.46153846153847],[-6.0,35.30769230769231],[-6.461538461538462,35.53846153846154],[-6.692307692307692,36.0],[-6.636363636363637,36.63636363636364],[-6.416666666666667,37.416666666666664],[-6.0,37.55555555555556],[-5.428571428571429,38.0],[-5.75,38.25],[-7.066666666666666,38.06666666666667],[-7.200000000000001,38.0],[-7.684210526315789,36.68421052631579],[-8.2,36.2],[-9.0,35.0],[-10.0,35.0],[-10.333333333333334,34.333333333333336],[-10.333333333333334,34.0],[-10.2,33.8],[-9.5,33.5],[-9.0,33.0],[-9.600000000000001,32.6],[-10.0,32.0],[-10.636363636363637,32.36363636363636],[-11.333333333333334,32.333333333333336],[-11.333333333333334,32.0],[-12.000000000000002,31.200000000000003],[-13.0,32.0],[-14.0,32.0],[-14.5,31.5],[-15.333333333333336,31.0],[-15.333333333333336,30.000000000000004],[-15.11111111111111,29.888888888888886],[-15.0,29.0],[-16.0,28.58064516129032],[-17.0,28.866666666666667],[-17.6875,28.6875],[-18.31578947368421,28.315789473684212],[-18.77777777777778,27.77777777777778],[-19.454545454545453,27.454545454545453],[-20.53846153846154,26.53846153846154],[-20.85,25.85],[-21.424242424242426,25.424242424242426],[-21.97058823529412,23.970588235294116],[-22.53846153846154,23.53846153846154],[-22.791666666666668,22.791666666666668],[-23.382978723404257,22.382978723404257],[-24.0,21.285714285714285],[-25.0,20.6],[-25.22222222222222,20.22222222222222],[-25.692307692307693,18.692307692307693],[-25.91304347826087,17.08695652173913],[-26.30769230769231,15.692307692307693],[-25.6,15.0],[-25.733333333333334,14.733333333333334],[-25.612903225806452,14.387096774193548],[-25.666666666666664,14.0],[-25.583333333333332,13.416666666666666],[-25.375,13.0],[-25.868421052631575,12.868421052631579],[-27.1,13.0],[-26.666666666666668,13.666666666666668],[-26.6,14.0],[-26.6,14.400000000000002],[-27.0,15.0],[-27.583333333333336,14.583333333333334],[-28.0,14.5],[-30.0,14.705882352941178],[-30.185185185185183,17.814814814814817],[-30.57894736842105,18.421052631578945],[-31.215384615384615,18.784615384615385],[-33.02197802197802,18.978021978021978],[-33.333333333333336,19.666666666666668],[-33.588235294117645,19.58823529411765],[-35.625,20.0],[-36.0,20.375],[-36.26086956521739,20.26086956521739],[-36.375,20.0],[-36.91150442477876,19.91150442477876],[-39.922077922077925,19.922077922077925],[-40.77142857142857,19.771428571428572],[-41.2,19.0],[-41.83673469387755,18.836734693877553],[-42.457142857142856,18.45714285714286],[-42.81818181818182,17.81818181818182],[-43.484848484848484,17.484848484848484],[-43.8,17.0],[-44.71428571428571,14.714285714285712],[-45.0,14.5],[-46.46153846153847,14.461538461538462],[-47.14285714285714,14.142857142857142],[-47.0,13.0],[-47.25,12.0],[-47.16666666666667,11.166666666666668],[-47.00000000000001,10.833333333333334],[-46.66666666666667,11.0],[-46.36363636363637,11.363636363636363],[-46.0,11.4],[-45.733333333333334,11.266666666666666],[-43.875,11.125],[-43.75,10.75],[-44.0,10.714285714285715],[-44.21739130434783,10.217391304347826],[-44.18518518518519,9.814814814814815],[-44.0,9.583333333333332],[-43.285714285714285,10.0],[-43.25,10.25],[-42.78947368421053,10.210526315789473],[-42.42253521126761,10.422535211267606],[-41.5531914893617,10.553191489361701],[-41.125,11.0],[-41.48780487804878,11.512195121951219],[-42.25454545454545,11.745454545454544],[-42.53846153846154,12.0],[-42.4,12.4],[-42.0,12.7],[-40.72972972972973,12.72972972972973],[-40.61538461538462,13.0],[-40.76744186046511,13.232558139534884],[-41.400000000000006,13.4],[-41.64705882352941,13.352941176470589],[-42.0,13.600000000000001],[-43.0,13.555555555555557],[-43.25806451612903,13.741935483870968],[-43.44444444444444,14.0],[-43.14285714285714,15.142857142857142],[-42.46153846153847,15.461538461538462],[-42.080000000000005,16.08],[-41.34285714285714,16.34285714285714],[-40.0,16.5],[-39.65,16.65],[-39.46153846153847,17.0],[-38.45161290322581,17.451612903225808],[-38.0,18.0],[-35.719298245614034,17.280701754385962],[-33.91919191919192,17.080808080808083],[-33.800000000000004,17.0],[-33.84615384615385,16.0],[-34.0,15.625],[-34.416666666666664,15.416666666666668],[-34.714285714285715,15.0],[-36.578947368421055,14.578947368421051],[-36.95384615384615,13.953846153846154],[-37.791666666666664,13.791666666666668],[-38.0,12.75],[-39.266666666666666,12.266666666666666],[-39.5,12.0],[-39.25,11.75],[-38.0,11.526315789473685],[-37.72222222222223,11.277777777777779],[-36.13333333333333,11.133333333333333],[-35.19178082191781,11.191780821917808],[-34.55813953488372,11.558139534883722],[-34.32142857142857,12.0],[-34.11392405063291,12.11392405063291],[-33.0,12.063829787234042],[-32.26190476190476,12.261904761904763],[-32.0,12.523809523809524],[-30.924528301886795,12.075471698113208],[-30.473684210526315,11.526315789473685],[-29.757575757575758,11.242424242424242],[-29.230769230769234,10.76923076923077],[-28.0,10.785714285714285],[-27.633333333333333,10.366666666666667],[-26.333333333333336,10.0],[-26.0,9.636363636363637],[-25.0,9.375],[-24.0,9.5],[-21.666666666666668,9.333333333333334],[-21.5,9.0],[-21.0,8.777777777777779],[-20.82608695652174,8.826086956521738],[-20.6,9.0],[-21.0,10.0],[-20.875,11.0],[-21.0,11.25],[-21.25,11.25],[-21.25,11.0],[-21.571428571428573,10.571428571428571],[-23.0,10.833333333333334],[-23.02,11.02],[-22.26086956521739,11.26086956521739],[-22.0,11.75],[-21.75,11.75],[-21.75,12.0],[-21.375,12.375],[-21.2,13.0],[-21.0,13.181818181818182],[-20.0,13.23076923076923],[-19.555555555555554,13.555555555555555],[-19.375,14.0],[-19.51219512195122,14.487804878048781],[-20.0,15.0],[-20.272727272727273,15.727272727272727],[-20.299999999999997,16.3],[-20.166666666666664,16.833333333333332],[-20.333333333333332,17.0],[-19.65714285714286,17.65714285714286],[-19.285714285714285,18.285714285714285],[-18.666666666666668,18.666666666666668],[-18.31111111111111,19.31111111111111],[-18.0,19.583333333333332],[-17.548387096774192,19.451612903225808],[-17.0,18.5],[-16.692307692307693,18.692307692307693],[-16.400000000000002,20.400000000000002],[-16.0,21.0],[-16.666666666666668,21.333333333333336],[-16.6,21.6],[-16.764705882352942,22.235294117647058],[-17.0,22.5],[-17.137931034482758,23.137931034482758],[-16.5,23.5],[-15.285714285714286,25.0],[-14.322580645161292,25.32258064516129],[-14.0,25.555555555555557],[-12.534883720930232,25.53488372093023],[-11.76923076923077,25.76923076923077],[-11.181818181818182,27.0],[-10.764705882352942,27.235294117647058],[-10.285714285714285,27.285714285714285],[-10.0,27.6],[-8.75,27.25],[-8.714285714285715,27.0],[-8.384615384615385,26.615384615384613],[-6.0,26.625],[-4.181818181818182,27.18181818181818],[-4.029411764705882,28.02941176470588],[-3.071428571428571,28.071428571428573],[-2.3333333333333335,28.333333333333336],[-2.0,28.625],[-1.0,28.57142857142857],[0.0,28.09090909090909],[0.42105263157894735,27.421052631578945],[1.25,27.0],[1.4,26.0],[3.0,24.666666666666668],[4.0,24.57142857142857],[5.153846153846154,24.153846153846153],[7.555555555555555,22.555555555555557],[8.0,22.333333333333336],[9.0,22.25],[10.0,21.5],[11.5,21.0],[12.285714285714285,20.285714285714285],[13.0,20.2],[13.25,20.0],[13.4,19.6],[13.0,19.0],[13.600000000000001,19.400000000000002],[14.0,19.25],[14.083333333333334,19.083333333333332],[15.028571428571428,19.02857142857143],[15.0,18.666666666666668],[14.0,18.666666666666668],[13.555555555555555,18.444444444444443],[13.5,18.0],[14.0,17.333333333333332],[15.0,17.0],[14.714285714285712,16.285714285714285],[14.75,16.0],[14.904761904761905,15.904761904761905],[15.166666666666668,15.833333333333332],[16.0,16.0],[16.77777777777778,14.777777777777779],[18.0,14.4],[20.0,15.0],[22.71428571428571,13.714285714285714],[23.0,13.5],[23.0625,13.0625],[24.022988505747126,13.022988505747126],[24.400000000000002,12.4],[27.444444444444443,11.444444444444443],[27.666666666666668,11.0],[28.0,10.666666666666668],[28.47058823529412,10.470588235294118],[28.800000000000004,10.0],[28.925925925925924,8.925925925925926],[29.733333333333334,8.733333333333334],[30.400000000000002,8.4],[30.71428571428571,7.7142857142857135],[31.333333333333332,7.0],[31.5,6.0],[31.5,2.0],[31.666666666666668,1.0],[32.333333333333336,-1.0],[31.8,-1.8],[31.714285714285715,-3.2857142857142856],[31.25,-5.25],[30.81818181818182,-5.818181818181818],[30.22222222222222,-7.222222222222222],[29.0,-7.666666666666667],[28.461538461538463,-8.461538461538462],[27.25,-9.25],[25.857142857142858,-9.857142857142858],[25.0,-10.0],[24.400000000000002,-10.4],[24.0,-10.5],[23.0,-10.333333333333332],[22.0,-10.666666666666668],[20.5,-10.5],[20.0,-10.0],[19.22222222222222,-9.777777777777779],[18.0,-10.0],[17.0,-10.0],[17.0,-11.0],[18.0,-11.0],[18.0,-15.0],[15.0,-15.0],[15.0,-16.0],[18.0,-16.0],[18.0,-17.0],[19.0,-17.0],[19.5,-17.5],[19.75,-18.75],[19.75,-20.0],[19.666666666666668,-20.666666666666668],[19.5,-21.0],[19.846153846153847,-21.153846153846153],[19.909090909090907,-22.0],[19.77777777777778,-22.77777777777778],[19.400000000000002,-23.400000000000002],[19.0,-23.6],[18.692307692307693,-24.30769230769231],[18.692307692307693,-24.692307692307693],[18.333333333333336,-25.0],[18.25,-25.25],[18.0,-25.333333333333332],[17.636363636363637,-26.363636363636363],[17.714285714285715,-26.714285714285715],[17.4,-26.6],[16.842105263157894,-26.842105263157894],[16.571428571428573,-27.42857142857143],[16.666666666666668,-27.666666666666668],[16.333333333333336,-27.666666666666668],[15.948717948717949,-27.94871794871795],[15.600000000000001,-29.6],[14.954545454545455,-29.954545454545457],[14.833333333333334,-30.833333333333332],[14.470588235294118,-31.47058823529412],[14.000000000000002,-31.8],[13.818181818181817,-32.81818181818182],[13.0,-33.800000000000004],[12.0,-34.5],[11.7,-35.0],[10.27027027027027,-35.270270270270274],[9.54054054054054,-35.54054054054054],[9.048192771084338,-36.04819277108434],[8.392857142857142,-36.39285714285714],[8.084745762711865,-37.08474576271186],[7.357142857142858,-37.357142857142854],[7.086206896551724,-38.08620689655172],[5.5,-38.5],[5.128205128205128,-39.128205128205124],[3.242424242424242,-39.24242424242424],[2.575,-39.574999999999996],[2.2127659574468086,-40.212765957446805],[1.589041095890411,-40.58904109589041],[1.2105263157894737,-41.0],[1.3076923076923077,-41.30769230769231],[1.0,-41.36363636363636],[0.45901639344262296,-42.459016393442624],[0.0,-42.5],[-1.075,-42.925],[-2.0,-43.800000000000004],[-3.0,-43.66666666666667],[-3.2222222222222223,-43.77777777777778],[-3.6043956043956045,-44.395604395604394],[-4.0,-44.5625],[-5.541666666666666,-44.45833333333333],[-9.0,-44.55102040816326],[-11.407407407407407,-44.407407407407405],[-12.52941176470588,-44.470588235294116],[-13.0,-44.61538461538461],[-13.4,-44.400000000000006],[-13.615384615384617,-44.0],[-15.000000000000002,-43.54166666666667],[-16.0,-43.75],[-17.27906976744186,-43.72093023255814],[-17.91304347826087,-43.913043478260875],[-19.0,-44.0],[-18.11764705882353,-44.11764705882352],[-17.0,-44.66666666666667],[-16.0,-44.83333333333333],[-15.363636363636363,-45.36363636363637],[-14.0,-47.0],[-14.666666666666668,-48.0],[-16.53846153846154,-48.46153846153847],[-16.918367346938776,-49.08163265306122],[-17.607142857142858,-49.39285714285714],[-18.0,-50.13333333333333],[-19.870967741935484,-50.12903225806451],[-20.590909090909086,-50.40909090909091],[-21.000000000000004,-50.9],[-22.0,-50.599999999999994],[-22.32,-50.68],[-22.666666666666664,-51.0],[-23.735849056603772,-51.26415094339623],[-24.0,-51.46666666666667],[-25.0,-51.5],[-25.333333333333336,-51.333333333333336],[-27.0,-51.0],[-27.61904761904762,-50.61904761904762],[-28.0,-50.66666666666667],[-29.0,-50.5],[-30.0,-50.73333333333334],[-30.47826086956522,-50.47826086956522],[-30.523809523809522,-50.0],[-30.696969696969695,-49.696969696969695],[-31.464285714285715,-49.464285714285715],[-31.84,-48.839999999999996],[-32.0,-48.14285714285714],[-32.66666666666667,-47.66666666666667],[-32.77777777777778,-47.0],[-33.0,-46.66666666666667],[-33.11940298507463,-46.11940298507463],[-33.285714285714285,-46.0],[-33.333333333333336,-43.333333333333336],[-33.529411764705884,-42.529411764705884],[-33.85714285714286,-42.0],[-34.1578947368421,-40.0],[-34.125,-39.0],[-34.36363636363637,-37.0],[-34.37837837837838,-33.0],[-34.7,-32.0],[-34.76086956521739,-31.000000000000004],[-35.20168067226891,-29.201680672268907],[-35.265306122448976,-27.0],[-35.577777777777776,-25.0],[-35.91428571428571,-24.0],[-36.104166666666664,-22.0],[-36.34,-21.0],[-37.0,-20.0],[-37.095238095238095,-19.0],[-38.0,-17.83783783783784],[-38.673913043478265,-16.673913043478258],[-40.06741573033708,-16.06741573033708],[-40.515358361774744,-15.515358361774744],[-41.19047619047619,-15.19047619047619],[-42.278571428571425,-14.278571428571428],[-42.65517241379311,-13.655172413793105],[-43.20083682008368,-13.200836820083683],[-43.57142857142858,-12.571428571428573],[-44.125,-12.125],[-44.79354838709678,-10.793548387096774],[-45.65714285714286,-10.0],[-46.96969696969697,-8.0],[-47.161764705882355,-7.161764705882353],[-47.94444444444444,-5.999999999999999],[-48.09615384615385,-5.0],[-47.96774193548387,-3.0],[-48.31111111111111,-2.311111111111111],[-48.77777777777778,-2.0],[-48.38095238095238,-1.0],[-47.241379310344826,1.0],[-46.72222222222223,2.7222222222222223],[-46.656565656565654,5.343434343434343],[-47.0,5.772727272727273],[-48.387096774193544,5.612903225806451],[-48.4,6.0],[-48.704918032786885,6.295081967213115],[-49.22784810126582,6.227848101265822],[-49.29032258064516,5.709677419354838],[-49.0,5.4375],[-48.60000000000001,5.4],[-48.611111111111114,5.0],[-49.0,3.333333333333333],[-49.77777777777778,2.7777777777777777],[-50.0,1.8],[-50.5,1.5],[-50.66666666666667,1.0],[-50.888888888888886,0.8888888888888888],[-51.15384615384615,1.0],[-51.25,1.25],[-51.16666666666667,1.8333333333333333],[-52.0,2.0],[-52.083333333333336,3.0],[-51.68421052631579,3.6842105263157894],[-52.24390243902439,5.7560975609756095],[-53.0,6.555555555555555],[-53.344086021505376,7.655913978494624],[-54.0,9.071428571428571],[-54.733333333333334,11.733333333333333],[-54.5,13.0],[-55.0,14.25],[-55.33333333333334,14.333333333333334],[-56.0,14.0],[-56.08888888888889,16.91111111111111],[-56.66666666666667,17.333333333333336],[-57.0,18.0],[-57.028169014084504,18.971830985915492],[-57.239999999999995,19.759999999999998],[-58.0,19.94736842105263],[-58.0,22.0],[-58.5,23.0],[-58.51724137931034,24.0],[-58.705263157894734,24.294736842105266],[-59.0,24.48275862068965],[-59.46153846153847,24.53846153846154],[-60.02127659574468,24.97872340425532],[-60.89473684210526,25.105263157894736],[-61.08247422680412,25.917525773195877],[-61.969696969696976,27.03030303030303],[-62.24242424242424,28.757575757575758],[-62.729729729729726,28.729729729729733],[-63.0,28.846153846153847],[-63.168067226890756,29.168067226890756],[-63.20740740740741,29.79259259259259],[-64.0,30.5625],[-64.5195530726257,31.480446927374302],[-65.11904761904762,31.88095238095238],[-65.55555555555556,32.0],[-65.77464788732394,32.225352112676056],[-66.0,32.24242424242424],[-66.55128205128206,33.44871794871795],[-67.068669527897,33.93133047210301],[-67.31404958677686,34.68595041322314],[-68.1027397260274,34.897260273972606],[-68.3820224719101,35.61797752808989],[-70.01724137931035,35.98275862068966],[-70.3448275862069,36.6551724137931],[-71.17777777777778,37.0],[-71.49122807017542,37.508771929824555],[-72.29787234042553,38.0],[-72.51824817518248,38.48175182481752],[-74.0,39.458333333333336],[-74.22033898305085,39.77966101694915],[-75.05185185185185,39.94814814814814],[-75.26027397260273,41.0],[-75.53246753246752,41.467532467532465],[-76.16053511705687,41.83946488294314],[-76.37037037037037,42.629629629629626],[-77.01587301587301,42.98412698412698],[-77.38297872340425,43.61702127659575],[-78.08396946564886,43.916030534351144],[-78.384,44.616],[-79.03875968992249,44.96124031007752],[-79.27777777777777,46.27777777777778],[-79.01724137931035,47.01724137931034],[-78.0,46.33333333333333],[-77.51351351351352,46.51351351351352],[-77.0,46.92307692307693],[-76.76923076923077,46.230769230769226],[-75.98076923076923,46.0],[-75.31884057971014,44.68115942028985],[-75.0,44.476190476190474],[-74.48301886792453,43.51698113207547],[-73.14814814814815,43.0],[-72.56190476190477,42.438095238095244],[-70.98461538461538,42.01538461538461],[-70.7,41.3],[-69.90588235294118,41.09411764705882],[-69.57499999999999,40.425],[-68.42105263157895,40.0],[-68.0,39.5],[-67.65714285714286,38.34285714285714],[-67.0,38.0625],[-66.71900826446281,37.280991735537185],[-66.0,36.66666666666667],[-65.84444444444445,36.0],[-65.75838926174497,34.241610738255034],[-65.41891891891892,33.58108108108108],[-64.8562874251497,33.1437125748503],[-64.45333333333333,32.54666666666667],[-64.0,32.43333333333334],[-63.63043478260869,32.630434782608695],[-63.45161290322581,33.0],[-63.09569377990431,35.09569377990431],[-63.0,35.37037037037037],[-62.61363636363637,35.61363636363636],[-62.31460674157303,36.31460674157303],[-62.15384615384615,37.15384615384615],[-62.0,37.33333333333333],[-61.592592592592595,37.407407407407405],[-61.272727272727266,37.272727272727266],[-60.71428571428571,38.0],[-60.8974358974359,38.1025641025641],[-60.80952380952381,39.80952380952381],[-60.333333333333336,40.0],[-60.199999999999996,41.0],[-60.44444444444444,42.0],[-60.916666666666664,43.0],[-60.875,43.875],[-60.75,44.0],[-59.6,44.6],[-59.0,44.72727272727273],[-58.421052631578945,44.578947368421055],[-57.75,44.25],[-57.0,43.5],[-56.6,43.400000000000006],[-55.375,42.625],[-55.11111111111111,41.99999999999999],[-54.38095238095237,41.61904761904762],[-54.0625,40.9375],[-53.307692307692314,40.69230769230769],[-53.0,40.0],[-52.0,40.33333333333333],[-51.77777777777778,40.22222222222222],[-51.400000000000006,39.6],[-51.0,39.5],[-50.63636363636363,39.63636363636363],[-50.33333333333333,40.0],[-50.0,41.0],[-50.400000000000006,41.6],[-50.66666666666667,43.0],[-51.36363636363636,43.63636363636364],[-51.733333333333334,44.266666666666666],[-52.46153846153847,44.53846153846154],[-53.55555555555555,45.44444444444444],[-53.909090909090914,46.09090909090909],[-55.0,46.333333333333336],[-55.44444444444444,46.55555555555555],[-55.80952380952381,47.19047619047619],[-56.400000000000006,47.6],[-56.71428571428571,48.28571428571428],[-57.266666666666666,48.733333333333334],[-57.82608695652174,50.173913043478265],[-58.421052631578945,50.578947368421055],[-59.68421052631578,52.315789473684205],[-60.0,53.0],[-60.625,53.375],[-61.0,54.285714285714285],[-61.5,54.5],[-62.0,55.16666666666667],[-62.55555555555555,55.44444444444444],[-62.83333333333333,56.0],[-63.5,56.5],[-63.611111111111114,57.0],[-64.0,57.63636363636363],[-64.66666666666667,58.0],[-65.625,59.0],[-65.93939393939394,60.06060606060606],[-66.8,59.8],[-67.18181818181819,59.81818181818181],[-67.66666666666667,60.00000000000001],[-68.0,60.5],[-68.28571428571428,60.28571428571428],[-69.0,60.2],[-70.0,60.71428571428571],[-71.0,60.25],[-71.33333333333334,60.333333333333336],[-71.75,59.75],[-72.0,59.8],[-72.6,59.6],[-73.0,59.333333333333336],[-74.0,59.333333333333336],[-75.0,59.0],[-74.6,58.400000000000006],[-74.4,57.6],[-74.0,57.5],[-73.5,57.0],[-74.0,56.8],[-75.0,57.0],[-75.7,56.7],[-78.75,57.0],[-78.69230769230771,57.30769230769231],[-79.0,57.66666666666667],[-80.0,58.666666666666664],[-80.28571428571428,58.71428571428571],[-81.0,58.666666666666664],[-82.0,58.0],[-82.77777777777777,57.77777777777777],[-83.0,57.75],[-83.11111111111111,57.88888888888889],[-84.0,57.875],[-84.57142857142857,57.57142857142858],[-84.875,57.0],[-85.49586776859505,56.49586776859504],[-85.71428571428571,55.71428571428571],[-86.6,55.0],[-86.45,54.550000000000004],[-85.79310344827586,54.206896551724135],[-85.52941176470588,53.470588235294116],[-85.0,53.25714285714286],[-84.78823529411764,52.78823529411765],[-84.83561643835617,52.16438356164384],[-83.9609375,52.0390625],[-83.72800000000001,51.272000000000006],[-82.953125,51.046875],[-82.65137614678899,50.34862385321101],[-81.92694063926942,50.073059360730596],[-81.57746478873239,49.42253521126761],[-81.0,49.16],[-80.85714285714286,48.857142857142854],[-80.87037037037038,48.12962962962963],[-80.66666666666667,48.0],[-81.0,47.631578947368425],[-81.12280701754386,47.87719298245614],[-82.03717472118959,47.962825278810406],[-82.25862068965517,48.741379310344826],[-83.0390625,48.9609375],[-83.31404958677686,49.68595041322314],[-84.03187250996015,49.96812749003984],[-84.26984126984127,50.730158730158735],[-85.0,51.0],[-85.09375,51.90625],[-85.35294117647058,52.647058823529406],[-86.06106870229009,52.93893129770992],[-86.36363636363637,53.63636363636364],[-87.03076923076924,53.96923076923077],[-87.43636363636365,54.56363636363637],[-89.0,54.875],[-89.52857142857142,55.471428571428575],[-90.33333333333334,56.0],[-90.52941176470588,56.470588235294116],[-91.0,56.77777777777778],[-92.0,56.904761904761905],[-92.19047619047619,57.80952380952381],[-93.02631578947367,57.973684210526315],[-93.26804123711341,58.7319587628866],[-94.04938271604938,58.95061728395062],[-95.01544401544402,58.98455598455598],[-95.05217391304348,60.052173913043475],[-95.0,60.5],[-94.73913043478261,60.73913043478261],[-94.21052631578948,60.78947368421053],[-93.80000000000001,61.00000000000001],[-93.76470588235294,61.23529411764706],[-94.0,61.5],[-94.03200000000001,62.032],[-93.06451612903226,62.064516129032256],[-93.0,63.333333333333336],[-92.71428571428572,64.0],[-93.0,64.22222222222223],[-93.12280701754386,64.87719298245614],[-93.0,65.63636363636364],[-92.0,66.0],[-91.55555555555554,66.55555555555556],[-91.0,66.8],[-90.55555555555556,66.44444444444444],[-90.33333333333334,66.0],[-90.28571428571429,65.0],[-90.54545454545453,64.54545454545455],[-91.23076923076923,64.23076923076923],[-91.375,64.0],[-91.0,63.625],[-90.52380952380952,63.476190476190474],[-90.16666666666667,63.0],[-90.28571428571428,62.714285714285715],[-90.0,62.0],[-90.0,61.0],[-89.0,61.0],[-88.22222222222223,60.77777777777778],[-88.0,60.5],[-87.0,60.57142857142857],[-86.0,60.199999999999996],[-84.68421052631578,60.68421052631579],[-84.3157894736842,61.315789473684205],[-84.0,61.5],[-83.0,61.25],[-82.0,61.25],[-81.33333333333334,61.33333333333334],[-81.0,61.5],[-80.66666666666667,61.33333333333334],[-80.5,61.0],[-79.71428571428571,60.28571428571428],[-79.0,60.0],[-78.0,60.0],[-77.4,60.400000000000006],[-77.25,61.0],[-77.33333333333334,61.33333333333334],[-77.0,62.0],[-68.4,62.0],[-68.0,61.33333333333333],[-67.71428571428571,61.71428571428571],[-67.0,62.0],[-65.5,62.0],[-65.0,61.81818181818182],[-64.0952380952381,61.904761904761905],[-62.25,62.25],[-62.0,62.578947368421055],[-61.00000000000001,62.800000000000004],[-60.75,62.75],[-60.333333333333336,63.0],[-60.400000000000006,63.400000000000006],[-60.0,64.0],[-59.6,63.400000000000006],[-59.66666666666667,63.0],[-59.5,62.5],[-59.0,62.0],[-58.0,62.0],[-57.0,63.0],[-56.0,62.0],[-55.33333333333334,62.333333333333336],[-54.5,62.5],[-54.0,63.0],[-52.0,63.0],[-52.0,62.0],[-51.5,62.5],[-50.0,62.5],[-49.0,62.66666666666667],[-48.8,62.8],[-48.0,62.85714285714286],[-46.733333333333334,62.733333333333334],[-45.0,63.5],[-44.66666666666667,63.333333333333336],[-44.5,63.0],[-44.0,62.66666666666667],[-42.89473684210526,62.89473684210526],[-42.36363636363636,63.36363636363636],[-42.0,63.5],[-41.0,63.333333333333336],[-40.63636363636364,63.63636363636363],[-40.0,63.75],[-38.0,63.5],[-37.55555555555555,63.55555555555556],[-37.0,63.66666666666667],[-36.25,64.25],[-34.63636363636363,64.63636363636364],[-34.0,65.0],[-33.0,65.0],[-30.5,67.5],[-30.000000000000004,67.66666666666667],[-29.0,67.6],[-28.692307692307693,67.6923076923077],[-28.0,68.5],[-27.0,68.25],[-22.71428571428571,68.28571428571428],[-22.0,68.0],[-22.0,67.0],[-21.5,67.5],[-21.0,67.5],[-20.714285714285715,67.71428571428571]],[[-53.2,39.0],[-53.0,38.0],[-52.33333333333333,39.0],[-52.5,39.5],[-53.0,40.0],[-53.2,39.0]],[[-90.71428571428571,62.285714285714285],[-91.33333333333334,62.0],[-91.0,61.66666666666667],[-90.60000000000001,61.6],[-90.0,62.0],[-90.71428571428571,62.285714285714285]],[[-51.5,36.0],[-51.77777777777778,37.22222222222222],[-52.4,37.4],[-53.0,37.0],[-53.0,36.0],[-52.0,35.333333333333336],[-51.6,35.6],[-51.5,36.0]],[[-23.0,62.83333333333333],[-22.75,63.0],[-23.0,63.33333333333334],[-23.5,63.0],[-23.0,62.83333333333333]],[[-22.333333333333336,55.0],[-22.285714285714285,54.71428571428571],[-21.0,54.66666666666667],[-20.0,54.333333333333336],[-19.555555555555554,54.55555555555556],[-19.5,55.0],[-19.714285714285715,55.28571428571428],[-20.0,55.400000000000006],[-22.0,55.333333333333336],[-22.333333333333336,55.0]],[[-10.666666666666668,59.0],[-11.142857142857142,59.00000000000001],[-11.0,58.66666666666667],[-10.666666666666668,59.0]],[[-10.25,57.25],[-10.25,57.0],[-10.0,56.599999999999994],[-9.777777777777779,57.0],[-9.833333333333332,57.16666666666667],[-10.0,57.5],[-10.25,57.25]],[[-46.8,7.0],[-46.22222222222222,6.777777777777779],[-45.714285714285715,7.0],[-45.75,7.25],[-46.0,7.363636363636363],[-46.8,7.0]],[[-26.666666666666668,-50.0],[-26.22222222222222,-50.22222222222222],[-25.666666666666668,-50.0],[-25.714285714285715,-49.71428571428571],[-26.0,-49.33333333333333],[-26.666666666666668,-50.0]],[[11.5,-21.0],[11.600000000000001,-20.6],[12.0,-20.0],[11.400000000000002,-19.6],[11.0,-19.0],[10.0,-18.0],[8.0,-18.0],[8.0,-19.0],[7.6,-19.6],[7.25,-21.0],[7.25,-22.0],[8.0,-22.428571428571427],[8.5,-22.0],[8.625,-21.625],[9.0,-21.25],[11.0,-21.5],[11.5,-21.0]],[[-55.666666666666664,17.0],[-55.400000000000006,16.6],[-55.0,16.555555555555557],[-54.804878048780495,16.804878048780488],[-55.0,17.57142857142857],[-55.666666666666664,17.0]],[[-54.285714285714285,16.0],[-54.25,15.75],[-54.0,15.5],[-53.945945945945944,16.0],[-54.12121212121212,16.12121212121212],[-54.285714285714285,16.0]],[[-53.23728813559322,9.762711864406779],[-52.791044776119406,9.791044776119403],[-53.0,10.291666666666666],[-53.35,10.0],[-53.23728813559322,9.762711864406779]],[[-72.22222222222223,60.77777777777778],[-72.0,60.5],[-71.66666666666667,60.66666666666667],[-72.0,61.5],[-72.25,61.25],[-72.22222222222223,60.77777777777778]],[[-47.333333333333336,7.333333333333334],[-47.480000000000004,7.52],[-47.400000000000006,8.0],[-47.66037735849057,8.339622641509434],[-48.0,8.473684210526315],[-48.295081967213115,8.295081967213115],[-48.473684210526315,8.0],[-48.0,7.142857142857143],[-47.57142857142857,7.428571428571429],[-47.333333333333336,7.333333333333334]],[[-21.75,53.25],[-22.333333333333336,53.333333333333336],[-22.5,53.0],[-22.4,52.6],[-22.0,52.5],[-21.6,52.6],[-21.5,53.0],[-21.75,53.25]],[[-16.18181818181818,50.81818181818181],[-16.0,50.66666666666667],[-15.8,50.8],[-15.818181818181818,51.18181818181818],[-16.0,51.5],[-17.0,51.0],[-16.18181818181818,50.81818181818181]],[[-10.75,52.0],[-11.0,52.25],[-11.153846153846153,52.15384615384615],[-11.0,51.800000000000004],[-10.75,52.0]],[[-52.188235294117646,8.811764705882354],[-52.0,8.703703703703704],[-51.81395348837209,8.813953488372093],[-51.867768595041326,9.132231404958677],[-52.225352112676056,9.225352112676056],[-52.188235294117646,8.811764705882354]],[[-31.5,47.5],[-30.6,47.6],[-30.0,48.0],[-29.0,48.0],[-29.5,48.5],[-29.5,49.0],[-29.333333333333336,49.33333333333334],[-29.0,49.5],[-28.66666666666667,49.33333333333334],[-28.400000000000002,48.60000000000001],[-27.0,48.333333333333336],[-26.0,48.5],[-25.66666666666667,48.66666666666667],[-25.400000000000002,49.400000000000006],[-24.666666666666668,49.66666666666667],[-24.714285714285715,51.285714285714285],[-26.0,51.33333333333334],[-28.0,52.666666666666664],[-29.0,52.666666666666664],[-29.400000000000002,52.4],[-29.666666666666668,52.0],[-29.6,51.6],[-31.0,51.33333333333334],[-32.0,51.0],[-33.0,50.0],[-33.0,49.0],[-32.4,48.60000000000001],[-32.0,48.0],[-32.0,47.0],[-31.5,47.5]],[[-12.0,48.166666666666664],[-11.0,49.0],[-11.0,50.0],[-11.529411764705882,49.52941176470588],[-12.0,49.55555555555556],[-12.416666666666668,49.416666666666664],[-12.714285714285715,49.0],[-12.476190476190474,48.523809523809526],[-12.0,48.166666666666664]],[[-12.333333333333332,33.0],[-12.222222222222221,32.77777777777778],[-11.75,32.75],[-11.818181818181818,33.18181818181818],[-12.0,33.25],[-12.333333333333332,33.0]]],[[[-69.0,16.796296296296298],[-70.01360544217687,16.98639455782313],[-71.05447470817121,16.945525291828794],[-71.27083333333334,17.729166666666668],[-71.92857142857143,18.0],[-71.9,18.1],[-72.00000000000001,18.037037037037038],[-72.41935483870968,18.580645161290324],[-72.96296296296298,19.0],[-72.40310077519379,19.4031007751938],[-72.0,19.371428571428574],[-71.45833333333334,19.0],[-71.42307692307692,18.576923076923077],[-70.60606060606061,18.0],[-70.49382716049382,17.50617283950617],[-69.97938144329896,17.02061855670103],[-69.16058394160584,17.16058394160584],[-68.92361111111111,17.07638888888889],[-68.88717948717948,16.887179487179488],[-69.0,16.796296296296298]]],[[[-77.86175115207374,27.138248847926267],[-77.46082949308756,25.53917050691244],[-76.94262295081967,25.057377049180328],[-76.7687074829932,24.231292517006803],[-76.5,24.0],[-76.52112676056338,23.52112676056338],[-77.0,23.19047619047619],[-77.67676767676767,24.32323232323232],[-78.0,24.372093023255815],[-78.7,25.299999999999997],[-79.60714285714286,26.0],[-79.67647058823529,26.323529411764703],[-80.32098765432099,26.679012345679013],[-80.68316831683168,27.316831683168317],[-81.6470588235294,27.352941176470587],[-82.33962264150944,27.660377358490564],[-82.52941176470588,28.0],[-82.34615384615384,28.346153846153847],[-82.0,28.375],[-81.53125,29.0],[-81.56521739130434,29.43478260869565],[-81.88888888888889,29.999999999999996],[-81.0,30.08421052631579],[-80.75,30.0],[-80.47524752475248,29.524752475247524],[-79.49572649572649,28.504273504273502],[-79.0,28.369565217391305],[-78.65306122448979,28.0],[-78.4812030075188,27.518796992481203],[-78.0,27.319148936170212],[-77.86175115207374,27.138248847926267]]],[[[-88.75,27.25],[-88.66666666666666,27.0],[-89.0,26.88888888888889],[-89.66666666666667,27.000000000000004],[-89.0,27.4],[-88.75,27.25]]],[[[-7.0,28.285714285714285],[-6.4,28.0],[-6.636363636363637,27.636363636363637],[-7.0,27.454545454545453],[-7.4,27.6],[-7.75,28.0],[-7.0,28.285714285714285]]],[[[-86.5,28.0],[-87.0,27.77777777777778],[-87.4,28.0],[-86.73333333333333,28.266666666666666],[-86.5,28.0]]],[[[-86.18181818181819,28.818181818181817],[-86.11111111111111,29.0],[-85.10526315789474,29.105263157894736],[-84.49382716049382,29.493827160493826],[-84.00970873786409,30.009708737864077],[-83.0,30.112244897959183],[-82.08333333333333,30.0],[-83.10526315789474,29.105263157894736],[-83.48484848484848,28.484848484848484],[-84.0,28.310344827586206],[-84.73333333333332,28.266666666666666],[-85.60000000000001,28.400000000000002],[-86.18181818181819,28.818181818181817]]],[[[-7.6,33.6],[-8.0,33.44444444444444],[-8.5,33.5],[-8.833333333333334,34.0],[-8.5,34.5],[-8.0,34.55555555555556],[-7.583333333333333,34.416666666666664],[-7.166666666666667,34.0],[-7.6,33.6]]],[[[-29.5,51.0],[-29.400000000000002,51.400000000000006],[-29.0,51.333333333333336],[-28.5,51.0],[-28.66666666666667,50.66666666666667],[-29.0,50.5],[-29.333333333333336,50.66666666666667],[-29.5,51.0]]],[[[-65.0,53.0],[-64.52941176470588,52.470588235294116],[-64.33333333333334,52.0],[-64.33333333333334,51.00000000000001],[-63.53488372093023,50.46511627906977],[-63.375,50.0],[-63.15384615384615,49.0],[-63.16,47.839999999999996],[-62.85714285714286,47.0],[-63.0,46.833333333333336],[-63.044444444444444,46.955555555555556],[-63.76623376623377,46.76623376623377],[-64.09944751381215,46.90055248618785],[-64.23684210526315,48.0],[-64.51666666666667,48.483333333333334],[-65.16149068322981,48.838509316770185],[-65.41379310344827,50.41379310344828],[-65.35294117647058,50.647058823529406],[-65.75,51.0],[-65.66666666666667,52.0],[-65.76470588235294,52.23529411764706],[-66.0,52.22222222222222],[-66.52941176470588,52.470588235294116],[-67.0,53.0],[-68.0,53.5],[-68.02777777777777,53.97222222222222],[-68.33333333333333,54.0],[-69.0,54.4],[-69.28571428571428,54.71428571428571],[-70.0,55.0],[-69.0,55.375],[-68.4,55.400000000000006],[-68.0,55.400000000000006],[-67.66666666666666,55.0],[-67.52941176470588,54.529411764705884],[-67.6,54.400000000000006],[-67.44444444444444,54.44444444444444],[-67.0,54.2],[-65.77777777777779,54.22222222222222],[-65.16666666666666,53.833333333333336],[-65.0,53.0]]],[[[-70.22222222222223,59.22222222222222],[-69.84615384615384,59.15384615384616],[-69.8,59.0],[-70.0,58.90909090909091],[-71.0,59.0],[-70.22222222222223,59.22222222222222]]],[[[-79.16666666666667,62.166666666666664],[-78.0,62.0],[-79.0,61.75],[-79.25,61.75],[-79.5,62.0],[-79.16666666666667,62.166666666666664]]],[[[-48.0,66.0],[-47.6,65.4],[-47.77777777777778,64.77777777777777],[-48.0,64.66666666666666],[-49.0,64.66666666666666],[-49.5,65.0],[-49.0,65.5],[-48.60000000000001,65.60000000000001],[-48.0,66.0]]],[[[-49.53846153846154,67.46153846153847],[-49.1,67.0],[-49.22222222222223,66.77777777777777],[-49.22222222222223,66.22222222222223],[-49.69230769230769,66.30769230769232],[-50.0,66.18181818181817],[-50.333333333333336,66.33333333333334],[-50.75,66.25],[-50.66666666666667,66.66666666666667],[-50.81818181818182,67.0],[-50.45,67.45],[-50.0,67.6],[-49.53846153846154,67.46153846153847]]],[[[-41.66666666666667,74.0],[-41.78947368421053,73.78947368421052],[-43.60000000000001,72.6],[-44.5,71.5],[-45.0,71.33333333333334],[-46.0,71.75],[-49.5,71.0],[-49.400000000000006,70.60000000000001],[-49.0,70.5],[-48.666666666666664,70.0],[-49.2,69.8],[-50.0,70.0],[-50.15384615384615,69.0],[-50.52173913043479,68.52173913043478],[-51.22222222222223,68.22222222222223],[-51.5,67.5],[-52.0,67.1111111111111],[-52.5,67.0],[-52.66666666666667,66.66666666666667],[-53.25,66.25],[-55.0,66.0],[-58.0,66.0],[-58.0,68.0],[-56.421052631578945,68.42105263157895],[-56.00000000000001,68.80000000000001],[-54.913043478260875,68.91304347826087],[-55.0,69.125],[-56.00000000000001,69.2],[-56.66666666666667,70.0],[-56.44444444444444,70.44444444444444],[-55.80952380952381,70.80952380952381],[-55.44444444444444,71.44444444444444],[-55.0,71.66666666666667],[-54.5,72.5],[-53.82608695652174,72.82608695652173],[-52.888888888888886,72.88888888888889],[-52.66666666666667,73.0],[-52.44444444444444,73.44444444444444],[-51.80952380952381,73.80952380952381],[-50.0,74.11111111111111],[-49.5,74.5],[-49.0,74.66666666666667],[-47.63636363636364,74.63636363636363],[-47.2,74.8],[-46.0,74.84615384615384],[-45.0,74.5],[-44.0,74.625],[-42.55555555555556,74.44444444444443],[-41.75,74.25],[-41.66666666666667,74.0]]],[[[-21.0,73.0],[-20.0,73.0],[-20.0,72.0],[-21.0,71.66666666666667],[-22.0,72.0],[-21.0,73.0]]],[[[-180.0,72.0],[-180.0,73.0],[-178.0,73.0],[-178.0,72.0],[-179.125,71.875],[-180.0,72.0]]],[[[-18.0,73.0],[-17.5,73.5],[-16.0,73.5],[-15.0,73.0],[-14.0,73.33333333333333],[-12.0,73.33333333333333],[-11.0,73.0],[-11.600000000000001,72.6],[-12.4,72.4],[-13.0,72.0],[-18.0,72.0],[-18.0,73.0]]],[[[-39.78947368421053,75.21052631578948],[-39.333333333333336,75.0],[-40.0,74.75],[-40.5,75.0],[-40.21052631578947,75.21052631578948],[-39.78947368421053,75.21052631578948]]],[[[-145.0,83.02325581395348],[-144.53846153846155,82.46153846153847],[-143.86363636363637,82.13636363636364],[-138.0,82.01960784313725],[-137.90476190476193,81.9047619047619],[-138.0,81.0],[-137.0952380952381,81.09523809523809],[-131.0,81.0],[-130.95555555555555,80.04444444444444],[-128.66666666666669,80.0],[-128.28571428571428,79.71428571428571],[-128.0,79.71428571428572],[-127.62962962962962,79.37037037037037],[-127.0,79.1875],[-126.4406779661017,78.55932203389831],[-125.80555555555554,78.19444444444444],[-124.94244604316546,78.05755395683452],[-124.56756756756756,77.43243243243244],[-124.0,77.22222222222223],[-122.92125984251969,77.07874015748033],[-122.49090909090908,76.50909090909092],[-122.0,76.28947368421052],[-113.08275862068965,76.08275862068966],[-112.6,76.0],[-112.47368421052632,75.52631578947368],[-111.96296296296296,75.03703703703704],[-111.3157894736842,74.68421052631578],[-110.625,74.625],[-110.25,74.75],[-110.0,74.5],[-109.75,74.75],[-109.0,75.0],[-108.28571428571428,74.71428571428571],[-108.0,74.0],[-107.22222222222223,73.77777777777777],[-106.80000000000001,73.8],[-106.5,74.0],[-106.375,74.375],[-106.0,74.42857142857143],[-105.85,74.15],[-101.80000000000001,74.0],[-101.4,73.60000000000001],[-100.0,73.28571428571429],[-99.9047619047619,73.0952380952381],[-99.18518518518519,73.18518518518519],[-96.98809523809524,73.01190476190476],[-94.0,73.0],[-93.68627450980392,72.31372549019608],[-92.86516853932585,72.13483146067416],[-88.57142857142857,72.0],[-88.32,71.67999999999999],[-88.0,71.6],[-87.79661016949152,71.20338983050847],[-86.0,71.04347826086956],[-81.75,71.0],[-81.78181818181818,70.21818181818182],[-82.0,69.76],[-82.4,69.6],[-82.63636363636363,69.63636363636364],[-82.86363636363637,69.0],[-83.85,68.85],[-84.0,68.57142857142857],[-85.0,68.3],[-85.57142857142858,68.42857142857143],[-86.0,68.75],[-87.0,68.75],[-87.6,68.60000000000001],[-88.0,68.0],[-88.75,67.75],[-89.25,67.25],[-90.42857142857144,67.42857142857143],[-90.66666666666667,67.33333333333334],[-90.66666666666667,67.66666666666667],[-90.93103448275862,68.06896551724138],[-91.18181818181819,68.18181818181819],[-92.0,68.0],[-92.25,69.0],[-93.0,69.33333333333334],[-95.0,69.28571428571428],[-96.0,69.61538461538461],[-96.17857142857143,69.82142857142857],[-99.0,69.95604395604396],[-99.42105263157895,70.57894736842104],[-100.0,70.83050847457628],[-101.28571428571428,71.0],[-101.59183673469389,71.40816326530613],[-102.19999999999999,71.8],[-104.14285714285714,72.0],[-104.64705882352939,72.35294117647058],[-106.0,72.72727272727272],[-107.0,72.6470588235294],[-108.0,72.89473684210526],[-109.8082191780822,72.8082191780822],[-112.90697674418605,72.90697674418604],[-120.0,72.6086956521739],[-121.0,72.6829268292683],[-121.56923076923078,72.56923076923077],[-122.23188405797102,72.231884057971],[-122.33333333333334,72.0],[-123.0,71.73333333333333],[-124.13986013986013,71.86013986013985],[-125.22360248447204,71.77639751552795],[-127.92592592592592,71.92592592592592],[-129.44,71.44],[-130.0,71.0],[-133.0,70.98850574712642],[-133.17391304347825,71.82608695652175],[-135.0,71.9423076923077],[-135.34285714285716,72.65714285714286],[-136.1818181818182,73.0],[-136.27272727272725,73.27272727272727],[-136.08333333333334,73.91666666666667],[-138.0,74.08333333333333],[-138.54838709677418,74.4516129032258],[-139.28169014084506,74.71830985915493],[-141.5,75.0],[-141.6888888888889,75.31111111111112],[-142.0,75.38888888888889],[-142.1946902654867,75.80530973451327],[-142.776,75.77600000000001],[-144.00980392156862,75.99019607843137],[-144.41666666666669,76.58333333333333],[-145.16666666666666,76.83333333333333],[-146.0,77.0],[-148.8181818181818,77.18181818181819],[-149.5,77.5],[-149.75,78.0],[-149.5,78.5],[-149.0,78.75],[-148.8,79.0],[-148.8,79.2],[-149.0,79.33333333333334],[-150.0,79.5],[-151.0,79.5],[-151.4,79.6],[-152.0,80.0],[-153.0,80.0],[-153.60000000000002,79.6],[-155.33333333333334,79.66666666666667],[-156.0,80.0],[-157.0,80.0],[-158.0,79.0],[-159.0,80.0],[-160.0,80.0],[-160.60000000000002,79.6],[-161.28571428571428,79.71428571428571],[-161.66666666666669,80.33333333333334],[-162.4,80.60000000000001],[-163.0,81.0],[-163.60000000000002,79.6],[-164.0,79.0],[-164.4,79.6],[-164.71428571428572,81.28571428571428],[-165.0,82.0],[-166.0,82.0],[-165.5,81.5],[-165.5,80.0],[-165.66666666666669,79.66666666666667],[-166.0,79.5],[-166.5,79.5],[-167.0,80.0],[-169.0,80.0],[-169.0,79.0],[-167.0,79.0],[-166.60000000000002,78.4],[-166.5,78.0],[-167.0,77.0],[-167.5,76.5],[-168.33333333333334,76.0],[-168.20000000000002,75.0],[-168.0,74.5],[-167.5,74.0],[-169.65853658536585,73.65853658536585],[-169.96850393700785,72.96850393700787],[-171.21153846153845,72.78846153846155],[-175.0,72.73170731707317],[-177.0,73.0],[-177.0,76.0],[-180.0,76.0],[-180.0,83.6],[-179.5,83.5],[-179.0,83.0],[-179.0,82.0],[-176.03278688524588,82.03278688524591],[-176.0,82.25],[-175.0,83.0],[-172.0,83.0],[-172.0,84.02380952380953],[-169.0,84.06818181818181],[-168.9,83.9],[-169.0,83.0],[-167.0,83.0],[-167.0,84.0],[-166.0,84.06666666666668],[-165.88888888888889,83.88888888888889],[-165.92000000000002,83.08],[-164.07272727272726,83.07272727272728],[-164.0,83.5],[-163.55555555555554,83.55555555555554],[-163.33333333333331,84.0],[-163.0,84.01149425287358],[-163.0,83.0],[-162.04255319148936,83.04255319148936],[-149.94392523364485,83.05607476635515],[-149.25,83.0],[-149.0,82.66666666666667],[-148.0,82.5],[-147.55555555555554,82.55555555555554],[-147.0,83.0],[-145.0,83.02325581395348]],[[-156.4,82.4],[-156.33333333333334,82.0],[-156.0,81.5],[-155.66666666666669,81.66666666666667],[-155.5,82.0],[-155.60000000000002,82.4],[-156.0,83.0],[-156.4,82.4]],[[-158.28571428571428,81.71428571428571],[-158.0,81.5],[-157.66666666666669,82.0],[-157.6,82.4],[-158.0,83.0],[-158.4,82.4],[-158.28571428571428,81.71428571428571]],[[-121.83333333333334,75.0],[-122.05555555555556,75.05555555555554],[-122.1,74.89999999999999],[-122.0,74.83333333333333],[-121.83333333333334,75.0]],[[-119.0,74.57142857142857],[-118.0,74.6875],[-117.58333333333333,75.0],[-117.7560975609756,75.2439024390244],[-118.0,75.33333333333334],[-119.0,75.42857142857142],[-119.33333333333334,75.33333333333334],[-119.75,75.0],[-119.34285714285716,74.65714285714286],[-119.0,74.57142857142857]],[[-115.0,75.5],[-115.36842105263158,75.36842105263159],[-115.77777777777779,75.0],[-115.0,74.5625],[-114.61111111111111,74.61111111111111],[-113.80000000000001,75.0],[-115.0,75.5]]],[[[-8.285714285714285,75.71428571428571],[-8.333333333333334,76.33333333333334],[-8.0,76.5],[-7.5,76.0],[-7.6,75.60000000000001],[-8.0,75.5],[-8.285714285714285,75.71428571428571]]],[[[-9.75,76.75],[-11.0,76.5],[-11.375,76.625],[-12.0,77.11111111111111],[-13.0,76.75],[-14.0,76.75],[-14.600000000000001,76.60000000000001],[-17.0,76.66666666666666],[-17.904761904761905,77.0952380952381],[-20.0,77.0],[-21.0,77.77777777777777],[-21.5,78.0],[-22.333333333333336,79.0],[-22.5,79.5],[-24.0,80.0],[-22.0,80.0],[-21.333333333333336,79.66666666666667],[-17.5,80.0],[-17.0,79.875],[-16.825,79.175],[-15.95890410958904,79.04109589041096],[-7.5,79.0],[-7.529411764705882,78.52941176470587],[-8.0,78.0],[-9.0,77.0],[-9.75,76.75]]],[[[44.36363636363637,-79.36363636363636],[43.63636363636364,-79.63636363636364],[43.33333333333333,-80.0],[44.0,-80.22222222222223],[45.0,-80.25],[45.44444444444444,-80.55555555555556],[45.54545454545455,-81.0],[38.83653846153847,-81.16346153846155],[34.6,-81.0],[34.42857142857143,-80.0],[35.0,-79.33333333333334],[35.2,-79.2],[37.25,-79.0],[37.2,-78.8],[35.53846153846154,-78.46153846153847],[35.0,-78.0],[36.0,-77.625],[37.47058823529412,-77.52941176470588],[38.0,-78.0],[39.6,-78.4],[41.400000000000006,-78.60000000000001],[42.66666666666667,-78.66666666666667],[44.0,-78.5],[44.66666666666667,-79.0],[44.36363636363637,-79.36363636363636]]],[[[46.71428571428571,-81.0],[46.75,-80.25],[46.333333333333336,-79.0],[47.7,-78.7],[49.0,-77.5],[50.0,-77.75],[50.46153846153847,-77.46153846153847],[50.90909090909091,-76.9090909090909],[51.142857142857146,-76.85714285714286],[51.55555555555556,-77.44444444444444],[51.625,-78.0],[51.2,-79.0],[51.285714285714285,-79.28571428571428],[51.0,-80.0],[48.0,-80.0],[48.266666666666666,-80.73333333333332],[48.18181818181818,-81.0],[46.71428571428571,-81.0]],[[50.0,-79.5],[50.333333333333336,-79.33333333333334],[50.333333333333336,-79.0],[50.0,-78.66666666666667],[49.8,-79.2],[50.0,-79.5]]],[[[34.18181818181818,-77.81818181818181],[35.0,-78.0],[34.15384615384615,-78.15384615384616],[33.833333333333336,-78.0],[34.0,-77.66666666666667],[34.18181818181818,-77.81818181818181]]],[[[44.266666666666666,-74.26666666666667],[43.36363636363636,-74.36363636363636],[43.0,-75.0],[43.111111111111114,-76.0],[43.400000000000006,-76.4],[43.400000000000006,-76.60000000000001],[45.42857142857143,-76.57142857142857],[45.75,-77.0],[45.0,-77.42857142857143],[44.0,-77.71428571428572],[42.8,-77.19999999999999],[42.0,-77.3],[41.0,-77.66666666666667],[40.0,-77.57142857142857],[39.0,-77.875],[38.8,-77.8],[38.0,-78.0],[38.0,-77.0],[37.333333333333336,-76.66666666666667],[36.35714285714286,-76.64285714285714],[35.71428571428571,-76.28571428571428],[35.64285714285714,-75.64285714285714],[36.18181818181819,-75.18181818181819],[37.0,-75.13333333333333],[37.72727272727273,-75.27272727272727],[38.0,-75.6],[38.36363636363636,-75.63636363636364],[39.0,-76.0],[39.333333333333336,-75.33333333333334],[39.66666666666667,-75.33333333333334],[40.333333333333336,-75.0],[40.333333333333336,-74.0],[41.0,-73.82608695652173],[41.53191489361702,-73.53191489361703],[41.97368421052632,-72.97368421052632],[42.83098591549296,-72.83098591549296],[43.96551724137931,-72.9655172413793],[45.25,-72.75],[45.85714285714286,-73.0],[45.71428571428571,-73.28571428571428],[45.71428571428571,-73.71428571428571],[44.833333333333336,-73.83333333333333],[44.266666666666666,-74.26666666666667]]],[[[30.0,-69.2],[31.4,-70.0],[29.17543859649123,-70.17543859649123],[28.583333333333336,-70.0],[28.615384615384613,-69.61538461538461],[29.0,-69.375],[30.0,-69.2]]],[[[29.400000000000002,-68.4],[28.0,-68.66666666666667],[27.733333333333334,-68.26666666666667],[27.714285714285715,-68.0],[28.0,-67.77777777777779],[30.0,-68.0],[29.400000000000002,-68.4]]],[[[31.652173913043477,-67.65217391304347],[32.0,-67.55555555555556],[32.800000000000004,-68.0],[32.44444444444444,-68.44444444444444],[32.0,-68.44444444444444],[31.200000000000003,-68.0],[31.652173913043477,-67.65217391304347]]],[[[17.0,-66.75],[16.25,-66.0],[16.700000000000003,-65.7],[17.0,-65.625],[17.26086956521739,-65.73913043478261],[17.42857142857143,-66.0],[17.42857142857143,-66.42857142857143],[17.0,-66.75]]],[[[27.333333333333336,-64.0],[26.75,-64.25],[26.0,-64.0],[26.91304347826087,-63.91304347826087],[27.333333333333336,-64.0]]],[[[0.45454545454545453,-55.45454545454545],[0.0,-55.625],[-1.5,-55.0],[0.0,-54.6875],[1.0,-55.0],[0.45454545454545453,-55.45454545454545]]],[[[-16.38095238095238,-63.38095238095238],[-17.0,-62.75],[-18.0,-62.75],[-18.285714285714285,-62.285714285714285],[-18.272727272727273,-62.0],[-19.0,-61.578947368421055],[-20.352941176470587,-61.647058823529406],[-21.0,-62.0],[-21.714285714285715,-61.71428571428571],[-21.636363636363637,-61.36363636363636],[-21.89189189189189,-60.89189189189189],[-23.285714285714285,-60.71428571428571],[-23.4,-61.0],[-23.34782608695652,-61.347826086956516],[-23.0,-62.0],[-24.0,-62.38461538461539],[-25.125,-62.125],[-26.0,-61.25],[-26.75,-60.75],[-27.5,-59.5],[-27.0,-59.8],[-26.666666666666668,-59.333333333333336],[-26.0,-59.07692307692308],[-25.52,-59.519999999999996],[-25.285714285714285,-60.28571428571428],[-24.0,-60.400000000000006],[-23.71428571428571,-60.28571428571428],[-23.77777777777778,-60.0],[-23.451612903225808,-59.54838709677419],[-23.0,-59.26315789473685],[-21.813953488372093,-59.18604651162791],[-21.6,-59.0],[-21.42857142857143,-58.57142857142858],[-21.0,-58.25],[-20.0,-58.6],[-19.0,-58.2],[-18.0,-58.5625],[-16.0,-58.5],[-15.685714285714285,-58.31428571428572],[-15.0,-58.22916666666667],[-13.0,-58.3448275862069],[-11.591836734693878,-58.59183673469388],[-10.75,-59.0],[-9.31578947368421,-59.315789473684205],[-7.511111111111111,-60.511111111111106],[-6.904761904761905,-61.904761904761905],[-6.285714285714285,-62.285714285714285],[-6.000000000000001,-62.2],[-4.533333333333333,-62.46666666666667],[-4.0,-62.0],[-3.3333333333333335,-61.66666666666667],[-3.0,-61.25],[-2.0,-61.599999999999994],[-1.5384615384615383,-61.46153846153847],[-1.0,-61.0],[-0.5,-60.5],[-0.33333333333333337,-60.0],[-1.4827586206896552,-59.48275862068966],[-1.7777777777777777,-59.0],[-1.6923076923076925,-58.69230769230769],[-2.0,-58.0],[0.0,-58.0],[0.2,-58.8],[0.7142857142857142,-59.285714285714285],[1.4444444444444444,-59.55555555555555],[1.7142857142857142,-60.28571428571428],[2.1818181818181817,-60.81818181818182],[3.0,-61.0],[2.4,-61.400000000000006],[2.25,-62.0],[4.0,-62.45454545454545],[4.416666666666667,-62.41666666666667],[5.0,-62.0],[5.5,-62.5],[5.6,-63.0],[6.148148148148148,-63.14814814814815],[7.125,-63.125],[7.846153846153847,-62.84615384615385],[9.0,-62.63636363636364],[9.4,-62.4],[9.777777777777779,-62.0],[8.777777777777779,-61.22222222222223],[8.0,-61.0],[6.181818181818182,-61.18181818181819],[6.0,-61.5],[5.5,-61.5],[5.0,-61.0],[5.0,-60.0],[4.8,-59.0],[5.413793103448276,-58.41379310344828],[5.5,-58.0],[4.444444444444445,-57.0],[5.105263157894737,-56.10526315789473],[5.4,-56.0],[3.607843137254902,-55.3921568627451],[3.2857142857142856,-55.0],[3.588235294117647,-53.0],[3.5,-52.0],[2.611111111111111,-51.388888888888886],[2.3636363636363638,-50.63636363636363],[2.0,-50.57142857142857],[0.8888888888888888,-50.888888888888886],[0.75,-51.0],[0.5,-52.0],[0.0,-52.18181818181818],[-0.18181818181818177,-52.0],[-0.5,-51.0],[-0.13333333333333336,-49.86666666666667],[0.7692307692307692,-48.769230769230774],[2.0,-48.888888888888886],[2.4444444444444446,-48.0],[2.0,-47.2],[1.7142857142857144,-47.0],[2.0,-46.8],[2.258064516129032,-45.74193548387097],[2.0,-45.199999999999996],[1.0,-45.0],[1.4705882352941175,-44.470588235294116],[1.5,-43.5],[0.8666666666666667,-43.13333333333333],[0.6923076923076923,-42.69230769230769],[1.0,-42.77777777777777],[1.4827586206896552,-42.48275862068966],[1.4666666666666668,-42.0],[1.619047619047619,-41.61904761904762],[3.0,-41.86486486486486],[3.782608695652174,-41.78260869565217],[4.0,-41.44444444444444],[5.0,-41.23529411764706],[5.73134328358209,-40.73134328358209],[6.057142857142857,-40.057142857142864],[9.551020408163266,-39.55102040816327],[11.0,-38.77272727272727],[11.333333333333334,-38.66666666666667],[11.727272727272727,-38.72727272727273],[12.0,-38.25],[12.5,-39.0],[12.869565217391305,-39.130434782608695],[13.0,-39.333333333333336],[13.130434782608695,-39.130434782608695],[15.0,-39.02380952380952],[15.823529411764707,-39.1764705882353],[16.0,-39.375],[16.46153846153846,-39.0],[16.200000000000003,-38.0],[16.416666666666668,-37.416666666666664],[16.454545454545453,-36.54545454545455],[16.0,-36.166666666666664],[15.777777777777779,-36.22222222222222],[15.666666666666668,-36.0],[15.91304347826087,-35.91304347826087],[16.0,-35.0],[17.0,-34.90909090909091],[17.11111111111111,-35.11111111111111],[17.0,-36.0],[18.0,-37.0],[19.3,-37.3],[19.833333333333332,-37.166666666666664],[20.0,-37.333333333333336],[20.11111111111111,-37.0],[20.69811320754717,-36.698113207547166],[21.0,-36.0],[20.783783783783782,-35.21621621621622],[20.18181818181818,-35.18181818181819],[19.785714285714285,-35.0],[19.869565217391305,-34.0],[19.575757575757578,-33.42424242424242],[18.859154929577464,-33.140845070422536],[18.655172413793103,-32.6551724137931],[19.0,-32.0],[19.0,-31.0],[18.0,-31.0],[18.0,-30.0],[17.285714285714285,-29.714285714285715],[17.1,-29.0],[17.153846153846153,-28.153846153846153],[18.0,-27.333333333333336],[18.400000000000002,-26.400000000000002],[19.333333333333336,-26.0],[19.6,-25.6],[20.142857142857142,-25.142857142857142],[22.0,-24.0],[22.363636363636363,-23.363636363636363],[23.0,-23.142857142857142],[23.52941176470588,-22.52941176470588],[24.0,-22.333333333333336],[25.0,-22.666666666666664],[25.076923076923077,-22.92307692307692],[26.2,-23.0],[26.724137931034484,-23.275862068965516],[27.0,-23.666666666666668],[27.5,-23.0],[29.0,-22.6875],[29.232558139534884,-22.767441860465116],[29.555555555555557,-23.0],[29.25,-23.25],[29.064516129032256,-24.064516129032256],[28.25,-25.0],[28.363636363636363,-25.363636363636363],[28.285714285714285,-25.714285714285715],[29.0,-26.0],[29.77777777777778,-25.77777777777778],[30.0,-25.0],[30.285714285714285,-25.714285714285715],[30.6,-25.6],[31.0,-25.7],[31.5,-25.5],[31.875,-25.0],[31.7,-24.0],[32.0,-23.4],[32.285714285714285,-23.285714285714285],[32.5,-23.0],[32.71428571428571,-21.714285714285715],[33.0,-21.5],[34.0,-21.333333333333336],[35.0,-21.0],[35.0,-20.0],[37.0,-20.0],[38.470588235294116,-20.52941176470588],[38.916666666666664,-21.083333333333332],[39.77777777777777,-21.22222222222222],[40.44444444444444,-21.555555555555554],[40.82608695652174,-22.17391304347826],[41.44444444444444,-22.555555555555557],[41.78947368421053,-23.210526315789473],[42.4,-23.6],[42.6,-24.0],[42.85714285714286,-24.142857142857142],[42.82608695652174,-25.82608695652174],[42.17391304347826,-25.82608695652174],[41.714285714285715,-26.0],[41.714285714285715,-27.0],[41.55555555555555,-27.555555555555554],[41.0,-28.0],[41.0,-31.0],[40.63636363636364,-31.636363636363637],[40.71428571428571,-32.285714285714285],[41.0,-33.0],[41.5,-33.5],[41.875,-34.125],[42.6,-34.400000000000006],[43.5,-35.5],[44.22222222222222,-35.77777777777778],[45.0,-37.0],[45.888888888888886,-37.111111111111114],[46.55555555555555,-37.44444444444444],[46.93103448275862,-38.068965517241374],[48.857142857142854,-38.14285714285714],[50.0,-38.5],[51.285714285714285,-38.285714285714285],[51.75,-37.75],[52.44444444444444,-37.44444444444444],[52.77777777777778,-36.77777777777778],[53.0,-36.666666666666664],[53.333333333333336,-36.66666666666667],[53.33333333333333,-37.0],[53.55555555555555,-37.44444444444444],[54.0,-37.666666666666664],[54.333333333333336,-37.333333333333336],[55.0,-37.0],[55.0,-36.0],[55.75,-36.25],[56.0,-36.166666666666664],[57.0,-36.25],[57.15384615384615,-36.15384615384615],[57.25,-35.75],[57.0,-35.0],[56.5,-34.5],[56.5,-34.0],[56.66666666666667,-33.66666666666667],[57.0,-33.5],[58.0,-33.666666666666664],[59.0,-33.5],[60.0,-33.666666666666664],[61.0,-33.400000000000006],[61.46153846153847,-33.53846153846154],[62.0,-34.0],[64.0,-33.400000000000006],[65.0,-33.400000000000006],[66.0,-33.666666666666664],[67.0,-33.666666666666664],[67.33333333333333,-34.0],[67.25,-34.25],[66.5,-34.5],[66.25,-35.0],[66.57142857142858,-35.42857142857143],[67.0,-35.599999999999994],[68.0,-35.0],[68.5,-35.5],[69.0,-36.333333333333336],[70.0,-36.666666666666664],[70.625,-37.375],[71.375,-37.625],[72.0,-38.0],[72.75,-37.75],[73.0,-37.5],[74.28571428571428,-37.71428571428571],[75.0,-38.0],[75.83333333333333,-37.833333333333336],[77.0,-37.8],[77.5,-38.0],[77.66666666666667,-38.333333333333336],[78.0,-38.5],[79.0,-38.5],[79.4,-38.6],[80.0,-39.0],[82.0,-39.0],[82.0,-40.0],[83.0,-40.0],[83.4,-40.6],[84.0,-41.0],[87.0,-41.0],[87.4,-40.4],[88.0,-40.25],[89.0,-40.333333333333336],[90.0,-41.5],[91.0,-41.0],[92.0,-41.333333333333336],[93.0,-41.333333333333336],[95.0,-41.66666666666667],[96.0,-41.66666666666667],[97.0,-41.0],[99.0,-41.0],[99.0,-42.0],[102.0,-42.0],[102.0,-43.0],[104.0,-43.0],[104.0,-44.0],[106.0,-44.0],[106.0,-45.0],[107.0,-45.0],[106.92592592592592,-46.07407407407407],[107.32,-46.68],[107.72727272727272,-47.0],[107.55555555555556,-47.55555555555556],[107.0,-48.333333333333336],[106.71428571428571,-48.28571428571428],[106.5,-48.0],[106.00000000000001,-47.800000000000004],[105.5,-48.0],[105.4,-48.400000000000006],[105.0,-49.0],[103.0,-49.0],[103.0,-50.0],[102.0,-50.0],[102.0,-51.0],[101.0,-51.0],[100.57142857142858,-50.42857142857143],[100.0,-50.35294117647059],[99.55102040816327,-50.55102040816327],[99.26666666666667,-51.0],[99.36363636363636,-51.36363636363636],[99.2,-51.8],[100.0,-52.0],[99.63636363636363,-52.63636363636363],[99.60000000000001,-53.400000000000006],[100.0,-54.0],[100.0,-55.0],[99.5,-55.5],[99.0,-55.5],[98.67741935483872,-55.677419354838705],[98.54545454545453,-56.0],[99.33333333333334,-58.0],[100.0,-58.4],[101.0,-58.333333333333336],[102.0,-58.0],[103.0,-58.0],[104.0,-58.16666666666667],[104.10309278350515,-58.89690721649485],[105.0,-59.0],[105.18867924528303,-59.81132075471699],[105.625,-60.0],[105.77777777777777,-60.22222222222222],[106.16666666666667,-61.0],[106.42857142857143,-62.0],[106.27586206896552,-63.27586206896552],[106.0,-64.0],[105.53333333333333,-64.53333333333333],[105.36363636363636,-65.0],[105.5,-66.0],[105.11363636363637,-66.11363636363636],[105.0,-66.625],[104.0,-66.75],[103.875,-67.0],[102.77777777777777,-68.0],[101.14583333333334,-68.14583333333334],[100.33962264150944,-68.33962264150944],[100.0,-69.0111111111111],[96.14035087719299,-69.14035087719299],[95.34782608695653,-69.34782608695653],[95.0,-69.61538461538461],[94.0,-69.61538461538461],[93.0,-69.35714285714286],[92.52,-69.52],[91.35714285714286,-70.35714285714286],[89.0,-70.78260869565217],[87.0,-70.4],[86.0,-70.44444444444444],[85.58333333333333,-70.58333333333333],[85.0,-71.28571428571428],[84.28571428571428,-71.28571428571428],[83.0,-72.0],[82.66666666666667,-71.33333333333334],[82.66666666666666,-71.0],[82.0,-70.6],[81.76470588235294,-70.76470588235294],[80.5,-71.0],[81.4,-71.60000000000001],[81.66666666666667,-72.0],[81.0,-72.22222222222223],[80.0,-73.0],[78.625,-72.375],[78.27272727272727,-71.72727272727272],[78.0,-71.57142857142857],[77.0,-71.72727272727273],[76.0,-71.71428571428572],[73.80952380952381,-71.19047619047619],[73.5,-71.0],[73.5,-70.0],[73.0,-69.85],[71.80952380952381,-69.80952380952381],[71.38709677419354,-70.38709677419355],[71.0,-70.6],[70.0,-70.2],[69.55555555555554,-70.55555555555556],[68.0,-70.69999999999999],[67.0,-71.22222222222223],[66.0,-71.0],[65.33333333333334,-71.33333333333334],[63.00000000000001,-71.85714285714286],[60.333333333333336,-71.66666666666667],[59.0,-71.33333333333333],[58.400000000000006,-71.4],[58.0,-71.5],[57.25,-72.25],[57.0,-73.0],[57.0,-75.0],[55.0,-75.4],[54.0,-76.0],[54.647058823529406,-76.35294117647058],[56.38461538461539,-76.61538461538461],[56.83333333333333,-77.0],[56.0,-78.1],[55.46153846153847,-77.53846153846155],[55.0,-77.4],[54.400000000000006,-77.4],[54.00000000000001,-77.66666666666667],[53.266666666666666,-76.73333333333333],[53.0,-76.77777777777779],[52.44444444444444,-76.55555555555556],[52.22222222222222,-76.0],[53.0,-75.125],[53.15384615384616,-75.15384615384616],[53.25,-75.0],[52.625,-74.375],[51.826086956521735,-74.17391304347825],[51.6,-74.0],[51.6,-73.60000000000001],[52.0,-73.33333333333334],[53.0,-73.25],[53.5,-73.0],[54.5,-72.0],[54.285714285714285,-71.71428571428571],[53.0,-71.33333333333333],[52.6,-71.60000000000001],[52.285714285714285,-72.28571428571428],[52.0,-72.5],[51.75,-72.25],[51.8,-72.0],[51.33333333333334,-71.0],[50.0,-70.75],[49.77777777777778,-71.22222222222221],[50.22222222222222,-71.77777777777777],[50.28571428571428,-72.28571428571428],[50.0,-73.0],[49.400000000000006,-72.6],[49.0,-72.5],[48.66666666666667,-72.66666666666667],[48.0,-72.75],[46.77777777777777,-72.22222222222223],[46.8,-72.0],[47.0,-71.81818181818181],[47.53846153846154,-71.53846153846153],[47.8125,-70.8125],[48.42424242424243,-70.42424242424242],[48.583333333333336,-70.0],[49.0,-69.77272727272727],[50.0,-69.76923076923077],[50.3921568627451,-69.3921568627451],[50.57446808510638,-68.57446808510639],[51.57142857142857,-68.0],[52.0,-67.5],[53.0,-67.0],[53.41666666666667,-66.41666666666667],[53.27777777777778,-66.0],[52.824561403508774,-65.82456140350877],[51.00000000000001,-65.80000000000001],[48.736842105263165,-65.26315789473685],[47.45614035087719,-64.54385964912281],[46.71875,-64.28125],[46.23376623376623,-63.76623376623377],[43.0,-63.73809523809524],[40.900000000000006,-63.9],[40.63636363636364,-64.0],[40.35897435897436,-64.35897435897436],[40.0,-64.46666666666667],[39.3,-64.0],[39.05797101449275,-62.94202898550725],[38.0,-62.63414634146342],[36.339622641509436,-62.66037735849057],[34.0,-62.1],[33.43333333333334,-62.43333333333334],[33.0,-62.5],[32.0,-62.19047619047619],[30.0,-62.5],[28.0,-62.3],[27.0,-62.69444444444444],[26.0,-62.526315789473685],[24.88,-62.88],[22.21276595744681,-62.787234042553195],[22.0,-62.66666666666667],[21.0,-62.755102040816325],[20.0,-62.61904761904762],[18.144578313253014,-62.85542168674699],[16.0,-62.75757575757576],[14.0,-62.96969696969697],[12.836734693877549,-62.836734693877546],[12.636363636363637,-63.0],[12.578947368421051,-63.421052631578945],[13.0,-64.0],[12.0,-64.0],[11.0,-63.4],[10.625,-63.625],[8.818181818181818,-63.81818181818181],[8.666666666666668,-64.0],[6.0,-64.76470588235294],[5.0,-64.54545454545455],[4.622641509433962,-64.62264150943396],[4.090909090909091,-65.0],[4.51219512195122,-65.48780487804878],[6.0,-65.36363636363636],[7.24,-65.75999999999999],[7.809523809523809,-66.19047619047619],[9.38095238095238,-66.38095238095238],[9.777777777777779,-66.22222222222223],[10.0,-66.5],[10.083333333333332,-66.0],[10.710526315789474,-65.71052631578948],[12.0,-65.58333333333333],[12.833333333333334,-66.0],[12.476190476190474,-66.47619047619047],[11.894736842105262,-66.89473684210526],[11.0,-67.0],[13.0,-67.3076923076923],[14.256410256410255,-67.74358974358974],[15.0,-68.25],[16.22222222222222,-67.77777777777777],[16.77777777777778,-67.77777777777777],[17.0,-67.5],[17.25,-67.75],[17.2,-68.0],[17.692307692307693,-68.3076923076923],[19.0,-68.41666666666666],[21.0,-68.33333333333334],[22.0,-68.625],[22.1875,-69.0],[23.0,-69.38235294117646],[24.10909090909091,-69.10909090909091],[24.57894736842105,-68.57894736842105],[25.0,-68.42857142857142],[25.470588235294116,-68.52941176470588],[26.25,-69.0],[27.0,-69.2],[27.461538461538463,-69.46153846153847],[27.6,-69.4],[27.517241379310345,-69.51724137931035],[27.631578947368418,-70.0],[27.25263157894737,-70.25263157894736],[24.59090909090909,-70.5909090909091],[24.0,-70.82608695652173],[23.366666666666667,-71.36666666666667],[23.0,-71.5],[22.0,-71.59259259259258],[20.0,-71.44186046511628],[19.0,-71.5],[18.0,-72.05],[14.707865168539325,-72.29213483146067],[12.0,-72.25714285714285],[10.0,-72.05],[6.926605504587156,-72.07339449541284],[6.5,-72.0],[6.363636363636363,-71.63636363636363],[6.0,-71.5],[5.0,-71.54545454545453],[2.8000000000000003,-71.0],[2.5428571428571427,-70.45714285714286],[2.5,-70.0],[2.0,-69.65217391304347],[0.5882352941176471,-69.58823529411765],[0.08333333333333331,-70.08333333333333],[-0.09090909090909088,-70.0909090909091],[-1.6,-69.0],[-1.625,-68.0],[-1.2857142857142856,-67.71428571428571],[-0.6551724137931034,-67.65517241379311],[0.0,-68.0],[0.5,-67.5],[0.6666666666666666,-67.0],[0.8888888888888888,-66.88888888888889],[0.6842105263157894,-66.3157894736842],[0.7647058823529411,-65.76470588235294],[2.0,-65.0],[1.0,-64.58823529411765],[0.0,-64.74074074074073],[-1.0,-64.61764705882354],[-2.4615384615384617,-65.0],[-2.5172413793103448,-65.48275862068967],[-3.0,-65.53846153846155],[-3.3684210526315796,-65.36842105263159],[-3.583333333333333,-65.0],[-3.836065573770492,-64.8360655737705],[-4.0,-64.44444444444444],[-4.777777777777778,-64.22222222222223],[-7.166666666666666,-64.16666666666667],[-8.285714285714285,-64.28571428571428],[-9.0,-64.0],[-7.809523809523809,-63.80952380952381],[-7.117647058823529,-63.88235294117647],[-6.846153846153846,-62.84615384615385],[-7.0,-62.5],[-7.4,-62.4],[-9.0,-62.638888888888886],[-10.373333333333333,-62.626666666666665],[-11.204081632653061,-62.79591836734694],[-11.5,-63.0],[-11.523809523809524,-63.476190476190474],[-12.0,-64.0],[-11.636363636363637,-64.63636363636364],[-11.692307692307693,-65.3076923076923],[-12.0,-65.5],[-13.0,-65.0],[-13.0,-64.0],[-13.538461538461538,-64.46153846153847],[-15.0,-64.42857142857143],[-15.652173913043478,-63.65217391304348],[-16.38095238095238,-63.38095238095238]],[[-4.333333333333334,-62.66666666666667],[-4.0,-63.2],[-3.8461538461538463,-62.84615384615385],[-4.0,-62.0],[-4.333333333333334,-62.66666666666667]],[[9.0,-60.400000000000006],[9.166666666666668,-60.16666666666667],[10.0,-60.0],[8.162162162162161,-59.83783783783784],[7.853658536585366,-59.85365853658537],[7.666666666666667,-60.00000000000001],[7.625,-60.375],[8.0,-61.0],[9.0,-60.400000000000006]],[[2.0,-43.2],[2.1176470588235294,-42.88235294117647],[1.5555555555555554,-42.55555555555556],[1.5,-43.5],[2.0,-43.2]],[[19.75,-31.25],[20.0,-31.166666666666668],[20.09090909090909,-30.90909090909091],[19.0,-31.0],[19.75,-31.25]],[[57.75,-35.25],[58.25,-35.0],[58.0,-34.5],[57.0,-35.0],[57.75,-35.25]],[[53.63636363636364,-67.36363636363636],[54.333333333333336,-67.33333333333334],[55.1,-67.0],[53.60000000000001,-66.60000000000001],[53.0,-67.0],[53.63636363636364,-67.36363636363636]],[[71.0,-40.0],[72.0,-40.16666666666667],[73.0,-40.0],[73.0,-39.0],[72.0,-39.0],[71.0,-40.0]],[[35.8,-60.800000000000004],[35.7741935483871,-61.2258064516129],[36.0,-61.388888888888886],[36.25,-61.0],[36.233333333333334,-60.766666666666666],[36.0,-60.5],[35.8,-60.800000000000004]],[[42.0,-39.25],[42.125,-39.0],[41.94444444444444,-38.94444444444444],[41.84615384615385,-39.15384615384615],[42.0,-39.25]],[[43.800000000000004,-40.0],[44.6,-40.4],[45.0,-40.75],[46.0,-41.0],[46.48275862068966,-40.48275862068966],[46.53846153846154,-40.0],[46.291666666666664,-39.70833333333333],[46.0,-39.611111111111114],[45.0,-39.66666666666667],[43.800000000000004,-40.0]],[[47.0,-44.333333333333336],[47.2,-44.0],[46.885714285714286,-43.885714285714286],[46.71428571428571,-44.0],[47.0,-44.333333333333336]],[[50.0,-46.631578947368425],[50.46153846153847,-46.46153846153847],[50.5,-46.0],[50.33802816901409,-45.66197183098591],[50.0,-45.47826086956522],[49.0,-45.72727272727273],[48.785714285714285,-45.99999999999999],[48.99999999999999,-46.230769230769226],[50.0,-46.631578947368425]],[[53.0,-38.5],[52.66666666666667,-38.66666666666667],[52.5,-39.0],[52.83333333333333,-39.16666666666667],[53.2,-39.2],[53.5,-39.0],[53.333333333333336,-38.66666666666667],[53.0,-38.5]],[[51.5,-43.0],[53.0,-44.0],[53.0,-45.0],[53.78947368421052,-45.21052631578947],[54.19047619047619,-45.19047619047619],[54.33333333333334,-45.0],[54.35714285714285,-44.0],[54.0,-43.0],[54.53846153846153,-42.0],[54.285714285714285,-41.0],[54.421052631578945,-40.57894736842105],[54.285714285714285,-40.285714285714285],[54.63636363636364,-40.36363636363637],[55.14285714285714,-40.142857142857146],[55.28571428571428,-39.71428571428571],[55.0,-39.5],[54.0,-39.5],[53.8,-39.8],[53.875,-40.0],[53.5,-40.5],[52.80952380952381,-40.80952380952381],[52.4516129032258,-41.45161290322581],[52.0,-41.875],[50.25,-41.75],[50.0,-41.0],[49.66666666666667,-42.0],[51.00000000000001,-42.2],[51.44444444444444,-42.55555555555556],[51.5,-43.0]],[[55.5,-39.0],[55.71428571428571,-39.28571428571428],[56.125,-39.125],[56.160000000000004,-38.84],[55.80952380952381,-38.80952380952381],[55.5,-39.0]],[[56.71428571428571,-37.71428571428571],[56.75757575757576,-38.24242424242424],[57.25806451612903,-38.25806451612903],[57.800000000000004,-38.0],[57.470588235294116,-37.529411764705884],[57.0,-37.42857142857143],[56.71428571428571,-37.71428571428571]],[[58.75,-37.25],[59.0,-37.25],[59.15384615384616,-36.84615384615385],[58.5,-37.0],[58.75,-37.25]],[[60.0,-35.57142857142857],[59.68421052631578,-35.68421052631579],[59.63636363636364,-36.36363636363636],[60.0,-36.46153846153846],[60.35294117647059,-36.35294117647059],[60.54545454545455,-36.0],[60.387096774193544,-35.61290322580645],[60.0,-35.57142857142857]],[[62.61904761904761,-55.38095238095238],[63.0,-56.0],[63.5,-56.5],[64.0,-56.57142857142857],[64.36363636363637,-56.36363636363637],[64.44444444444444,-56.0],[64.27586206896552,-55.724137931034484],[63.53846153846155,-55.46153846153847],[63.29629629629629,-54.7037037037037],[63.0,-54.5],[62.68,-54.68000000000001],[62.55555555555556,-55.0],[62.61904761904761,-55.38095238095238]],[[73.0,-67.875],[72.75,-68.0],[73.08333333333333,-68.0],[73.0,-67.875]],[[79.0,-67.21052631578948],[80.13636363636364,-67.13636363636363],[80.5,-67.0],[80.3,-66.7],[80.0,-66.57142857142857],[79.44444444444443,-66.55555555555556],[78.65217391304348,-66.65217391304348],[78.42857142857143,-67.0],[79.0,-67.21052631578948]],[[95.4,-50.400000000000006],[96.0,-50.0],[95.33333333333334,-49.66666666666667],[94.71428571428572,-49.71428571428571],[94.5,-50.0],[94.5,-50.5],[94.0,-51.0],[95.0,-51.0],[95.4,-50.400000000000006]],[[9.166666666666668,-68.16666666666666],[9.7,-68.30000000000001],[10.24,-68.24],[10.5,-68.0],[10.461538461538463,-67.53846153846155],[10.0,-67.25],[9.666666666666668,-67.66666666666667],[8.875,-68.0],[9.0,-68.25],[9.166666666666668,-68.16666666666666]],[[-15.5,-61.0],[-15.0,-61.5],[-14.0,-62.0],[-13.2,-62.199999999999996],[-12.92,-62.08],[-13.0,-61.75],[-13.42857142857143,-61.42857142857143],[-13.428571428571427,-61.0],[-14.216216216216216,-60.78378378378379],[-15.166666666666668,-60.83333333333333],[-15.5,-61.0]],[[-1.4000000000000001,-62.6],[-1.5,-63.0],[-1.0,-63.16],[-0.6,-63.0],[-0.6190476190476191,-62.61904761904761],[-1.0,-62.33333333333333],[-1.4000000000000001,-62.6]],[[2.25,-67.0],[2.5384615384615388,-67.46153846153847],[3.3333333333333335,-67.66666666666667],[3.4,-68.0],[4.1875,-68.1875],[4.6,-68.0],[4.315789473684211,-67.68421052631578],[4.0,-67.0],[3.4285714285714284,-66.57142857142858],[3.0,-66.57142857142857],[2.25,-67.0]],[[5.3428571428571425,-48.65714285714286],[5.0,-48.0],[4.342857142857143,-49.34285714285714],[3.0,-50.0],[4.409090909090909,-50.590909090909086],[4.74468085106383,-51.255319148936174],[5.857142857142857,-51.0],[5.7142857142857135,-50.0],[5.357142857142858,-49.642857142857146],[5.260869565217391,-48.99999999999999],[5.3428571428571425,-48.65714285714286]],[[7.659574468085107,-58.340425531914896],[8.242424242424242,-58.24242424242424],[8.4,-58.0],[8.30188679245283,-57.698113207547166],[7.627906976744186,-57.627906976744185],[7.0,-57.72727272727273],[6.666666666666667,-58.0],[6.793103448275862,-58.20689655172414],[7.659574468085107,-58.340425531914896]],[[9.894736842105264,-47.89473684210526],[9.666666666666668,-48.0],[10.05,-48.050000000000004],[9.894736842105264,-47.89473684210526]],[[20.764705882352942,-30.235294117647058],[21.0,-30.285714285714285],[21.285714285714285,-30.0],[21.210526315789473,-29.789473684210527],[21.0,-29.75],[20.764705882352942,-30.235294117647058]],[[25.743589743589745,-26.74358974358974],[25.545454545454543,-27.0],[25.696969696969695,-27.303030303030305],[26.0,-27.416666666666664],[26.454545454545453,-27.0],[26.270270270270274,-26.72972972972973],[25.743589743589745,-26.74358974358974]],[[29.1,-35.1],[29.090909090909093,-34.90909090909091],[29.0,-34.833333333333336],[29.0,-35.1],[29.1,-35.1]],[[31.153846153846153,-36.15384615384615],[31.5,-36.0],[30.870967741935484,-35.87096774193549],[30.5,-36.0],[31.153846153846153,-36.15384615384615]],[[52.0,-47.0],[51.00000000000001,-46.800000000000004],[50.625,-46.625],[51.0,-47.75],[52.0,-47.0]],[[52.5,-48.0],[53.0,-48.6],[53.42857142857143,-48.0],[53.0,-47.25],[52.53846153846155,-47.53846153846154],[52.5,-48.0]],[[54.25,-58.0],[54.095238095238095,-57.90476190476191],[53.92307692307693,-57.92307692307692],[53.89473684210527,-58.10526315789474],[54.25,-58.0]],[[55.5,-56.0],[55.7,-56.3],[56.32432432432433,-56.32432432432433],[57.0,-56.0],[56.0,-55.6],[55.5,-56.0]],[[59.0,-64.44444444444444],[58.64285714285714,-64.64285714285714],[58.375,-65.0],[58.629629629629626,-65.37037037037037],[59.0,-65.45454545454545],[60.0,-65.0],[59.476190476190474,-64.52380952380952],[59.0,-64.44444444444444]],[[62.27777777777777,-50.72222222222222],[61.69230769230769,-50.307692307692314],[61.80645161290323,-50.0],[61.58620689655172,-49.41379310344828],[61.0,-49.242424242424235],[60.400000000000006,-49.400000000000006],[60.21875,-50.0],[60.400000000000006,-50.400000000000006],[60.266666666666666,-50.733333333333334],[60.581395348837205,-50.581395348837205],[61.0,-50.73529411764706],[61.35294117647058,-50.647058823529406],[61.64285714285714,-51.0],[61.705882352941174,-51.294117647058826],[62.0,-51.416666666666664],[62.27777777777777,-51.27777777777777],[62.416666666666664,-51.0],[62.27777777777777,-50.72222222222222]],[[64.0,-57.599999999999994],[63.69230769230769,-57.69230769230769],[63.6,-58.0],[62.833333333333336,-58.83333333333333],[62.833333333333336,-59.166666666666664],[63.333333333333336,-59.66666666666667],[64.0,-59.785714285714285],[64.48888888888888,-59.48888888888889],[64.73333333333333,-59.0],[64.66666666666667,-58.33333333333334],[64.28571428571428,-57.71428571428571],[64.0,-57.599999999999994]],[[11.0,-56.714285714285715],[9.6,-57.0],[10.000000000000002,-57.142857142857146],[10.813953488372093,-57.18604651162791],[11.945945945945946,-57.054054054054056],[13.0,-57.173913043478265],[14.166666666666668,-57.0],[14.0,-56.75],[13.38095238095238,-56.61904761904761],[12.0,-56.90909090909091],[11.0,-56.714285714285715]],[[23.5,-35.0],[24.0,-35.11764705882353],[24.4,-35.0],[24.16,-34.84],[23.82608695652174,-34.826086956521735],[23.5,-35.0]],[[28.0,-34.0],[26.0,-33.625],[25.53846153846154,-34.0],[25.66666666666667,-34.333333333333336],[26.0,-34.42857142857143],[26.22222222222222,-34.22222222222222],[28.0,-34.0]],[[55.66666666666667,-62.0],[56.0,-62.3125],[57.0,-62.0],[56.270270270270274,-61.729729729729726],[56.0,-61.6875],[55.66666666666667,-62.0]],[[57.733333333333334,-52.266666666666666],[58.18181818181818,-52.18181818181819],[58.4,-52.0],[58.2,-51.8],[57.76470588235294,-51.76470588235294],[57.0,-52.0],[57.733333333333334,-52.266666666666666]]],[[[14.5,-37.0],[14.954545454545455,-36.95454545454545],[15.0,-36.666666666666664],[15.222222222222221,-36.77777777777778],[15.166666666666666,-37.0],[15.75,-38.0],[15.0,-38.75],[14.0,-38.400000000000006],[13.75,-38.25],[13.666666666666666,-38.0],[13.902439024390244,-37.90243902439024],[14.0,-37.333333333333336],[14.5,-37.0]]],[[[40.57142857142857,-16.42857142857143],[40.25,-16.0],[40.857142857142854,-15.857142857142858],[41.0,-15.0],[41.46153846153846,-15.53846153846154],[41.6,-16.0],[41.400000000000006,-16.400000000000002],[41.0,-16.6],[40.57142857142857,-16.42857142857143]]],[[[20.714285714285715,-12.285714285714285],[20.5,-12.0],[20.6,-11.600000000000001],[21.0,-11.5],[21.285714285714285,-11.714285714285714],[21.333333333333336,-12.0],[21.0,-12.333333333333334],[20.714285714285715,-12.285714285714285]]],[[[50.36363636363636,27.636363636363637],[51.0,27.833333333333336],[51.44444444444444,27.444444444444443],[51.714285714285715,27.0],[51.65217391304348,26.652173913043477],[52.0,26.0],[51.03448275862069,25.965517241379313],[50.65517241379311,26.655172413793107],[49.666666666666664,27.0],[49.76470588235294,27.235294117647058],[50.36363636363636,27.636363636363637]]],[[[3.0,31.25],[4.0,31.0],[3.3333333333333335,30.666666666666668],[3.0,30.666666666666664],[2.8000000000000003,31.0],[3.0,31.25]]],[[[10.52,32.519999999999996],[11.370370370370368,32.37037037037037],[12.0,32.0],[11.714285714285714,31.0],[11.400000000000002,30.6],[11.0,30.444444444444443],[10.142857142857142,29.0],[10.0,28.5],[9.764705882352942,28.764705882352942],[9.32,28.68],[7.0,29.0],[6.5,30.0],[6.916666666666667,30.083333333333332],[7.434782608695651,30.565217391304348],[7.222222222222222,31.22222222222222],[7.0,31.5],[5.593220338983052,31.593220338983052],[5.000000000000001,32.142857142857146],[4.444444444444445,32.44444444444444],[4.25,33.0],[4.444444444444445,34.0],[5.166666666666667,35.0],[6.0,35.38461538461539],[6.434782608695652,35.434782608695656],[6.833333333333334,35.0],[7.673469387755102,34.673469387755105],[8.571428571428573,34.57142857142857],[9.153846153846153,34.15384615384615],[9.166666666666666,34.0],[9.696969696969697,33.696969696969695],[10.17142857142857,33.17142857142857],[10.142857142857142,33.0],[10.52,32.519999999999996]],[[7.6,30.400000000000002],[7.25,30.0],[7.571428571428571,29.571428571428573],[8.0,29.57142857142857],[8.272727272727272,29.727272727272727],[8.375,30.0],[7.6,30.400000000000002]]],[[[7.222222222222222,36.22222222222222],[7.25,36.0],[7.0,35.5],[6.7142857142857135,35.71428571428571],[7.0,36.333333333333336],[7.222222222222222,36.22222222222222]]],[[[52.08695652173913,38.913043478260875],[54.0,39.0],[53.916666666666664,37.916666666666664],[55.857142857142854,37.857142857142854],[55.92857142857143,37.00000000000001],[55.73913043478261,36.26086956521739],[55.0,35.5],[54.55555555555556,35.55555555555556],[54.0,36.0],[53.25,36.25],[53.41666666666667,36.583333333333336],[53.333333333333336,37.333333333333336],[53.0,37.47619047619048],[51.940298507462686,37.059701492537314],[45.0,37.0],[45.266666666666666,37.733333333333334],[45.0,38.333333333333336],[44.0,38.0],[42.0,38.0],[42.0,40.0],[46.0,40.0],[46.0,41.0],[48.0,41.0],[48.400000000000006,40.4],[48.333333333333336,40.0],[48.76470588235294,39.76470588235294],[49.0,39.333333333333336],[50.0,39.0],[50.60000000000001,39.400000000000006],[51.0,40.0],[51.400000000000006,39.400000000000006],[51.333333333333336,39.0],[52.08695652173913,38.913043478260875]]],[[[44.0,66.4],[45.0,66.0],[44.5,65.5],[44.0,65.33333333333334],[43.0,66.0],[44.0,66.4]]],[[[15.38095238095238,68.38095238095238],[15.666666666666668,68.0],[15.5,67.5],[15.0,67.2],[14.363636363636363,67.36363636363636],[13.714285714285714,67.71428571428571],[13.333333333333336,68.33333333333334],[13.0,68.4],[12.84,68.16],[12.484848484848484,66.51515151515152],[12.000000000000002,66.2],[11.0,66.0],[10.0,66.0],[10.4,66.60000000000001],[10.0,67.66666666666666],[9.0,67.33333333333334],[8.555555555555555,67.55555555555556],[8.5,68.0],[8.266666666666666,68.26666666666667],[8.0,69.0],[8.444444444444445,69.55555555555554],[9.296296296296296,69.7037037037037],[11.0,70.25],[12.0,70.83333333333334],[13.0,71.0],[13.470588235294116,70.47058823529412],[13.714285714285714,69.71428571428572],[14.0,69.33333333333334],[14.692307692307693,68.6923076923077],[15.000000000000002,68.66666666666667],[15.38095238095238,68.38095238095238]]],[[[44.53846153846154,69.53846153846155],[44.25,70.0],[44.400000000000006,70.60000000000001],[45.0,71.0],[46.0,70.0],[45.5,69.5],[45.0,69.4],[44.53846153846154,69.53846153846155]]],[[[32.24,72.75999999999999],[32.6969696969697,72.69696969696969],[33.0,72.83870967741936],[33.66666666666667,72.66666666666667],[33.89655172413793,72.0],[33.82857142857143,71.82857142857144],[34.0,71.0],[33.0,71.0],[32.30769230769231,71.3076923076923],[32.16129032258065,72.0],[32.303030303030305,72.3030303030303],[32.24,72.75999999999999]]],[[[27.75,74.25],[27.666666666666668,74.0],[27.285714285714285,73.71428571428571],[25.714285714285715,73.71428571428571],[25.0,74.0],[24.0,73.33333333333334],[23.5,73.5],[23.0,74.0],[22.5,73.0],[22.142857142857142,72.85714285714286],[21.0,72.88888888888889],[20.857142857142858,73.0],[20.875,73.125],[21.6,73.4],[21.692307692307693,74.3076923076923],[22.0,74.66666666666667],[22.285714285714285,74.71428571428571],[22.333333333333336,75.0],[22.84,75.16],[23.0,75.4],[24.25,75.25],[25.0,75.0],[25.6,74.6],[26.25,74.75],[26.714285714285715,75.28571428571428],[28.0,75.28571428571428],[28.5,75.0],[28.363636363636363,74.63636363636363],[27.75,74.25]]],[[[10.0,75.71428571428571],[10.636363636363637,75.63636363636364],[11.666666666666666,75.0],[11.400000000000002,74.6],[10.75,74.25],[10.0,74.28571428571429],[9.5,74.5],[9.166666666666666,75.0],[9.5,75.5],[10.0,75.71428571428571]]],[[[4.818181818181818,76.18181818181819],[4.666666666666667,75.33333333333334],[4.0,75.0],[3.2666666666666666,75.26666666666667],[2.0,75.5],[1.6666666666666665,75.66666666666667],[1.5,76.0],[0.5,76.5],[0.25,77.0],[0.5,77.5],[1.1904761904761905,77.80952380952381],[3.6923076923076925,77.6923076923077],[5.0,77.2],[5.037037037037037,77.03703703703704],[5.5,77.0],[5.181818181818182,76.81818181818181],[4.818181818181818,76.18181818181819]]],[[[44.333333333333336,78.66666666666667],[43.75,78.75],[43.66666666666667,79.0],[44.0,80.0],[45.099999999999994,80.1],[46.0,80.0],[45.0,79.0],[44.333333333333336,78.66666666666667]]],[[[71.0,-77.6],[70.0,-77.33333333333333],[69.0,-77.25],[68.57142857142857,-77.57142857142857],[67.76923076923077,-77.76923076923077],[64.0,-78.42857142857143],[63.60000000000001,-78.60000000000001],[63.333333333333336,-79.0],[63.0,-79.02380952380953],[61.0,-79.0],[61.0,-78.0],[60.28571428571428,-77.71428571428571],[60.434782608695656,-77.43478260869564],[60.357142857142854,-77.0],[60.5609756097561,-76.5609756097561],[61.0,-76.3076923076923],[62.55555555555555,-76.44444444444444],[64.0,-77.0],[64.25,-76.25],[67.0,-75.45454545454545],[68.0,-75.71428571428571],[69.0,-75.33333333333334],[69.4,-75.4],[69.71428571428572,-75.28571428571428],[70.0,-75.5],[70.33333333333334,-75.33333333333334],[70.25,-75.0],[70.57142857142857,-74.57142857142857],[71.84615384615384,-73.84615384615384],[72.5,-74.0],[72.5,-75.0],[72.71428571428571,-75.28571428571428],[73.0,-75.25],[73.5,-75.5],[73.85714285714286,-76.00000000000001],[73.0,-76.6],[72.65217391304347,-76.65217391304348],[72.55555555555556,-77.0],[72.0,-77.55555555555556],[71.0,-77.6]],[[70.83333333333333,-76.16666666666667],[72.0,-76.0],[70.66666666666667,-75.66666666666667],[70.5,-76.0],[70.83333333333333,-76.16666666666667]]],[[[58.60000000000001,-74.6],[59.0,-74.5],[59.166666666666664,-74.83333333333334],[59.1,-75.1],[58.5,-75.0],[58.60000000000001,-74.6]]],[[[74.81818181818181,-73.18181818181819],[74.83333333333334,-72.83333333333333],[75.19047619047619,-72.80952380952381],[75.28571428571428,-73.0],[75.19047619047619,-73.19047619047619],[75.0,-73.28571428571429],[74.81818181818181,-73.18181818181819]]],[[[70.75,-72.0],[70.35294117647058,-72.35294117647058],[69.0,-72.75],[68.72727272727272,-72.27272727272727],[68.75999999999999,-71.75999999999999],[70.0,-71.57142857142857],[70.33333333333334,-71.66666666666667],[70.75,-72.0]]],[[[97.0,-40.0],[96.4,-40.4],[95.77777777777777,-40.22222222222222],[95.66666666666667,-40.0],[96.15384615384615,-39.84615384615385],[97.0,-40.0]]],[[[54.400000000000006,-35.6],[55.0,-36.0],[54.400000000000006,-36.400000000000006],[53.66666666666667,-36.333333333333336],[53.77777777777777,-35.77777777777778],[54.400000000000006,-35.6]]],[[[133.0,4.0],[133.0,5.0],[134.0,5.0],[134.1,4.1],[133.87878787878788,3.878787878787879],[133.0,4.0]]],[[[135.0,5.6],[135.2,5.2],[135.14285714285714,5.0],[134.86363636363637,4.863636363636363],[134.0,5.0],[135.0,5.6]]],[[[102.4,6.0],[102.81818181818181,5.818181818181818],[103.0,5.5],[103.35294117647058,5.352941176470588],[103.6,5.0],[102.0,4.707692307692308],[101.64150943396226,5.0],[101.47887323943662,5.47887323943662],[101.0,5.6415094339622645],[100.0,5.72463768115942],[99.09523809523809,6.0],[97.70833333333333,6.708333333333333],[96.1875,7.0],[96.30000000000001,7.7],[96.75,8.0],[96.77777777777777,8.222222222222221],[98.0,9.0],[98.28571428571428,8.285714285714285],[98.25,8.0],[99.0,7.75],[100.7037037037037,7.703703703703704],[101.0,7.2],[101.80645161290323,6.806451612903226],[102.0,6.4],[102.26666666666667,6.266666666666667],[102.4,6.0]]],[[[134.13333333333333,8.133333333333333],[134.0,9.0],[134.64000000000001,9.36],[135.24,9.239999999999998],[135.3913043478261,8.608695652173914],[135.0,8.25],[134.65714285714284,8.342857142857142],[134.13333333333333,8.133333333333333]]],[[[78.0,15.0],[81.0,15.0],[81.0,14.0],[83.0,14.0],[83.0,15.0],[88.0,15.0],[88.0,14.0],[92.0,14.0],[92.0,13.0],[92.66666666666667,12.666666666666668],[92.66666666666667,12.333333333333334],[92.90476190476191,11.904761904761905],[93.25,11.75],[93.75,11.75],[93.75,11.25],[93.91666666666667,10.916666666666668],[94.5,10.5],[94.8,10.0],[95.0,8.0],[94.12658227848101,7.8734177215189876],[93.58333333333334,8.0],[93.23333333333333,8.233333333333334],[90.02857142857144,8.971428571428572],[89.0,8.977777777777778],[88.0,9.192307692307692],[87.0,9.921052631578947],[84.95744680851064,9.957446808510639],[84.0,10.142857142857144],[82.0,10.222222222222221],[80.92156862745098,10.92156862745098],[78.99107142857143,10.991071428571429],[78.77777777777777,11.777777777777779],[77.88235294117648,12.0],[76.88034188034187,12.88034188034188],[75.87179487179488,13.0],[75.4963503649635,13.496350364963504],[74.91111111111111,13.911111111111111],[73.96761133603239,13.967611336032387],[73.51351351351352,14.513513513513514],[70.55555555555556,16.0],[70.3448275862069,16.344827586206897],[69.71764705882353,16.71764705882353],[68.8076923076923,17.0],[68.71428571428571,17.285714285714285],[68.82608695652173,17.82608695652174],[68.33333333333334,18.0],[68.55555555555556,18.444444444444443],[69.16666666666667,18.833333333333332],[72.0,19.0],[72.0,18.0],[74.0,18.0],[74.0,17.0],[76.0,17.0],[76.0,16.0],[78.0,16.0],[78.0,15.0]]],[[[63.285714285714285,21.714285714285715],[62.76470588235294,21.764705882352942],[62.599999999999994,22.0],[62.6,22.4],[63.00000000000001,22.666666666666668],[63.5,22.5],[63.66666666666667,22.0],[63.285714285714285,21.714285714285715]]],[[[65.0,21.5],[64.5,22.0],[64.5,22.5],[65.0,23.0],[65.5,22.5],[65.5,22.0],[65.33333333333334,21.666666666666668],[65.0,21.5]]],[[[60.33333333333334,23.0],[59.25806451612903,23.258064516129032],[59.0,24.0],[59.16,24.84],[59.99999999999999,24.95238095238095],[60.904761904761905,24.904761904761905],[61.0,23.666666666666664],[61.400000000000006,23.6],[62.0,24.0],[62.0,23.0],[61.0,22.666666666666664],[60.33333333333334,23.0]]],[[[65.0,24.0],[65.0,25.0],[66.0,25.333333333333332],[66.28571428571428,25.285714285714285],[66.5,25.0],[66.5,24.5],[66.0,24.0],[65.0,24.0]]],[[[55.38461538461538,24.38461538461538],[55.05555555555556,25.0],[55.33333333333334,25.66666666666667],[56.0,25.80952380952381],[57.769230769230774,25.76923076923077],[58.400000000000006,25.400000000000002],[58.66666666666667,25.0],[58.60000000000001,24.6],[59.0,24.0],[56.0,24.227272727272727],[55.38461538461538,24.38461538461538]]],[[[54.333333333333336,25.333333333333336],[53.925925925925924,25.074074074074076],[53.0,25.055555555555554],[52.239999999999995,25.240000000000002],[52.0,26.0],[52.4,26.6],[53.35294117647058,26.64705882352941],[53.89473684210527,26.894736842105264],[54.333333333333336,26.666666666666668],[54.66666666666667,26.666666666666668],[54.55555555555556,26.444444444444443],[54.66666666666667,26.0],[54.55555555555556,25.555555555555554],[54.66666666666667,25.333333333333336],[54.333333333333336,25.333333333333336]]],[[[54.33333333333334,29.0],[53.307692307692314,29.307692307692307],[53.1,30.0],[53.166666666666664,30.166666666666668],[53.0,31.0],[57.0,31.0],[57.0,30.0],[57.333333333333336,29.333333333333336],[57.0,28.0],[56.45454545454545,27.545454545454547],[55.25,27.25],[54.00000000000001,27.333333333333336],[53.75,28.25],[54.33333333333334,29.0]]],[[[61.0,30.0],[60.77777777777778,29.22222222222222],[60.85714285714286,29.0],[60.400000000000006,28.6],[60.0,28.454545454545453],[58.66666666666667,28.66666666666667],[58.5,29.0],[58.5,29.5],[59.0,30.0],[61.0,30.0]]],[[[56.0,40.0],[54.0,40.0],[54.0,42.0],[56.0,42.0],[56.0,40.0]]],[[[41.0,48.0],[41.0,44.0],[39.0,44.0],[39.0,43.0],[38.0,43.0],[38.0,42.0],[39.0,42.0],[39.0,40.0],[37.0,40.0],[37.0,41.0],[36.5,40.5],[35.0,40.333333333333336],[33.6,40.6],[32.5,41.5],[32.4,42.0],[32.0,42.285714285714285],[31.0,42.166666666666664],[29.0,42.285714285714285],[28.6,42.0],[28.461538461538463,41.53846153846154],[27.818181818181817,41.18181818181818],[27.0,40.0],[26.400000000000002,39.6],[25.636363636363637,39.36363636363636],[24.000000000000004,39.2],[23.0,38.333333333333336],[22.0,38.5],[21.666666666666668,38.333333333333336],[21.0,38.25],[19.0,38.25],[18.0,38.0],[16.22222222222222,36.77777777777778],[15.5,36.5],[15.0,35.5],[14.5,35.0],[15.0,34.8],[15.38095238095238,34.38095238095238],[15.5,34.0],[15.333333333333334,33.66666666666667],[14.647058823529411,33.35294117647059],[13.333333333333336,33.333333333333336],[13.0,33.5],[12.333333333333332,34.0],[12.0,35.0],[11.0,35.0],[10.555555555555554,35.55555555555556],[9.692307692307693,37.69230769230769],[9.714285714285714,38.285714285714285],[10.2,38.8],[11.0,39.0],[11.0,40.0],[10.0,40.0],[9.5,39.5],[9.0,39.333333333333336],[8.0,39.666666666666664],[7.0,39.42857142857143],[6.6000000000000005,39.6],[6.199999999999999,40.2],[6.0,41.0],[6.0,42.0],[5.333333333333334,41.66666666666667],[5.0,41.75],[4.666666666666667,41.66666666666667],[4.0,42.0],[4.0,41.0],[3.0,40.400000000000006],[2.5384615384615388,40.53846153846154],[2.25,41.0],[2.25,41.25],[1.6363636363636362,41.63636363636364],[1.5,42.0],[1.8518518518518519,42.14814814814815],[2.0,43.0],[3.2857142857142856,43.71428571428571],[3.5294117647058822,44.470588235294116],[4.0,44.8],[4.2,44.8],[4.333333333333334,45.0],[4.142857142857142,45.142857142857146],[4.0,47.0],[4.5,47.5],[5.2,47.8],[5.7142857142857135,48.28571428571428],[6.0,48.333333333333336],[6.333333333333334,48.333333333333336],[6.7142857142857135,47.71428571428571],[7.25,47.25],[7.333333333333333,47.0],[7.75,46.75],[8.0,45.0],[8.8,44.8],[8.8,44.2],[9.0,43.66666666666667],[9.5,43.5],[10.0,43.0],[12.0,43.0],[12.0,42.0],[13.0,42.0],[13.0,43.0],[13.600000000000001,43.400000000000006],[14.400000000000002,43.60000000000001],[15.0,44.0],[16.0,44.0],[16.0,45.0],[15.0,45.0],[15.0,47.0],[15.600000000000001,47.4],[16.0,48.0],[15.363636363636363,48.36363636363636],[15.0,48.285714285714285],[14.333333333333332,48.0],[14.333333333333334,47.66666666666667],[14.0,47.5],[13.8,47.8],[13.833333333333334,48.0],[12.81818181818182,48.81818181818181],[11.666666666666668,51.0],[11.7,51.3],[12.511111111111111,52.48888888888889],[13.444444444444443,53.0],[13.600000000000001,53.400000000000006],[14.0,53.71428571428571],[14.555555555555554,54.44444444444444],[15.142857142857142,54.857142857142854],[15.333333333333336,56.0],[16.047619047619047,56.95238095238095],[16.08695652173913,57.91304347826087],[16.6,59.0],[17.0,59.25],[17.324324324324326,59.67567567567568],[17.625,60.375],[18.0,60.85714285714286],[19.166666666666668,61.0],[19.583333333333332,61.416666666666664],[21.0,62.25],[22.0,62.0],[22.565217391304348,62.434782608695656],[24.0,62.69230769230769],[26.0,62.61538461538462],[26.457142857142856,62.457142857142856],[27.0,61.888888888888886],[27.5,62.0],[28.0,62.33333333333333],[28.333333333333336,62.333333333333336],[29.0,62.0],[29.6,62.4],[30.0,62.5],[31.0,62.5],[32.6,63.400000000000006],[32.55555555555555,63.55555555555556],[33.0,65.0],[35.0,67.0],[34.6,67.6],[33.5,68.5],[33.333333333333336,69.0],[33.5,69.5],[34.333333333333336,69.66666666666667],[35.0,70.0],[34.333333333333336,70.33333333333334],[34.0,71.0],[34.57142857142857,71.42857142857143],[35.0,71.6],[37.0,71.875],[37.46153846153847,72.53846153846153],[38.00000000000001,72.85714285714286],[39.0,73.0],[39.51219512195122,73.48780487804878],[40.0,73.66666666666667],[40.6,73.60000000000001],[41.0,73.25],[42.0,73.0],[41.0,72.5],[40.8,71.2],[40.5,71.0],[39.888888888888886,70.11111111111111],[39.77777777777778,69.0],[40.400000000000006,68.0],[41.0,67.625],[41.5,67.5],[41.833333333333336,67.0],[41.75,66.75],[42.0,66.0],[41.0,66.0],[40.0,65.0],[38.6,65.4],[38.5,65.0],[39.0,64.5],[39.5,64.5],[40.0,64.0],[40.0,63.0],[39.66666666666667,62.333333333333336],[39.77777777777777,61.77777777777777],[40.0,61.5],[40.285714285714285,61.71428571428571],[40.55555555555556,62.444444444444436],[41.400000000000006,62.6],[41.5,63.5],[42.0,64.0],[42.66666666666667,64.33333333333334],[43.333333333333336,64.33333333333334],[44.0,64.0],[45.0,64.0],[45.22222222222222,64.77777777777777],[45.5,65.0],[45.4,65.4],[45.0,66.0],[47.0,66.5],[50.2,66.8],[50.66666666666667,67.0],[50.60000000000001,67.4],[51.0,68.0],[50.0,68.0],[50.0,71.0],[47.0,71.0],[47.0,75.0],[46.0,75.0],[44.55555555555555,75.55555555555556],[44.0,76.0],[43.0,76.0],[42.0,77.0],[42.6,77.4],[43.0,77.5],[44.0,77.33333333333333],[44.6,77.4],[46.0,78.0],[47.0,78.0],[48.0,78.0],[48.71428571428571,77.71428571428571],[49.25,77.75],[49.5,78.0],[49.6,78.4],[50.0,79.0],[49.25,79.25],[49.0,80.0],[48.0,80.0],[47.5,80.5],[47.5,81.0],[48.0,81.16666666666666],[49.0,82.0],[50.0,81.66666666666667],[50.18181818181818,81.81818181818181],[52.0,82.0],[52.833333333333336,81.0],[52.8,80.80000000000001],[53.0,80.5],[53.75,81.25],[54.0,82.0],[54.71428571428571,81.71428571428571],[55.16666666666667,81.83333333333334],[59.0,82.0],[59.0,81.0],[60.0,81.0],[60.66666666666667,81.33333333333334],[61.0,81.25],[61.66666666666667,81.33333333333334],[62.4,81.60000000000001],[63.00000000000001,81.66666666666667],[64.0,81.5],[64.4,81.60000000000001],[65.0,82.0],[66.0,82.0],[66.60000000000001,81.60000000000001],[67.0,81.5],[67.4,81.60000000000001],[68.0,82.0],[68.5,81.5],[69.0,81.33333333333334],[69.6,81.4],[70.33333333333334,81.66666666666667],[70.60000000000001,82.4],[71.0,83.0],[74.0,83.0],[74.71428571428571,82.71428571428571],[75.28571428571428,82.71428571428571],[76.0,83.0],[77.0,83.0],[77.0,82.0],[78.0,82.0],[78.5,82.5],[80.0,83.0],[85.0,83.0],[85.0,81.0],[91.0,81.0],[91.0,82.0],[91.60000000000001,81.60000000000001],[92.30769230769232,81.6923076923077],[93.0,82.0],[95.0,82.0],[95.78947368421052,82.21052631578948],[96.0,83.0],[96.0,84.0],[99.0,84.0],[100.14285714285714,83.85714285714286],[100.28571428571428,84.28571428571428],[100.0,85.0],[105.0,85.0],[105.0,84.0],[107.0,84.0],[107.0,85.0],[109.0,85.0],[109.0,84.0],[115.0,84.0],[115.0,82.0],[118.0,82.0],[117.71428571428571,81.28571428571428],[117.80000000000001,81.0],[118.0909090909091,80.9090909090909],[118.5,81.0],[118.5,81.5],[119.0,82.0],[133.0,82.0],[133.0,81.0],[134.0,81.0],[134.0,82.0],[141.0,82.0],[141.0,83.0],[147.0,83.0],[147.0,84.0],[150.0,84.0],[150.0,83.0],[150.60000000000002,82.6],[151.0,82.5],[151.33333333333334,82.66666666666667],[151.5,83.0],[151.4,83.4],[151.0,84.0],[151.0,85.0],[153.0,85.0],[153.0,84.0],[154.0,84.0],[154.5,83.5],[154.5,83.0],[154.71428571428572,82.71428571428571],[155.44444444444446,82.44444444444444],[156.0,82.0],[157.0,83.0],[159.0,83.0],[159.0,84.0],[161.0,84.0],[161.0,83.0],[163.0,83.0],[163.0,84.0],[167.0,84.0],[167.0,85.0],[171.0,85.0],[171.0,84.0],[171.60000000000002,83.6],[172.0,83.5],[173.0,84.0],[173.96610169491524,84.03389830508475],[178.97333333333333,84.02666666666667],[179.33333333333334,84.0],[179.66666666666669,83.66666666666667],[180.0,83.6],[180.0,77.0],[179.0,77.0],[179.33333333333334,77.66666666666667],[179.22222222222223,78.22222222222223],[178.0,78.0],[174.0,78.0],[174.0,77.0],[175.0,77.0],[175.0,76.0],[176.0,76.0],[176.0,75.0],[178.0,75.0],[178.0,74.0],[179.0,74.0],[179.0,72.0],[178.4,72.4],[176.33333333333334,72.0],[174.0,71.76190476190476],[173.42105263157896,71.57894736842105],[173.0096153846154,70.99038461538463],[170.768115942029,70.76811594202898],[170.1509433962264,70.84905660377359],[169.47058823529412,70.52941176470588],[169.15384615384616,70.0],[169.02094240837695,69.97905759162305],[168.5,70.0],[168.0,70.5],[167.0,70.33333333333334],[166.55555555555554,70.55555555555556],[166.33333333333334,71.0],[166.05882352941177,71.05882352941177],[165.75,71.0],[165.5,70.5],[165.0,70.25],[163.7142857142857,70.28571428571428],[163.0,70.0],[162.44444444444443,70.44444444444444],[161.0,70.5],[160.83333333333334,70.16666666666667],[161.0,69.0],[159.4375,68.5625],[159.0,68.0],[155.2089552238806,67.7910447761194],[154.55172413793105,67.44827586206897],[154.04761904761907,66.95238095238095],[151.17857142857144,66.82142857142857],[151.0,66.61538461538461],[149.99999999999997,66.0909090909091],[146.9047619047619,66.0952380952381],[146.5,66.0],[146.15384615384616,65.84615384615384],[145.77777777777777,65.22222222222223],[145.22222222222223,65.22222222222223],[143.27692307692308,64.72307692307692],[143.0185185185185,63.98148148148148],[141.2,63.8],[140.4255319148936,63.57446808510638],[139.96694214876032,62.96694214876033],[139.0,62.81481481481481],[132.0,62.630434782608695],[131.56060606060606,62.43939393939394],[131.0,61.76315789473684],[130.0,61.72093023255814],[129.43564356435644,61.56435643564357],[128.70093457943926,61.29906542056075],[128.22857142857143,60.77142857142857],[128.0,60.67567567567568],[126.0,60.42553191489362],[125.69465648854961,60.30534351145039],[125.0,59.648648648648646],[124.0,59.55555555555556],[123.68,59.31999999999999],[123.03305785123968,57.96694214876033],[122.57037037037038,57.42962962962963],[122.28571428571428,56.71428571428571],[122.0,56.55],[121.0,56.625],[120.0,56.470588235294116],[119.65714285714287,56.34285714285714],[119.21052631578947,55.78947368421052],[118.0,55.63157894736842],[117.60330578512396,55.396694214876035],[117.4,55.0],[117.3855421686747,54.6144578313253],[115.0,54.511111111111106],[114.67375886524823,54.32624113475178],[114.3030303030303,53.696969696969695],[110.88524590163934,53.114754098360656],[110.22950819672131,52.77049180327869],[109.0,52.51851851851852],[108.26315789473685,52.0],[108.27027027027027,51.72972972972973],[108.0,51.5],[107.0,51.416666666666664],[106.0909090909091,51.0],[106.54545454545455,50.54545454545455],[107.0,50.5],[109.0,50.88461538461538],[109.64444444444445,51.35555555555556],[111.0,51.714285714285715],[111.42105263157896,52.0],[111.65079365079364,52.34920634920635],[114.0,52.53191489361703],[115.15652173913043,52.84347826086957],[115.67241379310344,53.327586206896555],[117.0,53.53488372093024],[117.68965517241378,54.0],[117.67272727272727,54.32727272727273],[118.0,54.27272727272727],[119.0,54.47169811320755],[120.0,54.45833333333333],[122.0,54.6969696969697],[122.21739130434781,54.78260869565217],[122.66355140186917,55.33644859813084],[123.0,55.46153846153846],[124.0,55.51282051282051],[127.0,55.32000000000001],[129.375,55.625],[130.0,56.08333333333333],[137.90384615384616,56.09615384615385],[139.74358974358972,56.25641025641025],[140.4857142857143,56.51428571428571],[141.04705882352943,57.04705882352941],[144.0,57.05882352941177],[144.1764705882353,56.17647058823529],[144.72,56.28],[145.11200000000002,56.112],[145.35999999999999,55.36],[146.08,55.08],[146.22222222222223,54.77777777777778],[146.24489795918367,54.244897959183675],[147.02857142857144,54.0],[147.4,52.6],[147.0,52.25],[146.46153846153845,52.46153846153847],[146.0,53.0],[145.76923076923077,52.23076923076923],[145.84615384615387,51.84615384615385],[146.44444444444446,51.44444444444444],[146.60000000000002,51.0],[146.44444444444446,50.0],[146.5,49.5],[147.25,49.25],[147.21428571428572,49.0],[147.51111111111112,48.511111111111106],[148.0,48.266666666666666],[148.33333333333334,48.333333333333336],[148.92000000000002,47.92],[150.0,47.55555555555556],[150.30769230769232,47.69230769230769],[150.58333333333334,48.41666666666667],[151.0,48.333333333333336],[151.2439024390244,47.75609756097561],[151.2162162162162,47.21621621621621],[151.86206896551724,47.13793103448276],[152.07142857142856,47.0],[152.17777777777778,46.17777777777778],[152.30769230769232,46.0],[152.17021276595744,45.829787234042556],[152.05714285714288,45.05714285714286],[152.0,44.9],[151.375,44.625],[151.1,44.0],[150.17948717948718,43.82051282051282],[150.0,43.0],[149.01869158878503,42.981308411214954],[148.29850746268656,42.70149253731343],[148.0,41.95652173913044],[146.3404255319149,41.65957446808511],[146.05161290322582,40.94838709677419],[145.25974025974025,40.74025974025974],[144.6875,40.3125],[144.58333333333331,40.0],[144.16374269005848,39.83625730994152],[142.4,39.6],[141.8,39.0],[140.0,38.85185185185185],[138.72727272727272,39.0],[138.0,39.666666666666664],[137.57894736842104,39.0],[136.51898734177215,38.48101265822785],[136.17391304347825,38.0],[134.85882352941178,37.858823529411765],[134.08219178082192,37.917808219178085],[134.00819672131146,36.99180327868853],[133.08928571428572,36.910714285714285],[132.50819672131146,36.49180327868852],[132.28571428571428,36.0],[132.11111111111111,35.888888888888886],[132.0576131687243,34.94238683127572],[131.77419354838707,34.774193548387096],[131.2258064516129,34.774193548387096],[131.1851851851852,34.18518518518518],[131.0,33.9],[130.2,33.8],[130.1,33.0],[129.71428571428572,32.71428571428571],[129.35294117647058,32.647058823529406],[129.12820512820514,32.0],[128.48648648648648,31.513513513513516],[128.16216216216216,31.0],[128.0,30.142857142857142],[127.15053763440861,28.8494623655914],[127.0,27.85185185185185],[126.27586206896552,27.724137931034484],[126.19047619047619,27.19047619047619],[126.03478260869566,26.96521739130435],[126.0,26.0],[125.10752688172042,25.892473118279568],[125.0,24.926829268292682],[124.17021276595744,24.829787234042556],[124.0,24.0],[123.33333333333334,23.0],[123.04,22.96],[123.0,22.0],[122.0,22.0],[122.5,21.5],[122.5,21.0],[122.11764705882352,20.88235294117647],[122.1904761904762,20.19047619047619],[122.0,19.0],[121.25,18.75],[121.0,18.0],[120.0,18.5],[119.5,18.5],[119.66666666666669,18.0],[119.4,17.6],[119.0,17.333333333333336],[118.4074074074074,15.592592592592592],[117.85714285714286,15.0],[117.77777777777777,13.777777777777779],[118.18181818181819,13.181818181818183],[118.28571428571428,12.285714285714285],[119.0,11.0],[119.63636363636363,11.363636363636363],[121.0,11.5],[121.83333333333334,12.166666666666668],[122.0,13.0],[122.85185185185185,13.148148148148149],[123.0,14.0],[123.90909090909092,14.09090909090909],[124.0,15.0],[123.92307692307692,16.076923076923077],[124.44897959183675,16.551020408163264],[125.25,17.0],[126.0,17.184615384615384],[126.31578947368422,17.0],[126.51851851851853,16.51851851851852],[127.06349206349206,16.063492063492063],[128.0,15.9],[128.1818181818182,15.181818181818182],[128.8974358974359,14.897435897435896],[129.0909090909091,14.09090909090909],[129.8,14.000000000000002],[130.0,13.5],[130.0212765957447,13.02127659574468],[130.25,13.0],[130.14285714285714,12.857142857142858],[130.34782608695653,11.652173913043478],[130.1818181818182,11.181818181818182],[131.0,11.0],[131.28571428571428,10.285714285714285],[131.20000000000002,10.0],[131.28571428571428,9.714285714285714],[131.0,9.0],[131.0,8.0],[132.0,7.0],[132.0,6.0],[131.15384615384616,5.846153846153846],[131.32,5.32],[131.22222222222223,5.0],[131.32,4.68],[131.15384615384616,4.153846153846153],[132.0,4.0],[132.0,3.0],[131.0,3.0],[130.4923076923077,3.4923076923076923],[129.0,3.3636363636363638],[128.74193548387098,3.258064516129032],[128.25531914893617,2.74468085106383],[126.64705882352939,2.3529411764705883],[126.3103448275862,1.6896551724137931],[126.0,1.526315789473684],[124.0,1.6111111111111112],[122.82089552238807,1.8208955223880596],[121.2795698924731,1.7204301075268815],[119.99999999999999,1.4166666666666665],[119.0,1.5909090909090908],[118.0,1.375],[117.58904109589041,1.589041095890411],[116.0,1.9636363636363636],[114.66666666666666,2.0],[114.0,2.5],[113.69230769230771,2.307692307692308],[113.0,2.2222222222222223],[112.375,2.375],[112.375,2.625],[111.58620689655172,4.586206896551724],[111.0,5.0],[110.73333333333333,5.7333333333333325],[109.0,6.5],[108.33333333333334,7.0],[107.9375,7.9375],[107.75,8.0],[106.63636363636363,9.636363636363637],[105.93103448275863,9.93103448275862],[105.0,10.0],[102.22222222222223,9.777777777777779],[102.0,9.5],[101.60000000000001,9.600000000000001],[101.0,10.0],[100.5,9.5],[100.0,9.333333333333334],[99.0,10.0],[97.0,10.0],[97.4,10.600000000000001],[97.4,11.400000000000002],[97.0,12.0],[95.60000000000001,12.6],[95.33333333333334,13.0],[95.5,13.5],[96.0,14.0],[95.22222222222223,14.222222222222221],[95.0,15.0],[95.0,17.0],[97.0,17.0],[97.0,18.0],[96.0,18.0],[96.0,19.0],[93.0,19.0],[93.0,20.0],[89.0,20.0],[89.0,21.0],[87.0,21.0],[87.0,22.0],[84.0,22.0],[84.0,23.0],[83.0,23.0],[83.0,22.0],[82.0,22.0],[81.0,23.0],[79.0,23.0],[79.0,24.0],[77.0,24.0],[77.0,25.0],[73.0,25.0],[73.0,26.0],[68.0,26.0],[67.4,26.400000000000002],[66.0,27.0],[66.0,28.0],[67.0,28.0],[67.0,31.0],[68.0,31.0],[68.0,33.0],[67.0,33.0],[67.0,34.0],[62.0,34.0],[62.0,33.0],[61.0,33.0],[60.800000000000004,33.8],[61.0,35.0],[60.0,37.0],[60.0,38.0],[66.0,38.0],[66.0,39.0],[67.0,39.0],[67.33333333333334,39.66666666666667],[68.0,40.0],[67.0,40.333333333333336],[66.0,40.0],[64.0,40.0],[64.0,46.0],[63.333333333333336,46.333333333333336],[63.00000000000001,46.333333333333336],[62.8,46.2],[62.75,46.0],[63.0,45.0],[63.0,43.0],[59.0,43.0],[59.0,44.0],[58.0,44.0],[58.0,46.0],[57.0,46.0],[57.0,47.0],[56.00000000000001,47.2],[55.0,47.0],[52.0,47.0],[52.0,48.0],[51.0,48.0],[51.0,46.0],[49.0,46.0],[49.0,45.0],[47.0,45.0],[47.0,46.0],[45.0,46.0],[45.0,50.0],[50.0,50.0],[50.0,51.0],[48.0,51.0],[48.0,52.0],[43.0,52.0],[43.0,50.0],[42.0,50.0],[42.0,48.0],[41.0,48.0]],[[6.199999999999999,42.8],[7.090909090909091,42.909090909090914],[7.0,43.333333333333336],[5.875,43.125],[5.818181818181818,42.81818181818182],[6.0,42.0],[6.199999999999999,42.8]],[[46.66666666666667,77.33333333333334],[46.81818181818182,76.81818181818181],[47.0,76.66666666666667],[47.2,76.8],[47.4,77.4],[47.0,78.0],[46.66666666666667,77.33333333333334]],[[114.66666666666667,81.33333333333334],[114.75,81.0],[115.2,81.0],[115.28571428571428,81.28571428571428],[115.0,82.0],[114.66666666666667,81.33333333333334]],[[146.0,49.333333333333336],[144.6315789473684,47.0],[144.35294117647058,46.647058823529406],[143.575,46.425],[143.27397260273972,45.72602739726027],[141.0,45.45454545454545],[140.0,45.13333333333333],[139.0,45.666666666666664],[138.65853658536585,45.34146341463414],[138.5625,45.0],[138.60000000000002,44.400000000000006],[138.4,44.0],[138.53846153846155,43.53846153846154],[139.30769230769232,43.30769230769231],[140.55555555555554,43.44444444444444],[141.0,43.66666666666667],[142.0,43.3],[143.0,43.45454545454545],[144.0,44.0],[145.0,45.27272727272727],[146.0,44.88235294117647],[147.0,45.5],[147.30769230769232,46.0],[147.30769230769232,46.30769230769231],[147.11111111111111,47.111111111111114],[146.7872340425532,47.787234042553195],[146.75,48.75],[146.4,49.0],[146.5,49.5],[146.0,49.333333333333336]],[[119.66666666666667,19.0],[119.5,20.0],[119.66666666666667,20.333333333333336],[121.0,21.0],[120.66666666666667,21.666666666666668],[120.66666666666666,22.0],[120.33333333333334,22.333333333333336],[120.0,22.4],[119.73333333333333,22.266666666666666],[119.46153846153848,21.53846153846154],[119.0,21.25],[118.5,21.5],[118.33333333333334,22.333333333333336],[118.0,23.0],[117.0,22.0],[117.0,21.0],[118.0,21.0],[118.60000000000001,20.6],[118.75,20.0],[118.5,19.5],[118.0,19.0],[118.55555555555554,18.555555555555554],[119.5,18.5],[119.66666666666667,19.0]],[[105.0,11.0],[104.18181818181819,11.181818181818182],[104.0,12.0],[103.0,13.0],[102.0,13.0],[101.60000000000001,12.4],[101.75,11.75],[103.0,11.666666666666666],[103.5,11.5],[103.71428571428571,10.714285714285715],[104.0,10.5],[104.5,10.5],[105.0,10.0],[105.0,11.0]],[[50.0,49.0],[51.0,49.0],[51.0,50.0],[50.0,50.0],[50.0,49.0]],[[55.81818181818181,65.81818181818181],[56.0,65.0],[57.0,65.0],[57.0,63.0],[59.0,63.0],[59.0,62.0],[60.0,62.0],[60.0,61.0],[60.5,60.5],[60.55555555555555,59.55555555555555],[61.0,59.0],[62.0,59.0],[62.0,58.0],[63.0,58.0],[63.0,57.0],[62.714285714285715,56.285714285714285],[62.714285714285715,54.71428571428571],[63.0,54.0],[64.0,54.0],[64.0,53.0],[66.0,53.0],[66.0,54.0],[68.0,54.0],[68.0,55.0],[70.0,55.0],[70.4,54.400000000000006],[70.33333333333333,54.0],[71.0,53.6],[71.36363636363636,53.63636363636364],[72.0,54.0],[75.0,54.0],[75.0,55.0],[76.0,55.0],[76.0,57.0],[78.0,57.0],[78.0,58.0],[79.0,58.0],[79.0,59.0],[80.0,59.0],[80.0,61.0],[80.2,61.8],[80.13333333333334,62.13333333333333],[80.0,62.2],[79.0,62.0],[66.0,62.0],[66.0,63.0],[65.0,63.0],[65.0,62.0],[62.0,62.0],[62.0,63.0],[61.0,63.0],[61.0,64.0],[60.0,64.0],[60.0,66.0],[59.0,66.0],[59.0,68.0],[60.0,68.0],[60.0,70.0],[59.0,70.0],[59.0,72.0],[58.33333333333334,72.33333333333334],[57.66666666666667,72.33333333333334],[57.0,72.0],[56.0,72.0],[56.0,71.0],[54.0,71.0],[54.0,72.0],[53.0,73.0],[52.66666666666667,72.33333333333334],[52.55555555555555,71.55555555555554],[53.0,71.0],[52.0,71.0],[52.0,67.0],[53.81818181818181,66.81818181818181],[54.0,66.5],[54.400000000000006,66.60000000000001],[55.0,67.0],[55.5,66.5],[55.5,66.0],[55.81818181818181,65.81818181818181]],[[97.0,16.0],[97.0,15.0],[98.0,15.0],[98.0,16.0],[97.0,16.0]],[[81.0,80.0],[84.0,80.0],[84.0,81.0],[81.0,81.0],[81.0,80.0]],[[67.0,46.75],[67.11111111111111,46.888888888888886],[67.0,48.0],[66.0,48.0],[65.0,47.0],[65.0,46.0],[65.5,46.5],[66.0,46.5],[66.33333333333334,46.66666666666667],[67.0,46.75]],[[66.28571428571428,48.71428571428571],[66.0,49.25],[65.33333333333334,49.33333333333334],[65.0,49.5],[64.5,49.0],[65.0,48.5],[65.4,48.400000000000006],[66.0,48.0],[66.28571428571428,48.71428571428571]],[[76.0,78.5],[77.0,78.6],[78.0,79.0],[77.4,79.4],[76.0,79.33333333333334],[75.5,79.0],[75.69230769230771,78.69230769230771],[76.0,78.5]],[[114.28571428571428,20.714285714285715],[114.5,21.0],[113.8,21.2],[113.0,21.0],[114.00000000000001,20.666666666666668],[114.28571428571428,20.714285714285715]],[[127.44444444444444,42.44444444444444],[127.0,42.5],[126.73333333333333,42.266666666666666],[126.0,42.0],[126.5,41.0],[126.80000000000001,40.8],[127.5,41.0],[127.44444444444444,42.44444444444444]],[[129.0,43.16666666666667],[128.0,43.142857142857146],[127.66666666666667,43.0],[127.6,42.6],[129.0,42.75],[129.0909090909091,42.99999999999999],[129.0,43.16666666666667]],[[137.0,42.60869565217391],[136.125,42.0],[136.77358490566039,40.77358490566038],[137.3,40.7],[137.67567567567568,41.32432432432432],[137.93333333333334,42.0],[137.75,42.25],[138.0,43.0],[137.45,42.55],[137.0,42.60869565217391]],[[32.333333333333336,59.0],[32.5,58.5],[33.0,58.0],[34.0,58.0],[34.0,59.0],[32.77777777777778,59.22222222222222],[32.333333333333336,59.0]],[[34.6,58.60000000000001],[35.22222222222222,58.77777777777778],[35.333333333333336,59.0],[35.15384615384615,59.15384615384616],[34.0,59.0],[34.6,58.60000000000001]],[[37.5,66.0],[37.71428571428571,65.71428571428571],[38.0,65.5],[38.4,65.60000000000001],[38.333333333333336,66.0],[37.81818181818181,66.18181818181819],[37.5,66.0]],[[72.5,78.0],[72.18181818181819,78.18181818181819],[71.0,78.4],[70.5,78.0],[70.5,77.5],[70.0,77.0],[72.0,77.0],[72.25,77.75],[72.5,78.0]],[[66.4,76.60000000000001],[66.0,76.0],[67.0,76.0],[67.6,76.4],[69.0,77.0],[68.0,77.66666666666667],[67.0,77.66666666666667],[66.33333333333334,77.0],[66.4,76.60000000000001]],[[63.285714285714285,74.28571428571428],[63.0,75.0],[62.0,74.0],[63.00000000000001,73.66666666666667],[63.285714285714285,74.28571428571428]],[[62.0,68.0],[62.0,67.0],[63.0,67.0],[63.0,68.0],[62.0,68.0]],[[35.81818181818182,42.81818181818182],[36.0,42.66666666666667],[36.5,43.0],[36.285714285714285,43.28571428571428],[36.0,43.333333333333336],[35.81818181818182,43.18181818181818],[35.81818181818182,42.81818181818182]]],[[[150.032,50.032000000000004],[150.15384615384616,49.15384615384615],[150.33333333333334,49.0],[150.41666666666669,48.583333333333336],[150.0,48.44444444444444],[149.5,48.5],[149.0,49.0],[149.0,50.0],[149.89189189189187,50.108108108108105],[150.032,50.032000000000004]]],[[[147.25,52.0],[147.6,52.4],[148.0,52.27272727272727],[148.53488372093022,51.53488372093023],[149.10909090909092,51.10909090909091],[149.22641509433961,50.77358490566038],[149.0,50.0],[147.875,49.875],[147.3846153846154,50.38461538461538],[147.22222222222223,51.0],[147.25,52.0]]],[[[89.5,82.5],[89.5,83.5],[90.0,84.0],[91.0,84.0],[91.0,82.0],[90.0,82.0],[89.5,82.5]]],[[[131.0,84.0],[127.0,84.0],[127.0,86.0],[129.0,86.0],[130.4,85.60000000000001],[131.0,86.0],[131.0,84.0]]],[[[123.60000000000001,86.4],[124.5,86.5],[125.0,86.0],[125.0,85.0],[123.0,85.0],[123.0,86.0],[123.60000000000001,86.4]]]]}}]}