{"type":"FeatureCollection","features":[{"type":"Feature","properties":{"ageMa":80},"geometry":{"type":"MultiPolygon","coordinates":[[[[-29.6,-79.6],[-30.0,-79.0],[-29.38095238095238,-78.61904761904762],[-28.0,-78.90476190476191],[-26.5,-79.0],[-26.666666666666668,-79.33333333333334],[-27.0,-79.5],[-28.0,-79.5],[-29.0,-79.66666666666667],[-29.6,-79.6]]],[[[-150.0,-79.125],[-151.0,-79.14285714285714],[-152.2,-79.0],[-150.0,-78.77777777777777],[-149.66666666666669,-79.0],[-150.0,-79.125]]],[[[-105.0,-78.25],[-104.66666666666667,-79.0],[-105.0,-79.375],[-105.75,-79.0],[-105.27272727272727,-78.72727272727272],[-105.0,-78.25]]],[[[-161.33333333333334,-77.66666666666667],[-161.0,-77.55263157894737],[-160.0,-77.51219512195122],[-159.0,-77.67741935483872],[-158.52380952380952,-78.0],[-158.71830985915494,-78.28169014084506],[-160.0,-78.60606060606061],[-161.0,-78.65384615384616],[-161.43589743589743,-78.43589743589743],[-161.65384615384613,-78.0],[-161.33333333333334,-77.66666666666667]]],[[[-52.28571428571429,-77.0],[-52.0,-76.8],[-51.0,-76.66666666666666],[-50.25,-77.0],[-52.0,-77.1],[-52.28571428571429,-77.0]]],[[[-96.0,-73.71052631578948],[-95.7864077669903,-73.7864077669903],[-95.57692307692308,-74.0],[-95.62711864406779,-74.37288135593221],[-96.30985915492958,-74.30985915492958],[-96.17460317460318,-73.82539682539682],[-96.0,-73.71052631578948]]],[[[-116.93846153846154,-70.93846153846154],[-116.55555555555554,-71.44444444444444],[-117.0,-71.33333333333333],[-117.0888888888889,-72.08888888888889],[-116.85714285714286,-72.14285714285714],[-116.49122807017544,-71.50877192982455],[-115.0,-71.22222222222223],[-114.59420289855073,-71.59420289855073],[-114.57575757575758,-72.0],[-114.75862068965517,-72.24137931034483],[-115.50877192982456,-72.49122807017542],[-116.5844155844156,-73.41558441558442],[-117.0,-73.53333333333333],[-118.0,-73.33333333333333],[-118.75,-72.75],[-119.26984126984128,-72.73015873015873],[-119.8095238095238,-73.0],[-120.54347826086958,-74.45652173913044],[-121.0,-74.65625],[-124.07142857142857,-74.92857142857142],[-126.0,-75.48888888888888],[-128.29310344827587,-75.70689655172414],[-130.0,-76.4375],[-131.75471698113208,-75.75471698113208],[-133.0,-75.60377358490567],[-134.0,-75.74000000000001],[-136.0,-75.74418604651163],[-137.0,-76.36363636363636],[-138.0,-76.03846153846153],[-139.0,-75.34285714285714],[-140.0,-74.90243902439025],[-141.0,-75.4090909090909],[-142.42857142857144,-76.57142857142857],[-143.33333333333334,-77.0],[-144.22222222222223,-77.22222222222223],[-145.0,-77.26666666666667],[-149.0,-76.73170731707317],[-151.0,-76.86666666666667],[-152.31884057971013,-76.68115942028984],[-153.09302325581396,-76.90697674418605],[-154.0,-77.39285714285714],[-154.2972972972973,-77.29729729729729],[-154.73134328358208,-76.73134328358208],[-157.0,-76.5],[-157.3170731707317,-76.3170731707317],[-157.54166666666669,-76.0],[-157.36111111111111,-75.63888888888889],[-156.0,-75.31428571428572],[-153.0,-75.6],[-151.77083333333331,-75.22916666666667],[-151.54166666666669,-75.0],[-152.032,-73.968],[-150.23076923076923,-73.76923076923077],[-149.0,-73.78481012658227],[-148.38235294117646,-73.61764705882352],[-147.12698412698413,-72.87301587301587],[-143.08333333333334,-72.08333333333333],[-142.0,-72.0625],[-139.0,-71.28205128205128],[-137.0,-71.49090909090908],[-135.78333333333333,-71.21666666666667],[-135.16528925619835,-70.83471074380165],[-131.0,-70.59574468085106],[-130.54098360655738,-70.45901639344262],[-130.0,-69.87179487179488],[-129.0,-70.55],[-126.0,-70.62222222222222],[-124.0,-70.53846153846153],[-123.0,-70.72972972972973],[-121.0,-70.37096774193549],[-120.00000000000001,-70.33333333333334],[-118.0,-70.5],[-116.93846153846154,-70.93846153846154]]],[[[-75.20588235294117,-64.79411764705883],[-75.46666666666667,-65.0],[-75.3076923076923,-66.0],[-74.82608695652173,-66.17391304347825],[-74.10526315789474,-66.10526315789474],[-73.4,-66.4],[-73.0,-67.0],[-73.125,-68.0],[-73.0,-68.5],[-72.75,-68.75],[-72.44444444444444,-69.44444444444444],[-72.4090909090909,-70.0],[-73.38235294117646,-71.61764705882352],[-74.15714285714286,-71.84285714285714],[-74.58620689655173,-72.41379310344828],[-76.26984126984127,-72.73015873015873],[-77.0,-73.18181818181819],[-78.0,-73.04166666666667],[-78.64150943396227,-73.35849056603774],[-79.51515151515152,-73.4848484848485],[-83.0,-73.65625],[-84.0,-74.06666666666666],[-85.06451612903226,-74.06451612903226],[-86.0,-73.86666666666667],[-86.81818181818181,-74.18181818181819],[-88.0,-74.22222222222223],[-88.80000000000001,-74.0],[-88.32,-73.68],[-87.57377049180327,-73.42622950819673],[-87.2258064516129,-72.7741935483871],[-87.0,-72.61111111111111],[-86.0,-72.23529411764706],[-85.0,-72.2],[-84.5,-72.0],[-88.48979591836735,-71.48979591836735],[-89.28,-71.28],[-89.87155963302753,-70.87155963302752],[-90.76344086021506,-70.76344086021506],[-92.3125,-70.6875],[-94.0,-70.88],[-95.0,-70.72727272727273],[-96.84210526315789,-71.15789473684211],[-99.0,-71.37777777777778],[-99.28333333333333,-71.28333333333333],[-99.73195876288659,-70.73195876288659],[-100.0,-70.61764705882352],[-101.0,-70.55813953488372],[-102.19642857142857,-70.80357142857143],[-102.79166666666666,-71.20833333333334],[-103.60000000000001,-71.4],[-106.43103448275862,-71.56896551724138],[-107.17647058823529,-71.82352941176471],[-107.61467889908258,-72.38532110091744],[-108.0,-72.525],[-110.0,-72.11111111111111],[-111.0,-71.62857142857143],[-113.0,-71.0],[-113.46376811594203,-70.46376811594203],[-113.48484848484848,-70.0],[-113.0,-69.56756756756756],[-111.0,-69.48717948717947],[-109.75700934579439,-69.24299065420561],[-107.59036144578312,-68.40963855421687],[-107.0,-67.9875],[-106.52777777777777,-68.52777777777777],[-105.0,-69.21951219512195],[-102.83018867924528,-69.16981132075472],[-102.0,-68.62962962962962],[-101.0,-68.55263157894737],[-99.70212765957446,-68.70212765957446],[-97.0,-69.38235294117646],[-95.30555555555556,-69.30555555555556],[-94.0,-69.4054054054054],[-91.0,-69.21951219512195],[-89.71428571428572,-69.0],[-89.0,-68.75],[-86.08695652173913,-68.91304347826087],[-85.0,-68.33333333333334],[-82.0,-68.3],[-81.66666666666667,-68.0],[-82.48484848484848,-67.48484848484848],[-82.72727272727273,-67.0],[-82.0,-66.61904761904762],[-81.0,-66.42857142857143],[-80.0,-66.83333333333333],[-79.13793103448276,-66.86206896551724],[-78.0,-66.47368421052633],[-77.72727272727272,-66.0],[-78.0,-65.3076923076923],[-79.0,-65.38888888888889],[-79.35,-65.0],[-79.16666666666667,-64.83333333333333],[-78.0,-64.78947368421052],[-76.71428571428572,-64.28571428571428],[-76.31428571428572,-63.68571428571428],[-76.0,-63.5],[-74.725,-63.275000000000006],[-74.47727272727272,-62.52272727272728],[-74.0,-61.903225806451616],[-73.13953488372093,-61.86046511627907],[-73.0,-61.75],[-72.38888888888889,-63.0],[-72.5217391304348,-63.47826086956522],[-73.15384615384616,-63.84615384615385],[-74.0909090909091,-63.90909090909091],[-74.3913043478261,-64.6086956521739],[-75.20588235294117,-64.79411764705883]]],[[[-168.0,-62.9],[-166.953216374269,-62.953216374269005],[-161.93301435406698,-62.933014354066984],[-161.61111111111111,-63.0],[-161.41509433962264,-63.41509433962264],[-160.61290322580643,-63.61290322580645],[-160.14285714285717,-64.0],[-161.0,-64.3076923076923],[-162.0,-64.04166666666667],[-162.73684210526318,-64.26315789473685],[-163.0625,-64.9375],[-164.0,-65.0952380952381],[-165.0,-66.0],[-166.0,-66.31818181818181],[-166.38888888888889,-66.38888888888889],[-166.7,-66.3],[-167.0,-66.5],[-169.0,-65.9],[-169.67567567567568,-66.32432432432432],[-171.0,-66.39393939393939],[-171.42105263157893,-66.57894736842105],[-172.0,-68.0],[-172.6271186440678,-68.37288135593221],[-172.99999999999997,-68.91666666666667],[-173.77777777777777,-69.22222222222223],[-175.0,-69.52941176470588],[-176.0,-69.33333333333334],[-176.26666666666665,-69.73333333333332],[-177.0,-69.83333333333334],[-178.0,-69.46153846153845],[-179.3883495145631,-69.3883495145631],[-179.625,-69.0],[-179.91666666666666,-68.0],[-178.50746268656715,-67.49253731343283],[-178.0,-66.63636363636363],[-177.53333333333333,-66.46666666666667],[-176.53846153846155,-65.46153846153847],[-176.21052631578948,-64.78947368421052],[-174.9183673469388,-64.08163265306122],[-174.5625,-63.4375],[-173.83333333333334,-63.16666666666667],[-171.0,-63.22222222222222],[-170.75,-63.0],[-171.0,-62.599999999999994],[-172.0,-62.46153846153846],[-173.0,-62.63636363636364],[-173.42424242424244,-62.42424242424242],[-173.63636363636363,-62.0],[-173.3684210526316,-61.631578947368425],[-172.75,-61.25],[-172.55555555555554,-60.444444444444436],[-172.0,-60.0],[-171.23076923076923,-59.769230769230774],[-170.14999999999998,-60.150000000000006],[-169.84615384615384,-60.15384615384616],[-169.7,-60.0],[-169.0,-59.840909090909086],[-167.77272727272728,-60.0],[-168.0,-60.55555555555556],[-168.76470588235293,-61.23529411764706],[-169.16666666666669,-62.0],[-168.70212765957444,-62.70212765957446],[-168.0,-62.9]]],[[[-70.4225352112676,-61.4225352112676],[-70.0,-61.78947368421052],[-69.33333333333334,-62.0],[-69.8,-62.199999999999996],[-70.34920634920634,-62.650793650793645],[-71.0,-62.79545454545455],[-71.61111111111111,-62.611111111111114],[-71.7608695652174,-62.00000000000001],[-71.46666666666667,-61.53333333333333],[-71.0,-61.270833333333336],[-70.4225352112676,-61.4225352112676]]],[[[-67.71428571428571,-61.71428571428571],[-67.78571428571429,-62.0],[-68.0,-62.15],[-68.6,-62.0],[-68.0,-61.400000000000006],[-67.71428571428571,-61.71428571428571]]],[[[-55.3,-57.7],[-55.0,-57.599999999999994],[-54.25,-58.0],[-55.0,-58.35294117647059],[-55.28571428571428,-58.28571428571428],[-55.6,-58.0],[-55.3,-57.7]]],[[[-59.038216560509554,-42.961783439490446],[-59.0,-41.5],[-58.66666666666667,-41.66666666666667],[-58.5,-42.0],[-58.75,-42.25],[-58.785714285714285,-43.0],[-58.44444444444444,-44.0],[-58.6875,-44.3125],[-59.285714285714285,-44.285714285714285],[-59.625,-44.0],[-59.25,-43.75],[-59.1875,-43.1875],[-59.038216560509554,-42.961783439490446]]],[[[-103.17829457364343,-39.82170542635659],[-103.0,-39.705128205128204],[-102.82641509433962,-39.82641509433962],[-102.7125,-40.0],[-102.81376518218623,-40.18623481781377],[-103.0,-40.25],[-103.15282392026577,-40.15282392026578],[-103.17829457364343,-39.82170542635659]]],[[[-105.28363636363636,-34.28363636363636],[-105.42391304347825,-34.0],[-105.26896551724137,-33.731034482758616],[-105.0,-33.58510638297872],[-104.74592833876221,-33.74592833876221],[-104.68032786885246,-34.0],[-105.0,-34.44827586206897],[-105.28363636363636,-34.28363636363636]]],[[[-41.28571428571428,-10.714285714285715],[-40.66666666666667,-10.666666666666668],[-40.66666666666667,-11.0],[-40.4,-11.400000000000002],[-40.0,-11.5],[-39.0,-11.0],[-39.0,-10.0],[-38.4,-9.600000000000001],[-38.0,-9.0],[-37.0,-9.0],[-36.400000000000006,-8.600000000000001],[-36.0,-8.666666666666668],[-35.0,-8.4],[-33.0,-7.666666666666666],[-32.0,-7.666666666666666],[-31.8,-7.8],[-31.66666666666667,-8.333333333333334],[-32.0,-9.0],[-31.0,-9.0],[-30.0,-8.5],[-29.0,-8.666666666666668],[-28.555555555555554,-8.444444444444445],[-28.200000000000003,-7.8],[-28.0,-7.666666666666666],[-27.6,-7.6],[-27.0,-8.0],[-26.5,-7.5],[-25.0,-7.5],[-24.692307692307693,-7.692307692307693],[-24.5,-8.0],[-24.6,-8.4],[-25.0,-9.0],[-24.0,-9.666666666666666],[-22.6,-9.600000000000001],[-22.0,-10.0],[-22.0,-9.0],[-21.0,-9.0],[-20.666666666666668,-8.333333333333334],[-20.0,-8.200000000000001],[-19.0,-8.4],[-18.8125,-8.8125],[-17.0,-10.0],[-16.939393939393938,-10.93939393939394],[-16.0,-11.285714285714286],[-15.75,-11.25],[-15.5,-11.0],[-14.925925925925926,-11.0],[-14.850000000000001,-12.0],[-14.621621621621623,-12.621621621621621],[-14.16,-13.16],[-14.125,-14.0],[-14.61111111111111,-14.38888888888889],[-14.966666666666667,-15.0],[-15.692307692307693,-15.307692307692307],[-16.0,-15.875],[-16.846153846153847,-16.153846153846153],[-16.974025974025974,-17.025974025974026],[-17.714285714285715,-17.285714285714285],[-17.933333333333334,-18.0],[-18.875,-18.125],[-19.0,-22.0],[-19.26086956521739,-22.73913043478261],[-19.5,-23.0],[-19.75,-24.0],[-20.333333333333336,-25.0],[-20.409090909090907,-26.0],[-21.0,-26.76470588235294],[-21.8,-27.0],[-22.275862068965516,-27.724137931034484],[-22.866666666666667,-28.133333333333333],[-24.0,-27.894736842105264],[-24.391304347826086,-28.608695652173914],[-25.0,-28.769230769230766],[-26.0,-28.764705882352942],[-26.666666666666668,-29.0],[-26.77777777777778,-29.22222222222222],[-27.363636363636363,-29.63636363636364],[-28.0,-29.75],[-28.307692307692307,-30.0],[-28.53846153846154,-30.461538461538463],[-29.0,-30.692307692307693],[-29.115942028985508,-30.884057971014492],[-29.228571428571428,-31.771428571428572],[-29.57142857142857,-32.0],[-29.444444444444443,-33.0],[-30.16,-33.84],[-31.05,-33.95],[-31.34782608695652,-34.65217391304348],[-32.0,-34.80952380952381],[-33.0,-34.57142857142857],[-33.367346938775505,-34.63265306122449],[-34.45,-35.55],[-34.7,-36.3],[-35.0,-36.6],[-35.400000000000006,-36.6],[-36.0,-37.0],[-37.285714285714285,-37.285714285714285],[-38.0,-37.0],[-37.8,-37.8],[-37.94117647058824,-38.05882352941177],[-39.0,-38.1],[-39.2,-38.0],[-39.333333333333336,-37.333333333333336],[-40.0,-37.0],[-40.0,-36.0],[-41.0,-36.0],[-41.0,-37.0],[-42.0,-37.0],[-42.83333333333333,-37.166666666666664],[-43.0,-38.0],[-43.400000000000006,-38.6],[-43.8125,-41.1875],[-45.0,-41.42857142857143],[-45.36363636363637,-41.63636363636364],[-45.44444444444444,-42.0],[-45.72972972972973,-42.270270270270274],[-46.0,-42.35714285714286],[-46.35714285714286,-42.35714285714286],[-46.71428571428571,-42.0],[-46.75,-41.75],[-47.0,-41.6],[-47.400000000000006,-42.0],[-47.66666666666667,-43.0],[-48.400000000000006,-43.400000000000006],[-49.0,-43.0],[-48.55555555555555,-43.55555555555555],[-48.666666666666664,-44.0],[-49.42857142857143,-44.57142857142858],[-49.473684210526315,-45.0],[-49.66101694915254,-45.33898305084746],[-50.3728813559322,-45.6271186440678],[-50.84615384615385,-46.0],[-50.611111111111114,-47.0],[-50.72,-47.28],[-51.41860465116279,-47.581395348837205],[-51.70833333333333,-48.291666666666664],[-52.32142857142857,-48.67857142857143],[-52.594202898550726,-49.40579710144928],[-53.0,-49.60869565217392],[-54.0,-49.5],[-54.27692307692308,-49.72307692307693],[-54.574999999999996,-50.425],[-55.25,-50.75],[-55.605633802816904,-51.3943661971831],[-57.125,-52.0],[-57.473684210526315,-53.0],[-57.642857142857146,-54.0],[-57.631578947368425,-56.36842105263158],[-58.0,-56.63636363636364],[-58.55555555555556,-56.55555555555556],[-59.0,-56.0],[-58.75,-55.0],[-58.81818181818182,-54.81818181818182],[-59.25,-54.75],[-59.53846153846154,-55.46153846153847],[-60.0,-55.6],[-60.22222222222222,-55.22222222222222],[-60.28571428571428,-54.285714285714285],[-60.5,-54.0],[-60.63636363636364,-52.63636363636363],[-61.0,-52.0],[-60.0,-51.285714285714285],[-59.93333333333333,-51.0],[-60.0,-50.0],[-60.5,-49.0],[-59.68421052631578,-48.68421052631578],[-59.4,-49.0],[-58.94805194805195,-49.05194805194805],[-59.0,-48.333333333333336],[-59.18181818181819,-48.18181818181819],[-58.80952380952381,-47.19047619047619],[-58.0,-47.0],[-57.733333333333334,-45.733333333333334],[-58.0,-45.0],[-57.333333333333336,-44.66666666666667],[-57.333333333333336,-44.333333333333336],[-57.125,-43.875],[-57.21052631578947,-42.78947368421053],[-57.0,-42.0],[-57.333333333333336,-41.0],[-57.0,-40.9],[-56.5,-40.5],[-56.18181818181818,-40.0],[-56.23529411764706,-39.76470588235294],[-56.0,-39.5],[-55.91489361702128,-39.08510638297873],[-55.36842105263158,-38.631578947368425],[-55.099999999999994,-37.9],[-54.22222222222222,-36.77777777777778],[-54.16279069767442,-36.0],[-54.26415094339623,-35.73584905660377],[-54.06896551724138,-35.06896551724138],[-54.83783783783784,-35.16216216216216],[-55.150000000000006,-35.0],[-55.0,-34.75],[-54.625,-34.625],[-54.25,-34.75],[-54.25,-34.25],[-54.07692307692308,-33.92307692307693],[-54.0,-31.9],[-53.67272727272727,-31.327272727272728],[-53.13333333333334,-30.866666666666667],[-52.733333333333334,-27.0],[-52.00000000000001,-26.26666666666667],[-51.5090909090909,-25.0],[-51.57142857142858,-24.57142857142857],[-52.0,-24.1],[-52.25,-24.0],[-52.239999999999995,-23.759999999999998],[-51.63636363636364,-23.0],[-51.490566037735846,-22.0],[-52.0,-21.307692307692307],[-52.33802816901408,-21.338028169014084],[-52.922330097087375,-20.92233009708738],[-53.65384615384615,-20.0],[-54.0,-19.80434782608696],[-54.3109243697479,-19.310924369747898],[-55.01190476190476,-19.011904761904763],[-55.78333333333333,-18.0],[-56.06167400881057,-17.061674008810574],[-56.89855072463769,-16.0],[-57.0,-15.0],[-57.56,-14.559999999999999],[-57.813559322033896,-13.813559322033898],[-57.9748427672956,-11.974842767295598],[-58.61702127659575,-11.617021276595743],[-58.95744680851064,-10.957446808510637],[-59.03846153846154,-10.038461538461538],[-59.903225806451616,-8.0],[-59.58333333333333,-7.0],[-59.04225352112676,-5.957746478873239],[-59.0,-3.0],[-58.71428571428571,-2.2857142857142856],[-58.25,-1.75],[-58.0,-1.6428571428571428],[-57.8125,-1.1875],[-57.25,-1.0],[-57.0,-0.5714285714285714],[-56.64,0.64],[-56.064516129032256,1.064516129032258],[-56.01886792452831,2.981132075471698],[-55.5625,4.5625],[-54.945205479452056,4.945205479452055],[-54.0,5.181818181818182],[-53.28571428571428,4.7142857142857135],[-53.17307692307692,4.0],[-53.16666666666667,2.0],[-53.23376623376623,1.2337662337662336],[-53.525423728813564,0.5254237288135594],[-54.0,-0.08333333333333337],[-54.275000000000006,-1.725],[-55.0,-2.388888888888889],[-55.20560747663552,-2.794392523364486],[-55.57894736842105,-3.0],[-55.71929824561403,-3.280701754385965],[-56.0,-3.4705882352941178],[-56.19565217391305,-4.195652173913043],[-56.5,-7.0],[-56.34615384615384,-8.0],[-56.0,-8.473684210526315],[-55.66101694915254,-8.661016949152541],[-55.310344827586206,-9.310344827586206],[-54.73770491803279,-9.737704918032787],[-54.54838709677419,-10.548387096774194],[-53.45161290322581,-12.451612903225804],[-52.5,-13.5],[-51.8974358974359,-13.897435897435898],[-51.519999999999996,-14.52],[-51.0,-15.0],[-51.30769230769231,-16.0],[-51.0,-16.8],[-50.875,-17.0],[-50.241379310344826,-17.241379310344826],[-49.14545454545455,-18.145454545454545],[-48.81818181818182,-19.0],[-48.32727272727273,-19.327272727272728],[-48.0,-20.133333333333336],[-47.559322033898304,-20.559322033898304],[-47.315789473684205,-21.31578947368421],[-47.25714285714286,-22.0],[-47.0,-22.257142857142856],[-45.71875,-22.28125],[-44.89189189189189,-22.108108108108105],[-43.65217391304348,-20.347826086956523],[-43.35714285714286,-19.0],[-43.513513513513516,-18.513513513513512],[-44.121212121212125,-18.12121212121212],[-44.45454545454545,-17.454545454545453],[-45.0,-17.0],[-45.21052631578947,-16.210526315789473],[-45.55555555555556,-15.555555555555554],[-46.21052631578947,-15.210526315789473],[-46.69230769230769,-14.692307692307693],[-47.0,-14.600000000000001],[-47.315789473684205,-14.315789473684209],[-48.05882352941177,-14.058823529411764],[-48.36363636363636,-12.363636363636363],[-49.06666666666667,-12.066666666666666],[-49.315789473684205,-11.315789473684209],[-49.71428571428571,-10.714285714285715],[-50.25,-10.25],[-51.0625,-10.0625],[-51.13333333333333,-9.866666666666667],[-51.0,-9.0],[-51.333333333333336,-8.333333333333334],[-52.0,-8.0],[-52.125,-5.875],[-52.0,-4.0],[-52.71428571428571,-4.285714285714286],[-53.0,-4.2],[-53.352941176470594,-2.0],[-53.272727272727266,-1.727272727272727],[-53.0,-1.4],[-52.71428571428571,-1.2857142857142856],[-52.55555555555556,-1.0],[-52.0,0.6],[-51.22222222222223,1.2222222222222223],[-51.00000000000001,1.6666666666666667],[-50.166666666666664,2.166666666666667],[-50.0625,3.0625],[-48.55555555555555,3.444444444444444],[-48.0,3.0],[-47.4,3.4000000000000004],[-46.77777777777777,3.2222222222222223],[-46.44444444444444,2.555555555555556],[-46.0,2.5],[-45.8,3.2],[-45.8,3.8],[-45.0,4.0],[-45.0,5.0],[-44.21052631578947,5.210526315789474],[-42.75,5.0],[-42.66666666666667,4.666666666666667],[-43.0,4.666666666666666],[-43.400000000000006,4.4],[-43.66666666666667,4.0],[-43.117647058823536,3.8823529411764706],[-43.0,3.75],[-42.5,4.0],[-42.4,4.4],[-42.0,4.4],[-41.00000000000001,4.833333333333334],[-40.0,4.8],[-39.400000000000006,4.6],[-39.0,4.0],[-39.0,3.0],[-38.5,3.5],[-38.0,3.5],[-37.69230769230769,3.3076923076923084],[-37.4,2.6],[-37.375,2.0],[-37.0,1.625],[-36.56521739130435,1.434782608695652],[-36.285714285714285,1.0],[-36.30769230769231,0.6923076923076923],[-36.0,0.5],[-35.0,0.5],[-34.66666666666667,0.33333333333333337],[-34.5,0.0],[-34.0,-0.4],[-33.63636363636363,-0.36363636363636365],[-33.0,0.0],[-32.0,0.0],[-31.0,-1.0],[-31.0,-2.0],[-30.0,-2.0],[-29.545454545454543,-2.545454545454545],[-29.375,-3.0],[-29.6,-3.4000000000000004],[-30.75,-4.0],[-30.42857142857143,-4.428571428571429],[-30.299999999999997,-5.0],[-30.5,-5.5],[-31.666666666666664,-6.0],[-31.77777777777778,-6.222222222222222],[-32.4,-6.6000000000000005],[-33.0,-6.714285714285714],[-34.42857142857143,-6.428571428571429],[-34.6,-6.0],[-35.0,-5.75],[-35.25,-5.75],[-35.5,-6.0],[-35.6,-6.4],[-36.0,-6.5],[-37.0,-6.25],[-37.4,-6.4],[-38.0,-6.0],[-38.0,-5.0],[-40.0,-5.0],[-40.0,-4.0],[-39.333333333333336,-3.0],[-40.0,-2.0],[-40.6,-2.4],[-41.44444444444444,-3.5555555555555554],[-42.0,-4.0],[-45.0,-4.0],[-45.6,-4.4],[-46.0,-5.0],[-46.5,-4.5],[-47.0,-4.333333333333334],[-48.0,-5.0],[-48.0,-6.0],[-50.0,-6.0],[-50.0,-8.0],[-49.0,-8.0],[-49.0,-7.0],[-48.0,-7.0],[-47.5,-7.5],[-46.66666666666667,-7.666666666666668],[-46.6,-10.4],[-47.0,-11.0],[-44.0,-11.0],[-44.0,-10.0],[-45.0,-10.0],[-45.333333333333336,-9.0],[-45.333333333333336,-7.666666666666668],[-44.0,-7.666666666666666],[-43.77777777777778,-7.777777777777778],[-43.333333333333336,-9.0],[-43.400000000000006,-9.4],[-42.6,-10.600000000000001],[-42.66666666666667,-11.333333333333334],[-43.5,-11.5],[-43.66666666666667,-12.0],[-43.60000000000001,-12.4],[-44.0,-13.0],[-43.0,-13.0],[-42.5,-12.5],[-42.333333333333336,-11.666666666666668],[-42.0,-11.666666666666668],[-41.55555555555555,-11.444444444444443],[-41.28571428571428,-10.714285714285715]],[[-38.0,-28.0],[-39.0,-28.0],[-38.6,-27.4],[-38.76470588235294,-26.764705882352942],[-38.76470588235294,-25.764705882352942],[-39.0,-25.0],[-39.5,-25.5],[-39.666666666666664,-26.0],[-39.5,-27.0],[-39.6,-27.4],[-40.36363636363637,-27.636363636363637],[-40.66666666666667,-28.0],[-40.44444444444444,-28.444444444444443],[-39.71428571428571,-28.71428571428571],[-39.6,-29.400000000000002],[-40.0,-30.0],[-40.6,-30.400000000000002],[-41.400000000000006,-30.400000000000002],[-42.0,-30.0],[-42.0,-31.0],[-43.0,-31.0],[-43.60000000000001,-31.400000000000002],[-44.0,-32.0],[-44.0,-34.0],[-43.400000000000006,-33.6],[-42.0,-34.0],[-42.0,-35.0],[-41.400000000000006,-34.6],[-40.6,-34.6],[-40.0,-35.0],[-39.0,-35.0],[-38.4,-34.6],[-37.6,-34.400000000000006],[-37.0,-34.0],[-37.5,-32.5],[-38.0,-32.0],[-37.55555555555555,-31.444444444444443],[-37.5,-31.0],[-38.0,-30.333333333333336],[-39.0,-30.0],[-38.0,-29.666666666666668],[-37.5,-29.0],[-38.0,-28.0]],[[-38.333333333333336,-21.666666666666668],[-38.266666666666666,-22.266666666666666],[-38.0,-22.666666666666664],[-37.5,-22.5],[-37.0,-22.0],[-37.5,-21.5],[-38.0,-21.333333333333336],[-38.333333333333336,-21.666666666666668]],[[-46.66666666666667,-3.0],[-46.44444444444444,-3.444444444444444],[-46.0,-3.6666666666666665],[-45.733333333333334,-3.2666666666666666],[-45.77777777777778,-2.7777777777777777],[-46.0,-2.333333333333333],[-46.5,-2.5],[-46.66666666666667,-3.0]]],[[[-40.63636363636364,-8.636363636363637],[-40.0,-9.0],[-39.6,-9.600000000000001],[-39.0,-10.0],[-39.6,-10.4],[-40.333333333333336,-10.333333333333334],[-40.33333333333333,-10.0],[-40.55555555555556,-9.555555555555555],[-41.400000000000006,-9.4],[-41.5,-9.0],[-41.28571428571428,-8.714285714285714],[-40.63636363636364,-8.636363636363637]]],[[[-45.666666666666664,-7.0],[-45.66666666666667,-7.333333333333334],[-46.333333333333336,-7.333333333333334],[-46.33333333333333,-7.0],[-46.0,-6.666666666666666],[-45.666666666666664,-7.0]]],[[[-38.333333333333336,-7.333333333333334],[-39.0,-7.0],[-39.0,-6.0],[-38.0,-6.0],[-37.6,-6.6000000000000005],[-37.75,-7.0],[-37.66666666666667,-7.333333333333334],[-38.0,-8.0],[-38.333333333333336,-7.333333333333334]]],[[[-59.76470588235294,16.764705882352942],[-60.28571428571428,16.285714285714285],[-60.28571428571429,16.0],[-61.27777777777778,16.0],[-61.0,17.333333333333332],[-60.95744680851064,17.04255319148936],[-59.83333333333333,17.0],[-59.76470588235294,16.764705882352942]]],[[[-68.0,16.585365853658537],[-68.45945945945945,17.0],[-68.0,17.326923076923077],[-67.63829787234042,17.0],[-68.0,16.585365853658537]]],[[[-74.20833333333333,17.0],[-74.37037037037037,17.37037037037037],[-74.0,18.0],[-73.5,17.5],[-73.375,17.0],[-73.90566037735849,16.90566037735849],[-74.20833333333333,17.0]]],[[[-63.0,17.0],[-63.60000000000001,17.4],[-64.0,18.0],[-61.5,18.0],[-62.88235294117647,17.88235294117647],[-63.0,17.0]]],[[[-80.96923076923078,29.96923076923077],[-81.13071895424837,30.869281045751634],[-81.71428571428571,31.0],[-81.48780487804878,31.48780487804878],[-81.0,31.526315789473685],[-80.64912280701753,31.350877192982455],[-80.47368421052632,31.0],[-80.96923076923078,29.96923076923077]]],[[[-81.65217391304347,33.34782608695652],[-81.52941176470588,33.0],[-81.81818181818181,32.0],[-81.55555555555556,31.555555555555557],[-82.0,31.666666666666664],[-82.02898550724638,31.971014492753625],[-83.01515151515152,32.0],[-83.0,32.333333333333336],[-82.66666666666667,32.66666666666667],[-82.5,33.5],[-81.65217391304347,33.34782608695652]]],[[[-23.0,53.71428571428571],[-22.615384615384613,53.38461538461539],[-22.473684210526315,53.0],[-22.53488372093023,52.53488372093023],[-22.696969696969695,51.6969696969697],[-23.0,51.0],[-22.789473684210527,50.21052631578948],[-22.32,49.68],[-21.285714285714285,49.0],[-20.444444444444443,47.0],[-20.692307692307693,45.69230769230769],[-21.0,45.333333333333336],[-21.26086956521739,45.26086956521739],[-22.0,44.66666666666667],[-22.5,44.5],[-22.333333333333336,45.0],[-23.0,45.400000000000006],[-27.555555555555554,45.55555555555556],[-28.0,45.5],[-28.666666666666664,45.0],[-28.5,44.5],[-28.0,44.0],[-28.555555555555554,43.55555555555555],[-29.266666666666666,43.733333333333334],[-29.789473684210527,44.21052631578947],[-30.333333333333336,44.0],[-30.529411764705884,43.52941176470588],[-31.0,43.0],[-30.75,42.0],[-30.400000000000002,41.6],[-29.0,41.42857142857143],[-27.6,41.6],[-27.476190476190474,42.476190476190474],[-27.0,42.625],[-26.444444444444443,42.0],[-26.583333333333336,41.583333333333336],[-27.0,41.285714285714285],[-27.333333333333336,41.333333333333336],[-27.285714285714285,41.0],[-28.0,40.44444444444444],[-29.25,40.75],[-31.8,40.8],[-32.0,40.66666666666667],[-32.166666666666664,41.16666666666667],[-32.0,42.0],[-34.125,41.875],[-35.0,42.0],[-36.0,41.81818181818182],[-37.13793103448276,41.13793103448276],[-39.0,39.666666666666664],[-40.0,39.5],[-40.266666666666666,39.266666666666666],[-42.0,38.6],[-43.0,38.0],[-44.0,37.666666666666664],[-45.0,37.666666666666664],[-45.69230769230769,36.69230769230769],[-47.0,35.66666666666667],[-49.22222222222223,35.22222222222222],[-49.666666666666664,35.0],[-50.333333333333336,34.333333333333336],[-51.0,34.0],[-51.71428571428571,33.714285714285715],[-53.444444444444436,33.44444444444444],[-54.0,33.0],[-55.0,33.0],[-55.66666666666667,33.333333333333336],[-56.0,33.666666666666664],[-56.400000000000006,33.4],[-56.77777777777778,32.77777777777778],[-57.0,32.66666666666667],[-57.6,33.4],[-58.33333333333333,34.0],[-58.55555555555556,34.44444444444444],[-59.0,34.5],[-59.71428571428571,35.285714285714285],[-60.0,35.4],[-61.0,35.4],[-62.0,35.0],[-63.0,35.0],[-64.0,34.6],[-66.0,34.285714285714285],[-68.0,35.0],[-68.44444444444444,35.55555555555556],[-69.3157894736842,35.68421052631579],[-69.75,36.0],[-69.41666666666666,37.0],[-69.41666666666666,38.0],[-69.71428571428571,39.0],[-69.35714285714286,40.0],[-69.35714285714286,41.0],[-69.21739130434783,41.21739130434783],[-68.0,41.42857142857143],[-67.0,40.71428571428571],[-66.0,41.333333333333336],[-64.0,41.333333333333336],[-63.0,41.5],[-62.7,41.7],[-62.3,42.3],[-62.1,43.0],[-62.12903225806451,44.12903225806452],[-61.35294117647058,45.35294117647059],[-61.266666666666666,46.266666666666666],[-61.0,47.0],[-60.35294117647059,47.35294117647058],[-59.85714285714286,48.0],[-59.77777777777777,49.0],[-60.0,50.0],[-59.80952380952381,50.80952380952381],[-59.733333333333334,52.266666666666666],[-59.81818181818181,52.81818181818181],[-59.375,53.375],[-58.20689655172414,54.206896551724135],[-56.55102040816326,54.55102040816327],[-56.0,55.0],[-55.0,55.41666666666667],[-54.0,55.35714285714286],[-53.513513513513516,55.513513513513516],[-53.0,56.0],[-52.30769230769231,56.307692307692314],[-50.76,56.239999999999995],[-50.21052631578948,55.78947368421052],[-47.84615384615384,55.153846153846146],[-47.36363636363636,54.63636363636364],[-46.67741935483871,54.322580645161295],[-46.375,54.0],[-46.333333333333336,53.66666666666667],[-46.0,53.4],[-45.77777777777778,53.0],[-45.599999999999994,51.0],[-44.21052631578947,49.78947368421053],[-42.0,49.2],[-41.23529411764706,48.76470588235294],[-39.0,48.25],[-38.513513513513516,48.513513513513516],[-38.0,49.0],[-37.3448275862069,50.344827586206904],[-36.8,50.8],[-36.0,52.0],[-34.733333333333334,52.733333333333334],[-34.0,54.0],[-33.3,54.3],[-32.78947368421053,54.78947368421053],[-32.0,56.0],[-30.619047619047617,56.61904761904761],[-30.0,57.1],[-29.0,57.0],[-28.333333333333336,56.66666666666667],[-26.0,56.0],[-27.47058823529412,55.470588235294116],[-28.0,55.0],[-27.714285714285715,54.285714285714285],[-26.285714285714285,53.71428571428571],[-23.81818181818182,53.81818181818181],[-23.0,53.71428571428571]],[[-29.0,55.400000000000006],[-29.4,55.0],[-29.5,54.0],[-29.0,53.71428571428571],[-28.71428571428571,53.71428571428571],[-28.333333333333332,54.0],[-28.0,55.0],[-29.0,55.400000000000006]],[[-24.258064516129032,47.74193548387097],[-24.0,47.63636363636364],[-23.0,48.0],[-24.0,48.4],[-24.4,48.0],[-24.258064516129032,47.74193548387097]],[[-38.0,44.22222222222222],[-39.0,44.0],[-38.0,43.75],[-37.5,44.0],[-38.0,44.22222222222222]]],[[[-114.29629629629629,82.29629629629629],[-111.0,82.35714285714286],[-110.0,82.18181818181819],[-109.0,82.25],[-104.94782608695652,82.05217391304348],[-96.0,82.04411764705883],[-94.14035087719299,81.85964912280701],[-93.43410852713178,81.56589147286822],[-93.0,81.53333333333333],[-92.0,81.91489361702128],[-91.61607142857143,81.38392857142857],[-91.0,81.23076923076923],[-87.0,81.16666666666666],[-84.6,81.0],[-84.0,80.8],[-82.92941176470589,80.07058823529412],[-81.0,79.85714285714286],[-80.0,79.35714285714286],[-79.64285714285714,79.0],[-79.56521739130434,78.56521739130434],[-80.18181818181819,78.18181818181819],[-81.14285714285714,78.0],[-81.0,77.5],[-80.0,77.0],[-79.6,77.6],[-79.6,78.0],[-79.4,78.4],[-78.19047619047619,78.19047619047619],[-77.0,78.25],[-76.0,78.0],[-75.57142857142858,77.42857142857143],[-74.66666666666667,77.0],[-74.125,71.875],[-74.17391304347825,70.82608695652175],[-74.0,70.0],[-75.0,70.0],[-75.23529411764706,69.23529411764706],[-75.2,68.8],[-74.5,68.0],[-74.0,67.71428571428571],[-73.75,67.75],[-73.5,68.0],[-73.0,69.0],[-72.6,68.4],[-72.0,68.0],[-71.56521739130434,67.43478260869566],[-71.44444444444444,67.0],[-70.57142857142857,66.0],[-70.8,65.0],[-70.57142857142857,64.42857142857143],[-70.27272727272728,62.0],[-70.58333333333334,61.0],[-70.6,59.0],[-69.64285714285714,58.0],[-69.71428571428572,56.71428571428571],[-70.14285714285714,56.14285714285714],[-70.42857142857143,55.0],[-70.34615384615384,54.653846153846146],[-69.75,54.0],[-70.17647058823529,53.0],[-69.6,52.0],[-69.73333333333332,51.733333333333334],[-70.28571428571428,51.285714285714285],[-70.4090909090909,51.0],[-70.36363636363636,49.36363636363636],[-70.44444444444444,49.0],[-71.0,48.0],[-72.0,47.57142857142857],[-72.5909090909091,46.590909090909086],[-73.0,46.30769230769231],[-73.2,46.00000000000001],[-73.81818181818181,44.0],[-74.13636363636364,41.13636363636364],[-75.0,40.64285714285714],[-75.25,40.25],[-75.25714285714285,40.0],[-75.0,39.71875],[-74.38297872340425,39.61702127659574],[-73.73333333333333,39.266666666666666],[-73.33333333333334,38.66666666666667],[-73.21176470588236,37.78823529411765],[-73.0,37.35714285714286],[-72.76190476190476,37.23809523809524],[-72.64285714285714,37.0],[-73.14285714285715,36.0],[-73.0,35.77777777777778],[-71.89999999999999,35.0],[-72.14814814814815,34.14814814814815],[-71.75,33.0],[-71.89999999999999,32.0],[-71.64285714285714,31.0],[-71.79310344827586,29.79310344827586],[-72.06666666666666,29.066666666666666],[-72.125,28.0],[-72.0,27.555555555555557],[-71.72972972972974,27.27027027027027],[-71.45,26.0],[-71.04301075268818,24.956989247311828],[-70.64383561643835,24.35616438356164],[-70.23529411764706,24.0],[-70.34782608695652,23.652173913043477],[-70.26666666666667,23.266666666666666],[-71.0,23.0],[-70.07692307692308,22.92307692307692],[-70.0,22.333333333333336],[-69.66666666666667,22.0],[-69.10810810810811,21.89189189189189],[-67.0,21.959999999999997],[-66.12903225806451,21.870967741935484],[-66.0,21.5],[-64.0,23.0],[-63.42857142857143,22.571428571428573],[-63.0,22.0],[-63.56521739130435,21.565217391304348],[-63.92857142857143,20.92857142857143],[-63.7,20.299999999999997],[-63.81818181818181,19.818181818181817],[-64.0,19.549999999999997],[-64.44,19.44],[-64.64705882352942,19.0],[-64.0,18.0],[-64.15384615384616,17.153846153846153],[-65.0,17.0],[-65.71428571428572,18.0],[-65.4,19.0],[-65.55,19.45],[-66.0,19.642857142857142],[-66.375,19.375],[-67.0,19.35185185185185],[-68.39080459770115,19.609195402298848],[-68.89473684210526,20.10526315789474],[-69.5774647887324,20.422535211267608],[-70.0,21.0],[-70.4,20.400000000000002],[-71.0,20.15909090909091],[-72.08,20.080000000000002],[-72.27272727272727,19.272727272727273],[-72.87878787878788,18.87878787878788],[-73.0,18.5],[-74.0,18.0],[-74.6,17.6],[-75.0,17.73076923076923],[-75.08045977011494,17.919540229885058],[-75.4375,18.0],[-75.67272727272727,18.327272727272728],[-76.16,19.16],[-76.16,19.84],[-76.70731707317074,19.707317073170735],[-77.0,19.818181818181817],[-77.25675675675676,21.0],[-77.52991452991454,21.47008547008547],[-78.1307901907357,21.869209809264305],[-78.52552552552554,23.474474474474473],[-79.08064516129032,24.0],[-78.28125,25.0],[-79.0,26.0],[-79.46428571428572,27.0],[-79.50413223140495,27.49586776859504],[-80.03680981595093,28.036809815950917],[-80.0,28.25],[-79.0,28.18181818181818],[-78.75675675675677,29.0],[-79.31818181818181,29.681818181818183],[-79.73913043478261,31.26086956521739],[-79.81632653061224,32.183673469387756],[-80.0,32.5],[-80.33333333333334,32.66666666666667],[-80.70967741935483,33.29032258064516],[-80.96363636363637,35.03636363636364],[-81.8,35.2],[-82.0,35.5],[-83.0,35.875],[-83.20289855072463,35.20289855072464],[-83.41176470588235,35.0],[-83.4375,34.5625],[-82.70588235294117,34.294117647058826],[-82.5,33.5],[-83.0,33.44444444444444],[-83.06993006993007,33.93006993006993],[-83.55555555555556,34.0],[-83.6,34.400000000000006],[-84.0,34.285714285714285],[-84.12269938650307,34.877300613496935],[-84.5263157894737,35.0],[-84.74285714285713,35.25714285714285],[-84.90243902439025,36.00000000000001],[-84.75,36.75],[-84.57142857142857,37.0],[-84.66666666666667,37.333333333333336],[-85.41025641025641,37.589743589743584],[-85.72727272727272,38.0],[-85.47058823529412,38.470588235294116],[-84.25,39.0],[-84.57142857142857,39.42857142857143],[-84.73333333333332,40.266666666666666],[-85.0,40.5],[-85.5,40.5],[-85.5,40.0],[-85.73333333333333,39.733333333333334],[-87.0,39.6],[-87.125,40.875],[-87.38461538461539,41.61538461538461],[-87.68421052631578,42.315789473684205],[-88.0,42.6],[-88.22222222222223,43.77777777777778],[-88.55555555555556,44.0],[-88.6,44.400000000000006],[-89.0,45.0],[-88.55555555555554,45.55555555555556],[-88.42857142857143,46.0],[-88.72413793103448,47.27586206896552],[-89.17391304347825,47.826086956521735],[-89.1764705882353,49.17647058823529],[-88.53333333333333,49.53333333333334],[-88.20689655172414,50.206896551724135],[-87.0,51.333333333333336],[-86.57894736842104,51.57894736842105],[-86.15384615384616,52.15384615384615],[-84.52941176470588,52.529411764705884],[-84.0,53.0],[-83.76470588235294,53.76470588235294],[-83.5,54.0],[-83.55555555555554,54.44444444444444],[-84.0,54.66666666666667],[-84.4,54.6],[-85.0,55.0],[-85.0,54.0],[-85.55555555555556,54.44444444444444],[-86.0,54.4],[-86.42857142857144,55.42857142857143],[-86.4,55.60000000000001],[-87.12121212121212,55.878787878787875],[-88.18181818181817,57.0],[-88.67272727272727,57.32727272727273],[-89.0,57.81818181818182],[-90.6470588235294,58.35294117647058],[-91.29166666666666,58.70833333333333],[-91.4375,59.0],[-91.79310344827587,59.20689655172414],[-92.5609756097561,59.4390243902439],[-92.76315789473685,60.23684210526316],[-93.0,60.45],[-93.44897959183673,60.55102040816326],[-94.0,61.0],[-94.41666666666667,61.58333333333333],[-95.0,62.0],[-95.55555555555556,63.44444444444444],[-97.05263157894736,63.94736842105263],[-97.35294117647058,64.6470588235294],[-98.0,65.0],[-98.125,66.0],[-98.54838709677419,66.45161290322581],[-99.25806451612902,66.74193548387098],[-100.0,67.42857142857143],[-101.28571428571428,67.71428571428571],[-101.9047619047619,68.0952380952381],[-102.0,69.0],[-102.8529411764706,69.14705882352942],[-103.0,69.27777777777779],[-103.2,69.2],[-103.56666666666666,68.56666666666666],[-104.0,68.38095238095238],[-105.35897435897435,68.64102564102564],[-107.0,69.15384615384616],[-108.08695652173913,68.91304347826087],[-108.71428571428571,69.28571428571428],[-108.95833333333333,70.04166666666666],[-113.0,70.41666666666666],[-115.99999999999999,70.42857142857143],[-117.2,70.2],[-117.9090909090909,69.9090909090909],[-119.7037037037037,69.7037037037037],[-125.0,69.6],[-126.0,69.75],[-127.0,69.6923076923077],[-130.0,70.73333333333333],[-131.0909090909091,70.9090909090909],[-132.0,70.91666666666666],[-134.0,70.64285714285714],[-134.47368421052633,70.47368421052633],[-134.9375,69.9375],[-135.0952380952381,69.9047619047619],[-141.83333333333331,69.83333333333333],[-144.0,70.33333333333334],[-146.67857142857142,70.32142857142857],[-149.20689655172413,70.79310344827587],[-151.0,71.875],[-151.53488372093022,71.53488372093022],[-152.3181818181818,71.31818181818181],[-155.78666666666666,71.21333333333334],[-160.0,71.6923076923077],[-162.38888888888889,71.61111111111111],[-163.2,71.8],[-163.5,72.0],[-163.57142857142858,72.42857142857143],[-164.0,72.6],[-165.0,72.44444444444444],[-165.92000000000002,71.92],[-167.0,71.75],[-169.0,71.89999999999999],[-169.73333333333335,72.26666666666667],[-171.3684210526316,72.63157894736842],[-172.0,72.9],[-173.73913043478262,72.7391304347826],[-177.0,72.75],[-178.0,72.64285714285714],[-179.0,72.75],[-180.0,72.6],[-180.0,78.66666666666667],[-179.66666666666669,79.0],[-179.8181818181818,79.18181818181819],[-179.8,80.0],[-179.2689075630252,80.26890756302521],[-179.0,81.63636363636364],[-178.0,81.3076923076923],[-176.8,81.2],[-176.5,81.0],[-176.5,80.5],[-177.0,80.0],[-175.0,80.0],[-174.11764705882354,79.88235294117646],[-173.0,80.0],[-172.24,80.24000000000001],[-170.0,80.35714285714286],[-165.0,80.25],[-164.34782608695653,79.65217391304347],[-164.0,79.52941176470588],[-161.0,79.25],[-160.4,79.4],[-160.0,80.0],[-159.41666666666669,80.41666666666667],[-159.0,80.52631578947368],[-154.64285714285714,80.35714285714286],[-154.1818181818182,79.81818181818181],[-153.0,79.8],[-152.33333333333334,80.0],[-152.66666666666669,80.33333333333334],[-153.33333333333334,80.66666666666667],[-153.5,81.0],[-152.0,81.1875],[-150.0,81.25],[-148.0,81.0],[-147.66666666666669,80.33333333333334],[-147.0,80.25],[-146.4,80.4],[-146.0,81.0],[-145.42857142857144,80.57142857142857],[-144.0,80.0],[-143.2,79.8],[-141.0,79.63636363636363],[-140.0,79.66666666666667],[-138.0,80.47058823529412],[-134.33333333333334,81.0],[-134.75,81.25],[-134.9090909090909,82.0],[-134.45454545454544,82.45454545454545],[-134.0,82.625],[-133.0,82.72222222222223],[-131.375,82.625],[-129.0,82.72222222222223],[-127.0,82.5],[-125.0,82.80000000000001],[-124.0,82.5],[-123.0,82.46666666666667],[-116.0,82.47058823529412],[-114.29629629629629,82.29629629629629]],[[-85.5,41.0],[-85.77777777777777,41.22222222222222],[-86.19047619047619,41.19047619047619],[-86.4,41.0],[-86.30769230769232,40.69230769230769],[-86.0,40.5],[-85.5,40.5],[-85.5,41.0]],[[-130.66666666666666,79.0],[-130.0,78.71428571428572],[-129.77777777777777,78.77777777777777],[-129.5,79.0],[-129.55555555555554,79.44444444444443],[-130.0,79.66666666666666],[-130.44444444444446,79.44444444444443],[-130.66666666666666,79.0]],[[-107.0,80.25],[-107.33333333333334,80.0],[-106.23076923076923,79.76923076923077],[-101.69230769230771,79.6923076923077],[-101.55555555555556,80.0],[-102.26666666666667,80.26666666666667],[-102.81818181818181,80.18181818181819],[-103.0,80.4],[-104.0,80.66666666666667],[-107.0,80.25]],[[-97.83333333333334,76.16666666666667],[-98.66666666666667,76.0],[-98.5,75.5],[-98.0,75.71428571428571],[-96.77777777777777,75.77777777777777],[-96.93103448275862,76.06896551724137],[-97.83333333333334,76.16666666666667]],[[-99.0,75.8],[-99.44444444444444,75.44444444444444],[-100.0,75.27272727272728],[-103.0,75.0],[-102.4,74.6],[-102.33333333333334,74.0],[-102.0,73.875],[-101.78947368421052,74.21052631578948],[-101.86666666666667,74.86666666666666],[-101.26086956521739,74.73913043478261],[-101.0,74.85],[-100.21428571428572,74.78571428571428],[-100.0,74.625],[-98.69230769230771,74.6923076923077],[-98.5,75.5],[-99.0,75.8]],[[-96.19999999999999,74.8],[-95.83673469387755,74.83673469387756],[-95.63636363636364,75.0],[-96.0,75.44444444444446],[-96.38095238095238,75.38095238095238],[-96.44444444444444,75.0],[-96.19999999999999,74.8]],[[-93.76470588235293,64.0],[-94.0,64.4],[-94.38095238095238,64.38095238095238],[-95.0,64.0],[-94.47058823529412,63.529411764705884],[-94.0,63.333333333333336],[-93.76470588235293,64.0]],[[-79.66666666666667,68.66666666666667],[-79.5,69.0],[-80.11428571428571,69.11428571428571],[-80.33333333333334,69.0],[-80.0,68.5],[-79.66666666666667,68.66666666666667]],[[-74.5,65.5],[-73.71428571428571,65.71428571428571],[-73.78947368421052,66.21052631578948],[-74.0,66.28571428571429],[-75.0,66.0],[-75.25,65.25],[-75.21428571428572,64.78571428571428],[-74.76923076923077,64.76923076923077],[-74.5,65.5]],[[-73.2,64.8],[-73.0,64.71428571428572],[-72.33333333333334,65.0],[-72.86206896551724,65.13793103448276],[-73.0,65.28571428571429],[-73.28571428571428,65.28571428571428],[-73.2,64.8]],[[-176.0,74.28571428571429],[-176.47619047619045,74.52380952380952],[-176.85185185185185,75.14814814814815],[-178.46153846153845,75.53846153846155],[-179.0,76.0],[-179.45714285714286,75.45714285714286],[-179.57142857142856,75.0],[-179.47058823529412,74.52941176470587],[-179.0,74.0],[-178.28571428571428,73.71428571428571],[-174.63636363636363,73.63636363636363],[-173.77777777777777,73.77777777777777],[-173.5,74.0],[-174.0,75.0],[-175.07407407407408,75.07407407407408],[-175.5,74.5],[-176.0,74.28571428571429]],[[-138.0,71.14285714285714],[-138.20000000000002,71.0],[-138.0,70.66666666666667],[-137.0,71.0],[-138.0,71.14285714285714]],[[-103.6,73.0],[-104.0,74.0],[-104.4,73.4],[-105.0,73.0],[-103.77777777777777,72.77777777777777],[-103.6,73.0]],[[-103.0,72.4],[-103.22222222222223,72.22222222222223],[-103.16666666666666,71.83333333333334],[-102.5,71.0],[-102.09230769230768,70.9076923076923],[-101.25,71.0],[-100.75,72.0],[-100.73333333333333,72.26666666666667],[-101.0,72.5],[-101.22222222222223,72.22222222222223],[-101.69230769230771,72.30769230769232],[-102.78947368421052,72.21052631578948],[-103.0,72.4]],[[-97.35294117647058,73.6470588235294],[-97.78947368421052,74.21052631578948],[-98.0,74.28571428571429],[-98.22222222222223,74.22222222222223],[-98.15384615384615,74.0],[-98.4,73.4],[-99.75,73.0],[-99.0,72.5],[-98.0,72.4],[-97.6,72.6],[-96.71428571428571,72.71428571428571],[-96.57142857142856,73.0],[-96.83333333333333,73.16666666666667],[-97.0,73.5],[-97.35294117647058,73.6470588235294]]],[[[-31.0,60.55555555555556],[-30.72222222222222,60.27777777777778],[-30.782608695652172,59.78260869565217],[-31.0,59.642857142857146],[-31.238095238095237,59.76190476190476],[-31.357142857142858,60.0],[-31.0,60.55555555555556]]],[[[-27.4,62.4],[-27.0,63.0],[-26.666666666666668,62.0],[-27.0,61.8],[-29.16,61.84],[-29.333333333333336,62.0],[-29.0,62.4],[-27.4,62.4]]],[[[-179.0,-87.0],[-179.0,-88.0],[-180.0,-88.0],[-180.0,-81.58461538461538],[-179.0,-81.89473684210526],[-178.0,-81.64285714285714],[-176.62857142857143,-81.62857142857143],[-175.02150537634407,-82.02150537634408],[-174.0,-82.53846153846155],[-172.86046511627907,-82.13953488372093],[-171.90625,-82.09375],[-166.0,-82.28947368421052],[-164.0,-82.13725490196079],[-160.3030303030303,-82.30303030303031],[-158.80141843971631,-82.19858156028369],[-154.0,-82.21428571428572],[-151.0,-82.33333333333334],[-150.0,-82.54545454545453],[-149.0,-82.44186046511628],[-147.0,-82.60606060606061],[-146.0,-82.36842105263158],[-142.0,-82.53658536585365],[-130.94117647058823,-82.05882352941175],[-128.0,-81.48780487804879],[-125.68571428571428,-81.68571428571428],[-125.0,-82.08888888888889],[-124.45238095238095,-81.54761904761905],[-123.73529411764707,-81.26470588235294],[-122.0,-81.19047619047619],[-119.7142857142857,-81.28571428571428],[-117.0,-81.0],[-116.53333333333333,-80.46666666666667],[-116.5625,-80.0],[-116.42857142857143,-79.57142857142858],[-116.0,-79.0],[-115.36363636363636,-78.63636363636364],[-114.55555555555554,-78.44444444444444],[-112.0,-78.02380952380952],[-111.02777777777777,-78.02777777777779],[-110.0,-78.16666666666667],[-109.0,-78.72222222222223],[-108.60000000000001,-78.60000000000001],[-108.30769230769232,-78.69230769230771],[-108.07142857142857,-78.0],[-109.0,-77.13333333333333],[-109.39999999999999,-77.0],[-107.0,-76.3076923076923],[-106.67567567567568,-76.32432432432432],[-104.0,-75.65384615384616],[-102.0,-74.77272727272728],[-101.0,-75.09090909090908],[-100.45714285714286,-74.54285714285714],[-100.0,-74.42857142857142],[-98.46153846153847,-73.53846153846155],[-98.0,-73.45901639344262],[-97.65803108808291,-73.65803108808291],[-97.31147540983606,-74.31147540983606],[-97.0,-74.55882352941177],[-96.59183673469389,-74.59183673469389],[-96.37267080745343,-75.37267080745342],[-96.0,-75.625],[-95.50819672131146,-75.49180327868852],[-95.41758241758242,-74.58241758241758],[-95.0,-74.44117647058823],[-93.53846153846153,-74.46153846153847],[-92.72549019607844,-74.27450980392157],[-92.0,-73.82142857142857],[-90.80000000000001,-73.8],[-90.4,-74.0],[-90.71428571428571,-74.28571428571428],[-90.83870967741936,-75.16129032258064],[-91.0,-75.35714285714286],[-92.0,-75.44444444444446],[-92.37974683544304,-75.62025316455697],[-92.775,-76.225],[-93.97297297297297,-77.02702702702703],[-95.0,-77.38709677419355],[-96.34615384615384,-77.34615384615384],[-97.1875,-77.1875],[-97.3,-77.0],[-97.81818181818181,-76.81818181818181],[-98.18421052631578,-76.8157894736842],[-98.875,-77.0],[-99.0,-77.14285714285714],[-100.07692307692308,-76.92307692307692],[-101.0,-77.77777777777777],[-102.0,-77.41176470588235],[-105.0,-77.96153846153847],[-106.0,-77.56],[-107.875,-78.0],[-107.63636363636364,-78.63636363636364],[-106.5,-79.0],[-109.0,-79.27777777777777],[-110.53846153846153,-80.46153846153847],[-111.0,-80.5],[-111.16666666666667,-80.83333333333334],[-111.11538461538461,-81.0],[-111.0,-81.09677419354838],[-109.96875,-81.03125],[-109.3448275862069,-80.65517241379311],[-109.0,-80.72222222222223],[-108.0,-80.42222222222222],[-105.79166666666666,-80.20833333333334],[-103.99999999999999,-80.19354838709677],[-102.0,-80.66666666666667],[-101.0,-80.47619047619048],[-99.63265306122449,-80.63265306122449],[-98.66666666666667,-81.0],[-99.53846153846155,-81.46153846153847],[-100.1,-82.0],[-100.67272727272727,-82.32727272727273],[-103.2,-83.0],[-102.42857142857143,-83.42857142857144],[-100.0,-83.61904761904762],[-98.70588235294119,-83.29411764705881],[-98.13953488372093,-82.86046511627907],[-97.85714285714286,-82.85714285714286],[-97.14285714285714,-83.14285714285714],[-96.0,-83.11764705882354],[-95.0,-82.66666666666666],[-94.0,-82.70833333333334],[-91.77777777777777,-82.22222222222223],[-91.25,-82.0],[-91.44444444444444,-81.44444444444444],[-92.25,-81.0],[-92.04878048780488,-80.95121951219511],[-91.0,-80.90476190476191],[-90.6,-81.0],[-90.3157894736842,-81.3157894736842],[-90.0,-81.33333333333334],[-89.85,-81.0],[-89.0,-80.5952380952381],[-87.0,-80.75675675675676],[-83.44067796610169,-80.4406779661017],[-82.58730158730158,-80.58730158730158],[-82.35,-81.0],[-82.56666666666666,-81.43333333333334],[-83.58333333333333,-82.0],[-83.35897435897436,-82.35897435897436],[-82.33333333333334,-83.0],[-83.2,-84.0],[-83.64444444444445,-84.35555555555555],[-84.0,-84.42105263157896],[-86.0,-84.4],[-89.88235294117646,-85.11764705882354],[-93.0,-85.25],[-94.0,-85.1],[-95.0,-85.18181818181817],[-96.0,-85.0909090909091],[-100.0,-85.69999999999999],[-101.33333333333334,-85.66666666666667],[-103.0,-85.83333333333334],[-104.0,-85.75],[-106.0,-86.0],[-105.0,-86.2],[-104.52941176470587,-86.52941176470588],[-104.33333333333334,-87.0],[-104.66666666666667,-87.33333333333334],[-105.0,-87.44444444444444],[-108.0,-87.5],[-109.14285714285714,-87.14285714285714],[-109.33333333333333,-87.0],[-109.66666666666667,-86.0],[-110.0,-85.5],[-111.0,-85.6],[-112.0,-86.0],[-112.0,-87.0],[-114.0,-87.42857142857142],[-115.0,-87.5],[-117.0,-87.4],[-119.0,-87.0],[-120.0,-87.0],[-121.0,-87.33333333333334],[-121.5,-87.0],[-122.0,-86.9090909090909],[-122.33333333333334,-87.0],[-122.63636363636363,-87.36363636363637],[-123.0,-87.5],[-125.0,-87.0],[-126.0,-87.0],[-126.4,-87.6],[-126.66666666666667,-88.33333333333334],[-127.0,-88.5],[-128.0,-88.5],[-129.0,-88.33333333333334],[-130.0,-88.6],[-131.0,-88.5],[-133.0,-88.80000000000001],[-137.0,-88.625],[-139.0,-88.83333333333334],[-139.75,-88.75],[-142.0,-88.83333333333334],[-143.0,-89.0],[-117.0,-89.02631578947368],[-116.0,-89.11363636363637],[-115.0,-89.0],[-108.0,-89.0],[-107.0,-89.3],[-106.0,-89.05882352941177],[-104.0,-89.0],[-102.8048780487805,-89.1951219512195],[-100.0,-89.0],[-98.0,-89.33333333333334],[-97.0,-89.0],[-96.0,-89.28571428571428],[-94.0,-89.28571428571428],[-93.0,-89.46153846153845],[-92.0,-89.33333333333334],[-91.66666666666667,-89.66666666666667],[-91.42857142857143,-89.57142857142858],[-91.0,-89.64705882352942],[-90.52173913043478,-89.47826086956522],[-90.0,-89.0],[-90.53191489361703,-88.53191489361703],[-91.0,-88.38888888888889],[-92.0,-88.9],[-93.0,-88.57142857142857],[-94.0,-88.75],[-94.66666666666667,-88.66666666666667],[-95.0,-88.5],[-96.5,-88.5],[-97.0,-88.0],[-96.5,-87.5],[-95.60000000000001,-87.4],[-95.0,-87.0],[-94.0,-87.0],[-93.0,-87.27272727272728],[-92.0,-87.0],[-89.0,-87.0],[-88.0,-87.22222222222223],[-87.0,-87.0],[-84.0,-87.0],[-84.0,-86.0],[-81.28571428571428,-85.71428571428571],[-80.60000000000001,-85.4],[-80.66666666666667,-85.0],[-80.53333333333333,-84.0],[-80.75,-83.0],[-80.83529411764707,-82.83529411764707],[-81.42424242424244,-82.57575757575758],[-81.6923076923077,-82.6923076923077],[-81.57575757575758,-82.42424242424242],[-81.75,-82.0],[-81.45652173913044,-81.54347826086956],[-80.67741935483872,-81.32258064516128],[-80.25,-81.0],[-80.4,-80.4],[-81.33333333333334,-80.0],[-81.07407407407408,-79.92592592592592],[-80.0,-79.875],[-79.39473684210526,-80.39473684210526],[-77.0,-80.43859649122807],[-74.73643410852713,-80.26356589147287],[-73.0,-79.75675675675676],[-72.0,-79.675],[-71.75700934579439,-79.75700934579439],[-71.38620689655173,-80.38620689655173],[-69.84269662921349,-80.84269662921348],[-69.72549019607844,-81.27450980392157],[-70.33333333333334,-81.66666666666667],[-75.0,-81.73214285714286],[-76.66666666666666,-82.0],[-77.0,-83.0],[-78.41509433962264,-83.58490566037737],[-78.91666666666666,-84.0],[-78.46808510638299,-84.46808510638297],[-77.62162162162163,-84.62162162162163],[-73.0,-84.10344827586206],[-72.45714285714286,-84.45714285714286],[-72.03703703703705,-85.00000000000001],[-72.0,-85.5],[-71.0,-85.33333333333334],[-70.0,-85.5],[-69.0,-85.5],[-68.60000000000001,-85.4],[-68.0,-85.0],[-67.0,-85.0],[-67.0,-84.0],[-68.0,-83.70588235294117],[-69.0,-83.65],[-70.0,-83.25],[-72.0,-83.05882352941175],[-72.0,-82.9],[-70.25,-82.75],[-69.0,-82.07142857142857],[-66.8125,-82.1875],[-66.125,-81.875],[-66.3125,-81.3125],[-66.13157894736842,-80.86842105263158],[-65.0,-80.90476190476191],[-64.0,-80.57692307692308],[-62.56923076923077,-80.43076923076924],[-61.76470588235294,-80.23529411764706],[-61.15909090909091,-79.8409090909091],[-59.885714285714286,-79.88571428571429],[-59.0,-80.41176470588235],[-58.70212765957446,-80.29787234042553],[-58.53333333333333,-80.0],[-58.0,-79.74193548387098],[-57.0,-79.78125],[-55.0,-79.60526315789474],[-54.0,-79.77777777777777],[-52.0,-79.57692307692307],[-50.0,-79.63888888888889],[-49.0,-79.24],[-48.0,-79.0952380952381],[-46.0,-79.15789473684211],[-45.0,-79.41666666666666],[-41.46376811594203,-79.46376811594203],[-40.588235294117645,-79.58823529411765],[-39.2,-80.0],[-39.529411764705884,-80.47058823529412],[-40.18181818181818,-80.81818181818181],[-44.03636363636363,-80.96363636363637],[-44.5,-81.5],[-45.22222222222222,-81.77777777777777],[-46.99999999999999,-81.85000000000001],[-47.724137931034484,-81.72413793103448],[-48.0,-81.42857142857143],[-51.0,-81.57142857142857],[-52.0,-81.88888888888889],[-54.0,-82.0],[-53.400000000000006,-82.4],[-52.6,-82.6],[-52.0,-83.0],[-51.285714285714285,-82.71428571428571],[-50.0,-83.0],[-48.0,-83.0],[-47.0,-83.2],[-44.22222222222222,-83.22222222222223],[-43.0,-83.4],[-42.0,-83.25],[-41.0,-83.5],[-40.0,-83.33333333333334],[-38.0,-83.66666666666667],[-37.0,-83.5],[-36.0,-83.66666666666667],[-35.0,-83.5],[-33.0,-84.0],[-26.0,-84.0],[-26.0,-85.0],[-25.0,-85.0],[-25.0,-84.0],[-22.0,-84.0],[-22.0,-85.0],[-21.0,-85.0],[-21.285714285714285,-85.71428571428571],[-21.200000000000003,-86.0],[-21.153846153846153,-86.15384615384616],[-20.53846153846154,-86.53846153846155],[-19.7,-86.7],[-17.272727272727273,-86.72727272727272],[-15.565217391304348,-86.43478260869566],[-15.0,-86.0],[-14.555555555555554,-85.44444444444444],[-14.000000000000002,-85.2],[-12.444444444444445,-85.44444444444444],[-11.0,-86.0],[-10.5,-85.5],[-9.818181818181818,-85.18181818181819],[-5.0,-85.0],[-5.0,-84.0],[-6.568627450980393,-83.5686274509804],[-9.0,-83.44],[-10.0,-83.27272727272728],[-15.0,-82.0],[-16.0,-82.0],[-17.285714285714285,-81.71428571428571],[-19.0,-81.66666666666667],[-21.285714285714285,-81.28571428571428],[-22.0,-81.0],[-20.444444444444443,-80.55555555555556],[-19.75,-80.25],[-19.5,-80.0],[-18.0,-79.85714285714286],[-16.733333333333334,-79.26666666666667],[-16.6,-79.0],[-17.0,-78.5],[-17.875,-77.875],[-19.0,-77.66666666666667],[-20.0,-77.3],[-21.13793103448276,-77.13793103448276],[-21.4,-76.0],[-22.0,-75.4],[-22.4,-75.60000000000001],[-23.244897959183675,-75.75510204081633],[-25.075471698113205,-75.9245283018868],[-25.8,-76.2],[-27.0,-76.28571428571428],[-28.0,-75.9],[-30.0,-76.16666666666667],[-30.487804878048777,-76.51219512195121],[-30.625,-77.0],[-30.5,-77.5],[-30.166666666666664,-78.0],[-30.400000000000002,-78.4],[-30.0,-79.0],[-30.53846153846154,-78.53846153846155],[-31.0,-78.625],[-31.3030303030303,-78.30303030303031],[-31.727272727272727,-76.72727272727272],[-32.0,-76.57142857142857],[-32.15,-77.0],[-32.575,-77.425],[-33.0,-77.51515151515152],[-34.76744186046511,-77.23255813953489],[-37.7037037037037,-77.29629629629629],[-39.0,-77.125],[-40.18181818181818,-77.18181818181819],[-40.904761904761905,-76.90476190476191],[-42.0,-76.9090909090909],[-42.333333333333336,-77.33333333333334],[-42.0,-77.125],[-41.53333333333333,-77.53333333333333],[-41.5,-78.0],[-41.77777777777778,-78.22222222222223],[-42.205882352941174,-78.20588235294117],[-42.52173913043478,-77.5217391304348],[-43.0,-77.38888888888889],[-43.43137254901961,-77.56862745098039],[-43.815384615384616,-78.18461538461538],[-44.23529411764706,-78.23529411764706],[-45.0,-78.0625],[-46.0,-78.625],[-47.0,-78.81818181818181],[-48.0,-78.75],[-48.21818181818182,-78.21818181818182],[-48.22641509433962,-77.77358490566039],[-48.0,-77.45454545454545],[-45.53488372093023,-77.53488372093022],[-45.0,-77.75],[-44.625,-77.0],[-44.80645161290323,-76.80645161290323],[-46.0,-76.08333333333333],[-47.1,-76.0],[-46.0,-75.9090909090909],[-45.35897435897436,-75.64102564102564],[-44.0,-75.44444444444446],[-41.0,-75.28571428571428],[-40.46666666666666,-75.46666666666667],[-39.53846153846155,-76.53846153846153],[-38.8,-76.8],[-36.421052631578945,-76.57894736842105],[-35.75,-76.25],[-35.63636363636364,-76.0],[-35.0,-75.46153846153845],[-32.76744186046511,-75.23255813953489],[-32.215384615384615,-74.78461538461539],[-31.479338842975206,-74.5206611570248],[-26.875,-74.125],[-26.66666666666667,-74.0],[-27.148148148148145,-73.14814814814815],[-27.10810810810811,-72.8918918918919],[-26.0,-72.42105263157896],[-25.0,-72.45454545454544],[-22.783783783783782,-72.21621621621622],[-22.327272727272728,-71.67272727272727],[-22.0,-71.57142857142857],[-21.0,-71.47368421052632],[-20.66101694915254,-71.66101694915254],[-20.523809523809526,-72.0],[-19.78,-72.22],[-19.266666666666666,-72.0],[-19.0,-71.66666666666667],[-18.0,-71.66666666666667],[-17.771428571428572,-71.77142857142857],[-17.432432432432435,-72.43243243243244],[-16.804878048780488,-72.1951219512195],[-16.0,-72.11320754716982],[-14.0,-72.14893617021276],[-12.5,-72.0],[-12.0,-71.77777777777777],[-11.75,-72.0],[-10.898305084745763,-72.10169491525423],[-9.0,-72.01923076923077],[-8.0,-72.13636363636363],[-7.142857142857143,-72.0],[-7.0,-71.75],[-6.5,-72.0],[-5.000000000000001,-72.08000000000001],[-4.666666666666667,-72.0],[-4.555555555555555,-71.55555555555554],[-4.666666666666667,-71.33333333333334],[-4.333333333333334,-71.33333333333334],[-4.0,-71.11111111111111],[-3.58974358974359,-71.58974358974359],[-3.6,-72.0],[-3.0,-72.25531914893617],[0.0,-72.44444444444444],[1.9047619047619047,-71.9047619047619],[4.6,-72.4],[5.142857142857143,-73.0],[6.0,-73.1875],[7.6,-73.0],[7.833333333333334,-72.83333333333333],[9.0,-73.08474576271186],[9.714285714285715,-73.0],[10.0,-72.75],[10.285714285714286,-73.0],[12.759036144578314,-73.24096385542168],[13.551724137931036,-73.44827586206897],[14.0,-73.76470588235294],[14.275862068965518,-73.72413793103448],[15.000000000000002,-74.33333333333334],[15.692307692307693,-73.6923076923077],[16.6,-73.60000000000001],[16.6,-73.4],[17.0,-72.77777777777777],[18.0,-72.75],[20.0,-72.33333333333334],[20.200000000000003,-72.19999999999999],[20.18181818181818,-72.0],[20.513513513513516,-71.51351351351352],[21.0,-71.47058823529412],[22.0,-71.8],[23.0,-71.5925925925926],[24.05333333333333,-71.94666666666666],[25.0,-72.6086956521739],[25.4390243902439,-72.5609756097561],[25.692307692307693,-72.69230769230771],[26.30769230769231,-72.30769230769232],[26.25,-72.0],[26.555555555555554,-71.55555555555554],[27.347826086956523,-71.34782608695653],[27.5,-71.0],[27.5,-70.5],[28.0,-70.0],[28.266666666666666,-70.73333333333333],[29.743589743589745,-70.74358974358975],[30.0,-70.54545454545455],[31.0,-70.44444444444444],[32.0,-70.14285714285715],[34.0,-70.83333333333334],[34.5,-70.5],[35.0,-70.38888888888889],[35.5,-70.5],[36.0,-70.83333333333334],[36.92,-71.08],[37.0,-71.33333333333334],[37.25806451612903,-70.25806451612902],[37.78947368421053,-69.78947368421052],[39.46511627906977,-69.46511627906976],[40.05263157894737,-69.00000000000001],[41.0,-68.67857142857143],[42.67213114754098,-68.672131147541],[43.0,-68.0],[45.0,-68.0],[45.06849315068493,-68.93150684931507],[45.38461538461539,-69.0],[45.476190476190474,-69.47619047619048],[45.0,-70.0],[45.55555555555556,-69.55555555555554],[46.10810810810811,-69.89189189189189],[47.0,-70.0],[48.111111111111114,-70.11111111111111],[49.25,-70.0],[49.8125,-70.1875],[50.0,-70.5],[50.42857142857143,-70.57142857142857],[53.61904761904761,-70.38095238095238],[56.0,-70.7],[56.10909090909091,-70.89090909090909],[56.375,-71.0],[57.0,-73.0],[57.541666666666664,-73.45833333333333],[58.255319148936174,-73.74468085106383],[58.41379310344828,-74.0],[58.26086956521739,-74.26086956521739],[56.0,-75.07692307692308],[55.18181818181819,-75.18181818181819],[54.11764705882353,-75.11764705882354],[53.71428571428571,-75.28571428571428],[53.71428571428571,-75.0],[52.29032258064516,-74.70967741935483],[52.0,-74.47058823529412],[51.0,-74.71428571428571],[50.599999999999994,-75.0],[52.3,-75.3],[52.77272727272727,-75.22727272727272],[53.421052631578945,-75.57894736842104],[53.32,-76.32],[52.730769230769226,-76.73076923076923],[50.8252427184466,-76.8252427184466],[50.526315789473685,-77.0],[50.76,-77.24],[52.0,-77.35],[52.22222222222222,-77.22222222222223],[53.794871794871796,-77.2051282051282],[54.5,-77.5],[54.69444444444444,-78.0],[54.568627450980394,-78.43137254901961],[54.65217391304348,-78.65217391304348],[54.315789473684205,-78.68421052631578],[54.0,-78.89285714285715],[52.77142857142857,-78.77142857142857],[52.0,-78.8125],[51.57142857142857,-79.0],[52.673469387755105,-79.32653061224491],[53.0,-79.36363636363637],[54.10909090909091,-79.10909090909091],[56.22784810126582,-79.22784810126582],[56.529411764705884,-79.0],[56.29629629629629,-77.7037037037037],[56.0,-77.6923076923077],[55.54430379746835,-77.45569620253164],[55.25,-77.0],[55.61290322580645,-76.61290322580645],[56.0,-76.4],[56.92307692307693,-77.07692307692307],[57.7752808988764,-76.7752808988764],[58.41025641025641,-76.41025641025641],[58.32653061224491,-76.0],[58.57142857142858,-75.57142857142858],[59.0,-75.28260869565217],[59.51807228915663,-75.48192771084337],[60.0,-75.8695652173913],[60.5,-76.0],[61.0,-76.5],[61.81818181818181,-75.81818181818181],[62.0,-75.5],[62.333333333333336,-75.33333333333334],[63.0,-74.5],[63.44444444444444,-74.44444444444443],[63.4,-74.0],[64.0,-73.25],[64.22222222222223,-73.22222222222223],[64.33333333333334,-73.0],[65.68253968253967,-72.68253968253968],[68.80952380952381,-72.80952380952381],[69.0,-72.5],[70.22222222222223,-72.22222222222223],[71.3157894736842,-72.3157894736842],[72.0,-71.75],[72.19999999999999,-71.8],[72.6,-72.4],[73.75,-72.0],[73.77777777777777,-71.77777777777777],[74.0,-71.66666666666667],[74.22222222222223,-71.77777777777777],[74.6923076923077,-71.6923076923077],[75.22222222222223,-71.77777777777777],[76.0,-72.0],[77.0,-71.89999999999999],[77.58333333333334,-72.41666666666667],[78.0,-72.55555555555556],[79.0,-72.5],[79.4,-72.4],[80.0,-72.0],[81.0,-72.0],[82.66666666666666,-71.0],[82.84615384615384,-70.84615384615384],[82.63636363636363,-70.36363636363636],[82.7,-70.0],[83.0,-69.45454545454545],[83.36363636363636,-69.63636363636364],[85.78571428571428,-69.78571428571429],[87.0,-69.33333333333334],[88.0,-69.52941176470588],[88.45,-69.45],[89.0,-69.14285714285714],[91.0,-69.5],[92.0,-69.45454545454545],[92.25,-69.25],[93.0,-69.08695652173914],[95.07142857142858,-69.07142857142857],[95.58974358974358,-68.58974358974359],[96.23529411764707,-68.23529411764706],[100.0,-68.23076923076923],[102.25882352941176,-68.74117647058823],[102.91919191919192,-69.08080808080808],[104.0,-69.31914893617022],[106.18181818181819,-69.18181818181819],[107.13333333333333,-68.86666666666666],[107.42857142857143,-69.0],[107.1875,-69.1875],[106.86206896551724,-69.86206896551724],[107.5263157894737,-71.0],[107.0,-73.0],[105.17391304347825,-73.17391304347827],[105.0,-73.4],[104.0,-74.0],[102.89655172413794,-74.10344827586206],[102.57142857142857,-74.0],[102.34782608695652,-73.65217391304348],[102.0,-73.5],[101.0,-73.35714285714286],[99.0,-73.27272727272728],[97.66666666666669,-73.66666666666667],[97.4,-74.0],[98.80000000000001,-75.2],[99.43478260869566,-75.56521739130434],[100.0,-75.71428571428571],[103.2,-76.0],[103.5,-76.5],[104.80000000000001,-77.19999999999999],[105.84,-76.84],[107.0,-76.8235294117647],[107.33333333333334,-77.0],[107.3157894736842,-77.3157894736842],[106.83333333333334,-77.83333333333334],[106.80000000000001,-78.0],[106.92592592592592,-78.07407407407408],[110.0,-78.4375],[111.78947368421052,-78.78947368421052],[114.0,-78.78571428571428],[115.0,-79.0],[115.4,-79.6],[115.5,-80.0],[116.0,-80.5],[116.28571428571428,-80.28571428571428],[118.0,-80.0],[118.57142857142858,-80.42857142857143],[119.26666666666667,-80.73333333333332],[120.0,-80.875],[121.0,-80.85714285714286],[122.0,-80.625],[126.00000000000001,-81.33333333333334],[126.1875,-81.1875],[126.34782608695653,-80.34782608695653],[126.94117647058825,-79.94117647058825],[128.0,-79.76923076923077],[129.0,-80.0],[128.63636363636363,-80.63636363636364],[128.6923076923077,-81.3076923076923],[129.0,-81.5],[130.0,-81.5],[132.85714285714286,-82.14285714285714],[135.76470588235293,-82.23529411764706],[137.0,-82.5],[137.44444444444443,-82.44444444444444],[137.66666666666669,-82.0],[137.0,-81.80000000000001],[136.0,-81.77777777777777],[135.0,-81.5],[134.68421052631578,-81.3157894736842],[134.41666666666669,-80.58333333333334],[134.0,-80.375],[133.0,-80.45454545454545],[131.72727272727272,-80.27272727272727],[131.5,-80.0],[132.66666666666666,-79.0],[129.5581395348837,-78.44186046511628],[129.20833333333334,-78.0],[129.1111111111111,-77.0],[130.29166666666666,-76.29166666666666],[130.53846153846155,-76.0],[129.84615384615384,-75.15384615384616],[129.51351351351352,-74.48648648648648],[128.83333333333334,-74.16666666666666],[128.73684210526318,-74.0],[128.66666666666669,-73.66666666666667],[129.28571428571428,-73.0],[129.14814814814815,-72.85185185185185],[128.8095238095238,-72.80952380952381],[128.14285714285714,-73.14285714285714],[126.84615384615384,-73.15384615384616],[126.0,-73.0],[125.60000000000001,-72.4],[125.0,-72.0],[125.25,-71.25],[125.08000000000001,-70.92],[124.66666666666667,-71.0],[124.5,-71.5],[124.0,-71.66666666666667],[123.60000000000001,-71.4],[123.5,-71.0],[123.0,-70.71428571428572],[122.33333333333334,-71.0],[122.18181818181819,-71.18181818181819],[120.0,-70.57142857142857],[119.0,-71.0],[118.25,-70.75],[116.99999999999999,-70.58333333333333],[116.81481481481481,-70.81481481481481],[116.91869918699186,-71.08130081300813],[117.26315789473685,-71.26315789473685],[117.76470588235294,-71.23529411764706],[117.63636363636363,-71.63636363636363],[117.76470588235294,-72.0],[117.76068376068376,-73.23931623931624],[118.0,-73.46666666666667],[118.41025641025641,-73.58974358974359],[118.76190476190476,-74.0],[118.60000000000001,-74.4],[118.6470588235294,-74.6470588235294],[115.41904761904762,-75.41904761904762],[113.68888888888888,-75.31111111111112],[113.125,-75.0],[113.65384615384615,-74.0],[112.54716981132076,-72.45283018867924],[112.41463414634146,-72.0],[112.39130434782608,-69.6086956521739],[111.76190476190476,-69.23809523809524],[111.23809523809524,-69.23809523809524],[110.64285714285714,-69.0],[111.0,-68.77272727272728],[112.0,-68.75],[112.71428571428572,-69.0],[112.77777777777777,-69.22222222222223],[113.0,-69.1111111111111],[115.0,-69.25],[115.48979591836735,-69.51020408163265],[116.0,-70.0],[117.0,-68.84615384615385],[118.0,-68.76923076923077],[118.68181818181819,-69.31818181818181],[119.35,-69.35],[119.58333333333333,-69.0],[119.8,-68.0],[121.0754716981132,-67.9245283018868],[121.80000000000001,-68.0],[122.00000000000001,-68.2],[122.25,-68.0],[124.34146341463415,-67.65853658536585],[126.0,-67.58823529411765],[126.33333333333334,-67.66666666666667],[126.65714285714286,-68.34285714285714],[127.0,-68.66666666666667],[127.3157894736842,-68.3157894736842],[127.61904761904762,-67.61904761904762],[128.0,-67.46666666666667],[128.37209302325581,-67.62790697674419],[128.8,-68.2],[129.0,-68.26666666666668],[129.8,-67.8],[130.375,-67.625],[130.66666666666669,-67.66666666666667],[131.0,-67.0],[131.8148148148148,-66.81481481481481],[135.5,-67.0],[135.77777777777777,-67.22222222222223],[137.0,-67.70833333333334],[138.375,-67.375],[138.69230769230768,-67.0],[139.0,-66.9344262295082],[139.34782608695653,-67.34782608695652],[139.38709677419354,-67.61290322580645],[140.0,-67.75757575757575],[141.0,-67.71794871794872],[142.0,-67.93333333333334],[146.0,-67.76666666666667],[147.0,-67.92592592592592],[148.0,-67.84848484848484],[148.41666666666669,-68.0],[148.57575757575756,-68.42424242424242],[150.84,-68.84],[152.5,-68.5],[153.0,-68.0],[157.08695652173913,-67.91304347826086],[158.0,-68.0],[159.0,-67.35483870967742],[159.34920634920633,-67.34920634920634],[160.0,-67.0],[158.66666666666669,-66.33333333333334],[157.4,-66.0],[157.58620689655172,-65.58620689655172],[158.28571428571428,-65.28571428571428],[159.79999999999998,-65.0],[160.38095238095238,-64.38095238095238],[161.0,-64.21428571428571],[162.0,-64.26666666666667],[162.24719101123594,-64.75280898876404],[162.84615384615387,-65.0],[163.1639344262295,-65.8360655737705],[163.55555555555554,-66.0],[162.76923076923077,-66.76923076923077],[162.7,-67.0],[164.00000000000003,-67.18],[164.47126436781608,-67.52873563218391],[164.87234042553192,-68.0],[164.86363636363637,-68.13636363636363],[165.46017699115043,-68.53982300884955],[167.07594936708858,-68.92405063291139],[167.72327044025158,-69.27672955974842],[169.0,-69.44827586206897],[169.28699551569508,-69.71300448430493],[169.5322033898305,-70.46779661016949],[170.0,-70.65714285714286],[170.39344262295083,-70.60655737704917],[170.85714285714286,-71.0],[171.0,-71.33333333333334],[171.28571428571428,-71.28571428571428],[171.66666666666666,-71.0],[171.60000000000002,-70.60000000000001],[172.0,-70.0],[172.23076923076923,-70.76923076923077],[172.14999999999998,-71.0],[172.5,-72.0],[172.2950819672131,-72.29508196721312],[171.52941176470588,-72.52941176470588],[170.88888888888889,-73.0],[170.25806451612902,-73.25806451612902],[169.0,-73.5],[168.32967032967034,-74.32967032967032],[167.05263157894734,-75.0],[166.7826086956522,-76.0],[167.0,-76.20833333333333],[168.3855421686747,-76.6144578313253],[168.84210526315786,-77.0],[169.83505154639175,-77.16494845360825],[170.0,-77.38095238095238],[171.0,-77.77272727272728],[172.0,-77.63157894736842],[172.40677966101697,-77.40677966101696],[172.78787878787878,-76.78787878787878],[174.0,-76.5],[174.36538461538464,-76.63461538461539],[174.67857142857144,-77.0],[174.56521739130434,-77.56521739130434],[173.2168674698795,-78.21686746987952],[171.0,-78.21739130434783],[170.0,-78.65],[169.85858585858585,-78.85858585858585],[169.22222222222223,-79.0],[169.9,-80.0],[171.55555555555554,-81.0],[173.72413793103448,-81.27586206896552],[174.48192771084337,-81.51807228915662],[175.0,-82.05882352941175],[176.0,-82.02325581395348],[177.0,-81.6],[178.0,-81.52941176470588],[179.0,-81.81818181818181],[180.0,-81.58461538461538],[180.0,-88.0],[179.47058823529412,-87.52941176470588],[178.0,-87.42857142857142],[177.0,-87.6],[173.0,-87.16666666666666],[171.84615384615387,-87.15384615384615],[170.16666666666669,-86.83333333333334],[168.77777777777777,-86.77777777777777],[164.0,-86.19999999999999],[163.0,-86.4],[161.71428571428572,-86.28571428571428],[161.0,-86.0],[163.0,-85.66666666666666],[164.0,-85.75],[165.0,-85.6],[166.0,-85.0],[165.14634146341464,-84.85365853658536],[155.0,-84.41666666666666],[152.0,-84.45833333333334],[147.0,-84.75],[145.34482758620692,-84.65517241379311],[144.58823529411765,-84.41176470588235],[144.0,-83.80000000000001],[142.0,-83.16666666666667],[140.88235294117646,-83.11764705882354],[140.15384615384616,-82.84615384615384],[138.77777777777777,-82.77777777777777],[138.0,-83.0],[136.8,-83.8],[136.0,-84.0],[135.0,-84.0],[135.5,-84.5],[135.5,-85.0],[135.86666666666667,-85.13333333333333],[136.66666666666669,-85.33333333333334],[139.0,-85.55555555555556],[142.83333333333334,-85.83333333333333],[144.23529411764707,-85.76470588235294],[145.0,-86.0],[146.0,-87.0],[145.0,-87.2],[141.83333333333331,-87.16666666666667],[139.0,-86.80000000000001],[138.0,-87.0],[137.0,-87.4],[135.0,-87.6],[133.0,-87.6],[131.66666666666669,-87.33333333333334],[131.0,-86.83333333333333],[129.86666666666667,-86.86666666666667],[129.36363636363637,-87.36363636363637],[129.0,-87.5],[128.0,-87.0],[127.0,-87.25],[126.0,-86.83333333333333],[124.4,-87.4],[124.0,-88.0],[123.28571428571428,-87.71428571428572],[123.0,-87.75],[122.47058823529412,-87.52941176470588],[121.4,-87.4],[118.0,-87.6],[117.0,-87.5],[115.75,-87.75],[115.5,-88.0],[115.5,-88.5],[115.0,-89.0],[118.0,-89.0],[118.0,-90.0],[94.02499999999999,-90.0],[94.0,-89.8],[93.0,-90.0],[92.0,-89.66666666666667],[90.66666666666667,-89.66666666666667],[90.0,-90.0],[88.0,-90.0],[88.0,-89.0],[87.0,-88.83333333333334],[86.5,-89.0],[86.5,-89.5],[86.0,-90.0],[83.0,-90.0],[82.00000000000001,-89.83333333333333],[81.0,-90.0],[64.0,-90.0],[63.18181818181819,-89.81818181818181],[62.0,-90.0],[29.0,-90.0],[28.0,-89.875],[27.0,-90.0],[26.0,-89.8],[25.0,-90.0],[1.0,-90.0],[0.0,-89.9090909090909],[-1.0,-90.0],[-5.0,-89.81818181818181],[-7.0,-90.0],[-13.0,-90.0],[-14.0,-89.83333333333333],[-15.0,-90.0],[-17.0,-90.0],[-18.0,-89.75],[-19.0,-89.66666666666667],[-19.363636363636363,-89.36363636363636],[-20.0,-89.25],[-22.4,-89.4],[-23.0,-89.0],[-26.0,-89.0],[-26.0,-90.0],[-28.0,-90.0],[-28.0,-89.0],[-30.0,-88.9],[-30.5,-89.0],[-30.5,-89.5],[-31.0,-90.0],[-34.0,-90.0],[-34.0,-89.0],[-35.0,-89.0],[-35.0,-90.0],[-36.0,-90.0],[-37.4,-89.4],[-38.0,-89.0],[-40.0,-89.0],[-40.71428571428571,-89.28571428571428],[-42.0,-89.5],[-43.0,-89.0],[-55.0,-89.0],[-55.0,-90.0],[-56.0,-90.0],[-56.6,-89.60000000000001],[-57.0,-89.5],[-58.400000000000006,-89.4],[-59.0,-89.0],[-61.0,-89.75],[-61.66666666666667,-89.66666666666667],[-62.0,-89.5],[-63.00000000000001,-89.66666666666667],[-63.400000000000006,-89.60000000000001],[-64.0,-90.0],[-176.11764705882354,-90.0],[-176.1904761904762,-89.80952380952381],[-176.0,-89.0],[-167.0,-89.0],[-167.0,-87.0],[-168.0,-87.0],[-169.00000000000003,-86.80000000000001],[-170.0,-87.0],[-171.0,-86.89999999999999],[-176.0,-87.0],[-176.0,-88.0],[-178.0,-88.0],[-178.0,-87.0],[-179.0,-87.0]],[[-117.23529411764707,-81.76470588235294],[-117.0,-82.15384615384616],[-116.00000000000001,-82.20000000000002],[-115.72727272727272,-82.0],[-116.0,-81.0],[-117.0,-81.0],[-117.23529411764707,-81.76470588235294]],[[-143.84615384615384,-88.84615384615384],[-145.0,-88.83333333333334],[-146.0,-89.0],[-143.0,-89.0],[-143.84615384615384,-88.84615384615384]],[[-146.76470588235293,-88.76470588235294],[-148.0,-88.83333333333334],[-150.0,-88.5],[-153.0,-88.5],[-153.4,-88.6],[-154.0,-89.0],[-151.0,-89.0909090909091],[-146.0,-89.0],[-146.76470588235293,-88.76470588235294]],[[-155.0,-88.0],[-155.0,-87.0],[-156.0,-87.0],[-156.0,-89.0],[-154.0,-89.0],[-155.0,-88.0]],[[-89.47058823529412,-89.47058823529412],[-89.0,-89.6],[-88.54716981132077,-89.45283018867926],[-88.0,-89.0],[-88.52941176470588,-88.52941176470588],[-89.0,-88.4],[-89.47058823529412,-88.52941176470588],[-90.0,-89.0],[-89.47058823529412,-89.47058823529412]],[[-87.4,-89.4],[-86.63333333333334,-89.36666666666667],[-86.0,-89.0],[-86.56862745098039,-88.5686274509804],[-87.0,-88.42105263157895],[-87.45833333333333,-88.54166666666667],[-88.0,-89.0],[-87.4,-89.4]],[[157.625,-69.0],[157.875,-69.125],[158.5,-69.0],[158.1875,-68.8125],[158.0,-68.0],[157.625,-69.0]],[[-166.40000000000003,-87.4],[-165.60000000000002,-87.4],[-165.0,-87.0],[-166.0,-86.88888888888889],[-167.0,-87.0],[-166.40000000000003,-87.4]],[[-165.0,-89.0],[-164.0,-89.0],[-163.0,-89.22916666666667],[-162.0,-89.0],[-162.23529411764707,-88.23529411764706],[-163.0,-88.0],[-163.0,-87.0],[-165.0,-87.0],[-165.0,-89.0]],[[-160.0,-87.0],[-160.0,-89.0],[-158.0,-89.0],[-158.0,-88.0],[-159.0,-88.0],[-159.0,-87.0],[-160.0,-87.0]],[[-161.0952380952381,-86.9047619047619],[-162.0,-87.0],[-160.66666666666669,-87.33333333333334],[-160.0,-87.0],[-161.0952380952381,-86.9047619047619]],[[-108.18181818181817,-86.18181818181819],[-107.0,-86.0],[-108.16666666666667,-85.83333333333333],[-108.33333333333334,-86.0],[-108.18181818181817,-86.18181818181819]],[[-94.99999999999999,-76.29411764705881],[-94.81481481481481,-76.18518518518519],[-94.86486486486487,-75.86486486486487],[-95.45454545454545,-75.54545454545455],[-95.18518518518519,-76.18518518518519],[-94.99999999999999,-76.29411764705881]],[[-79.0,-85.35294117647058],[-80.0,-85.75],[-80.36363636363636,-85.63636363636364],[-80.5,-86.0],[-81.26666666666667,-86.26666666666667],[-81.73333333333333,-86.26666666666667],[-82.0,-87.0],[-83.0,-87.0],[-82.65714285714286,-87.65714285714286],[-82.73913043478261,-88.0],[-82.4,-88.4],[-80.22222222222223,-88.0],[-79.34146341463415,-87.65853658536585],[-77.67391304347825,-87.32608695652175],[-76.8,-87.00000000000001],[-77.1875,-86.0],[-77.57377049180329,-85.57377049180329],[-78.0,-85.35],[-79.0,-85.35294117647058]],[[164.28571428571428,-69.71428571428572],[164.0,-69.33333333333334],[163.7,-69.69999999999999],[162.0,-69.83333333333334],[161.5,-70.0],[162.57142857142858,-70.42857142857143],[162.864406779661,-71.13559322033899],[163.17391304347825,-71.17391304347827],[163.42105263157896,-71.0],[163.58490566037736,-70.58490566037736],[164.0,-70.35294117647058],[165.22222222222223,-70.22222222222223],[165.55555555555554,-70.0],[164.28571428571428,-69.71428571428572]],[[-32.0,-85.75],[-33.0,-85.6],[-36.81818181818182,-85.81818181818181],[-38.0,-86.0],[-37.6,-86.60000000000001],[-37.5,-87.0],[-37.18181818181819,-87.18181818181819],[-33.0,-87.46153846153847],[-32.0,-87.20000000000002],[-29.5,-87.0],[-30.0,-86.0],[-30.5,-85.5],[-31.0,-85.4],[-32.0,-85.75]],[[-17.807228915662648,-73.19277108433735],[-17.56756756756757,-72.56756756756758],[-18.0,-72.33333333333334],[-18.390243902439025,-72.60975609756098],[-18.470588235294116,-73.0],[-17.807228915662648,-73.19277108433735]],[[-5.205128205128205,-77.2051282051282],[-4.636363636363637,-77.0],[-5.0,-76.76470588235293],[-6.111111111111111,-77.0],[-5.205128205128205,-77.2051282051282]],[[14.0,-80.84615384615384],[13.0,-80.83333333333333],[12.333333333333334,-81.0],[12.833333333333332,-81.16666666666667],[14.153846153846153,-81.15384615384615],[14.666666666666668,-81.0],[14.0,-80.84615384615384]],[[27.153846153846153,-72.84615384615385],[26.77777777777778,-72.77777777777777],[26.66666666666667,-73.0],[27.25,-73.0],[27.153846153846153,-72.84615384615385]],[[39.28571428571428,-80.28571428571428],[40.0,-80.0],[39.125,-79.875],[38.0,-79.9],[37.0,-79.625],[36.0,-79.57142857142856],[35.0,-80.0],[33.0,-80.125],[32.51724137931035,-80.51724137931035],[31.25,-81.0],[31.647058823529413,-81.35294117647058],[33.0,-81.5],[35.0,-81.41666666666666],[37.0,-81.64285714285714],[38.0,-81.54545454545455],[38.42857142857143,-81.42857142857143],[39.0,-81.0],[39.28571428571428,-80.28571428571428]],[[38.07692307692308,-71.92307692307692],[37.84,-71.84],[37.5,-72.0],[38.0,-72.2],[38.07692307692308,-71.92307692307692]],[[42.0,-73.83333333333334],[41.862068965517246,-74.13793103448276],[42.0,-74.66666666666667],[43.0,-74.5],[43.28571428571428,-74.28571428571428],[43.400000000000006,-74.0],[42.0,-73.83333333333334]],[[64.28571428571428,-78.71428571428571],[63.0,-78.2],[62.92857142857143,-78.0],[62.0,-77.4090909090909],[61.0,-77.15789473684211],[60.0,-77.42857142857143],[59.64,-77.36],[59.590909090909086,-77.0],[59.30952380952381,-76.69047619047619],[58.6060606060606,-76.60606060606061],[58.434782608695656,-77.0],[58.56666666666667,-77.43333333333334],[59.0,-77.86666666666667],[59.18181818181819,-77.81818181818181],[59.142857142857146,-78.0],[60.04545454545455,-78.95454545454545],[61.0,-79.3170731707317],[64.0,-79.10000000000001],[66.24242424242425,-79.24242424242425],[66.90476190476191,-79.0952380952381],[67.16666666666667,-79.16666666666667],[67.5,-79.0],[64.28571428571428,-78.71428571428571]],[[64.12121212121212,-75.12121212121212],[64.83783783783784,-75.16216216216216],[65.27272727272728,-75.0],[65.3157894736842,-74.68421052631578],[65.0,-74.25],[64.0,-74.6],[63.55555555555556,-74.55555555555554],[63.5,-75.0],[63.77777777777778,-75.22222222222223],[64.12121212121212,-75.12121212121212]],[[72.22222222222223,-73.0],[72.36363636363636,-72.63636363636363],[72.0,-72.33333333333334],[71.73333333333333,-72.73333333333333],[72.0,-73.11111111111111],[72.22222222222223,-73.0]],[[87.66666666666667,-71.0],[88.1111111111111,-71.0],[87.91304347826087,-70.91304347826087],[87.66666666666667,-71.0]],[[93.0,-72.36363636363637],[92.0,-72.83333333333334],[91.4390243902439,-72.5609756097561],[91.0,-72.52631578947368],[90.0,-72.55172413793103],[89.675,-72.675],[89.31578947368422,-73.0],[89.34782608695653,-73.65217391304348],[89.5,-74.0],[90.0,-74.3076923076923],[91.36363636363636,-74.36363636363636],[92.00000000000001,-74.2],[92.51515151515152,-73.51515151515153],[93.35,-73.35],[94.0,-73.0],[93.46666666666667,-72.53333333333333],[93.0,-72.36363636363637]],[[92.65,-71.0],[92.67441860465117,-71.32558139534883],[93.21621621621622,-71.78378378378378],[93.7560975609756,-71.7560975609756],[95.0,-72.0],[96.0,-72.0],[96.60000000000001,-71.60000000000001],[96.625,-71.0],[96.3174603174603,-70.68253968253968],[94.0,-70.36111111111111],[92.77049180327869,-70.77049180327869],[92.65,-71.0]],[[97.0,-83.0],[97.86046511627907,-83.13953488372093],[98.42857142857142,-83.0],[97.99999999999999,-82.88888888888889],[97.0,-83.0]],[[99.76744186046511,-71.23255813953489],[100.0,-71.45454545454545],[101.22222222222223,-71.77777777777777],[102.0,-71.8],[102.39344262295081,-71.39344262295081],[102.2566844919786,-70.7433155080214],[102.0,-70.61904761904762],[99.86666666666667,-70.86666666666667],[99.77272727272727,-71.0],[99.76744186046511,-71.23255813953489]],[[103.17142857142858,-79.82857142857142],[103.2,-80.0],[104.0,-80.46153846153845],[105.42307692307693,-80.57692307692308],[107.15384615384616,-81.15384615384615],[107.5,-81.0],[107.71428571428571,-80.71428571428572],[107.6,-80.4],[107.66666666666667,-80.0],[107.26666666666668,-79.73333333333333],[104.76744186046511,-79.23255813953489],[104.44444444444444,-79.0],[104.34782608695653,-78.65217391304348],[104.0,-78.33333333333334],[103.33333333333334,-78.0],[103.25,-77.75],[103.0,-77.66666666666667],[102.00000000000001,-77.66666666666667],[101.12121212121212,-78.12121212121212],[99.1,-78.1],[98.63636363636364,-78.63636363636364],[98.6,-79.0],[99.52380952380952,-79.47619047619047],[100.0,-79.57692307692307],[102.0,-79.44],[102.46666666666667,-79.53333333333333],[103.17142857142858,-79.82857142857142]],[[114.28571428571428,-82.28571428571428],[115.0,-82.0],[114.35294117647058,-81.6470588235294],[109.84615384615384,-81.84615384615384],[109.0,-82.0],[111.0,-82.27272727272728],[114.28571428571428,-82.28571428571428]],[[129.25641025641025,-69.74358974358974],[127.6875,-69.6875],[127.5,-70.0],[127.6969696969697,-70.3030303030303],[128.41379310344826,-70.58620689655173],[128.91304347826087,-71.08695652173913],[130.0,-71.46153846153845],[130.24489795918367,-71.24489795918367],[130.30769230769232,-70.6923076923077],[130.0,-70.25],[129.77777777777777,-70.22222222222223],[129.71428571428572,-70.0],[129.25641025641025,-69.74358974358974]],[[144.0,-68.83333333333333],[143.0,-68.6],[142.63636363636363,-68.63636363636364],[142.33333333333331,-69.0],[143.16326530612247,-69.16326530612245],[144.1,-69.0],[144.0,-68.83333333333333]],[[138.0,-70.125],[137.0,-69.875],[136.58823529411765,-69.41176470588235],[136.0,-69.32352941176471],[135.56190476190477,-69.56190476190476],[134.9,-71.1],[135.3838383838384,-71.61616161616162],[136.5,-72.0],[136.66666666666669,-72.33333333333334],[138.0,-72.46666666666667],[139.20689655172413,-72.79310344827586],[139.43478260869566,-73.56521739130434],[139.83333333333334,-74.0],[139.8,-74.2],[140.25,-75.0],[140.5,-76.0],[140.35294117647058,-76.35294117647058],[140.0,-76.33333333333333],[139.8235294117647,-76.17647058823529],[138.8709677419355,-76.12903225806451],[138.5,-76.0],[138.2962962962963,-75.7037037037037],[138.0,-75.71428571428571],[137.4931506849315,-75.5068493150685],[135.76923076923077,-75.23076923076923],[135.57142857142856,-75.0],[135.73913043478262,-74.0],[135.53846153846155,-73.53846153846155],[135.66666666666669,-73.33333333333334],[135.47058823529412,-73.47058823529412],[135.0,-73.32],[134.54666666666665,-73.54666666666667],[134.32,-74.32],[133.0,-74.6],[132.76923076923077,-74.76923076923077],[132.5,-75.5],[131.75,-76.0],[133.0,-76.33333333333334],[133.63636363636363,-76.36363636363637],[135.07407407407408,-76.92592592592592],[136.07407407407408,-76.92592592592592],[136.54166666666666,-77.45833333333333],[137.3265306122449,-77.6734693877551],[139.875,-77.875],[140.36363636363637,-77.63636363636364],[141.0,-78.0],[138.76470588235293,-78.76470588235293],[137.91304347826087,-78.91304347826087],[137.75,-79.0],[137.8181818181818,-79.18181818181819],[138.4,-79.6],[138.66666666666669,-80.0],[140.0,-80.66666666666667],[141.0,-80.625],[142.0,-80.77777777777777],[142.4,-81.0],[142.625,-81.375],[143.0,-81.5],[144.0,-81.625],[145.0,-81.58333333333334],[147.1142857142857,-81.88571428571429],[149.0,-83.0],[151.0,-83.33333333333334],[153.5,-83.0],[154.0,-82.75],[156.0,-82.6],[156.60000000000002,-82.0],[156.46153846153848,-81.53846153846155],[156.0,-81.0],[155.0,-81.0],[154.52941176470588,-80.47058823529412],[154.33333333333334,-80.0],[155.0,-79.5],[156.0,-79.5],[157.25,-79.25],[157.4,-78.60000000000001],[156.66666666666666,-78.0],[157.0,-77.83333333333333],[157.25,-77.75],[157.25,-78.0],[157.57142857142856,-78.42857142857143],[158.0,-78.33333333333334],[159.0,-78.45454545454544],[159.38461538461536,-78.38461538461539],[159.83333333333334,-78.0],[159.0,-77.6875],[158.33333333333334,-77.66666666666667],[157.625,-77.375],[157.625,-77.0],[156.25,-76.0],[156.23529411764707,-75.76470588235294],[155.60000000000002,-75.4],[155.0,-75.30000000000001],[154.66666666666666,-75.0],[155.0,-74.76923076923077],[156.4,-74.6],[158.0,-74.71428571428571],[158.5,-75.0],[160.15,-75.15],[160.75,-75.0],[160.84615384615384,-74.84615384615384],[160.84615384615384,-74.15384615384615],[161.08,-73.08],[161.0,-72.9],[159.6595744680851,-72.34042553191489],[158.72727272727272,-71.27272727272728],[158.625,-71.0],[158.26315789473685,-70.73684210526315],[157.0,-70.60869565217392],[156.63157894736844,-70.36842105263159],[156.29999999999998,-70.0],[156.26666666666665,-69.73333333333332],[156.0,-69.57142857142857],[154.61111111111111,-69.38888888888889],[153.94871794871796,-69.05128205128206],[151.0,-69.08],[150.0,-69.33333333333334],[148.75,-69.25],[148.0,-69.0],[147.52380952380952,-68.47619047619048],[147.0,-68.2],[146.54285714285714,-68.54285714285714],[146.15384615384616,-69.15384615384616],[145.0,-70.0],[144.13333333333333,-71.13333333333333],[143.0,-71.60714285714286],[142.0,-71.52941176470588],[141.0,-72.0],[140.16666666666666,-71.83333333333334],[139.5625,-71.4375],[138.58823529411762,-70.41176470588235],[138.0,-70.125]],[[159.8,-69.2],[160.16326530612247,-69.16326530612245],[160.17777777777778,-68.82222222222222],[160.0,-68.55555555555556],[159.27272727272728,-69.0],[159.8,-69.2]],[[164.125,-81.0],[164.76666666666665,-81.23333333333333],[166.0,-81.375],[166.51724137931035,-81.0],[166.0,-80.64285714285714],[164.125,-81.0]],[[110.33333333333334,-85.0],[111.58333333333334,-85.41666666666667],[112.56521739130434,-85.56521739130434],[114.0,-85.5],[114.3448275862069,-85.3448275862069],[114.55555555555556,-85.0],[114.13888888888889,-84.86111111111111],[112.77464788732394,-84.77464788732394],[110.85185185185185,-84.85185185185185],[110.33333333333334,-85.0]],[[158.0,-80.5],[158.33333333333334,-80.33333333333334],[158.5,-80.0],[157.83333333333334,-79.83333333333333],[157.8181818181818,-80.18181818181819],[158.0,-80.5]],[[161.0,-81.0],[159.8181818181818,-80.81818181818181],[159.5,-81.0],[159.9047619047619,-81.09523809523809],[161.0,-81.0]]],[[[22.583333333333332,-42.41666666666667],[22.0,-42.0],[22.444444444444443,-41.44444444444444],[23.0,-41.285714285714285],[23.555555555555557,-42.0],[23.370370370370367,-42.37037037037037],[23.0,-42.55555555555556],[22.583333333333332,-42.41666666666667]]],[[[-13.0,-37.5],[-14.0,-37.46511627906977],[-14.689655172413794,-37.0],[-14.64,-36.64],[-15.0,-36.608695652173914],[-15.243243243243244,-36.75675675675676],[-15.272727272727273,-37.0],[-15.649635036496353,-37.35036496350365],[-16.0,-37.470588235294116],[-16.774193548387096,-37.0],[-16.76271186440678,-36.76271186440678],[-17.227272727272727,-36.0],[-15.0,-35.674418604651166],[-14.440000000000001,-36.0],[-14.379310344827587,-36.37931034482759],[-14.0,-36.35483870967742],[-12.782857142857143,-36.78285714285714],[-12.654545454545456,-37.0],[-12.696,-37.304],[-13.0,-37.5]]],[[[22.0,8.0],[23.0,7.3],[25.0,6.555555555555555],[25.363636363636363,6.636363636363637],[25.857142857142858,7.142857142857142],[27.0,7.555555555555555],[27.609756097560975,8.390243902439025],[28.0,8.666666666666668],[28.363636363636363,8.636363636363637],[29.0,9.0],[31.0,11.0],[31.555555555555557,10.555555555555554],[32.0,10.5],[32.23529411764706,10.235294117647058],[33.0,10.0],[33.45454545454545,9.454545454545455],[34.66666666666667,9.0],[35.315789473684205,8.31578947368421],[36.0,8.0],[36.42857142857143,5.0],[36.578947368421055,4.578947368421052],[37.08,4.08],[37.5,3.0],[37.75,1.0],[37.42857142857143,0.0],[37.315789473684205,-1.3157894736842104],[37.53333333333333,-4.0],[36.81818181818182,-5.818181818181818],[36.75,-8.0],[35.68,-9.68],[35.42307692307692,-10.423076923076923],[34.0,-12.0],[33.42857142857143,-13.0],[33.73913043478261,-14.26086956521739],[34.14814814814815,-14.851851851851851],[34.42857142857143,-16.0],[34.18181818181818,-17.0],[34.25,-18.0],[34.08823529411765,-18.088235294117645],[34.0,-19.0],[33.21212121212121,-19.21212121212121],[33.0,-20.115384615384617],[32.193548387096776,-20.193548387096776],[32.0,-20.6],[31.299999999999997,-21.3],[31.375,-21.625],[31.285714285714285,-22.0],[30.684210526315788,-22.684210526315788],[30.392156862745097,-23.392156862745097],[29.833333333333336,-25.833333333333336],[29.333333333333336,-26.0],[30.0,-26.5],[30.129032258064516,-27.129032258064516],[30.099999999999998,-28.0],[29.457142857142856,-28.457142857142856],[29.071428571428573,-29.0],[29.416666666666668,-30.583333333333336],[29.526315789473685,-32.0],[29.350877192982452,-32.35087719298245],[28.735294117647058,-32.73529411764706],[28.5,-33.5],[27.166666666666668,-35.166666666666664],[25.511111111111113,-35.511111111111106],[25.121212121212118,-36.121212121212125],[24.22222222222222,-37.0],[24.0,-39.0],[24.080000000000002,-40.080000000000005],[23.153846153846153,-40.15384615384615],[23.0,-40.33333333333333],[22.0,-40.0],[21.333333333333336,-41.0],[21.285714285714285,-41.28571428571428],[21.0,-41.333333333333336],[20.200000000000003,-43.2],[20.175438596491226,-44.824561403508774],[20.0,-45.3125],[18.37837837837838,-46.378378378378386],[17.653846153846153,-47.0],[16.57894736842105,-47.578947368421055],[16.095744680851062,-48.09574468085106],[14.538461538461538,-48.53846153846154],[13.932584269662922,-49.067415730337075],[11.0,-49.69230769230769],[9.409090909090908,-49.59090909090909],[6.36734693877551,-49.63265306122449],[5.547169811320755,-49.45283018867924],[5.0,-49.1],[4.0,-49.55555555555556],[3.0,-49.42857142857143],[2.166666666666667,-48.83333333333333],[1.9130434782608696,-48.086956521739125],[2.0,-46.0],[1.6428571428571428,-45.357142857142854],[1.4090909090909092,-43.0],[1.0,-42.35714285714286],[0.7619047619047619,-42.23809523809524],[0.39285714285714285,-41.0],[0.5,-38.5],[0.7297297297297298,-37.729729729729726],[1.088888888888889,-37.08888888888889],[1.3214285714285716,-36.0],[1.2571428571428571,-35.74285714285714],[0.6451612903225807,-35.35483870967742],[0.45,-35.0],[0.25,-33.0],[-0.5,-32.0],[-0.48275862068965514,-31.0],[-0.033333333333333326,-30.0],[0.8636363636363636,-28.863636363636363],[0.9333333333333333,-27.93333333333333],[1.6216216216216215,-27.62162162162162],[1.9230769230769231,-26.923076923076923],[2.6144578313253013,-26.614457831325304],[3.1,-26.1],[3.58974358974359,-25.0],[3.58974358974359,-24.58974358974359],[3.8181818181818183,-24.181818181818183],[3.7894736842105265,-23.789473684210527],[4.0,-23.0],[3.6923076923076925,-21.307692307692307],[3.4,-21.0],[3.4444444444444446,-20.0],[3.2857142857142856,-18.0],[3.0000000000000004,-17.8],[2.5294117647058822,-17.0],[2.166666666666667,-16.0],[1.870967741935484,-13.129032258064516],[1.9375,-12.0],[2.639344262295082,-11.639344262295081],[3.2222222222222223,-10.0],[2.7894736842105265,-9.210526315789474],[2.290322580645161,-8.709677419354838],[1.9130434782608696,-8.08695652173913],[1.5,-8.0],[1.7142857142857142,-7.7142857142857135],[2.0,-6.6000000000000005],[2.5999999999999996,-6.0],[3.2666666666666666,-5.7333333333333325],[3.7333333333333334,-5.7333333333333325],[4.5,-5.0],[5.666666666666667,-4.666666666666667],[7.0,-4.0],[8.0,-4.0],[7.529411764705882,-4.529411764705882],[7.555555555555555,-5.0],[8.0,-5.333333333333334],[9.064516129032258,-5.935483870967742],[10.0,-6.153846153846153],[11.206896551724139,-6.793103448275862],[11.75,-7.25],[12.0,-7.333333333333334],[12.25,-7.25],[12.444444444444445,-7.0],[12.466666666666667,-6.0],[12.341463414634145,-5.658536585365853],[11.8,-5.2],[11.45,-3.55],[10.9,-3.0],[10.75,-2.0],[10.933333333333334,-0.9333333333333333],[11.461538461538463,-0.46153846153846156],[11.933333333333334,1.0666666666666667],[12.5,1.5],[12.75,2.0],[12.642857142857142,3.0],[12.652173913043477,6.0],[13.264705882352942,6.735294117647059],[13.899999999999999,7.0],[13.899999999999999,8.0],[13.563636363636364,8.563636363636364],[13.478260869565219,9.0],[13.45,11.0],[13.600000000000001,11.400000000000002],[14.148148148148147,11.851851851851851],[14.534246575342465,12.465753424657533],[15.0,12.653846153846153],[16.0,12.846153846153847],[16.73913043478261,12.73913043478261],[18.6,12.0],[18.692307692307693,11.692307692307693],[19.142857142857142,11.142857142857142],[20.0,11.0],[21.0,10.428571428571427],[21.75,9.0],[22.0,8.0]],[[28.8,-26.0],[28.135593220338983,-25.864406779661017],[27.846153846153847,-26.153846153846153],[28.0,-26.57142857142857],[28.8,-26.0]],[[30.0,-19.230769230769234],[29.230769230769234,-20.0],[30.0,-21.0],[30.6,-20.6],[30.714285714285715,-20.0],[30.555555555555554,-19.444444444444443],[30.0,-19.230769230769234]]],[[[4.590909090909091,19.0],[4.63265306122449,17.632653061224488],[5.238095238095238,17.238095238095237],[5.75,15.75],[6.368421052631579,15.36842105263158],[6.794871794871796,14.794871794871796],[7.0,14.714285714285715],[8.0,14.5],[9.0,14.571428571428571],[9.36923076923077,14.369230769230771],[9.689655172413794,13.689655172413794],[10.313725490196077,13.313725490196079],[10.653846153846153,12.653846153846153],[11.166666666666668,12.166666666666668],[11.608695652173914,11.0],[11.608695652173914,9.0],[11.25,6.0],[11.0,5.772727272727273],[7.8235294117647065,5.1764705882352935],[7.0,4.818181818181818],[6.346153846153847,5.346153846153846],[5.571428571428571,5.571428571428571],[5.083333333333334,6.083333333333333],[4.0,6.6000000000000005],[3.0,6.692307692307692],[2.63265306122449,6.36734693877551],[2.5,6.0],[2.6,5.6000000000000005],[3.0,5.0],[3.25,4.0],[3.571428571428571,3.571428571428571],[4.166666666666667,3.166666666666667],[4.6,2.6],[5.238095238095238,2.238095238095238],[5.666666666666666,1.0],[5.4375,0.0],[5.666666666666666,-1.0],[5.277777777777779,-2.2777777777777777],[4.7,-2.9999999999999996],[3.0,-3.8095238095238093],[2.0,-3.571428571428571],[1.6417910447761193,-3.3582089552238807],[1.3235294117647058,-2.676470588235294],[1.0,-2.45],[0.6170212765957447,-2.382978723404255],[-1.0,-1.5],[-1.25,-1.75],[-1.6923076923076923,-3.0],[-1.75,-4.0],[-1.6428571428571428,-5.0],[-1.7619047619047619,-5.238095238095238],[-2.0,-5.357142857142857],[-2.1149425287356323,-5.114942528735632],[-2.625,-5.0],[-2.6842105263157894,-4.684210526315789],[-3.0,-4.4],[-4.0,-4.5],[-4.260869565217391,-4.739130434782608],[-5.166666666666666,-4.833333333333333],[-5.4,-5.0],[-7.894736842105264,-5.105263157894737],[-8.0,-5.222222222222222],[-8.105263157894736,-5.105263157894737],[-9.0,-5.0],[-9.266666666666666,-4.266666666666667],[-10.0,-4.0],[-13.0,-4.087719298245614],[-14.428571428571429,-4.0],[-15.0,-3.0],[-15.13953488372093,-2.1395348837209305],[-16.0,-1.4285714285714286],[-16.30769230769231,-0.3076923076923077],[-17.0,0.0],[-16.80952380952381,0.8095238095238095],[-16.875,1.125],[-17.454545454545453,1.5454545454545454],[-17.714285714285715,2.0],[-18.333333333333336,4.0],[-18.333333333333336,4.333333333333334],[-18.0,5.0],[-17.375,4.625],[-17.0,4.625],[-16.86046511627907,4.8604651162790695],[-16.25,5.0],[-16.2,5.2],[-15.600000000000001,5.6000000000000005],[-14.5,8.0],[-14.733333333333334,8.266666666666666],[-15.0,9.0],[-15.5,9.5],[-15.4,10.4],[-15.0,11.0],[-15.4,11.600000000000001],[-16.5,12.5],[-16.764705882352942,13.235294117647058],[-17.266666666666666,13.733333333333334],[-17.333333333333332,14.0],[-17.10810810810811,14.108108108108107],[-17.0,14.5],[-16.6,15.0],[-16.22222222222222,15.222222222222221],[-15.235294117647058,16.235294117647058],[-13.333333333333336,17.333333333333336],[-13.153846153846153,18.0],[-12.878787878787879,18.12121212121212],[-12.121212121212121,18.12121212121212],[-12.0,19.0],[-11.146341463414634,19.146341463414632],[-11.0,19.42857142857143],[-9.0,19.307692307692307],[-8.63265306122449,19.632653061224488],[-8.571428571428571,20.0],[-8.28235294117647,20.28235294117647],[-7.55,21.55],[-6.810526315789474,21.810526315789474],[-5.0,21.87837837837838],[-2.725,21.725],[1.783132530120482,21.783132530120483],[2.694915254237288,21.694915254237287],[3.3548387096774195,21.354838709677423],[3.836734693877551,19.836734693877553],[4.412698412698412,19.41269841269841],[4.590909090909091,19.0]]],[[[-18.869565217391305,9.130434782608695],[-18.4,9.0],[-18.77777777777778,7.777777777777778],[-20.0,7.5],[-20.0,8.108108108108109],[-19.804878048780488,8.195121951219512],[-19.068965517241377,8.068965517241379],[-19.16216216216216,8.837837837837839],[-19.083333333333332,9.0],[-18.869565217391305,9.130434782608695]]],[[[19.88888888888889,22.88888888888889],[19.15,22.849999999999998],[18.922077922077925,23.0],[18.97058823529412,23.970588235294116],[18.0,24.0],[18.6,24.400000000000002],[19.0,24.125],[19.692307692307693,24.30769230769231],[20.0,24.666666666666668],[20.18181818181818,24.181818181818183],[21.0,24.105263157894736],[21.070175438596493,23.929824561403507],[20.77777777777778,23.77777777777778],[20.22222222222222,23.77777777777778],[20.30769230769231,23.307692307692307],[20.0,22.555555555555557],[19.88888888888889,22.88888888888889]]],[[[1.4166666666666665,24.0],[1.0,23.642857142857146],[0.7619047619047619,23.761904761904763],[0.6428571428571429,24.0],[1.0,24.05263157894737],[1.4166666666666665,24.0]]],[[[17.814814814814817,25.0],[17.82456140350877,25.175438596491226],[18.0,26.0],[18.476190476190474,25.476190476190474],[18.476190476190474,24.523809523809522],[18.0,24.0],[17.938271604938272,24.93827160493827],[17.814814814814817,25.0]]],[[[13.5,25.0],[12.98913043478261,25.0],[13.0,25.5],[13.4,25.400000000000002],[13.5,25.0]]],[[[18.6,25.6],[18.0,26.0],[18.94871794871795,26.05128205128205],[19.0625,25.9375],[18.6,25.6]]],[[[14.600000000000001,26.6],[14.0,27.0],[15.0,27.333333333333336],[15.0,26.666666666666668],[14.600000000000001,26.6]]],[[[10.578947368421051,28.57894736842105],[10.333333333333334,29.0],[10.578947368421051,29.421052631578945],[11.0,29.57142857142857],[11.444444444444443,29.444444444444443],[12.0,29.0],[11.555555555555555,28.444444444444443],[11.0,28.200000000000003],[10.578947368421051,28.57894736842105]]],[[[26.333333333333336,30.333333333333336],[26.142857142857146,29.85714285714286],[25.2,29.0],[25.333333333333336,28.333333333333336],[26.0,28.0],[26.5,28.5],[27.0,28.699999999999996],[28.0,28.285714285714285],[28.285714285714285,28.285714285714285],[28.400000000000002,28.0],[28.30769230769231,27.692307692307693],[27.733333333333334,27.266666666666666],[27.0,27.0],[24.94871794871795,26.94871794871795],[24.77777777777778,27.22222222222222],[24.894736842105264,27.89473684210526],[24.2,28.200000000000003],[24.0,28.166666666666668],[23.928571428571427,28.928571428571427],[22.5,29.0],[22.0,29.200000000000003],[21.68,29.68],[21.285714285714285,29.714285714285715],[20.95973154362416,29.95973154362416],[20.0,30.0],[19.88235294117647,32.0],[20.666666666666668,32.0],[20.666666666666668,31.66666666666667],[21.25,31.25],[22.0,31.0],[23.166666666666664,30.833333333333332],[25.0,31.57142857142857],[25.363636363636363,31.363636363636363],[25.636363636363637,30.636363636363637],[26.0,30.2],[26.333333333333336,30.333333333333336]]],[[[16.153846153846153,29.153846153846153],[15.565217391304348,29.565217391304348],[15.444444444444445,30.0],[15.705882352941176,30.294117647058822],[16.451612903225804,30.548387096774192],[16.733333333333334,31.266666666666666],[17.0,31.5],[17.4,31.6],[17.666666666666668,32.0],[18.11764705882353,32.0],[18.019323671497585,30.980676328502415],[18.115830115830114,30.115830115830118],[18.0,27.8],[17.714285714285715,28.285714285714285],[17.714285714285715,28.71428571428571],[17.363636363636363,28.636363636363633],[16.200000000000003,29.000000000000004],[16.153846153846153,29.153846153846153]]],[[[3.6603773584905666,31.339622641509436],[3.25,31.0],[3.1,30.0],[2.6785714285714284,29.32142857142857],[2.321428571428571,29.32142857142857],[1.198830409356725,28.801169590643273],[1.0,28.346153846153847],[0.5909090909090908,28.0],[0.16049382716049382,27.839506172839506],[0.0,27.409090909090907],[-1.0,27.450000000000003],[-2.8888888888888893,27.88888888888889],[-4.0,27.818181818181817],[-4.090909090909091,27.909090909090907],[-4.78125,27.78125],[-5.4375,28.0],[-5.25,28.25],[-5.066666666666666,29.0],[-5.0,31.0],[-4.526315789473684,33.0],[-3.8604651162790695,33.86046511627907],[0.0,33.888888888888886],[0.6896551724137931,33.689655172413794],[1.0,33.25],[3.0,32.82051282051282],[3.5813953488372094,32.581395348837205],[3.780487804878049,32.0],[3.6603773584905666,31.339622641509436]]],[[[17.145833333333336,32.854166666666664],[17.0,32.36363636363636],[16.65,32.65],[16.53333333333333,33.0],[17.050541516245488,33.05054151624549],[17.145833333333336,32.854166666666664]]],[[[14.0,34.163636363636364],[14.857142857142858,34.0],[14.413793103448276,33.58620689655173],[14.0,33.48571428571428],[13.643564356435643,33.64356435643565],[13.357142857142856,34.0],[14.0,34.163636363636364]]],[[[4.4,37.0],[4.699999999999999,37.3],[5.0,37.375],[6.095238095238096,37.095238095238095],[6.428571428571429,36.42857142857143],[6.5,36.0],[6.333333333333334,35.66666666666667],[6.0,35.5],[4.642857142857142,35.64285714285714],[4.285714285714286,36.0],[4.4,37.0]]],[[[-0.3,39.3],[1.0,39.75],[2.0,39.66666666666667],[2.4705882352941178,39.47058823529412],[2.727272727272727,39.0],[2.457142857142857,38.54285714285714],[2.0,38.333333333333336],[0.0,38.57142857142857],[-0.2857142857142857,38.71428571428571],[-0.4285714285714286,39.0],[-0.3,39.3]]],[[[7.461538461538462,42.53846153846154],[7.181818181818182,42.0],[7.526315789473685,41.526315789473685],[9.257142857142856,41.74285714285714],[9.75,42.0],[9.666666666666668,42.333333333333336],[10.0,42.6],[11.0,42.42857142857143],[11.285714285714285,42.285714285714285],[11.428571428571429,42.0],[12.0,41.66666666666667],[15.166666666666668,41.16666666666667],[15.333333333333334,40.0],[15.16,39.84],[13.0,39.529411764705884],[11.0,39.63636363636363],[9.625,39.375],[7.720000000000001,39.28],[7.133333333333333,39.13333333333333],[6.548387096774194,39.54838709677419],[6.363636363636363,40.0],[6.5625,40.4375],[7.0,40.63636363636364],[7.444444444444444,41.44444444444444],[7.0,41.66666666666667],[6.0,41.75],[5.571428571428571,41.42857142857143],[5.5,41.0],[5.24,40.76],[4.76,40.76],[4.0,41.0],[3.0,41.0],[2.0,40.66666666666667],[1.7647058823529411,40.76470588235294],[1.4000000000000001,41.400000000000006],[1.0,41.625],[0.0,41.57142857142857],[-0.2857142857142857,41.71428571428571],[-0.4285714285714286,42.0],[-0.33333333333333337,43.333333333333336],[0.0,44.0],[1.0,43.625],[2.3157894736842106,43.68421052631579],[2.666666666666667,44.333333333333336],[3.0,44.6],[3.4615384615384617,44.46153846153847],[4.0,44.0],[4.666666666666667,43.66666666666667],[6.0,43.5],[9.0,43.66666666666667],[9.363636363636363,43.36363636363636],[9.5,43.0],[9.285714285714285,42.71428571428571],[9.0,42.81818181818182],[8.0,42.75],[7.461538461538462,42.53846153846154]]],[[[-21.0,40.66666666666667],[-21.5,41.0],[-21.6,41.400000000000006],[-24.25,41.75],[-24.413793103448274,42.58620689655172],[-24.285714285714285,43.28571428571428],[-23.724137931034484,43.724137931034484],[-23.400000000000002,44.400000000000006],[-23.0,44.6],[-22.5,44.5],[-22.285714285714285,43.71428571428571],[-21.285714285714285,43.0],[-21.307692307692307,42.69230769230769],[-21.0,42.0],[-20.42857142857143,41.57142857142858],[-20.0,41.5],[-19.75,41.0],[-19.833333333333332,40.833333333333336],[-21.0,40.66666666666667]]],[[[-28.0,44.0],[-27.866666666666667,43.13333333333333],[-27.6,42.6],[-28.200000000000003,43.0],[-28.400000000000002,43.400000000000006],[-28.0,44.0]]],[[[-4.25,43.75],[-4.5,44.5],[-5.1,45.0],[-5.333333333333333,46.0],[-5.042553191489362,46.04255319148936],[-5.0,46.33333333333333],[-4.352941176470588,45.64705882352941],[-3.625,45.625],[-3.25,46.0],[-3.357142857142857,47.0],[-3.238095238095238,47.23809523809524],[-3.0,47.357142857142854],[-2.6875,47.3125],[-2.4444444444444446,47.0],[-2.380952380952381,46.61904761904761],[-1.7142857142857142,46.28571428571428],[-1.8,45.0],[-2.0,44.75],[-2.6,44.6],[-3.0,44.0],[-3.615384615384615,43.61538461538461],[-4.0,43.58333333333333],[-4.25,43.75]]],[[[1.0,46.57142857142857],[0.0,45.800000000000004],[-1.0,46.900000000000006],[-1.1538461538461537,46.84615384615385],[-1.1818181818181817,47.18181818181819],[-0.8260869565217391,48.826086956521735],[0.0,49.5],[1.5555555555555554,49.55555555555556],[2.4,49.400000000000006],[3.0,49.0],[3.0,48.0],[3.25,47.0],[3.0,46.66666666666667],[2.0,47.0],[1.4000000000000001,46.6],[1.0,46.57142857142857]]],[[[4.0,51.6],[3.5384615384615383,51.46153846153847],[3.0,51.0],[2.307692307692308,51.30769230769231],[2.0,51.285714285714285],[1.6428571428571428,51.64285714285714],[1.6875,52.3125],[2.0,52.55555555555556],[3.0,52.33333333333333],[4.0,52.5],[4.285714285714286,52.285714285714285],[4.615384615384615,52.38461538461538],[5.0,52.3125],[5.357142857142857,52.0],[5.32258064516129,51.67741935483871],[5.0,51.375],[4.0,51.6]]],[[[-33.0,76.22222222222223],[-32.0,76.55555555555556],[-30.0,76.25],[-25.0,76.22222222222223],[-23.92,76.08],[-23.34782608695652,75.65217391304347],[-22.0,75.25],[-21.0,75.42857142857143],[-20.0,75.42857142857143],[-18.0,75.1],[-16.0,75.30000000000001],[-13.925925925925926,75.07407407407408],[-13.600000000000001,74.6],[-13.600000000000001,74.4],[-12.857142857142858,74.14285714285714],[-10.26086956521739,74.26086956521739],[-8.0,74.18181818181819],[-7.5,74.0],[-7.266666666666667,73.73333333333333],[-5.696969696969697,73.30303030303031],[-5.285714285714286,73.0],[-5.266666666666667,72.73333333333333],[-4.666666666666667,72.33333333333334],[-2.793103448275862,72.20689655172414],[-2.4000000000000004,72.0],[-2.307692307692308,71.6923076923077],[-1.6923076923076925,71.3076923076923],[0.33333333333333337,71.33333333333334],[1.1,71.1],[1.4000000000000001,70.60000000000001],[1.0,70.0],[1.6,70.4],[2.166666666666667,70.16666666666667],[5.0,70.25],[6.0,70.0],[6.0,69.0],[7.0,69.0],[6.555555555555555,68.44444444444444],[6.6000000000000005,68.0],[7.0,67.71428571428571],[7.363636363636364,67.63636363636364],[7.5,68.5],[8.0,69.0],[9.0,69.18181818181819],[9.266666666666666,68.73333333333333],[9.0,68.0],[12.071428571428571,68.07142857142857],[12.444444444444445,67.44444444444444],[13.0,67.3],[13.142857142857142,67.14285714285714],[13.266666666666666,65.26666666666667],[13.555555555555557,64.0],[13.0,63.44444444444444],[12.555555555555555,63.44444444444444],[12.0,63.0],[10.578947368421051,62.421052631578945],[10.0,61.599999999999994],[9.625,61.375],[9.399999999999999,61.0],[9.333333333333334,60.0],[8.5,59.0],[8.083333333333334,57.916666666666664],[8.095238095238095,57.0],[7.040816326530612,56.95918367346938],[7.0,56.0],[6.0600000000000005,55.94],[6.0,55.785714285714285],[5.5,55.5],[5.214285714285714,55.0],[3.2142857142857144,54.785714285714285],[3.2142857142857144,54.21428571428571],[3.0,53.57142857142857],[1.0,53.66666666666667],[-0.4444444444444444,53.444444444444436],[-1.6,52.6],[-2.5,51.5],[-2.75,51.0],[-3.6923076923076925,50.69230769230769],[-3.95,49.95],[-6.966666666666667,49.96666666666666],[-7.578947368421053,49.57894736842105],[-7.785714285714286,49.0],[-8.894736842105264,48.89473684210526],[-9.0,48.72222222222222],[-9.384615384615383,48.61538461538461],[-9.714285714285714,48.71428571428571],[-10.0,48.0],[-10.82857142857143,47.82857142857143],[-11.0,47.599999999999994],[-11.409090909090908,47.40909090909091],[-11.642857142857142,47.0],[-13.184615384615384,46.815384615384616],[-13.88679245283019,46.886792452830186],[-13.836065573770492,46.16393442622951],[-14.0,45.0],[-15.0,45.400000000000006],[-15.299999999999999,45.7],[-16.0,46.0],[-16.22222222222222,47.0],[-16.5,47.5],[-17.18181818181818,48.0],[-17.20689655172414,51.20689655172414],[-16.789473684210527,51.78947368421053],[-16.333333333333336,53.333333333333336],[-16.0,53.5],[-15.727272727272727,54.0],[-15.73913043478261,54.26086956521739],[-16.344827586206897,54.65517241379311],[-16.357142857142858,55.0],[-16.660377358490567,55.339622641509436],[-18.0,55.25925925925926],[-18.555555555555554,55.44444444444444],[-18.74074074074074,56.0],[-18.526315789473685,57.0],[-18.704918032786885,57.295081967213115],[-19.7,57.99999999999999],[-20.0,58.375],[-20.707317073170735,57.707317073170735],[-21.0,57.599999999999994],[-22.18181818181818,58.18181818181818],[-22.111111111111107,57.99999999999999],[-22.56756756756757,57.56756756756757],[-23.0,57.407407407407405],[-24.15,57.849999999999994],[-25.0,58.81818181818181],[-25.333333333333332,59.0],[-25.57142857142857,60.0],[-25.30769230769231,61.30769230769231],[-24.636363636363637,61.63636363636363],[-24.153846153846153,62.15384615384615],[-22.77777777777778,62.222222222222214],[-22.0,62.0],[-21.0,62.0],[-21.4,62.6],[-21.285714285714285,63.285714285714285],[-21.0,63.333333333333336],[-20.6,64.0],[-21.0,64.4],[-21.4,64.4],[-22.0,64.0],[-22.4,64.6],[-22.4,65.4],[-22.0,65.33333333333333],[-21.5,66.0],[-21.77777777777778,66.22222222222223],[-22.210526315789473,66.21052631578948],[-22.5,66.0],[-22.555555555555557,65.55555555555556],[-23.0,65.5],[-24.0,65.75],[-24.333333333333336,65.66666666666667],[-25.0,66.0],[-25.6,65.60000000000001],[-26.0,65.66666666666667],[-26.733333333333334,66.26666666666667],[-27.0,66.25],[-27.166666666666668,66.16666666666667],[-27.523809523809522,65.52380952380952],[-28.200000000000003,65.2],[-28.647058823529413,64.6470588235294],[-30.0,64.64285714285714],[-31.0,64.36363636363636],[-31.6,64.4],[-32.35294117647059,64.6470588235294],[-32.7,65.3],[-33.0,65.5],[-34.0,65.33333333333334],[-34.6,65.0],[-34.5,64.5],[-34.0,64.0],[-33.266666666666666,63.733333333333334],[-33.0,63.800000000000004],[-32.515151515151516,63.484848484848484],[-32.333333333333336,63.00000000000001],[-32.5,62.5],[-33.0,62.2],[-33.578947368421055,62.421052631578945],[-34.13333333333333,62.86666666666667],[-36.15384615384615,62.84615384615385],[-36.333333333333336,63.0],[-36.285714285714285,63.285714285714285],[-35.6,63.60000000000001],[-35.333333333333336,64.0],[-35.69230769230769,64.3076923076923],[-37.0,64.4],[-38.0,64.22222222222223],[-38.75,64.25],[-41.0,64.6],[-41.333333333333336,64.33333333333334],[-41.375,64.0],[-41.705882352941174,63.705882352941174],[-42.0,63.64285714285714],[-42.37037037037037,63.62962962962962],[-42.81818181818182,63.81818181818181],[-44.0,63.6],[-45.0,63.75],[-46.0,63.66666666666667],[-46.5,63.5],[-47.0,63.0],[-47.69230769230769,62.6923076923077],[-49.400000000000006,62.4],[-49.77777777777778,61.77777777777777],[-50.0,61.0],[-51.0,61.0],[-51.5,60.0],[-51.5,59.0],[-52.0,58.84615384615384],[-54.0,58.75],[-55.14285714285714,58.85714285714286],[-55.652173913043484,59.34782608695652],[-57.14814814814815,59.85185185185185],[-57.73913043478261,60.26086956521739],[-59.0,60.400000000000006],[-60.400000000000006,61.6],[-60.55555555555556,62.0],[-60.06666666666666,63.06666666666666],[-58.20689655172414,64.20689655172414],[-57.0,64.6],[-56.0,64.58333333333333],[-54.84,64.84],[-54.42857142857143,65.42857142857143],[-53.733333333333334,65.73333333333333],[-53.36363636363637,66.36363636363637],[-52.81818181818181,66.81818181818181],[-52.476190476190474,67.47619047619047],[-52.3,68.30000000000001],[-51.65217391304348,69.65217391304348],[-51.61904761904761,70.38095238095238],[-52.0,70.44444444444444],[-52.303030303030305,70.69696969696969],[-52.41666666666667,71.0],[-52.33333333333333,72.0],[-52.6,73.4],[-53.0,73.5],[-53.22222222222222,74.0],[-53.0,74.18181818181819],[-52.0,74.0],[-51.400000000000006,74.4],[-51.41666666666667,75.0],[-51.0,75.3125],[-50.476190476190474,75.47619047619047],[-50.0,76.0],[-49.565217391304344,75.43478260869564],[-49.32,74.68],[-49.0,74.55555555555556],[-48.0,75.0],[-47.0,75.19999999999999],[-46.57894736842105,75.57894736842104],[-45.15384615384615,76.15384615384616],[-44.833333333333336,76.16666666666667],[-44.0,75.80000000000001],[-43.166666666666664,76.16666666666667],[-41.344827586206904,76.3448275862069],[-39.0,76.35714285714286],[-38.0,76.55555555555556],[-36.77777777777778,76.22222222222223],[-35.0,76.0],[-34.0,76.22222222222223],[-33.0,76.22222222222223]],[[5.444444444444444,69.44444444444444],[4.636363636363637,69.36363636363636],[4.0,69.0],[5.0,68.6],[6.0,69.0],[5.444444444444444,69.44444444444444]],[[-32.66666666666667,67.0],[-32.266666666666666,66.73333333333333],[-32.0,66.71428571428572],[-31.5,67.0],[-31.733333333333334,67.26666666666667],[-32.30769230769231,67.3076923076923],[-32.66666666666667,67.0]],[[-27.0,67.75],[-26.80952380952381,67.80952380952381],[-26.80952380952381,68.19047619047619],[-27.000000000000004,68.33333333333334],[-27.666666666666664,68.0],[-27.0,67.75]],[[-17.46153846153846,74.46153846153847],[-17.75,74.0],[-17.0,73.5],[-16.647058823529413,73.6470588235294],[-16.4,74.0],[-16.625,74.375],[-17.0,74.6],[-17.46153846153846,74.46153846153847]],[[-14.285714285714285,56.0],[-14.222222222222221,55.77777777777778],[-14.0,55.75],[-13.75,56.0],[-13.777777777777779,56.22222222222223],[-14.18181818181818,56.18181818181818],[-14.285714285714285,56.0]],[[-11.3,50.3],[-11.428571428571427,50.0],[-11.25,49.75],[-11.0,49.66666666666667],[-9.470588235294118,49.52941176470588],[-8.666666666666668,49.66666666666667],[-8.5,50.0],[-8.666666666666668,50.333333333333336],[-9.0,50.44444444444444],[-10.0,50.285714285714285],[-11.0,50.42857142857143],[-11.3,50.3]],[[7.7894736842105265,66.78947368421052],[8.0,66.6],[8.25,66.75],[8.307692307692308,67.3076923076923],[8.0,67.5],[7.636363636363637,67.36363636363636],[7.7894736842105265,66.78947368421052]],[[-23.385964912280702,59.3859649122807],[-23.458333333333336,59.0],[-23.338461538461537,58.66153846153846],[-22.620689655172413,58.62068965517241],[-22.5,59.0],[-22.627118644067796,59.3728813559322],[-23.0,59.6875],[-23.385964912280702,59.3859649122807]],[[-51.400000000000006,72.6],[-51.0,72.0],[-50.44444444444444,71.55555555555554],[-50.0,71.71428571428572],[-49.0,71.71428571428572],[-48.333333333333336,72.0],[-48.66666666666667,72.33333333333334],[-50.28571428571428,72.71428571428571],[-50.33333333333333,73.0],[-51.0,73.66666666666666],[-51.44444444444444,73.44444444444444],[-51.400000000000006,72.6]],[[-51.30769230769231,71.3076923076923],[-51.30769230769231,70.6923076923077],[-50.826086956521735,70.82608695652175],[-50.55555555555555,71.44444444444444],[-51.0,72.0],[-51.30769230769231,71.3076923076923]]],[[[-24.666666666666668,64.33333333333334],[-24.0,64.0],[-25.18181818181818,63.81818181818181],[-25.333333333333332,64.0],[-25.0,65.0],[-24.666666666666668,64.33333333333334]]],[[[17.941860465116278,68.05813953488372],[18.192307692307693,68.1923076923077],[18.555555555555557,68.0],[18.384615384615383,67.61538461538461],[17.769230769230766,67.23076923076923],[17.352941176470587,66.6470588235294],[17.0,66.6],[16.333333333333336,67.0],[16.25,68.0],[17.941860465116278,68.05813953488372]]],[[[39.0,-55.54838709677419],[39.23728813559322,-56.0],[39.0,-56.15384615384616],[38.72,-56.0],[38.786259541984734,-55.786259541984734],[39.0,-55.54838709677419]]],[[[66.42857142857143,-55.0],[66.75757575757575,-54.75757575757576],[67.3076923076923,-54.69230769230769],[67.57142857142857,-55.0],[67.3,-56.0],[67.08571428571429,-56.08571428571429],[66.0,-56.02564102564102],[65.0,-56.131578947368425],[64.87012987012987,-55.870129870129865],[65.0,-55.5],[66.0,-55.75],[66.35294117647058,-55.35294117647058],[66.42857142857143,-55.0]]],[[[35.0,-54.37313432835822],[35.390697674418604,-54.609302325581396],[35.599999999999994,-55.0],[35.340080971659916,-55.340080971659916],[35.0,-55.49411764705882],[34.0,-55.48863636363636],[33.63247863247864,-55.36752136752137],[33.30645161290323,-55.0],[33.527472527472526,-54.527472527472526],[34.0,-54.328125],[35.0,-54.37313432835822]]],[[[69.0,-53.392857142857146],[69.77272727272727,-54.0],[70.05825242718447,-55.05825242718447],[69.0,-55.36666666666666],[68.64516129032259,-55.35483870967742],[68.21428571428572,-55.0],[68.05555555555554,-54.0],[68.42857142857143,-53.42857142857143],[69.0,-53.392857142857146]]],[[[63.61538461538461,-54.0],[63.78260869565217,-53.78260869565217],[63.696969696969695,-53.3030303030303],[63.80582524271844,-52.80582524271845],[64.0,-52.599999999999994],[65.41739130434783,-52.582608695652176],[67.25,-53.0],[66.0,-53.38461538461539],[65.69811320754718,-53.698113207547166],[64.4,-54.400000000000006],[64.0,-54.5],[63.93377483443709,-54.06622516556291],[63.61538461538461,-54.0]]],[[[33.31428571428572,-51.0],[33.55140186915887,-50.55140186915887],[34.0,-50.351351351351354],[36.0,-50.36363636363636],[36.19178082191781,-50.8082191780822],[36.160919540229884,-51.160919540229884],[36.36144578313253,-52.0],[36.24896265560166,-52.24896265560166],[36.0,-52.38461538461539],[34.0,-52.41935483870968],[33.723404255319146,-52.27659574468085],[33.31428571428572,-51.0]]],[[[48.0,-47.16666666666667],[48.733333333333334,-47.266666666666666],[49.0,-47.66666666666667],[49.05263157894737,-48.0],[48.289855072463766,-48.289855072463766],[48.0,-49.052083333333336],[47.6875,-48.3125],[47.16666666666667,-48.0],[47.48888888888889,-47.48888888888889],[48.0,-47.16666666666667]]],[[[37.33986928104575,-44.33986928104575],[38.0,-44.023668639053255],[38.89937106918239,-44.10062893081761],[38.77489177489177,-44.77489177489177],[38.86387434554974,-45.0],[38.58949880668258,-45.58949880668258],[38.0,-46.26829268292683],[37.78431372549019,-46.21568627450981],[37.26347305389221,-45.73652694610778],[37.40661938534279,-45.40661938534279],[37.43765903307889,-44.56234096692112],[37.33986928104575,-44.33986928104575]]],[[[41.0,-38.66666666666667],[40.22222222222222,-40.0],[39.92307692307693,-42.00000000000001],[39.166666666666664,-43.0],[39.0,-43.599999999999994],[38.0,-43.66666666666667],[37.66666666666667,-43.333333333333336],[37.0,-43.1875],[36.785714285714285,-43.0],[36.0,-42.214285714285715],[35.6,-41.400000000000006],[35.0,-41.0],[35.25,-40.25],[35.71428571428571,-39.71428571428571],[36.0,-38.66666666666667],[37.0,-38.0],[36.333333333333336,-37.0],[36.285714285714285,-36.0],[36.57142857142857,-35.0],[37.285714285714285,-34.71428571428571],[37.71428571428571,-34.71428571428571],[38.0,-34.4],[38.30769230769231,-34.307692307692314],[38.5,-34.0],[39.125,-33.875],[39.92857142857143,-33.92857142857143],[40.05882352941177,-33.0],[40.791666666666664,-32.0],[41.0,-31.444444444444443],[41.44444444444444,-31.0],[42.12820512820513,-30.87179487179487],[42.6,-32.4],[43.06976744186046,-33.0],[43.146788990825684,-33.853211009174316],[43.05555555555556,-35.05555555555556],[42.35294117647059,-35.35294117647059],[42.086330935251794,-36.0863309352518],[41.610169491525426,-36.610169491525426],[41.0,-38.66666666666667]]],[[[60.69230769230769,-32.30769230769231],[62.307692307692314,-32.69230769230769],[63.0,-33.0],[64.0,-34.0],[64.66666666666667,-34.333333333333336],[65.2,-35.0],[65.5,-36.0],[65.5,-37.0],[65.26666666666667,-37.266666666666666],[64.61904761904762,-37.61904761904762],[63.8,-37.8],[63.0,-38.2],[62.0,-38.333333333333336],[61.733333333333334,-38.733333333333334],[61.33333333333333,-39.0],[60.074074074074076,-39.074074074074076],[59.0,-39.61764705882353],[57.66666666666667,-39.333333333333336],[57.0,-39.0],[55.0,-39.0],[54.0,-39.5],[53.75,-40.0],[53.0,-40.599999999999994],[52.63636363636363,-40.63636363636364],[51.83333333333333,-41.833333333333336],[51.08,-42.080000000000005],[49.78378378378379,-42.78378378378378],[49.35294117647059,-43.35294117647059],[49.0,-43.5],[48.53846153846154,-43.46153846153846],[48.0,-43.199999999999996],[47.75757575757576,-43.75757575757575],[46.82608695652174,-43.826086956521735],[46.41176470588235,-44.411764705882355],[46.0,-44.60869565217392],[45.5625,-44.4375],[45.125,-44.0],[45.50877192982456,-43.50877192982456],[46.173913043478265,-43.173913043478265],[46.05797101449276,-41.05797101449275],[46.24242424242424,-40.24242424242424],[46.66666666666667,-40.0],[47.0,-39.6],[47.421052631578945,-37.421052631578945],[48.0,-37.0],[48.0,-36.0],[48.32,-35.32],[49.0,-34.8],[49.666666666666664,-33.0],[51.22222222222222,-32.0],[51.42857142857143,-31.42857142857143],[52.0,-31.0],[52.25,-30.25],[52.0,-29.0],[52.0,-28.0],[51.0,-27.0],[52.30769230769231,-26.30769230769231],[52.66666666666667,-25.66666666666667],[53.444444444444436,-25.444444444444443],[54.0,-25.0],[54.285714285714285,-25.714285714285715],[55.0,-26.0],[56.0,-26.0],[57.0,-27.0],[57.30769230769231,-27.692307692307693],[57.2,-29.0],[57.55555555555555,-29.444444444444443],[58.22222222222222,-29.77777777777778],[58.60000000000001,-30.400000000000002],[58.85714285714286,-31.142857142857142],[60.69230769230769,-32.30769230769231]]],[[[50.599999999999994,-30.0],[50.375,-30.375],[50.0,-30.599999999999998],[49.63636363636363,-30.636363636363637],[49.5,-31.0],[49.0,-31.333333333333332],[48.826086956521735,-31.17391304347826],[49.0,-30.0],[49.53846153846154,-29.53846153846154],[50.0,-29.4],[50.400000000000006,-29.6],[50.599999999999994,-30.0]]],[[[44.226950354609926,-29.773049645390074],[44.8,-30.0],[44.372093023255815,-30.372093023255815],[42.82222222222222,-30.177777777777777],[43.0,-29.714285714285715],[43.400000000000006,-29.400000000000002],[43.55555555555556,-29.0],[44.08465608465608,-28.915343915343914],[44.226950354609926,-29.22695035460993],[44.226950354609926,-29.773049645390074]]],[[[52.0,-24.0],[51.22222222222223,-25.22222222222222],[50.0,-25.6],[49.75,-25.25],[49.76,-24.759999999999998],[50.0,-24.0],[51.0,-23.666666666666668],[51.30769230769231,-23.692307692307693],[52.0,-24.0]]],[[[67.0,12.357142857142858],[69.0,11.909090909090908],[71.6,11.0],[73.57142857142858,10.571428571428571],[74.71428571428571,10.0],[76.86440677966102,9.864406779661017],[78.0,9.59090909090909],[79.0,9.608695652173914],[82.73913043478261,8.73913043478261],[85.42857142857143,7.428571428571429],[86.55555555555556,6.555555555555555],[87.31578947368422,6.31578947368421],[89.0,6.0],[90.0,6.153846153846153],[91.0,5.666666666666666],[94.0,5.333333333333333],[95.5,5.0],[96.52941176470588,4.529411764705882],[98.06666666666666,4.066666666666666],[98.4,3.4000000000000004],[99.12121212121212,3.121212121212121],[99.18181818181817,2.0],[98.8048780487805,1.1951219512195124],[98.55555555555554,1.0],[97.44444444444444,1.0],[96.0,1.5555555555555556],[95.78378378378378,1.7837837837837838],[94.88095238095238,2.0],[93.76666666666667,2.7666666666666666],[92.71428571428572,3.0],[92.26548672566372,3.265486725663717],[91.0,3.5294117647058822],[90.73109243697479,3.73109243697479],[89.17391304347827,4.0],[88.60563380281691,4.605633802816902],[87.86666666666667,4.866666666666667],[86.875,5.0],[86.75,5.25],[86.75,5.75],[86.25,5.75],[85.96000000000001,5.96],[85.0632911392405,5.936708860759493],[84.1917808219178,6.191780821917808],[82.3896103896104,6.38961038961039],[80.83673469387755,6.836734693877551],[74.92857142857142,7.0],[73.80555555555556,7.805555555555555],[72.0701754385965,8.070175438596491],[70.76271186440678,8.76271186440678],[69.0952380952381,9.095238095238095],[68.0,9.692307692307693],[65.0754716981132,10.075471698113208],[63.815789473684205,10.81578947368421],[62.0,11.299999999999999],[60.90909090909091,11.909090909090908],[60.0,12.0],[59.26190476190476,12.261904761904763],[58.044444444444444,13.044444444444444],[57.32727272727273,13.327272727272728],[56.81818181818182,14.0],[57.09756097560976,14.902439024390244],[58.0,15.555555555555555],[59.0,15.333333333333334],[59.5,15.0],[59.945205479452056,14.945205479452055],[62.2,14.0],[62.84615384615385,13.846153846153847],[63.0,13.636363636363637],[64.0,13.222222222222221],[65.85714285714286,12.857142857142858],[67.0,12.357142857142858]]],[[[46.44444444444444,24.444444444444443],[46.836734693877546,23.83673469387755],[47.61904761904762,23.61904761904762],[48.2,23.0],[48.74193548387097,22.741935483870968],[49.5,22.0],[50.388888888888886,21.388888888888886],[50.78378378378378,20.783783783783782],[51.387096774193544,20.387096774193548],[51.77142857142857,19.771428571428572],[52.4,19.400000000000002],[52.84615384615385,18.0],[52.61904761904762,17.38095238095238],[52.0,17.0],[51.0,17.0],[49.7,17.7],[49.0,18.285714285714285],[48.0,18.7],[47.958333333333336,18.958333333333332],[47.5,19.0],[47.0,19.5],[46.95744680851064,19.95744680851064],[46.57142857142857,20.0],[46.266666666666666,20.266666666666666],[46.0,20.307692307692307],[45.883870967741935,20.883870967741935],[44.9875,21.0],[44.82352941176471,21.823529411764707],[43.95588235294118,22.0],[43.78313253012048,22.783132530120483],[43.0,22.91549295774648],[42.651162790697676,23.651162790697672],[42.0,23.873015873015873],[41.43356643356643,24.433566433566433],[40.28125,25.0],[40.22222222222222,25.22222222222222],[40.0,25.29032258064516],[39.783251231527096,25.783251231527096],[39.12,26.0],[39.29629629629629,26.703703703703702],[39.703703703703695,26.703703703703702],[40.0,26.846153846153847],[41.0,26.692307692307693],[42.0,26.75],[42.230769230769226,26.230769230769234],[42.166666666666664,26.0],[42.475,25.474999999999998],[43.24038461538461,25.240384615384613],[45.5,25.0],[46.44444444444444,24.444444444444443]]],[[[28.01418439716312,24.98581560283688],[27.900000000000002,26.1],[28.0,26.6],[28.400000000000002,26.400000000000002],[28.6,26.0],[28.17142857142857,25.82857142857143],[28.129032258064516,25.129032258064512],[28.01418439716312,24.98581560283688]]],[[[32.86666666666667,26.866666666666667],[33.0,26.92857142857143],[33.09420289855072,26.0],[33.0,25.905797101449274],[32.13333333333333,26.0],[32.21052631578947,26.210526315789473],[32.0,26.666666666666668],[31.666666666666664,27.0],[32.0,27.2],[32.86666666666667,26.866666666666667]]],[[[30.0,28.666666666666664],[29.0,29.0],[29.977272727272727,29.022727272727273],[30.333333333333336,29.0],[30.0,28.666666666666664]]],[[[26.545454545454543,30.545454545454547],[26.444444444444443,31.0],[26.583333333333336,31.416666666666664],[27.0,31.714285714285715],[27.43478260869565,31.434782608695652],[27.625,31.0],[27.09708737864078,30.902912621359224],[27.0,30.444444444444443],[26.545454545454543,30.545454545454547]]],[[[45.5,32.0],[46.0,32.15384615384615],[47.0,32.083333333333336],[48.0,32.18181818181818],[48.18181818181818,32.0],[45.5,32.0]]],[[[54.11764705882353,60.11764705882352],[54.0,59.0],[53.4,58.0],[53.36363636363637,57.63636363636364],[53.0,57.0],[53.33333333333333,56.0],[53.0,55.0],[54.0,54.0],[53.0,53.0],[53.0,52.0],[53.400000000000006,51.400000000000006],[54.55555555555556,50.55555555555555],[55.5,50.5],[56.0,50.0],[57.0,50.0],[57.0,51.0],[58.0,51.0],[58.18181818181818,50.18181818181818],[58.0,47.0],[58.1,46.0],[57.71428571428571,45.285714285714285],[57.42857142857143,44.0],[57.193548387096776,43.80645161290323],[55.652173913043484,43.34782608695652],[55.08,42.92],[53.344827586206904,42.65517241379311],[50.0,42.7],[47.0,43.8],[44.0,43.66666666666667],[43.0,44.0],[42.44444444444444,43.55555555555555],[41.52941176470588,42.470588235294116],[41.0,41.0],[40.5,40.5],[40.0,39.0],[39.0,39.0],[38.21052631578947,38.78947368421053],[37.529411764705884,38.470588235294116],[37.0,37.900000000000006],[34.78947368421053,37.78947368421053],[34.0,38.0],[33.0,37.666666666666664],[30.0,37.81818181818182],[29.6,38.0],[29.315789473684212,38.315789473684205],[27.846153846153847,38.84615384615385],[26.523809523809522,39.523809523809526],[25.696969696969695,39.6969696969697],[25.0,40.0],[24.636363636363637,40.63636363636364],[23.799999999999997,40.8],[21.193548387096776,40.806451612903224],[19.799999999999997,41.0],[19.666666666666668,41.333333333333336],[20.0,42.0],[19.333333333333336,41.66666666666667],[19.0,41.8],[18.6,42.4],[18.6,42.6],[17.666666666666668,43.0],[17.714285714285715,43.71428571428571],[17.866666666666667,44.13333333333333],[18.153846153846153,44.15384615384615],[18.5,44.0],[18.666666666666668,43.66666666666667],[19.0,43.5],[19.833333333333332,44.16666666666667],[20.200000000000003,44.2],[21.0,44.0],[22.363636363636363,44.63636363636364],[22.666666666666664,45.0],[22.6,45.4],[23.333333333333336,46.66666666666667],[23.25,47.0],[24.0,47.599999999999994],[24.400000000000002,47.6],[25.0,48.0],[25.5,47.5],[26.0,47.33333333333333],[26.400000000000002,47.4],[27.0,47.0],[27.0,48.0],[27.6,48.400000000000006],[28.0,48.5],[28.285714285714285,48.28571428571428],[28.625,47.625],[29.25,47.75],[30.0,50.0],[30.461538461538463,50.53846153846155],[30.6,51.400000000000006],[32.0,51.5],[32.25,51.75],[32.266666666666666,52.266666666666666],[32.0,52.666666666666664],[31.77777777777778,52.77777777777778],[31.5,53.5],[31.0,53.66666666666667],[30.636363636363637,53.36363636363637],[30.333333333333336,51.66666666666667],[30.0,51.75],[28.0,51.66666666666667],[27.0,52.0],[26.400000000000002,51.6],[25.555555555555554,51.44444444444444],[25.333333333333332,51.0],[25.0,50.800000000000004],[24.0,50.66666666666667],[23.0,51.0],[21.77777777777778,50.77777777777778],[21.0,51.0],[21.0,53.0],[22.0,53.25],[22.461538461538463,53.53846153846154],[22.75,54.0],[23.0,55.0],[22.461538461538463,55.46153846153847],[21.0,55.333333333333336],[20.733333333333334,54.733333333333334],[20.733333333333334,54.266666666666666],[20.400000000000002,53.60000000000001],[19.0,53.333333333333336],[18.26086956521739,52.73913043478261],[18.0,52.75],[17.59090909090909,52.40909090909091],[17.4375,52.0],[17.636363636363637,51.0],[17.555555555555557,50.44444444444444],[17.0,50.0],[17.0,49.0],[16.0,49.0],[16.461538461538463,48.46153846153847],[16.42857142857143,48.0],[16.625,47.0],[16.416666666666668,46.583333333333336],[16.0,46.375],[15.4,46.400000000000006],[13.846153846153847,46.84615384615385],[13.666666666666666,48.0],[13.333333333333336,48.333333333333336],[13.0,48.33333333333333],[12.0,48.75],[9.783783783783784,48.21621621621622],[8.530864197530864,48.53086419753086],[8.321428571428573,49.0],[8.045454545454545,50.0],[8.083333333333332,51.0],[8.19047619047619,51.80952380952381],[8.555555555555555,52.44444444444444],[9.399999999999999,53.0],[9.612903225806452,53.38709677419355],[11.0,53.75],[12.0,54.18181818181819],[13.486486486486486,55.513513513513516],[13.933333333333332,56.06666666666666],[15.0,56.714285714285715],[15.461538461538462,57.53846153846154],[16.444444444444443,58.0],[16.421052631578945,58.421052631578945],[16.0,59.0],[18.0,59.41666666666667],[18.7,60.0],[18.79310344827586,60.20689655172414],[20.0,60.42857142857143],[22.0,60.416666666666664],[23.307692307692307,60.69230769230769],[24.25,60.75],[24.87096774193548,61.12903225806451],[25.125,61.125],[25.333333333333332,61.0],[25.57894736842105,60.578947368421055],[26.333333333333336,60.0],[26.555555555555554,59.55555555555555],[27.0,59.42857142857143],[28.0,59.71428571428572],[29.0,59.18181818181818],[31.0,59.5],[31.384615384615383,59.38461538461539],[32.0,58.714285714285715],[33.333333333333336,58.33333333333334],[34.0,58.30769230769231],[34.30769230769231,58.0],[34.55555555555556,57.0],[34.5,56.5],[36.16666666666667,56.166666666666664],[36.5,55.5],[37.0,55.0],[38.0,55.0],[38.0,56.0],[39.0,56.0],[39.6,56.400000000000006],[40.0,57.0],[39.66666666666667,57.66666666666667],[39.666666666666664,58.0],[39.80952380952381,58.19047619047619],[40.69230769230769,58.30769230769231],[41.0,58.5],[41.36363636363637,58.36363636363636],[41.6,57.6],[42.36363636363636,57.36363636363637],[43.0,57.0],[44.0,58.0],[43.66666666666667,59.0],[43.81818181818182,59.18181818181819],[45.44444444444444,59.55555555555555],[46.0,60.0],[47.0,60.400000000000006],[48.0,60.0],[48.400000000000006,60.60000000000001],[48.44444444444444,61.0],[48.77777777777778,61.22222222222223],[50.38461538461538,61.38461538461539],[51.0,61.33333333333333],[52.0,62.0],[53.0,62.0],[52.63636363636363,61.36363636363636],[52.714285714285715,61.0],[53.19047619047619,60.80952380952381],[54.0,61.0],[54.11764705882353,60.11764705882352]],[[34.0,56.375],[33.0,56.64285714285714],[32.0,56.44444444444444],[31.523809523809526,56.52380952380952],[29.25,57.25],[29.0,57.57142857142857],[28.619047619047617,57.38095238095238],[27.73913043478261,57.26086956521739],[27.5,57.0],[28.0,56.25],[29.22222222222222,56.22222222222223],[29.5,55.5],[30.0,55.0],[30.333333333333336,54.333333333333336],[32.0,54.0],[35.0,54.0],[36.0,53.33333333333333],[36.5,53.5],[36.666666666666664,54.0],[36.5,54.5],[35.71428571428571,54.71428571428571],[35.400000000000006,55.400000000000006],[34.69230769230769,55.69230769230769],[34.5,56.5],[34.0,56.375]],[[37.5,53.5],[37.0,53.0],[37.0,52.0],[37.6,52.4],[38.0,52.33333333333333],[38.30769230769231,52.69230769230769],[38.266666666666666,53.266666666666666],[38.0,53.66666666666667],[37.5,53.5]]],[[[55.0,53.0],[54.0,54.0],[54.77777777777778,55.22222222222222],[55.0,55.33333333333333],[56.0,55.0],[55.55555555555555,54.44444444444444],[55.400000000000006,53.60000000000001],[55.0,53.0]]],[[[64.0,63.0],[64.33333333333334,62.333333333333336],[65.0,62.0],[64.25,61.75],[63.8,61.8],[63.66666666666667,62.0],[64.0,63.0]]],[[[43.0,63.0],[43.0,62.0],[42.375,62.375],[42.0,62.3],[40.72972972972973,62.729729729729726],[40.44444444444444,63.0],[40.57142857142857,64.0],[42.0,65.5],[42.15384615384615,65.84615384615384],[42.26666666666667,67.0],[42.5686274509804,67.43137254901961],[44.0,67.77777777777779],[44.38095238095238,67.61904761904762],[44.69230769230769,67.6923076923077],[44.64705882352941,67.35294117647058],[44.8235294117647,67.0],[43.87234042553192,66.12765957446808],[43.22222222222222,64.77777777777777],[43.0,64.44444444444444],[42.68,64.32],[42.6,64.0],[43.0,63.0]]],[[[62.0,66.0],[62.0,67.0],[63.0,67.5],[63.400000000000006,67.4],[63.44444444444444,66.55555555555556],[63.00000000000001,66.33333333333334],[62.6,66.4],[62.0,66.0]]],[[[68.5,68.0],[68.5,68.5],[69.28571428571428,68.28571428571428],[69.4,68.0],[69.30769230769232,67.6923076923077],[69.0,67.5],[68.66666666666667,67.66666666666667],[68.5,68.0]]],[[[47.0,69.0],[47.08333333333333,68.0],[46.6,67.6],[46.0,67.39393939393939],[45.42857142857143,67.42857142857143],[45.090909090909086,68.0],[45.5,68.5],[46.0,68.68965517241381],[46.375,68.625],[47.0,69.0]]],[[[26.6,67.4],[26.333333333333336,67.0],[25.476190476190474,66.52380952380952],[25.0,65.89999999999999],[24.0,65.75],[22.0,65.75],[20.0,65.81818181818181],[18.8,66.0],[19.444444444444443,66.55555555555556],[19.769230769230766,67.23076923076923],[21.066666666666666,67.06666666666666],[23.933333333333334,67.06666666666666],[25.486486486486488,67.51351351351352],[25.75,68.0],[26.951612903225808,68.04838709677419],[27.0,69.03389830508475],[27.901639344262296,69.09836065573771],[28.0,71.0188679245283],[28.272727272727273,70.27272727272727],[28.727272727272727,70.27272727272727],[29.107142857142858,70.10714285714286],[30.0,70.0],[30.066666666666666,68.93333333333334],[29.352941176470587,68.6470588235294],[29.0,68.0],[27.3,67.7],[26.6,67.4]]],[[[68.5,68.5],[67.6923076923077,68.3076923076923],[67.0,68.25],[66.33333333333334,68.33333333333334],[66.0,68.5],[64.6,68.4],[64.0,68.0],[63.44444444444444,68.44444444444444],[61.0,69.0],[62.0,69.25],[62.42857142857143,69.57142857142858],[62.76470588235294,70.23529411764707],[64.0,70.625],[64.23076923076923,70.76923076923077],[64.58620689655173,71.41379310344827],[65.0,71.6],[65.46153846153847,71.46153846153847],[66.0,71.0],[67.0,71.4],[68.0,71.5],[68.5,71.5],[69.0,71.0],[69.0,72.0],[68.4,72.4],[68.0,73.0],[73.14634146341464,73.14634146341464],[74.0,72.75],[75.0,72.77777777777777],[75.6470588235294,72.6470588235294],[76.33333333333334,72.33333333333334],[76.6,72.0],[76.60000000000001,71.60000000000001],[77.0,71.0],[76.4,70.60000000000001],[76.0,70.0],[74.0,70.0],[73.4,69.6],[72.71428571428571,69.71428571428572],[72.6,70.4],[73.0,70.33333333333333],[73.5,70.5],[73.66666666666666,71.0],[73.0,71.28571428571428],[72.5,71.0],[72.44444444444444,70.55555555555556],[70.60000000000001,70.4],[70.25,70.0],[70.25,69.75],[69.0,69.6],[68.5,69.0],[68.5,68.5]]],[[[150.0,-87.16666666666666],[149.0,-87.0],[150.0,-86.66666666666667],[151.0,-87.0],[150.0,-87.16666666666666]]],[[[148.0,-87.2],[147.0,-87.0],[148.0,-86.5],[149.0,-87.0],[148.0,-87.2]]],[[[154.0,-86.33333333333333],[153.0,-86.0],[154.0,-85.93333333333334],[155.0,-86.0],[154.0,-86.33333333333333]]],[[[123.73684210526318,-77.73684210526316],[123.60000000000001,-78.4],[123.6923076923077,-78.69230769230771],[123.30769230769232,-78.69230769230771],[123.0,-78.875],[122.0,-79.0],[121.34615384615384,-78.65384615384616],[119.70588235294117,-78.29411764705883],[119.54545454545455,-78.0],[119.61538461538461,-77.61538461538461],[119.8125,-77.0],[120.0,-76.8125],[122.0,-76.5925925925926],[123.0,-76.85714285714286],[124.0,-76.58823529411765],[125.0,-76.5],[126.28571428571428,-77.0],[125.0,-77.53333333333333],[124.0,-77.58333333333333],[123.73684210526318,-77.73684210526316]]],[[[140.77777777777777,-76.77777777777777],[141.2,-76.8],[141.25,-77.25],[141.0,-78.0],[140.7142857142857,-77.28571428571428],[140.85714285714286,-77.0],[140.77777777777777,-76.77777777777777]]],[[[142.33333333333334,-76.0],[141.5,-75.5],[141.29999999999998,-75.0],[141.65,-74.65],[142.45161290322582,-74.4516129032258],[143.0,-73.81818181818181],[143.22222222222223,-74.0],[143.28571428571428,-74.28571428571428],[143.2,-74.8],[143.60000000000002,-75.4],[144.0,-75.66666666666667],[144.14285714285714,-76.0],[144.14285714285714,-77.0],[144.0,-77.16666666666667],[143.0,-77.5],[142.6470588235294,-77.35294117647058],[142.33333333333334,-76.0]]],[[[174.51633986928104,-54.48366013071895],[174.26732673267327,-54.0],[174.58774373259052,-53.587743732590525],[175.0,-53.5],[175.3371298405467,-53.6628701594533],[175.54014598540147,-54.0],[175.42898550724638,-54.428985507246374],[175.0,-54.71153846153846],[174.51633986928104,-54.48366013071895]]],[[[167.40712468193382,-53.407124681933844],[168.0,-53.036144578313255],[168.59701492537314,-53.40298507462687],[168.76923076923077,-53.99999999999999],[168.56632653061223,-54.566326530612244],[168.0,-54.88560885608856],[167.72687224669602,-54.72687224669603],[167.26046511627908,-54.73953488372093],[167.37590361445783,-54.37590361445783],[167.24528301886795,-54.0],[167.40712468193382,-53.407124681933844]]],[[[138.3846153846154,-60.38461538461538],[138.0,-60.625],[136.69230769230768,-60.69230769230769],[136.0,-61.0],[135.0,-61.0],[134.5,-60.5],[133.86666666666667,-60.13333333333334],[133.47058823529412,-59.529411764705884],[133.0,-59.33333333333333],[132.0,-59.625],[131.0,-59.33333333333333],[129.0,-59.0],[128.0,-59.2],[127.0,-59.0],[126.0,-58.33333333333333],[124.0,-59.5],[122.0,-59.5],[121.0,-60.199999999999996],[119.0,-60.199999999999996],[117.53846153846155,-60.53846153846154],[117.0,-61.0],[116.0,-61.400000000000006],[115.68421052631578,-61.68421052631578],[115.625,-62.0],[114.79591836734694,-62.20408163265306],[114.10810810810811,-62.10810810810811],[113.0,-62.625],[112.0,-62.42857142857143],[111.0,-62.0],[110.1904761904762,-62.19047619047619],[109.0,-62.12903225806451],[107.35897435897436,-62.35897435897435],[106.57142857142858,-62.57142857142858],[106.18181818181819,-63.0],[105.9591836734694,-63.04081632653062],[105.0,-63.12244897959184],[100.66666666666666,-63.0],[100.47058823529412,-62.52941176470588],[100.0,-62.0],[101.34782608695652,-61.347826086956516],[101.57142857142858,-60.0],[101.47058823529412,-59.529411764705884],[101.0,-59.2],[100.84615384615384,-58.15384615384615],[100.66666666666666,-58.0],[100.57142857142857,-57.0],[100.36363636363636,-56.63636363636364],[99.6,-56.0],[99.76470588235294,-55.76470588235294],[99.8888888888889,-54.888888888888886],[100.0,-54.8],[100.28571428571428,-54.71428571428571],[101.0,-55.0],[101.0,-54.0],[100.66666666666666,-53.0],[99.68421052631578,-52.315789473684205],[99.57142857142857,-52.0],[99.84615384615384,-51.84615384615385],[100.0,-51.5],[100.35294117647058,-51.35294117647059],[100.6,-51.0],[100.9,-50.900000000000006],[101.0,-50.599999999999994],[102.0,-50.66666666666667],[102.5,-50.5],[103.54545454545455,-49.54545454545455],[104.0,-49.375],[107.0,-49.285714285714285],[107.22222222222223,-49.22222222222223],[107.73333333333333,-48.733333333333334],[108.0,-48.666666666666664],[109.0,-48.8],[112.0,-48.0],[112.5,-47.0],[112.44444444444446,-46.0],[113.0,-45.375],[113.45454545454544,-45.54545454545454],[114.63636363636364,-46.36363636363637],[115.0,-46.5],[115.36363636363636,-46.36363636363637],[115.5,-46.0],[115.0,-45.0],[115.5,-44.5],[116.0,-44.375],[116.51515151515152,-43.515151515151516],[117.4,-43.0],[117.68421052631578,-42.68421052631579],[119.0,-42.375],[120.27272727272727,-42.72727272727272],[121.0,-43.5],[122.375,-43.375],[122.75,-43.0],[122.66666666666667,-42.0],[122.77777777777779,-41.77777777777778],[123.44444444444444,-41.55555555555555],[124.0,-42.0],[123.60000000000001,-41.400000000000006],[123.85714285714286,-40.857142857142854],[126.77777777777777,-39.77777777777777],[128.0,-40.0],[129.22222222222223,-40.77777777777778],[129.33333333333334,-41.0],[129.0,-42.0],[129.0,-43.0],[129.63636363636363,-43.36363636363636],[130.4,-43.60000000000001],[131.0,-44.0],[131.77777777777777,-43.77777777777778],[133.15384615384616,-43.84615384615385],[134.375,-44.625],[134.5,-45.0],[135.0,-45.5],[136.0,-45.333333333333336],[137.0,-45.5],[138.44444444444443,-45.44444444444444],[139.0,-45.0],[139.0,-44.0],[139.5,-43.5],[140.0,-42.0],[138.77777777777777,-41.22222222222222],[138.66666666666666,-41.0],[139.0,-40.0],[139.0,-39.0],[139.55555555555554,-39.44444444444444],[140.0,-39.4],[140.42857142857144,-40.0],[140.52941176470586,-40.470588235294116],[141.57894736842104,-41.421052631578945],[142.43478260869563,-41.56521739130435],[143.0,-42.0],[144.68421052631578,-42.315789473684205],[145.0,-43.0],[146.5,-44.5],[147.5,-45.0],[147.75,-45.25],[149.0,-45.25],[149.55555555555554,-45.44444444444444],[150.0,-46.4],[151.0,-47.0],[152.0,-46.57142857142857],[152.28571428571428,-46.71428571428571],[152.65217391304347,-47.347826086956516],[154.35294117647058,-47.647058823529406],[155.4888888888889,-47.48888888888889],[156.0,-47.0],[156.3030303030303,-47.696969696969695],[156.65853658536585,-47.65853658536585],[157.0,-47.78125],[157.16470588235296,-48.16470588235294],[157.19354838709677,-48.806451612903224],[158.03355704697987,-48.966442953020135],[158.06201550387595,-49.93798449612403],[158.66666666666669,-50.0],[158.63636363636363,-50.36363636363636],[159.0,-50.66666666666667],[159.0344827586207,-51.0],[159.46341463414635,-51.53658536585366],[160.03508771929825,-51.96491228070175],[160.2193548387097,-52.78064516129032],[160.3877551020408,-55.0],[160.13698630136986,-58.0],[160.27586206896552,-60.27586206896552],[160.125,-61.0],[159.29090909090908,-61.29090909090909],[159.0,-61.66666666666667],[157.33333333333331,-62.0],[157.33333333333331,-63.0],[157.0,-63.333333333333336],[156.1818181818182,-62.81818181818182],[154.0,-62.77777777777778],[152.85714285714286,-62.85714285714286],[152.0,-63.42857142857143],[151.0,-63.625],[149.0,-63.66666666666667],[147.6,-63.400000000000006],[147.0,-63.25],[146.66666666666669,-63.0],[146.44444444444446,-62.55555555555555],[145.0,-62.0],[143.8181818181818,-62.18181818181818],[143.66666666666669,-62.0],[143.66666666666669,-61.66666666666667],[144.0,-61.0],[143.0,-60.0],[142.77777777777777,-60.77777777777778],[142.83333333333334,-61.0],[142.5,-61.5],[142.0,-61.71428571428571],[141.0,-61.2],[140.0,-61.0],[139.56521739130434,-60.434782608695656],[139.44444444444446,-60.0],[139.0,-59.63636363636364],[138.68,-59.67999999999999],[138.3846153846154,-60.38461538461538]],[[146.0,-58.0],[145.4,-58.400000000000006],[145.0,-58.33333333333333],[144.33333333333334,-59.0],[144.5,-59.5],[145.0,-60.0],[145.0,-61.0],[145.66666666666669,-60.66666666666667],[146.2,-60.800000000000004],[146.55555555555557,-61.44444444444444],[147.0,-61.666666666666664],[147.4,-61.6],[148.0,-62.0],[149.0,-62.0],[149.0,-60.0],[148.0,-60.0],[147.6,-59.400000000000006],[147.0,-59.0],[147.0,-58.0],[146.0,-58.0]],[[142.0,-58.0],[142.6,-57.6],[143.0,-57.0],[142.6,-56.400000000000006],[142.0,-56.0],[142.0,-55.0],[143.0,-55.0],[143.60000000000002,-54.6],[144.0,-54.0],[144.0,-53.0],[143.0,-53.0],[142.0,-52.33333333333333],[140.60000000000002,-52.4],[140.0,-52.0],[140.0,-53.0],[139.0,-53.0],[138.60000000000002,-52.4],[138.0,-52.0],[138.0,-51.0],[137.0,-51.0],[136.5,-51.5],[136.0,-53.0],[136.0,-56.0],[139.0,-56.0],[140.0,-55.666666666666664],[140.77777777777777,-56.22222222222223],[140.8,-57.199999999999996],[141.0,-57.599999999999994],[141.36363636363637,-57.63636363636364],[142.0,-58.0]],[[151.5,-61.0],[151.8095238095238,-61.19047619047619],[152.5,-61.0],[152.44444444444443,-60.55555555555555],[152.0,-60.0],[151.55555555555554,-60.55555555555555],[151.5,-61.0]],[[155.66666666666669,-51.333333333333336],[156.0,-51.75],[156.42857142857142,-51.42857142857143],[156.60000000000002,-51.0],[156.0,-50.625],[155.78571428571428,-50.78571428571429],[155.66666666666669,-51.333333333333336]],[[157.0,-52.400000000000006],[156.57142857142856,-52.57142857142857],[156.4,-53.0],[156.7,-53.300000000000004],[157.0,-53.375],[157.75,-53.0],[157.5,-52.5],[157.0,-52.400000000000006]]],[[[164.62942779291552,-47.629427792915536],[164.0,-47.89235127478753],[163.34888438133873,-47.65111561866126],[163.1176470588235,-47.0],[163.55602536997887,-46.556025369978855],[164.0,-46.442477876106196],[164.40410519563824,-46.59589480436178],[164.73426573426573,-47.0],[164.62942779291552,-47.629427792915536]]],[[[165.4418604651163,-47.0],[166.0,-46.63451776649746],[166.24365482233503,-46.756345177664976],[166.36548223350252,-47.0],[166.31788079470198,-47.31788079470199],[166.0,-47.50704225352113],[165.61803713527854,-47.38196286472149],[165.4418604651163,-47.0]]],[[[161.25339366515837,-46.0],[162.0,-45.60240963855422],[162.2803738317757,-45.7196261682243],[162.47550432276657,-46.0],[162.41301627033792,-46.41301627033792],[162.0,-46.673469387755105],[161.53058321479372,-46.469416785206256],[161.25339366515837,-46.0]]],[[[139.76271186440678,-31.237288135593218],[140.0,-31.7],[141.0,-31.642857142857142],[141.8048780487805,-32.19512195121951],[141.92857142857144,-33.0],[141.79310344827587,-33.793103448275865],[141.24242424242425,-33.75757575757576],[141.0,-33.86666666666667],[140.0,-33.75],[138.0,-34.0],[138.33333333333334,-35.0],[138.1818181818182,-35.18181818181819],[138.0,-35.25],[137.0,-35.0],[136.5,-34.0],[135.66666666666666,-33.0],[134.33333333333334,-33.0],[134.0,-33.333333333333336],[133.66666666666666,-33.0],[133.16,-32.84],[133.0,-32.5],[132.5,-32.0],[132.6,-31.0],[132.84,-30.84],[133.21052631578948,-30.789473684210527],[133.84615384615387,-31.153846153846153],[134.39999999999998,-31.0],[134.66666666666669,-30.666666666666668],[135.0,-30.5],[135.46153846153845,-30.53846153846154],[136.0,-30.599999999999998],[136.10810810810813,-30.891891891891895],[138.9633027522936,-31.036697247706424],[139.76271186440678,-31.237288135593218]]],[[[116.5,-1.0],[116.0,-1.4583333333333335],[115.55172413793103,-1.5517241379310345],[113.0,-1.71875],[111.0,-1.5263157894736843],[110.00000000000001,-1.6785714285714286],[108.0,-1.6400000000000001],[107.55555555555556,-1.4444444444444444],[107.20000000000002,-1.0],[107.36363636363637,-0.36363636363636365],[108.0,-0.1111111111111111],[109.0,0.0],[109.56521739130434,0.43478260869565216],[110.0,0.5555555555555556],[111.33333333333334,0.33333333333333337],[112.0,0.0],[114.0,0.0],[114.66666666666667,0.33333333333333337],[115.28571428571428,0.2857142857142857],[115.33333333333333,0.0],[116.0,-0.15384615384615385],[116.47826086956522,-0.5217391304347826],[116.5,-1.0]]],[[[118.73333333333332,0.26666666666666666],[119.4,0.6000000000000001],[121.0,0.7142857142857143],[121.38461538461537,0.3846153846153846],[121.3125,0.0],[120.08695652173914,-0.08695652173913043],[119.78082191780823,-0.2191780821917808],[119.0,-0.15384615384615385],[118.66666666666666,0.0],[118.73333333333332,0.26666666666666666]]],[[[123.5909090909091,2.0],[123.42622950819673,1.5737704918032787],[123.0,1.4090909090909092],[122.52631578947368,1.4736842105263157],[122.18181818181819,1.0],[121.71428571428572,0.7142857142857142],[121.5,1.0],[121.73333333333333,1.2666666666666666],[122.44444444444444,1.5555555555555554],[122.23529411764704,2.0],[122.38095238095238,2.6190476190476186],[123.0,3.0],[124.0,3.3333333333333335],[125.0,3.2],[125.47058823529412,3.5294117647058822],[125.76470588235293,4.235294117647059],[126.0,4.333333333333334],[127.0,4.4],[127.18181818181819,4.0],[126.63636363636363,3.6363636363636362],[126.36363636363636,3.6363636363636362],[126.36363636363636,3.3636363636363633],[126.0,2.8181818181818183],[124.0,2.9000000000000004],[123.5609756097561,2.439024390243903],[123.5909090909091,2.0]]],[[[109.80952380952382,2.1904761904761907],[109.0,2.2666666666666666],[108.47058823529412,2.4705882352941178],[108.15384615384616,3.0],[108.2,3.2],[107.8,4.0],[107.86666666666666,4.133333333333333],[109.0,4.285714285714286],[109.35714285714286,4.642857142857142],[110.0,4.823529411764706],[110.61904761904762,4.619047619047619],[110.875,4.0],[110.84615384615384,3.1538461538461537],[110.66666666666667,2.666666666666667],[111.0,2.0],[110.33333333333334,2.3333333333333335],[109.80952380952382,2.1904761904761907]]],[[[117.4,8.4],[117.5,7.5],[117.0,7.5],[116.0,8.0],[117.0,8.5],[117.4,8.4]]],[[[122.0,12.5],[122.33333333333334,12.333333333333334],[122.5,12.0],[122.33333333333334,11.0],[122.5,10.5],[123.0,10.0],[123.0,9.0],[122.0,8.0],[121.0,8.0],[121.33333333333334,7.333333333333334],[121.25,7.0],[120.7142857142857,6.7142857142857135],[120.0,7.0],[120.0,6.0],[119.0,6.0],[118.4,6.4],[117.66666666666667,6.666666666666667],[117.5,7.0],[117.5,7.5],[118.0,7.5],[118.26666666666667,7.733333333333333],[118.26666666666667,8.266666666666666],[118.0,9.0],[117.33333333333334,9.333333333333334],[117.20000000000002,10.0],[117.26666666666667,10.266666666666666],[116.66666666666667,11.0],[116.60000000000001,11.600000000000001],[116.80000000000001,13.0],[117.0,13.25],[117.10909090909092,13.89090909090909],[117.09836065573771,14.901639344262295],[117.22222222222223,15.222222222222221],[117.10526315789474,15.894736842105264],[117.57142857142858,16.42857142857143],[118.15384615384616,16.846153846153847],[119.0,16.818181818181817],[119.10588235294118,16.105882352941176],[119.29508196721311,15.704918032786885],[119.26415094339623,15.264150943396228],[120.0,15.044444444444444],[120.07272727272726,14.072727272727272],[120.57142857142856,14.0],[121.0,13.625],[121.19999999999999,13.2],[121.92307692307692,12.923076923076923],[122.0,12.5]],[[121.75,10.0],[121.3,10.3],[120.80645161290322,10.193548387096774],[120.72727272727272,9.727272727272727],[121.0,9.0],[121.5,9.5],[121.75,10.0]]],[[[108.0,35.66666666666667],[107.71428571428571,35.71428571428571],[107.66666666666667,36.0],[107.77777777777777,36.22222222222222],[108.0,36.333333333333336],[108.26666666666667,36.733333333333334],[109.0,36.833333333333336],[109.75,36.75],[110.26666666666667,36.266666666666666],[110.33333333333334,36.0],[109.625,35.0],[109.45454545454545,34.54545454545455],[109.0,34.285714285714285],[108.52380952380952,34.52380952380952],[108.0,35.66666666666667]]],[[[110.7,38.3],[111.0,38.6],[111.41379310344827,38.41379310344828],[111.66666666666667,38.0],[111.42857142857144,37.57142857142858],[111.00000000000001,37.333333333333336],[110.625,37.625],[110.7,38.3]]],[[[179.0,73.5],[177.44444444444443,73.44444444444444],[177.0,73.66666666666666],[176.63636363636363,73.36363636363636],[176.28571428571428,72.71428571428571],[176.0,72.6],[175.66666666666669,72.66666666666667],[175.0,73.0],[174.5,72.5],[174.0,72.28571428571429],[173.0,72.5],[171.66666666666669,72.33333333333334],[170.375,72.375],[169.0,72.8],[168.0,72.375],[167.0,72.28571428571429],[166.56521739130432,72.56521739130434],[166.0,73.4],[165.0,74.0],[165.6470588235294,74.35294117647058],[165.9,75.0],[165.42857142857144,75.42857142857143],[164.58823529411765,75.58823529411764],[164.0,76.0],[162.5483870967742,76.54838709677419],[162.2162162162162,77.21621621621622],[162.0,77.33333333333334],[161.0,77.4],[160.8095238095238,77.19047619047619],[160.75,76.75],[161.3846153846154,76.38461538461539],[161.78571428571428,75.78571428571428],[162.6470588235294,75.6470588235294],[163.30769230769232,75.30769230769232],[163.33333333333331,75.0],[162.76923076923077,74.23076923076923],[162.46153846153845,73.53846153846155],[161.86666666666667,73.13333333333334],[161.33333333333334,73.0],[162.0,72.5],[162.26666666666665,72.73333333333333],[163.0,72.76923076923076],[163.61904761904762,72.61904761904762],[164.22222222222223,72.22222222222223],[164.33333333333334,72.0],[164.26666666666665,71.73333333333333],[163.71428571428572,71.0],[163.83333333333334,70.83333333333333],[163.8421052631579,70.0],[163.61904761904762,69.38095238095238],[163.0,69.2],[162.0,69.4814814814815],[161.67088607594934,69.32911392405063],[161.45901639344262,68.54098360655738],[160.92857142857144,68.07142857142857],[160.7948717948718,67.2051282051282],[160.4375,66.5625],[159.8235294117647,66.1764705882353],[159.75,66.0],[159.11320754716982,65.88679245283019],[159.0,65.3076923076923],[158.47058823529412,65.47058823529412],[158.0,66.0],[157.33333333333334,66.33333333333334],[157.0,67.33333333333334],[156.57894736842104,67.57894736842104],[156.0,68.4],[154.85714285714286,68.85714285714286],[154.57142857142856,70.0],[154.625,70.375],[155.0,71.0],[154.22222222222223,71.22222222222221],[152.125,71.125],[151.71428571428572,71.28571428571428],[151.28571428571428,71.28571428571428],[151.32,71.67999999999999],[151.0,72.22222222222223],[150.69230769230768,72.0],[150.5,71.5],[150.0,71.18181818181817],[149.5,71.5],[149.11111111111111,72.11111111111111],[146.0952380952381,72.09523809523809],[144.0,72.33333333333334],[142.8918918918919,72.10810810810811],[142.46666666666667,71.53333333333333],[142.0,71.36363636363636],[141.69230769230768,71.0],[141.8421052631579,70.0],[142.0,69.8125],[142.76,69.75999999999999],[143.46153846153848,69.46153846153847],[143.75,69.0],[143.0,68.33333333333334],[142.0,68.4090909090909],[141.35714285714286,68.0],[140.7,67.3],[140.35555555555555,66.64444444444445],[140.0,66.27272727272727],[139.0,66.22222222222223],[138.55555555555554,66.0],[138.52941176470588,65.52941176470588],[139.0,65.0],[138.0,65.0],[137.45833333333331,65.45833333333333],[137.0,65.52380952380952],[135.8,65.2],[132.86206896551724,65.13793103448276],[132.28571428571428,64.71428571428571],[131.6969696969697,64.6969696969697],[131.11764705882354,64.88235294117646],[130.0,64.75],[129.0,64.46666666666667],[128.0,64.5],[127.76271186440678,64.23728813559322],[127.0,64.1025641025641],[125.87096774193549,64.12903225806451],[125.66666666666669,64.0],[125.38095238095238,63.61904761904762],[125.17391304347825,62.82608695652174],[124.73333333333335,62.266666666666666],[124.69230769230768,62.0],[124.32727272727271,61.67272727272727],[123.64864864864865,61.35135135135135],[123.31578947368422,61.0],[123.25531914893617,60.74468085106383],[122.75,60.25],[122.53846153846155,59.53846153846154],[123.12903225806453,59.12903225806451],[123.5609756097561,58.5609756097561],[124.6,58.0],[124.63636363636363,57.63636363636364],[125.0,57.66666666666667],[125.47058823529412,57.470588235294116],[126.0,57.0],[126.0,56.0],[126.49056603773585,54.490566037735846],[126.8125,54.0],[127.0,53.0],[126.76470588235294,51.23529411764706],[126.32000000000001,51.32],[125.85964912280701,51.14035087719298],[125.80952380952381,51.0],[126.1951219512195,50.80487804878049],[126.87878787878789,50.878787878787875],[127.0,50.714285714285715],[128.0,50.81818181818182],[128.3,50.0],[128.24242424242425,48.75757575757576],[127.8125,48.1875],[127.80000000000001,48.00000000000001],[128.37735849056605,47.377358490566046],[128.43478260869566,47.0],[128.11111111111111,46.0],[127.5609756097561,45.4390243902439],[127.5609756097561,45.0],[127.22885572139303,44.77114427860697],[127.0,44.41025641025641],[126.05882352941177,44.0],[125.0,44.0],[124.44444444444443,43.55555555555555],[124.33333333333333,43.0],[123.86046511627907,42.860465116279066],[123.0,43.0],[123.075,42.0],[122.4,41.6],[122.0,40.9811320754717],[121.0327868852459,40.9672131147541],[120.60000000000001,40.4],[120.63157894736841,40.0],[120.33333333333334,39.0],[120.11290322580646,38.88709677419355],[120.0,38.36363636363636],[119.68,38.32],[119.69230769230771,38.0],[119.14516129032258,37.854838709677416],[119.0,37.0],[118.0,37.0],[117.47058823529412,37.47058823529412],[116.65217391304347,37.65217391304348],[116.5,38.0],[116.63636363636364,38.36363636363636],[117.0,38.5],[117.21621621621622,38.78378378378378],[117.20000000000002,40.0],[117.51515151515152,40.484848484848484],[119.0,40.66666666666667],[120.0,41.2],[120.66666666666667,41.333333333333336],[121.57142857142858,43.42857142857143],[122.27586206896552,43.724137931034484],[122.33333333333334,44.0],[122.69230769230771,44.30769230769231],[123.47826086956522,44.52173913043479],[123.78571428571429,45.0],[123.35483870967744,45.35483870967742],[122.0,45.5],[120.7948717948718,45.205128205128204],[120.0,44.785714285714285],[119.60714285714285,44.392857142857146],[119.80434782608695,43.0],[119.6470588235294,42.647058823529406],[119.74193548387096,42.25806451612903],[119.35294117647058,42.35294117647059],[118.1,42.0],[117.63265306122449,41.367346938775505],[117.18181818181819,41.0],[117.44444444444444,40.55555555555556],[117.0,40.5],[116.5,39.5],[116.00000000000001,39.2],[115.46153846153848,39.46153846153847],[115.2,40.0],[115.35294117647058,40.647058823529406],[115.6,41.0],[115.0,41.333333333333336],[114.0,41.42857142857143],[113.23529411764707,40.76470588235294],[112.0,40.333333333333336],[111.625,40.625],[111.58620689655172,41.41379310344828],[112.17391304347825,41.826086956521735],[112.25,43.25],[112.0,43.5],[111.55555555555554,43.55555555555555],[111.33333333333334,44.333333333333336],[111.0,44.5],[110.71428571428571,44.285714285714285],[110.6,44.0],[111.0,43.33333333333333],[111.4,43.400000000000006],[111.33333333333334,43.0],[111.0,42.666666666666664],[110.80952380952382,42.19047619047619],[110.0,41.0],[109.0,39.8],[107.8,39.8],[107.0,40.0],[106.73913043478261,39.26086956521739],[106.0,39.0],[105.91489361702128,38.08510638297872],[105.5,38.0],[105.33333333333334,37.0],[106.0,36.0],[105.80952380952381,34.80952380952381],[106.0,34.0],[105.66666666666667,33.333333333333336],[105.71428571428572,33.0],[105.55555555555554,32.55555555555555],[106.4,32.4],[106.60000000000001,31.6],[107.0,31.5],[107.15384615384616,31.846153846153847],[107.99999999999999,31.909090909090907],[108.86206896551724,31.862068965517242],[109.0,31.714285714285715],[110.0,31.6],[110.26666666666667,31.733333333333334],[110.66666666666667,32.333333333333336],[111.0,32.5],[112.0,32.6],[112.46153846153847,32.46153846153846],[113.0,32.0],[114.0,32.0],[114.0,31.0],[114.5,30.5],[114.66666666666667,30.000000000000004],[114.0,29.0],[114.0,28.0],[114.22222222222223,27.22222222222222],[114.5,27.0],[114.5,26.5],[114.0,26.0],[113.5,24.5],[112.875,24.125],[112.66666666666669,23.666666666666668],[112.66666666666669,23.333333333333336],[112.33333333333334,23.333333333333336],[112.0,23.166666666666668],[110.66666666666667,23.333333333333336],[110.0,23.0],[110.46153846153847,22.461538461538463],[110.6,22.0],[109.80952380952382,21.19047619047619],[109.83333333333334,21.0],[109.5,20.5],[109.0,20.285714285714285],[108.28571428571428,20.285714285714285],[107.66666666666667,20.666666666666668],[107.5,21.0],[107.17391304347825,21.173913043478258],[106.33333333333333,21.0],[106.33333333333333,20.0],[106.69230769230771,19.692307692307693],[106.61904761904762,19.38095238095238],[106.71428571428572,19.0],[106.48780487804878,18.51219512195122],[106.0,18.23076923076923],[105.0,18.25],[104.5,18.0],[104.6923076923077,17.692307692307693],[104.6923076923077,17.0],[104.4090909090909,16.59090909090909],[104.0,16.5],[103.67857142857143,16.0],[103.63265306122449,15.632653061224488],[104.0,15.0],[104.61904761904762,14.619047619047619],[105.0,14.555555555555555],[105.2,14.8],[106.0,14.896551724137932],[108.0,14.8],[108.60000000000001,14.600000000000001],[109.0,13.8],[110.3939393939394,13.393939393939394],[110.70491803278688,12.704918032786885],[110.76923076923076,12.0],[110.64705882352939,11.352941176470587],[110.25,11.0],[110.24000000000001,10.760000000000002],[110.0,10.571428571428573],[109.0,10.4],[108.0,11.0],[107.0,10.75],[106.28571428571428,11.285714285714285],[105.76470588235294,11.235294117647058],[105.47619047619047,10.523809523809524],[104.77777777777777,10.222222222222221],[104.6923076923077,9.692307692307693],[105.0,9.5],[105.28571428571428,9.714285714285714],[106.00000000000001,9.8],[106.6470588235294,9.647058823529411],[107.28571428571428,9.285714285714285],[107.5,9.0],[107.28571428571428,8.714285714285714],[106.6470588235294,8.352941176470587],[106.00000000000001,8.200000000000001],[105.35294117647058,8.352941176470587],[105.0,8.6],[104.55555555555556,8.555555555555555],[104.0,9.0],[103.0,9.333333333333334],[102.0,9.399999999999999],[101.87878787878788,9.121212121212121],[99.0,9.0],[99.83333333333333,8.833333333333334],[100.0,8.333333333333334],[100.33333333333333,8.0],[101.42857142857143,7.428571428571429],[102.6,6.6000000000000005],[103.3,6.300000000000001],[104.0,5.0],[103.3030303030303,4.696969696969697],[101.0,4.75],[100.5,5.0],[100.33333333333334,5.333333333333334],[99.66666666666667,5.666666666666667],[98.80000000000001,5.8],[98.3,6.300000000000001],[97.71428571428571,6.7142857142857135],[97.0,7.0],[96.5,7.5],[95.0,8.5625],[94.67441860465118,8.674418604651162],[94.16,9.16],[92.80645161290323,9.806451612903226],[91.0,11.571428571428571],[90.0,12.0],[89.60000000000001,12.6],[89.0,12.75],[87.0,12.875],[86.5,13.0],[86.0,13.333333333333334],[85.0,13.25],[82.66666666666666,14.0],[81.68421052631578,14.684210526315788],[81.0,14.9],[79.91304347826086,14.913043478260871],[79.30769230769232,15.307692307692307],[76.91999999999999,15.92],[76.47058823529412,16.470588235294116],[76.0,16.666666666666664],[75.0,16.57142857142857],[74.0,16.714285714285715],[73.5,17.0],[73.30769230769232,17.30769230769231],[72.625,17.625],[70.5,18.0],[70.0,18.333333333333336],[69.0,18.6],[68.18181818181819,19.18181818181818],[67.0,19.6],[66.0,20.25],[64.6923076923077,20.692307692307693],[63.0,21.666666666666668],[62.0,22.0],[61.0,22.0],[60.28571428571428,21.714285714285715],[60.099999999999994,20.9],[60.0,20.8],[59.9,20.9],[60.00000000000001,22.666666666666668],[60.25,22.75],[60.25,23.0],[61.0,24.0],[61.77777777777777,24.22222222222222],[62.0,24.4],[63.0,24.5],[64.0,25.0],[66.3157894736842,25.684210526315788],[68.4,26.6],[69.0,27.0],[69.86666666666667,27.133333333333333],[70.4,27.6],[72.48275862068965,28.517241379310345],[73.0,29.0],[73.66666666666667,29.333333333333336],[73.88235294117646,30.11764705882353],[74.75,31.0],[75.0,33.0],[74.57142857142857,34.0],[74.42857142857142,35.0],[71.0,35.45],[68.0,35.0],[67.48484848484848,34.515151515151516],[67.0,34.36],[66.33333333333334,34.333333333333336],[66.0,34.44444444444444],[65.84615384615384,34.15384615384615],[65.0,34.0],[64.51351351351352,33.48648648648649],[62.0,32.6],[61.0,32.0],[60.0,32.0],[58.0,32.75],[57.0,32.77777777777778],[56.0,33.0],[55.0,33.0],[54.66666666666667,33.66666666666667],[54.333333333333336,33.66666666666667],[53.75,34.0],[54.0,35.0],[55.400000000000006,35.400000000000006],[56.0,35.0],[56.0,36.0],[57.44444444444444,36.55555555555556],[58.0,38.0],[57.66666666666667,39.0],[57.75,40.0],[58.0,40.199999999999996],[59.0,40.5],[59.333333333333336,40.333333333333336],[60.0,40.357142857142854],[61.19047619047619,40.80952380952381],[62.230769230769226,41.76923076923077],[62.8421052631579,43.15789473684211],[64.1875,43.8125],[65.0,45.199999999999996],[65.75,47.0],[65.81818181818181,48.0],[66.0,48.5],[66.4,48.60000000000001],[66.84615384615385,49.15384615384615],[67.0,52.0],[66.8,53.0],[67.0,53.25],[68.0,53.0],[68.5,52.5],[69.0,52.33333333333333],[69.5,52.5],[70.0,53.0],[69.5,53.5],[68.71428571428571,53.71428571428571],[68.60000000000001,54.400000000000006],[69.0,55.0],[69.0,56.0],[68.0,56.0],[67.66666666666667,56.66666666666667],[67.33333333333334,56.66666666666667],[66.92,56.919999999999995],[66.83333333333333,57.16666666666667],[67.0,58.0],[66.60000000000001,58.60000000000001],[66.8,59.2],[67.44444444444444,59.55555555555555],[67.77777777777777,60.22222222222222],[68.0,60.333333333333336],[68.25,60.25],[68.25,60.0],[68.53846153846155,59.53846153846154],[69.30769230769232,59.307692307692314],[69.63636363636364,58.63636363636364],[70.0,58.33333333333333],[71.0,58.0],[71.0,57.0],[71.5,57.5],[72.0,57.5],[73.0,58.0],[71.57142857142858,58.57142857142858],[71.375,59.375],[70.80000000000001,59.8],[70.36363636363636,60.36363636363636],[70.25,61.0],[70.0,61.5],[69.5,61.5],[69.0,62.0],[69.0,63.0],[68.4,62.6],[67.71428571428571,62.714285714285715],[67.66666666666666,63.0],[67.25,63.25],[67.0,64.0],[67.3076923076923,64.6923076923077],[68.0,64.81818181818181],[68.71428571428571,64.71428571428571],[69.0,64.33333333333333],[69.19047619047619,65.19047619047619],[69.0,66.0],[69.80952380952381,65.80952380952381],[70.28571428571428,66.0],[70.44444444444444,66.55555555555556],[71.0,67.0],[71.83333333333334,66.83333333333333],[75.11428571428571,66.88571428571429],[75.36363636363637,67.36363636363636],[75.36363636363637,67.63636363636364],[75.63636363636364,67.63636363636364],[76.5,68.0],[76.6923076923077,68.3076923076923],[77.0,68.5],[77.44444444444444,69.55555555555554],[78.0,70.0],[79.0,69.71428571428571],[79.30769230769232,69.6923076923077],[80.0,70.0],[80.71428571428572,69.71428571428572],[81.23529411764706,69.76470588235294],[83.0,70.33333333333333],[84.0,71.0],[84.5,70.5],[84.5,70.0],[85.0,69.0],[86.0,69.0],[85.5,69.5],[85.60000000000001,70.4],[86.0,70.5],[86.30769230769232,70.3076923076923],[86.53846153846155,69.53846153846155],[87.0,69.4],[87.46153846153847,69.53846153846155],[87.8,70.2],[89.0,71.0],[91.0,71.0],[92.0,72.33333333333334],[94.0,72.75],[95.0,72.75],[95.57142857142857,72.57142857142857],[96.0,72.25],[96.42857142857143,72.57142857142857],[96.99999999999999,72.69999999999999],[98.0,72.36363636363637],[99.0,72.22222222222223],[100.0,72.66666666666667],[100.46153846153847,72.46153846153845],[100.75,72.0],[100.92727272727272,71.92727272727272],[102.0,72.0],[103.0,71.63636363636364],[104.18181818181819,71.81818181818181],[104.55555555555556,72.44444444444444],[105.14285714285714,72.85714285714286],[106.0,72.9090909090909],[106.81818181818181,72.81818181818181],[106.81818181818181,72.18181818181819],[107.0,71.5],[107.23529411764706,71.76470588235294],[107.33333333333334,72.66666666666667],[108.60000000000001,73.4],[110.21052631578948,73.78947368421052],[112.0,73.86666666666667],[113.23529411764707,73.76470588235294],[114.0,74.0],[115.0,73.6],[116.0,73.71428571428572],[117.0,73.5],[118.0,73.5],[118.4,73.4],[119.0,73.0],[118.4,72.6],[117.0,72.5],[116.85185185185185,72.14814814814815],[116.87878787878788,71.87878787878788],[117.00000000000001,71.8],[118.75,71.75],[119.0,71.6],[119.12903225806451,71.87096774193549],[120.0,72.0],[123.0,72.0],[122.36363636363637,72.36363636363636],[121.60000000000001,72.6],[121.0,73.0],[121.0,74.0],[120.0,74.0],[119.5,74.5],[119.25,75.0],[119.57142857142857,75.42857142857143],[120.0,75.6],[121.0,75.0],[123.42857142857143,75.57142857142858],[124.0,75.625],[124.45454545454544,75.45454545454545],[124.71428571428572,75.0],[124.45454545454544,74.54545454545453],[123.6470588235294,74.35294117647058],[123.0,74.0],[123.60000000000001,73.60000000000001],[125.28571428571428,73.28571428571428],[126.0,73.0],[126.63636363636363,73.36363636363636],[127.36363636363637,73.36363636363636],[128.0,73.0],[127.0,72.0],[128.0,71.6],[128.44444444444443,71.55555555555554],[129.0,72.0],[129.0,71.0],[130.0,71.0],[130.25,71.75],[130.16666666666669,72.0],[130.28571428571428,72.28571428571428],[130.0,73.0],[130.71428571428572,72.71428571428571],[131.17391304347825,72.82608695652173],[131.44444444444443,73.55555555555554],[132.0,74.0],[133.0,73.6],[135.0,73.625],[135.33333333333334,74.33333333333334],[135.33333333333334,74.66666666666667],[135.63636363636363,74.63636363636363],[136.57142857142856,75.0],[136.4,75.4],[135.76470588235293,75.76470588235294],[135.66666666666666,76.0],[135.71428571428572,76.28571428571428],[136.0,76.5],[139.0,76.71428571428571],[140.0,76.6],[143.0,76.66666666666667],[143.20000000000002,77.0],[143.16666666666666,77.16666666666666],[142.77777777777777,77.77777777777777],[142.6,78.60000000000001],[142.0,79.0],[149.92857142857142,79.07142857142857],[153.0,79.28125],[159.05309734513276,79.05309734513274],[159.8581560283688,79.1418439716312],[160.2,79.0],[160.3859649122807,78.3859649122807],[161.06666666666666,78.06666666666668],[164.11607142857142,78.11607142857143],[164.76470588235293,78.0],[164.75757575757575,77.75757575757575],[165.0,77.42857142857143],[167.0,77.0],[167.5,78.0],[167.55555555555554,78.44444444444444],[168.0,78.5],[169.7142857142857,78.28571428571428],[171.0,78.33333333333334],[171.38095238095238,78.61904761904762],[172.0,78.81818181818181],[175.1818181818182,78.81818181818181],[175.5,79.0],[175.44444444444446,79.44444444444443],[175.0,79.4],[174.0,80.0],[175.6,80.0],[175.55555555555554,79.55555555555554],[176.40000000000003,79.4],[179.28571428571428,79.28571428571428],[179.75,79.0],[180.0,78.66666666666667],[180.0,72.6],[179.70731707317074,72.70731707317074],[179.35294117647058,73.35294117647058],[179.0,73.5]],[[125.4,56.400000000000006],[124.63636363636363,56.36363636363637],[124.6,56.0],[124.8095238095238,55.80952380952381],[126.0,56.0],[125.4,56.400000000000006]],[[124.0,56.599999999999994],[124.36363636363636,56.63636363636364],[124.36363636363636,57.36363636363637],[124.0,57.4],[123.77777777777777,57.22222222222222],[123.0,57.0],[123.77777777777777,56.77777777777778],[124.0,56.599999999999994]],[[125.67272727272727,47.67272727272727],[126.0,47.30769230769231],[126.42857142857142,48.0],[126.3103448275862,48.310344827586206],[126.0,48.42857142857143],[125.75999999999999,48.239999999999995],[125.67272727272727,47.67272727272727]],[[119.3,39.0],[119.0,39.333333333333336],[118.84615384615385,38.84615384615385],[119.28571428571428,38.71428571428571],[119.3,39.0]],[[72.33333333333334,51.66666666666667],[72.5,52.0],[72.33333333333334,52.33333333333334],[71.66666666666667,52.33333333333334],[71.0,52.0],[71.66666666666667,51.66666666666667],[72.33333333333334,51.66666666666667]],[[74.63636363636363,55.63636363636364],[75.0,55.5],[75.28571428571428,55.71428571428571],[75.4,56.0],[75.0,56.66666666666667],[74.33333333333333,56.0],[74.63636363636363,55.63636363636364]],[[99.22222222222223,68.22222222222223],[98.44444444444444,68.44444444444444],[98.0,69.0],[97.33333333333334,70.33333333333334],[97.0,70.66666666666666],[96.0,70.0],[96.25,69.0],[96.57142857142858,68.57142857142857],[97.0,68.25],[97.25,68.25],[97.33333333333333,68.0],[98.0,67.33333333333333],[99.0,67.0],[99.63636363636363,66.63636363636364],[101.0,66.5],[101.36363636363637,66.63636363636364],[101.28571428571428,67.0],[101.0,67.28571428571429],[99.53846153846155,67.53846153846155],[99.22222222222223,68.22222222222223]],[[101.66666666666667,65.66666666666667],[102.0,65.5],[102.44444444444443,65.55555555555556],[103.0,66.0],[101.63636363636364,66.36363636363637],[101.5,66.0],[101.66666666666667,65.66666666666667]],[[106.0,65.0],[104.75,65.25],[104.0,65.0],[105.0,64.71428571428572],[105.25,64.75],[106.0,65.0]],[[121.61904761904762,57.61904761904762],[122.0,57.55555555555556],[122.30769230769232,57.69230769230769],[122.5,58.5],[122.77777777777779,59.0],[122.45161290322581,59.45161290322581],[121.82051282051282,59.17948717948718],[121.61111111111111,58.611111111111114],[121.66666666666669,58.33333333333334],[121.33333333333333,58.0],[121.61904761904762,57.61904761904762]],[[156.8181818181818,72.81818181818181],[157.0,72.4],[157.4,72.6],[157.6,73.0],[157.15384615384616,73.15384615384616],[156.86363636363637,73.0],[156.8181818181818,72.81818181818181]],[[105.0,31.333333333333332],[105.5,31.5],[105.66666666666666,32.0],[105.47058823529412,32.470588235294116],[105.0,32.44444444444444],[104.42857142857142,32.0],[105.0,31.333333333333332]],[[110.0,28.333333333333332],[111.0,29.0],[110.66666666666667,30.0],[110.0,30.4],[109.0,30.285714285714285],[108.86206896551724,30.13793103448276],[107.15384615384616,30.153846153846153],[107.0,30.5],[106.5,30.5],[106.0,31.0],[106.0,30.0],[105.0,30.0],[105.0,29.0],[105.46153846153847,28.461538461538463],[105.6,28.0],[106.0,27.714285714285715],[106.33333333333334,27.666666666666668],[107.0,28.0],[107.4,29.6],[108.0,29.8],[109.0,29.75],[109.5,29.5],[109.75,29.0],[109.71428571428571,28.71428571428571],[110.0,28.333333333333332]],[[118.0,50.0],[118.8,49.8],[119.77777777777777,49.77777777777778],[120.22222222222223,49.77777777777778],[120.5,50.0],[120.44444444444443,50.44444444444444],[119.75,50.75],[119.60000000000001,51.400000000000006],[120.4,51.400000000000006],[122.0,50.33333333333333],[122.36363636363637,51.36363636363636],[122.0,52.0],[123.0,52.0],[123.3,53.7],[123.5,54.0],[123.57142857142857,54.42857142857143],[124.0,54.6],[124.15384615384615,54.84615384615384],[124.19047619047618,55.19047619047619],[124.0,55.400000000000006],[123.77777777777777,55.22222222222222],[123.0,55.0],[122.73913043478261,54.26086956521739],[122.8235294117647,54.0],[122.68421052631578,53.684210526315795],[122.73333333333332,53.266666666666666],[122.26666666666667,53.266666666666666],[121.33333333333333,53.0],[121.4,52.6],[121.0,52.0],[120.2,52.2],[119.5,52.0],[119.44444444444443,51.55555555555556],[119.0,51.5],[118.69230769230771,50.69230769230769],[118.77777777777777,50.22222222222222],[118.0,50.0]],[[120.7142857142857,47.71428571428571],[121.0,47.599999999999994],[121.14814814814815,47.85185185185185],[121.5,48.0],[121.0,48.5],[120.5,48.0],[120.7142857142857,47.71428571428571]]],[[[130.0,52.125],[130.0,51.833333333333336],[129.875,51.875],[129.39285714285714,51.60714285714286],[128.72151898734177,51.721518987341774],[128.72500000000002,52.275000000000006],[129.0,52.6875],[129.5,52.5],[130.0,52.125]]],[[[128.31428571428572,56.31428571428572],[128.59322033898306,55.59322033898305],[129.26086956521738,55.26086956521739],[129.5,55.0],[129.41860465116278,54.581395348837205],[129.0,54.30769230769231],[128.60000000000002,54.6],[127.875,54.875],[127.66153846153847,56.33846153846154],[128.0,56.611111111111114],[128.31428571428572,56.31428571428572]]],[[[127.13793103448276,56.86206896551724],[126.0,57.0],[127.0,57.66666666666667],[127.28571428571428,57.28571428571428],[127.13793103448276,56.86206896551724]]],[[[178.0,71.5],[179.0,71.33333333333333],[179.0,70.81818181818181],[175.78947368421052,70.78947368421052],[175.0,71.0],[175.66666666666669,71.33333333333334],[176.53846153846155,71.46153846153847],[178.0,71.5]]],[[[139.4,77.6],[139.0,77.5],[138.0,77.66666666666667],[137.66666666666669,78.0],[138.0,78.2],[139.0,78.33333333333334],[140.0,78.0],[139.4,77.6]]]]}}]}