{"type":"FeatureCollection","features":[{"type":"Feature","properties":{"ageMa":90},"geometry":{"type":"MultiPolygon","coordinates":[[[[-55.0,-83.71428571428571],[-57.0,-83.44444444444444],[-58.0,-83.15384615384615],[-59.5,-83.0],[-51.0,-82.38461538461539],[-48.77777777777778,-82.77777777777777],[-48.33333333333333,-83.0],[-50.55555555555555,-83.44444444444443],[-53.75,-83.75],[-55.0,-83.71428571428571]]],[[[-38.0,-81.5],[-38.25,-82.0],[-39.0,-82.25],[-39.206896551724135,-82.20689655172413],[-39.68,-81.68],[-40.0,-81.55555555555556],[-41.5,-81.5],[-43.0,-81.14285714285715],[-43.199999999999996,-81.0],[-42.0,-80.86666666666667],[-41.0,-80.5909090909091],[-40.0,-80.5],[-38.6,-80.60000000000001],[-38.22222222222222,-80.77777777777777],[-37.66666666666667,-80.66666666666667],[-37.0,-81.0],[-38.0,-81.5]]],[[[-157.4,-81.4],[-157.5,-81.0],[-157.0,-80.66666666666667],[-156.0,-81.0],[-156.4,-81.60000000000001],[-157.0,-81.75],[-157.4,-81.4]]],[[[-19.176470588235293,-79.8235294117647],[-18.625,-80.0],[-18.684210526315788,-80.3157894736842],[-19.0,-80.6],[-19.6,-80.0],[-19.176470588235293,-79.8235294117647]]],[[[-80.0,-78.2],[-82.0,-78.6875],[-82.44,-78.44],[-82.66666666666667,-77.0],[-81.0,-76.65],[-79.65714285714286,-76.65714285714286],[-79.14285714285715,-77.0],[-78.14285714285714,-78.0],[-78.63636363636364,-78.36363636363636],[-79.0,-78.42857142857143],[-80.0,-78.2]]],[[[-19.0,-77.33333333333333],[-19.240000000000002,-77.24],[-19.375,-77.0],[-19.153846153846153,-76.84615384615384],[-18.264150943396224,-76.73584905660377],[-17.22222222222222,-76.77777777777777],[-16.0,-76.60526315789474],[-15.655172413793103,-76.65517241379311],[-15.0625,-77.0],[-15.523809523809522,-77.47619047619048],[-16.714285714285715,-77.71428571428571],[-19.0,-77.33333333333333]]],[[[-14.916666666666666,-77.0],[-14.0,-76.56],[-13.352941176470587,-77.0],[-13.592592592592592,-77.4074074074074],[-14.0,-77.57894736842105],[-14.44,-77.44],[-14.916666666666666,-77.0]]],[[[-78.27272727272727,-76.27272727272728],[-78.6,-76.0],[-78.0,-75.82352941176471],[-77.4,-76.0],[-78.27272727272727,-76.27272727272728]]],[[[-100.27692307692308,-74.72307692307692],[-100.0,-74.55],[-97.71830985915493,-74.71830985915493],[-96.5,-75.0],[-100.30769230769232,-75.69230769230771],[-101.0,-76.0],[-101.5,-75.5],[-101.71428571428572,-75.0],[-100.27692307692308,-74.72307692307692]]],[[[-143.82159624413146,-75.17840375586854],[-144.0,-75.41304347826087],[-147.0762711864407,-75.0],[-144.0,-74.84552845528455],[-143.82159624413146,-75.17840375586854]]],[[[-122.27848101265823,-74.27848101265823],[-122.18487394957984,-73.81512605042016],[-122.0,-73.70535714285714],[-120.0,-73.6774193548387],[-119.77591036414566,-73.77591036414566],[-119.67213114754098,-74.0],[-119.6911196911197,-74.3088803088803],[-120.0,-74.56338028169014],[-122.0,-74.6],[-122.27848101265823,-74.27848101265823]]],[[[-64.22222222222223,-68.77777777777777],[-64.8125,-68.8125],[-65.08,-68.92],[-65.15,-69.15],[-60.75,-69.75],[-59.5,-70.5],[-59.0,-71.0],[-60.0,-71.5],[-60.33333333333334,-72.0],[-59.39130434782609,-72.3913043478261],[-59.0,-73.21428571428571],[-58.44444444444444,-73.44444444444444],[-58.27777777777777,-74.27777777777777],[-58.0,-74.83333333333333],[-57.27906976744186,-75.27906976744185],[-55.79166666666667,-75.20833333333333],[-55.160000000000004,-73.84],[-55.0,-73.71428571428572],[-54.0,-74.0],[-53.5,-75.0],[-52.0,-75.3076923076923],[-51.550000000000004,-75.55],[-51.1,-76.0],[-51.05405405405405,-77.05405405405406],[-50.75,-77.0],[-50.42857142857143,-76.57142857142857],[-50.0,-76.5],[-48.81818181818181,-76.81818181818181],[-48.666666666666664,-77.0],[-49.372093023255815,-77.62790697674419],[-49.36363636363636,-78.0],[-49.32,-78.32],[-49.0,-78.66666666666667],[-48.7037037037037,-78.7037037037037],[-48.5,-79.0],[-48.63636363636364,-79.36363636363636],[-51.0,-79.33333333333334],[-52.99999999999999,-79.91666666666666],[-53.6875,-80.3125],[-54.0,-80.34482758620689],[-55.0,-80.38461538461539],[-58.0,-80.1],[-59.0,-80.2051282051282],[-60.5,-80.0],[-60.578947368421055,-79.57894736842105],[-61.0,-79.2],[-62.0,-79.0],[-60.0,-78.875],[-59.0,-78.5],[-57.0,-78.25],[-56.83333333333333,-78.0],[-57.1,-77.0],[-57.65384615384615,-76.65384615384616],[-59.2,-76.2],[-60.0,-75.6],[-61.0,-75.4],[-62.42553191489361,-75.57446808510637],[-65.0,-75.47826086956522],[-67.0,-75.82142857142857],[-68.0,-75.6551724137931],[-68.29850746268656,-75.70149253731343],[-68.71428571428571,-76.0],[-68.8,-76.2],[-69.42553191489361,-76.57446808510637],[-70.0,-76.72413793103448],[-72.0,-76.26315789473685],[-73.0,-76.28571428571428],[-74.0,-76.47619047619048],[-75.4,-76.4],[-76.5,-76.0],[-74.16666666666667,-75.0],[-74.77777777777777,-74.77777777777777],[-76.0,-74.61904761904762],[-84.0,-74.25],[-86.73684210526316,-74.26315789473685],[-90.0,-74.72727272727272],[-90.57894736842104,-74.57894736842105],[-91.15384615384616,-74.15384615384615],[-93.0,-74.0],[-91.0,-73.93103448275863],[-90.0,-73.74193548387098],[-84.2,-73.8],[-81.0,-73.5],[-76.0,-73.27777777777777],[-74.0,-72.83333333333333],[-72.0,-72.66666666666667],[-71.66666666666667,-72.66666666666667],[-71.6,-73.0],[-71.24000000000001,-73.24000000000001],[-71.0,-73.25],[-70.83783783783784,-73.16216216216216],[-70.73913043478261,-72.7391304347826],[-71.0,-72.25],[-71.25,-72.25],[-71.2,-72.0],[-72.34782608695652,-71.34782608695653],[-72.66666666666667,-71.0],[-72.0,-70.6923076923077],[-70.0,-70.42857142857143],[-69.68,-70.67999999999999],[-69.63636363636364,-71.63636363636363],[-69.33333333333334,-72.0],[-67.77777777777777,-72.22222222222223],[-67.33333333333333,-72.0],[-67.80952380952381,-71.80952380952381],[-68.0,-71.42857142857143],[-68.27272727272727,-71.27272727272728],[-68.27272727272727,-71.0],[-68.85714285714286,-70.0],[-69.0,-69.5],[-69.25,-69.25],[-69.28571428571428,-69.0],[-68.33333333333334,-68.66666666666667],[-67.76190476190476,-68.23809523809524],[-66.96969696969697,-68.03030303030303],[-66.53333333333333,-67.46666666666667],[-65.875,-67.125],[-65.41666666666667,-66.58333333333334],[-65.0,-66.4],[-63.608695652173914,-66.3913043478261],[-63.14285714285714,-66.14285714285714],[-62.75,-66.25],[-62.83333333333333,-66.0],[-62.47619047619047,-65.52380952380952],[-61.72727272727272,-65.27272727272727],[-61.0,-65.16666666666667],[-60.5,-65.5],[-60.28571428571429,-66.0],[-60.591836734693885,-66.40816326530611],[-61.0,-66.55555555555556],[-62.375,-66.625],[-62.5,-67.0],[-63.14814814814815,-67.85185185185185],[-64.0,-68.2],[-64.22222222222223,-68.77777777777777]]],[[[139.41666666666669,-34.0],[139.5757575757576,-34.42424242424242],[140.04255319148936,-34.95744680851064],[141.20000000000002,-35.0],[141.4,-35.6],[142.0,-35.8],[142.05882352941177,-35.94117647058824],[143.0,-35.96551724137931],[142.875,-36.125],[142.125,-36.125],[142.0,-36.5],[140.0,-36.4],[139.53846153846155,-36.53846153846154],[139.0,-37.0],[138.33333333333334,-37.333333333333336],[137.8181818181818,-37.81818181818181],[137.625,-39.0],[137.75,-40.0],[137.46153846153848,-40.46153846153847],[137.33333333333334,-41.0],[137.72413793103448,-42.275862068965516],[138.0,-42.5],[138.44444444444443,-42.55555555555556],[139.0,-43.0],[140.42105263157893,-43.57894736842105],[140.57142857142856,-44.0],[141.0,-44.42857142857143],[141.47058823529412,-44.529411764705884],[141.88235294117646,-45.11764705882353],[142.33333333333334,-45.333333333333336],[142.66666666666669,-45.333333333333336],[142.66666666666669,-45.66666666666667],[142.83333333333334,-46.0],[143.44444444444443,-46.55555555555555],[145.0,-47.0],[145.47619047619045,-47.52380952380952],[146.57142857142856,-48.0],[146.72727272727272,-48.272727272727266],[147.28571428571428,-48.71428571428571],[148.0,-49.0],[149.24242424242425,-49.75757575757576],[149.21052631578948,-50.0],[149.54545454545453,-50.45454545454545],[150.0,-50.68181818181819],[152.0,-51.0],[152.1038961038961,-51.896103896103895],[152.3913043478261,-52.608695652173914],[153.16666666666666,-53.0],[153.22727272727272,-55.0],[153.63636363636363,-57.0],[153.60655737704917,-57.393442622950815],[154.33333333333334,-58.33333333333334],[154.33333333333334,-58.66666666666667],[154.57142857142858,-58.57142857142858],[155.1764705882353,-58.82352941176471],[155.35294117647058,-59.35294117647058],[155.30769230769232,-59.69230769230769],[155.5,-60.0],[155.16666666666666,-60.16666666666667],[154.84615384615384,-60.15384615384616],[154.44444444444443,-59.55555555555555],[153.92592592592592,-59.074074074074076],[153.83333333333331,-58.16666666666667],[153.3,-58.300000000000004],[153.0,-58.1875],[152.75,-58.75],[152.75,-60.0],[152.5,-61.0],[152.83870967741933,-62.0],[152.0,-63.0],[152.60416666666666,-63.39583333333333],[153.42499999999998,-63.575],[154.72093023255815,-64.27906976744185],[155.24,-64.76],[157.0,-65.875],[158.0,-66.0],[157.5,-66.5],[157.56321839080462,-67.4367816091954],[158.0,-67.95],[158.77049180327867,-68.22950819672131],[159.0,-68.5],[159.4516129032258,-68.54838709677419],[160.0,-69.0],[161.0,-69.10344827586208],[162.0,-69.44444444444444],[162.33333333333334,-69.33333333333334],[162.7142857142857,-68.71428571428571],[163.36734693877548,-68.63265306122449],[163.6923076923077,-69.30769230769232],[164.35897435897436,-69.64102564102564],[164.75757575757575,-70.24242424242425],[165.1012658227848,-70.10126582278481],[165.35555555555555,-69.35555555555555],[166.0,-68.91304347826086],[166.8478260869565,-70.15217391304347],[167.46296296296296,-70.53703703703702],[167.73195876288662,-71.26804123711341],[168.0,-71.41935483870967],[169.0,-71.54054054054055],[169.38095238095238,-71.38095238095238],[169.75510204081633,-70.75510204081633],[170.0,-70.64705882352942],[177.0,-70.87878787878788],[177.21052631578948,-71.0],[177.1904761904762,-71.80952380952381],[177.33333333333334,-72.0],[177.76470588235293,-72.23529411764706],[179.0,-72.23076923076923],[179.24691358024694,-73.0],[179.19565217391303,-74.80434782608697],[179.36170212765958,-77.0],[179.26315789473685,-78.0],[179.00000000000003,-78.83333333333334],[177.57142857142858,-78.42857142857143],[177.04545454545456,-77.95454545454545],[175.0,-77.5],[174.00000000000003,-77.80000000000001],[173.5,-77.5],[173.33333333333334,-77.0],[173.00000000000003,-76.85714285714286],[171.32,-76.68],[170.0,-76.28571428571428],[168.0,-76.6],[167.0,-76.16666666666667],[166.0,-76.75],[165.0,-76.33333333333333],[164.63636363636363,-76.63636363636364],[164.5,-77.0],[165.9512195121951,-77.04878048780488],[167.5,-77.5],[168.0,-78.0],[167.22222222222223,-79.0],[167.0,-80.0],[168.0,-80.28571428571429],[169.0,-81.0],[170.07407407407408,-80.92592592592592],[171.0,-81.22222222222223],[172.31578947368422,-81.3157894736842],[174.00000000000003,-81.2],[174.63636363636363,-81.36363636363636],[175.0,-81.80000000000001],[175.47058823529412,-81.47058823529412],[176.0,-81.33333333333334],[179.0,-81.28571428571429],[179.2439024390244,-81.7560975609756],[180.0,-82.26415094339623],[180.0,-89.46153846153845],[179.0,-90.0],[163.0,-90.0],[163.0,-89.0],[162.5,-89.5],[161.60000000000002,-89.60000000000001],[161.0,-90.0],[155.0,-90.0],[154.25,-89.75],[153.0,-90.0],[135.0,-90.0],[135.0,-89.0],[134.0,-89.0],[134.0,-90.0],[125.0,-90.0],[124.42857142857143,-89.57142857142858],[124.0,-89.5],[122.55555555555556,-89.55555555555556],[122.0,-90.0],[52.0,-90.0],[51.63636363636363,-89.36363636363636],[51.0,-89.22222222222223],[50.36363636363636,-89.36363636363636],[50.0,-90.0],[-19.0,-90.0],[-20.0,-89.69999999999999],[-22.0,-89.75],[-23.0,-90.0],[-39.0,-90.0],[-40.00000000000001,-89.85714285714286],[-42.0,-90.0],[-43.0,-89.85714285714286],[-44.0,-90.0],[-48.0,-90.0],[-49.0,-89.83333333333333],[-51.142857142857146,-89.85714285714286],[-52.0,-90.0],[-59.0,-90.0],[-60.0,-89.85714285714286],[-61.0,-90.0],[-176.125,-90.0],[-176.51724137931035,-89.51724137931035],[-177.0,-89.36363636363636],[-180.0,-89.46153846153845],[-180.0,-82.26415094339623],[-177.37333333333333,-82.37333333333333],[-174.83783783783784,-82.83783783783784],[-174.0,-83.15384615384615],[-170.0,-83.1111111111111],[-165.0,-83.66666666666667],[-164.0,-83.33333333333334],[-162.22222222222223,-83.22222222222223],[-159.0,-83.4],[-158.00000000000003,-83.16666666666667],[-157.0,-83.375],[-156.0,-83.16666666666667],[-155.0,-83.2],[-154.0,-83.0],[-152.0,-83.0],[-151.6,-82.4],[-151.4,-81.60000000000001],[-151.4,-81.0],[-151.0,-80.33333333333334],[-150.5,-80.0],[-151.6875,-79.6875],[-152.35714285714286,-79.64285714285714],[-153.55555555555554,-80.44444444444444],[-154.0,-80.5],[-154.33333333333334,-80.33333333333334],[-154.57894736842104,-79.57894736842105],[-155.0,-79.2],[-156.0,-79.16666666666667],[-156.125,-79.0],[-153.0,-78.84],[-152.0,-78.625],[-151.53846153846155,-78.46153846153847],[-151.0,-77.9],[-150.37209302325581,-77.62790697674419],[-150.0,-77.27272727272727],[-148.85714285714286,-77.0],[-141.0,-76.56521739130434],[-140.56666666666666,-76.43333333333334],[-140.0,-76.0],[-141.0,-75.64864864864865],[-141.22641509433961,-75.22641509433961],[-141.1311475409836,-74.8688524590164],[-139.0,-74.71428571428571],[-136.0,-74.73873873873873],[-135.83428571428573,-74.83428571428571],[-135.6830601092896,-75.31693989071039],[-136.0,-75.93548387096774],[-137.5,-76.0],[-136.0,-76.14285714285715],[-135.11494252873564,-75.88505747126436],[-130.09815950920245,-75.90184049079754],[-128.0,-75.75],[-126.18867924528303,-75.81132075471697],[-124.0,-75.7037037037037],[-119.10169491525424,-75.89830508474576],[-116.0,-75.6829268292683],[-113.0,-75.66666666666667],[-111.75824175824175,-75.75824175824175],[-111.0,-75.96774193548387],[-110.0,-75.85714285714286],[-108.90909090909092,-76.0],[-109.7560975609756,-76.2439024390244],[-110.41025641025641,-76.58974358974359],[-110.47058823529412,-77.0],[-110.75675675675676,-77.24324324324324],[-112.13333333333333,-77.13333333333333],[-112.65625,-76.65625],[-114.0,-76.56],[-114.34920634920634,-76.65079365079364],[-114.84615384615384,-77.0],[-115.55555555555554,-78.0],[-115.84615384615384,-78.15384615384616],[-121.0,-78.5],[-123.2127659574468,-78.7872340425532],[-125.65714285714287,-79.34285714285714],[-127.0,-79.42857142857143],[-128.0,-79.25],[-133.0,-79.38095238095238],[-135.0,-79.55000000000001],[-135.4230769230769,-79.42307692307693],[-136.67741935483872,-78.6774193548387],[-138.0,-78.48148148148148],[-139.0,-78.60869565217392],[-139.27272727272725,-78.72727272727272],[-139.4736842105263,-79.0],[-139.33333333333334,-80.0],[-140.0,-80.25],[-140.25,-80.25],[-140.93333333333334,-79.93333333333334],[-141.5,-80.0],[-143.0,-81.0],[-142.6,-81.60000000000001],[-140.0,-83.0],[-139.55555555555554,-82.44444444444444],[-139.0,-82.20000000000002],[-138.0,-82.75],[-137.0,-82.75],[-136.5,-83.0],[-133.0,-83.0],[-132.4,-82.6],[-132.0,-82.5],[-131.77777777777777,-82.22222222222223],[-130.85714285714286,-82.14285714285714],[-130.0,-81.83333333333334],[-129.83333333333331,-81.83333333333334],[-129.31578947368422,-82.3157894736842],[-128.0,-82.5],[-120.00000000000001,-82.33333333333334],[-118.5,-82.5],[-118.0,-82.66666666666666],[-117.0,-82.0],[-116.0,-82.0],[-115.0,-81.33333333333334],[-114.5,-81.5],[-114.33333333333334,-82.0],[-112.8,-82.19999999999999],[-111.84615384615384,-82.15384615384616],[-111.0,-82.0],[-110.4,-81.60000000000001],[-110.0,-81.0],[-109.44444444444444,-81.44444444444444],[-108.0,-81.5],[-107.875,-81.0],[-107.5,-80.5],[-107.0,-80.22222222222223],[-106.0,-80.4],[-105.06451612903226,-79.93548387096774],[-103.25806451612902,-79.74193548387098],[-102.0,-79.8],[-101.0,-79.54545454545455],[-100.0,-79.75],[-99.66666666666667,-79.33333333333334],[-99.75,-79.0],[-99.27272727272727,-78.72727272727272],[-97.0,-78.52380952380952],[-94.0,-77.89473684210526],[-90.0,-77.57142857142857],[-89.6923076923077,-77.0],[-89.25714285714285,-76.74285714285713],[-88.0,-76.63636363636364],[-87.74468085106383,-76.74468085106383],[-87.39024390243902,-77.39024390243902],[-86.69491525423729,-77.69491525423729],[-86.0,-77.75],[-85.43243243243244,-77.56756756756758],[-85.08450704225352,-76.91549295774648],[-84.89473684210526,-76.89473684210526],[-84.75,-77.0],[-84.42857142857142,-78.0],[-84.56756756756756,-78.43243243243245],[-86.0,-79.0],[-87.0,-79.72727272727273],[-88.0,-80.0],[-89.0,-79.66666666666667],[-89.23529411764706,-79.76470588235294],[-89.56521739130434,-80.43478260869566],[-90.0,-80.71428571428572],[-92.0,-80.64285714285714],[-92.5,-80.5],[-93.2,-80.0],[-94.0,-79.6923076923077],[-96.60000000000001,-80.4],[-97.0,-81.0],[-96.26666666666667,-81.26666666666667],[-95.7,-81.3],[-93.82857142857142,-81.17142857142858],[-90.75,-81.25],[-90.14285714285714,-81.14285714285714],[-87.0,-81.28571428571429],[-86.42857142857143,-81.0],[-86.26086956521739,-80.73913043478261],[-85.0,-80.54545454545455],[-80.3076923076923,-80.6923076923077],[-79.0,-80.0],[-78.0,-79.75],[-77.0,-79.57142857142857],[-76.0,-79.75],[-75.25,-79.0],[-75.0,-78.9],[-72.34782608695652,-78.65217391304348],[-69.0,-78.0],[-68.4,-78.4],[-68.0,-79.0],[-69.0,-79.5],[-69.4,-80.0],[-70.57142857142857,-80.42857142857143],[-70.89999999999999,-81.0],[-70.0,-81.31034482758622],[-68.0,-81.25714285714285],[-64.53623188405797,-81.53623188405797],[-63.74074074074075,-81.74074074074075],[-63.3,-82.0],[-63.588235294117645,-82.41176470588235],[-65.0,-82.80000000000001],[-66.0,-82.74193548387096],[-68.33333333333334,-83.0],[-69.0,-83.57142857142857],[-70.0,-83.75],[-70.33333333333334,-84.0],[-70.26666666666667,-84.26666666666667],[-70.0,-84.4],[-69.0,-84.27272727272728],[-68.0,-84.46153846153845],[-67.5625,-84.5625],[-67.0,-85.0],[-66.0,-85.0],[-66.47058823529412,-84.47058823529412],[-66.44444444444444,-84.0],[-66.26666666666667,-83.73333333333333],[-65.0,-83.5],[-63.703703703703695,-83.7037037037037],[-63.38461538461538,-84.38461538461539],[-63.0,-84.5],[-62.61538461538461,-84.38461538461539],[-62.16666666666667,-84.0],[-62.0,-83.0],[-61.33333333333334,-83.33333333333334],[-61.0,-83.33333333333334],[-60.733333333333334,-83.73333333333333],[-60.77777777777777,-84.0],[-60.400000000000006,-84.4],[-60.0,-84.53846153846155],[-58.0,-84.61111111111111],[-56.3,-84.3],[-54.0,-84.2],[-52.41379310344828,-84.41379310344827],[-51.0,-84.5],[-50.0,-84.4],[-46.0,-84.70588235294119],[-43.0,-84.44444444444446],[-41.57575757575758,-84.57575757575758],[-41.0,-84.85714285714285],[-39.303030303030305,-85.30303030303031],[-36.0,-85.47368421052633],[-35.66037735849057,-85.33962264150944],[-35.4,-85.0],[-35.375,-84.625],[-35.0,-84.0],[-34.44444444444444,-84.44444444444443],[-34.0,-84.57142857142857],[-32.565217391304344,-84.43478260869566],[-32.0,-84.0],[-30.0,-84.0],[-29.0,-84.14285714285714],[-27.0,-84.0],[-21.999999999999996,-84.1111111111111],[-21.48,-83.52],[-21.0,-83.33333333333334],[-20.0,-83.375],[-18.0,-83.0],[-17.0,-83.28571428571428],[-15.0,-83.28571428571428],[-13.0,-83.5],[-12.6,-83.4],[-11.5,-82.5],[-9.222222222222221,-81.77777777777777],[-8.333333333333334,-81.66666666666667],[-7.0,-81.0],[-6.0,-81.0],[-6.5,-80.5],[-6.5,-80.0],[-4.0,-79.5],[0.0,-79.4],[1.0,-79.2],[2.0,-79.35294117647058],[3.0000000000000004,-79.2],[4.0,-79.35294117647058],[4.666666666666666,-79.0],[4.0,-78.6842105263158],[3.0,-78.8125],[2.0,-78.66666666666667],[1.0,-78.75],[0.0,-78.45454545454545],[-1.2857142857142856,-78.28571428571428],[-2.4705882352941178,-77.47058823529412],[-2.571428571428571,-77.0],[-3.0,-76.33333333333333],[-3.5,-76.0],[-4.24,-75.76],[-4.809523809523809,-75.80952380952381],[-4.809523809523809,-75.19047619047619],[-5.0,-74.91304347826087],[-7.048780487804878,-74.95121951219512],[-7.0625,-75.0625],[-5.625,-75.625],[-5.4,-76.0],[-5.666666666666667,-76.33333333333334],[-6.4,-76.60000000000001],[-8.0,-76.57142857142857],[-9.342857142857142,-76.34285714285714],[-10.0,-76.0],[-11.741935483870968,-75.74193548387098],[-12.38888888888889,-75.38888888888889],[-13.204081632653061,-75.20408163265306],[-13.555555555555557,-75.0],[-14.2,-74.0],[-13.0,-72.94117647058823],[-12.0,-72.6875],[-11.782608695652176,-72.78260869565217],[-11.0,-73.8],[-10.555555555555554,-73.44444444444444],[-10.186046511627907,-72.81395348837209],[-9.777777777777779,-72.77777777777777],[-9.0,-75.0],[-8.7,-74.0],[-8.341463414634147,-73.65853658536585],[-8.0,-73.58823529411765],[-7.0,-73.0],[-6.0,-73.0],[-5.5,-72.5],[-5.0,-72.31818181818181],[-4.0,-72.41176470588235],[-2.0,-72.2],[-1.0,-71.93333333333334],[-0.46808510638297873,-71.53191489361703],[0.0625,-71.0625],[0.08695652173913043,-70.91304347826087],[-0.3076923076923077,-70.3076923076923],[-1.1428571428571428,-70.0],[-1.5,-69.0],[0.1639344262295082,-68.8360655737705],[1.0,-69.125],[2.0,-68.72727272727272],[3.1515151515151514,-68.84848484848484],[3.5,-69.0],[3.696969696969697,-69.30303030303031],[4.0,-69.33333333333334],[5.363636363636363,-68.36363636363636],[6.1395348837209305,-68.13953488372093],[7.923076923076923,-68.07692307692308],[8.127659574468085,-68.87234042553192],[8.515151515151516,-69.48484848484848],[9.0,-69.72727272727273],[9.659574468085106,-69.65957446808511],[11.0,-69.91836734693878],[12.5,-70.0],[12.0,-71.0],[10.133333333333333,-71.13333333333333],[9.399999999999999,-72.0],[11.0,-72.6923076923077],[11.32,-72.67999999999999],[11.571428571428571,-73.0],[13.0,-73.33333333333334],[13.999999999999998,-73.11111111111111],[14.829787234042554,-73.17021276595744],[16.6,-73.0],[16.42857142857143,-72.57142857142857],[15.866666666666667,-72.13333333333333],[15.75,-71.75],[16.6,-71.60000000000001],[17.363636363636363,-71.63636363636363],[17.88235294117647,-72.11764705882354],[19.0,-72.07142857142857],[20.0,-72.66666666666667],[20.461538461538463,-72.46153846153845],[20.75,-72.0],[20.428571428571427,-71.0],[20.0,-70.57142857142857],[18.64705882352941,-70.6470588235294],[17.833333333333336,-70.83333333333333],[17.3,-70.7],[16.266666666666666,-70.73333333333333],[15.5,-70.5],[15.5,-70.0],[17.0,-69.61904761904762],[18.0,-69.84],[18.615384615384613,-69.61538461538461],[18.77777777777778,-69.0],[19.466666666666665,-68.46666666666667],[19.636363636363637,-68.0],[20.0,-67.84],[21.62962962962963,-67.62962962962963],[22.0,-67.39393939393939],[22.794871794871796,-67.2051282051282],[24.0,-67.36363636363636],[26.0,-66.875],[26.603603603603602,-67.3963963963964],[27.0,-67.5],[29.333333333333336,-67.33333333333334],[30.125,-67.125],[30.69811320754717,-66.69811320754718],[31.0,-66.27272727272727],[33.0,-66.06666666666666],[34.0,-65.23076923076923],[34.272727272727266,-65.27272727272727],[35.02941176470588,-64.97058823529412],[35.333333333333336,-65.0],[36.0,-66.0],[36.400000000000006,-65.4],[36.5,-65.0],[38.0,-64.42857142857142],[39.0,-64.66666666666666],[40.19047619047619,-64.19047619047619],[42.05882352941176,-64.05882352941177],[42.6,-63.0],[42.95744680851064,-62.95744680851064],[43.55555555555555,-62.55555555555555],[44.0,-62.46153846153846],[45.0,-62.5],[45.33766233766234,-62.66233766233766],[46.0,-63.35714285714285],[48.0,-63.58823529411765],[49.082191780821915,-63.917808219178085],[50.96923076923077,-63.96923076923077],[52.0,-64.27777777777777],[52.75,-64.25],[53.529411764705884,-64.47058823529412],[54.0,-64.8],[56.0,-64.35714285714286],[56.46153846153846,-64.53846153846155],[57.333333333333336,-65.0],[57.199999999999996,-65.2],[57.22222222222222,-66.0],[56.7,-67.0],[56.64999999999999,-67.65],[56.791044776119406,-68.2089552238806],[57.00000000000001,-68.33333333333334],[57.233333333333334,-68.23333333333333],[57.23333333333333,-68.0],[57.505376344086024,-67.50537634408603],[58.0,-67.37837837837837],[58.515151515151516,-67.48484848484848],[59.0,-68.0],[58.11764705882353,-69.0],[58.59459459459459,-69.4054054054054],[59.0,-69.625],[59.55555555555555,-69.55555555555554],[60.0,-69.0],[60.400000000000006,-69.6],[60.36363636363636,-70.0],[60.68888888888889,-70.3111111111111],[61.375,-70.625],[61.879999999999995,-71.12],[63.0,-71.28],[63.7,-71.0],[63.72727272727273,-70.0],[63.457142857142856,-69.54285714285714],[62.0,-69.0],[61.56521739130435,-68.43478260869566],[61.583333333333336,-68.0],[61.729729729729726,-67.72972972972974],[63.390243902439025,-67.39024390243902],[63.72727272727273,-67.0],[63.72727272727272,-66.72727272727272],[68.30000000000001,-66.3],[68.75,-66.0],[69.0,-65.5],[69.22222222222223,-65.77777777777779],[70.0,-66.0],[71.0,-65.57142857142857],[72.36363636363636,-65.63636363636364],[73.0,-65.8],[74.0,-65.625],[75.0,-65.71428571428572],[76.48,-65.47999999999999],[77.0,-65.0],[79.0,-64.875],[80.61290322580645,-63.61290322580645],[83.0,-63.4],[83.28571428571428,-63.71428571428571],[84.28947368421052,-63.71052631578947],[84.86363636363636,-63.86363636363636],[85.0,-63.625],[85.4,-63.400000000000006],[85.625,-63.0],[86.0,-62.75],[86.20689655172413,-62.793103448275865],[86.68,-63.32],[87.0,-63.4],[89.0,-63.36363636363637],[91.0,-63.6],[92.33333333333334,-63.333333333333336],[95.0,-63.592592592592595],[95.5,-64.0],[95.53191489361703,-64.46808510638299],[96.0,-64.78571428571428],[96.64000000000001,-64.64],[98.0,-64.61538461538461],[99.18181818181819,-64.81818181818181],[100.0,-65.25],[102.0,-65.13333333333334],[102.6,-65.4],[102.875,-66.125],[104.0909090909091,-67.0],[103.78947368421052,-67.78947368421052],[103.33333333333333,-68.0],[104.0,-68.33333333333334],[104.36363636363637,-69.0],[104.0,-69.28571428571428],[101.0,-69.4],[99.80952380952381,-69.19047619047619],[99.42857142857142,-69.0],[99.46153846153847,-68.53846153846155],[99.0,-68.0],[101.125,-68.125],[101.33333333333334,-68.0],[101.10000000000001,-67.9],[101.0,-67.0],[99.0,-67.0],[98.18181818181819,-66.81818181818181],[98.41025641025641,-66.41025641025641],[98.28571428571428,-65.71428571428571],[98.0,-65.55555555555556],[96.72727272727272,-65.72727272727272],[96.125,-66.125],[95.0,-66.14285714285714],[94.875,-65.875],[95.0,-65.0],[94.23255813953489,-64.76744186046511],[93.0,-64.71428571428572],[91.14285714285714,-65.14285714285714],[91.35294117647058,-65.64705882352942],[91.3157894736842,-66.3157894736842],[91.0,-67.0],[90.0,-66.6],[89.6,-67.0],[89.0,-67.2],[87.0,-68.3076923076923],[84.0,-68.4],[83.55555555555554,-68.55555555555556],[83.33333333333333,-69.0],[83.61290322580645,-69.38709677419355],[85.0,-70.0],[85.0,-71.0],[86.34782608695652,-71.65217391304348],[86.66666666666667,-72.0],[86.75,-73.0],[87.0,-73.11111111111111],[90.0,-73.0],[91.0,-72.0],[92.0,-71.63636363636364],[94.4,-71.60000000000001],[96.00000000000001,-72.2],[96.85714285714286,-71.85714285714286],[98.0,-71.63636363636364],[98.44444444444446,-72.0],[98.52380952380952,-72.47619047619047],[98.85714285714286,-73.14285714285714],[99.55555555555556,-73.44444444444444],[100.47999999999999,-73.48],[101.35294117647058,-73.35294117647058],[101.69230769230771,-71.6923076923077],[102.0,-71.66666666666667],[102.16,-71.84],[103.30769230769232,-71.6923076923077],[103.89473684210526,-71.89473684210526],[104.0,-71.5],[104.5,-71.5],[104.33333333333334,-72.0],[103.71428571428571,-72.71428571428571],[102.63636363636364,-73.63636363636363],[102.0,-73.83333333333334],[101.77777777777777,-73.77777777777777],[101.80000000000001,-74.0],[101.30769230769232,-74.3076923076923],[100.0,-74.75],[99.0,-74.4],[98.0,-74.33333333333333],[97.0,-74.66666666666667],[94.86666666666666,-74.86666666666666],[94.66666666666667,-75.0],[94.44444444444444,-75.44444444444444],[93.66666666666667,-75.66666666666667],[93.5,-76.0],[94.0,-76.33333333333334],[95.0,-76.0],[96.0,-76.0],[97.0,-75.66666666666667],[97.15384615384615,-75.84615384615384],[98.0,-76.0],[99.0,-75.75],[99.22222222222223,-75.77777777777777],[100.0,-77.0],[100.6923076923077,-76.6923076923077],[103.0,-76.75],[104.44444444444444,-76.44444444444444],[105.0,-75.66666666666667],[106.35294117647058,-75.35294117647058],[107.0,-75.0],[108.76470588235293,-75.23529411764706],[113.0,-74.77777777777777],[113.78571428571428,-75.21428571428572],[115.0,-75.10526315789474],[115.99999999999999,-75.42857142857142],[116.41379310344827,-75.41379310344827],[117.0,-75.0],[117.42857142857142,-76.0],[117.0,-76.3],[115.0,-77.0],[116.0,-77.6],[117.21052631578948,-77.78947368421052],[119.0,-77.72727272727272],[120.0,-78.0],[121.0,-77.63636363636363],[122.0,-77.46153846153845],[124.0,-77.52941176470588],[125.0,-77.18181818181817],[125.64285714285714,-76.64285714285714],[127.0,-76.15384615384616],[129.0,-76.0],[128.13333333333333,-75.86666666666666],[128.29629629629628,-75.29629629629629],[128.2051282051282,-74.7948717948718],[128.0,-74.6],[126.78787878787878,-74.78787878787878],[126.44827586206897,-75.44827586206897],[126.0,-75.56521739130434],[124.5844155844156,-75.41558441558442],[124.0,-74.86956521739131],[123.4,-75.4],[122.60526315789474,-75.60526315789474],[120.3913043478261,-75.6086956521739],[119.60975609756098,-75.39024390243902],[119.0,-75.0],[118.57142857142858,-74.42857142857143],[118.0,-74.0],[119.00000000000001,-73.14285714285715],[120.72972972972974,-73.27027027027027],[122.03571428571429,-73.03571428571429],[122.6,-72.6],[124.16666666666666,-72.16666666666667],[124.39999999999999,-72.0],[124.38461538461539,-71.0],[124.57894736842104,-70.57894736842104],[125.0,-70.33333333333334],[126.0,-70.5],[126.27777777777779,-70.27777777777779],[126.41666666666667,-69.58333333333334],[125.72727272727272,-69.27272727272727],[125.57142857142858,-69.0],[125.57142857142858,-67.0],[125.23529411764704,-66.76470588235294],[124.0,-66.42105263157895],[123.0,-66.58823529411765],[121.5111111111111,-66.4888888888889],[121.0,-66.33333333333334],[120.0,-66.8],[119.0,-66.6923076923077],[118.78947368421052,-66.78947368421052],[118.36363636363637,-67.36363636363636],[116.64102564102564,-67.64102564102564],[115.99999999999999,-67.88888888888889],[114.92,-67.92],[114.0,-68.21428571428572],[113.55102040816327,-68.55102040816327],[113.62711864406779,-69.37288135593221],[114.23529411764706,-70.0],[114.0,-70.44444444444444],[113.0,-70.77777777777777],[112.2,-70.80000000000001],[112.0,-70.66666666666667],[111.89473684210527,-70.0],[110.0625,-69.0],[109.24489795918367,-67.75510204081633],[108.0,-67.625],[107.63636363636364,-67.36363636363636],[107.5,-67.0],[107.52380952380952,-66.52380952380952],[107.99999999999999,-66.23076923076923],[110.0,-65.63157894736842],[111.8048780487805,-65.8048780487805],[112.36363636363636,-66.0],[112.30769230769232,-66.30769230769232],[112.0,-66.36363636363636],[111.76470588235294,-66.23529411764706],[111.0,-66.17391304347827],[110.4516129032258,-66.45161290322581],[110.20833333333333,-67.0],[110.57777777777778,-67.42222222222222],[111.0,-67.52777777777779],[112.0,-67.25],[112.35,-67.35],[113.5609756097561,-66.5609756097561],[114.0,-66.4375],[115.4,-66.4],[116.0,-66.0],[116.73333333333333,-65.73333333333333],[116.81818181818181,-65.18181818181819],[117.03333333333333,-64.96666666666667],[118.0,-64.83870967741936],[119.12244897959184,-64.87755102040816],[119.375,-65.0],[119.62264150943398,-65.37735849056604],[120.0,-65.55555555555556],[120.5,-65.5],[121.0,-65.0],[122.0,-65.0],[123.20779220779221,-64.79220779220779],[125.0,-64.9],[127.0,-64.76666666666667],[127.15730337078651,-64.84269662921348],[127.51648351648352,-65.48351648351648],[128.0,-65.73333333333333],[131.0,-65.97142857142858],[132.0,-65.8076923076923],[133.0,-66.5],[134.0,-66.41176470588235],[135.0,-66.66666666666667],[137.36363636363637,-66.36363636363637],[138.0,-66.0],[139.0,-65.83333333333333],[139.06060606060606,-65.93939393939394],[139.77358490566036,-65.77358490566037],[140.85454545454544,-65.85454545454546],[141.24242424242425,-65.75757575757575],[141.9047619047619,-65.90476190476191],[142.28571428571428,-65.71428571428571],[142.33333333333331,-66.0],[143.0,-66.14285714285715],[144.19047619047618,-66.80952380952381],[145.0,-67.0],[145.60000000000002,-67.4],[146.0,-67.45],[146.32835820895522,-67.67164179104478],[147.0,-67.75510204081633],[149.0,-67.57142857142857],[150.0,-67.34615384615384],[150.42857142857142,-67.0],[150.21428571428572,-66.78571428571429],[149.47058823529412,-66.52941176470588],[148.0,-66.34883720930233],[146.28205128205127,-65.71794871794872],[145.0,-65.53061224489795],[143.5625,-65.5625],[143.33333333333334,-65.66666666666667],[142.63636363636363,-65.36363636363637],[142.66666666666666,-65.0],[140.60919540229884,-64.39080459770115],[139.3181818181818,-64.31818181818181],[139.0,-64.58333333333333],[138.0,-63.375],[137.71428571428572,-63.285714285714285],[135.75757575757575,-63.24242424242424],[135.0,-63.0],[132.97468354430382,-63.0253164556962],[132.8181818181818,-62.81818181818182],[132.8181818181818,-62.18181818181818],[131.91666666666666,-62.083333333333336],[131.27272727272725,-62.272727272727266],[129.0,-62.05128205128205],[128.0,-62.086956521739125],[127.83333333333333,-62.0],[127.6,-61.400000000000006],[127.0,-61.166666666666664],[126.0,-61.083333333333336],[125.0,-61.25],[124.0,-61.0],[123.0,-61.06666666666667],[122.77777777777779,-60.77777777777778],[122.69230769230771,-60.30769230769231],[122.0,-60.0],[120.91666666666667,-60.08333333333333],[120.0,-59.75],[118.11764705882354,-60.11764705882352],[114.95121951219512,-60.048780487804876],[114.33333333333334,-60.00000000000001],[114.0,-59.83333333333333],[113.0,-60.0],[112.0,-60.0],[111.3,-59.699999999999996],[110.99999999999999,-59.7],[110.25,-60.0],[107.16393442622952,-60.1639344262295],[106.0,-60.44444444444444],[104.0,-60.14285714285714],[99.14285714285715,-60.142857142857146],[97.0,-60.3448275862069],[93.96190476190476,-60.03809523809524],[93.53846153846153,-59.46153846153847],[93.0,-59.142857142857146],[92.86206896551725,-58.86206896551724],[94.8,-57.0],[94.33333333333334,-56.0],[94.42857142857142,-55.0],[94.30769230769232,-53.69230769230769],[94.0,-53.0],[93.86666666666666,-51.86666666666667],[94.0,-51.5],[94.4,-51.6],[95.0,-52.0],[95.33333333333334,-51.00000000000001],[95.0,-50.0],[95.25,-49.25],[95.5,-49.0],[95.86666666666666,-48.86666666666667],[95.78947368421052,-48.21052631578947],[96.0,-47.93333333333333],[97.0,-48.0],[97.76470588235294,-47.76470588235294],[98.0,-47.333333333333336],[99.0,-47.44444444444444],[100.0,-47.0],[101.13333333333334,-47.13333333333333],[103.85714285714286,-47.14285714285714],[105.0,-46.6],[107.0,-46.5],[107.33333333333334,-46.333333333333336],[109.0,-44.75],[110.0,-45.25],[110.28571428571428,-45.285714285714285],[111.0,-45.0],[112.30000000000001,-43.3],[113.0,-43.0],[113.46153846153847,-42.46153846153847],[115.0,-42.22222222222222],[116.38709677419354,-42.61290322580645],[117.0,-43.0],[118.16666666666666,-43.166666666666664],[118.5,-43.0],[119.0,-42.0],[120.0,-41.0],[121.0,-41.0],[122.0,-40.400000000000006],[123.14285714285714,-40.142857142857146],[124.77777777777777,-40.22222222222222],[125.0,-41.0],[127.0,-41.0],[126.60000000000001,-41.6],[126.66666666666667,-42.0],[126.5,-42.5],[126.0,-43.0],[126.0,-44.0],[126.66666666666667,-44.333333333333336],[127.0,-45.0],[127.55555555555554,-44.55555555555555],[128.0,-44.5],[129.0,-44.66666666666667],[130.0,-45.333333333333336],[130.5,-45.5],[131.0,-46.0],[131.66666666666669,-46.333333333333336],[132.5,-46.5],[133.0,-47.0],[134.0,-47.0],[134.0,-46.0],[134.4,-45.4],[135.0,-45.0],[135.15384615384613,-44.15384615384615],[135.0952380952381,-43.904761904761905],[134.5,-43.5],[134.375,-43.0],[134.16666666666669,-41.00000000000001],[134.42857142857142,-40.0],[134.28571428571428,-39.71428571428571],[133.60000000000002,-39.400000000000006],[133.22222222222223,-38.77777777777778],[131.71428571428572,-38.285714285714285],[131.30769230769232,-37.69230769230769],[130.33333333333334,-37.0],[130.15384615384616,-35.84615384615385],[129.6,-35.0],[129.6,-34.0],[130.0,-33.0],[131.35714285714286,-32.35714285714286],[133.0,-32.137931034482754],[134.0,-32.16666666666667],[134.62790697674419,-32.372093023255815],[134.97701149425285,-33.02298850574713],[137.0,-33.13333333333333],[137.70833333333331,-33.291666666666664],[138.12048192771084,-33.87951807228916],[139.41666666666669,-34.0]],[[-143.44444444444443,-80.44444444444444],[-143.5,-80.0],[-144.78947368421052,-79.78947368421052],[-145.8,-80.0],[-145.875,-80.125],[-147.15384615384616,-80.15384615384616],[-147.33333333333334,-80.0],[-148.14814814814815,-79.85185185185185],[-149.0,-80.0],[-148.44444444444446,-80.44444444444444],[-148.28571428571428,-81.0],[-148.4,-81.4],[-148.33333333333334,-81.66666666666667],[-149.0,-82.0],[-149.0,-83.0],[-148.5,-82.5],[-147.6,-82.4],[-147.0,-82.0],[-146.0,-82.0],[-145.26666666666665,-81.73333333333333],[-145.0,-81.33333333333334],[-144.0,-81.5],[-143.60000000000002,-81.4],[-143.0,-81.0],[-143.44444444444443,-80.44444444444444]],[[-97.36363636363636,-80.36363636363636],[-98.0,-80.0],[-99.2,-79.8],[-100.64285714285714,-80.35714285714286],[-101.0,-80.625],[-101.35294117647058,-80.6470588235294],[-102.6,-81.4],[-103.0,-81.5],[-103.27027027027029,-81.72972972972974],[-103.35714285714286,-82.0],[-103.0,-82.17241379310344],[-101.83050847457628,-82.16949152542372],[-101.0,-82.0],[-100.4,-81.60000000000001],[-98.0,-81.35714285714286],[-97.0,-81.0],[-97.36363636363636,-80.36363636363636]],[[112.94029850746269,-68.05970149253731],[113.30769230769232,-68.3076923076923],[113.4,-68.0],[113.22222222222223,-67.77777777777777],[113.0,-67.0],[112.8,-67.8],[112.94029850746269,-68.05970149253731]],[[163.78125,-70.78125],[163.8157894736842,-71.0],[163.99999999999997,-71.14583333333333],[164.25,-71.0],[164.3111111111111,-70.6888888888889],[164.0,-70.5],[163.78125,-70.78125]],[[-91.0,-89.0],[-90.0,-89.33333333333334],[-89.0,-89.2],[-88.83333333333334,-89.0],[-90.0,-88.84615384615384],[-91.0,-89.0]],[[-79.21428571428571,-88.0],[-79.09230769230768,-88.0923076923077],[-78.0,-88.0],[-78.7,-87.7],[-79.1875,-87.8125],[-79.21428571428571,-88.0]],[[-75.87096774193549,-85.12903225806451],[-75.76470588235294,-84.76470588235294],[-76.0,-84.6],[-76.625,-84.625],[-78.5,-85.0],[-78.0,-85.28571428571428],[-75.87096774193549,-85.12903225806451]],[[-73.66666666666666,-82.0],[-72.83673469387756,-82.16326530612245],[-72.6923076923077,-82.0],[-73.0,-81.76470588235294],[-73.23529411764706,-81.76470588235294],[-73.66666666666666,-82.0]],[[6.0,-72.23076923076923],[6.75,-72.0],[7.0,-71.66666666666667],[7.5,-71.5],[7.5,-71.0],[7.25,-70.75],[6.0,-70.66666666666667],[5.0,-71.0],[5.571428571428571,-72.0],[6.0,-72.23076923076923]],[[7.5,-72.0],[8.0,-72.33333333333334],[8.333333333333334,-72.0],[8.0,-71.66666666666667],[7.5,-71.5],[7.5,-72.0]],[[37.0,-72.16666666666667],[37.22222222222222,-72.0],[36.87878787878788,-71.87878787878788],[36.5,-72.0],[37.0,-72.16666666666667]],[[37.5,-66.0],[38.0,-66.16666666666667],[38.15384615384615,-66.0],[38.0,-65.80000000000001],[37.77777777777777,-65.77777777777779],[37.5,-66.0]],[[39.26315789473684,-70.0],[39.0,-69.72222222222223],[38.736842105263165,-70.0],[39.0,-70.1923076923077],[39.26315789473684,-70.0]],[[45.0,-71.4],[46.0,-71.5],[47.0,-71.33333333333334],[47.375,-71.0],[47.0,-70.78571428571428],[45.0,-70.83333333333334],[44.714285714285715,-71.0],[44.76470588235294,-71.23529411764706],[45.0,-71.4]],[[57.55555555555556,-77.0],[57.38461538461538,-76.61538461538461],[57.0,-76.44444444444444],[56.0,-77.0],[57.0,-77.83333333333333],[57.55555555555556,-77.0]],[[68.78947368421052,-78.78947368421052],[69.0,-78.0],[68.57142857142857,-77.42857142857143],[68.0,-77.1875],[65.0,-76.47058823529412],[64.63265306122449,-76.63265306122449],[64.0,-77.375],[62.66666666666667,-78.0],[62.81818181818182,-78.18181818181819],[63.0,-79.0],[65.0,-79.0],[66.0,-79.26315789473685],[67.1875,-79.1875],[68.78947368421052,-78.78947368421052]],[[70.0,-78.5],[71.0,-78.5],[71.28571428571428,-78.28571428571428],[71.71428571428571,-78.28571428571428],[72.33333333333334,-78.0],[72.1,-77.9],[69.0,-78.0],[70.0,-78.5]],[[80.33333333333334,-67.0],[79.0,-66.66666666666667],[77.88888888888889,-66.88888888888889],[77.85714285714286,-67.0],[78.69230769230771,-67.3076923076923],[79.32,-67.32],[80.33333333333334,-67.0]],[[81.76470588235294,-64.76470588235294],[81.63636363636364,-65.0],[81.6923076923077,-65.3076923076923],[82.17391304347827,-65.82608695652173],[83.0,-65.84210526315789],[84.0,-65.3076923076923],[84.28571428571428,-65.28571428571428],[84.66666666666667,-65.0],[84.28571428571428,-64.71428571428571],[84.0,-64.73333333333333],[83.0,-64.36],[81.76470588235294,-64.76470588235294]],[[107.0,-77.15384615384615],[106.0,-77.0],[105.16666666666667,-77.16666666666666],[104.80000000000001,-77.8],[104.77777777777779,-78.0],[104.91304347826087,-78.08695652173914],[107.0,-78.6470588235294],[108.0,-78.45454545454544],[110.0,-78.33333333333334],[111.33333333333334,-78.0],[108.0,-77.79166666666667],[107.44897959183673,-77.55102040816325],[107.0,-77.15384615384615]],[[126.76470588235294,-68.76470588235294],[126.42857142857143,-69.0],[126.60000000000001,-69.4],[127.0,-69.28571428571428],[127.25,-69.0],[127.0,-68.78947368421052],[126.76470588235294,-68.76470588235294]],[[131.4255319148936,-68.57446808510639],[130.0,-68.42105263157895],[129.69444444444446,-68.69444444444444],[129.60714285714286,-69.39285714285714],[129.71428571428572,-69.71428571428572],[129.6,-70.0],[129.82222222222222,-70.17777777777778],[130.1818181818182,-70.18181818181819],[131.11764705882354,-69.88235294117646],[131.20000000000002,-70.0],[132.21621621621622,-70.21621621621621],[132.44444444444446,-70.0],[132.42105263157893,-69.57894736842104],[132.0,-69.0],[131.4255319148936,-68.57446808510639]],[[134.28571428571428,-72.0],[135.0,-72.35714285714285],[136.0,-72.5],[136.3,-72.3],[137.33333333333334,-72.0],[137.33333333333334,-71.66666666666667],[137.0,-71.33333333333333],[136.0,-71.25],[135.45454545454544,-71.45454545454545],[134.56521739130434,-71.56521739130434],[134.28571428571428,-72.0]],[[140.125,-71.125],[140.5,-71.0],[140.0,-70.5],[139.75,-70.75],[139.25,-70.75],[138.5,-71.0],[138.86666666666667,-71.13333333333333],[140.125,-71.125]],[[151.0,-80.0],[150.22222222222223,-78.77777777777777],[149.75,-78.75],[149.0,-79.0],[148.0,-79.0],[148.4,-78.4],[148.33333333333334,-78.0],[148.5,-77.5],[149.0,-77.0],[150.0,-77.0],[150.0,-76.0],[149.14285714285714,-75.85714285714286],[148.0,-75.88888888888889],[147.0,-75.71428571428571],[146.0,-76.0],[145.5,-76.5],[144.0,-77.0],[144.4,-77.6],[145.0,-78.0],[144.5,-78.5],[144.33333333333334,-79.0],[145.0,-79.2],[145.85714285714286,-79.14285714285714],[146.71428571428572,-79.28571428571428],[147.0,-80.0],[149.0,-80.66666666666667],[150.33333333333334,-80.33333333333334],[151.0,-80.0]],[[152.5,-77.5],[152.0,-77.0],[152.0,-78.0],[153.0,-78.16666666666667],[153.5,-78.0],[153.33333333333334,-77.66666666666667],[153.0,-77.5],[152.5,-77.5]],[[134.0,-55.0],[133.0,-55.0],[133.0,-56.0],[134.0,-56.0],[134.0,-55.0]],[[164.4,-87.4],[165.0,-87.0],[164.0,-86.66666666666667],[163.0,-87.0],[164.0,-88.0],[164.4,-87.4]],[[-77.23529411764706,-87.23529411764707],[-75.12121212121212,-87.12121212121212],[-74.33333333333333,-87.0],[-75.0,-86.80000000000001],[-76.26086956521739,-86.73913043478261],[-77.0,-86.75],[-77.33333333333334,-87.0],[-77.23529411764706,-87.23529411764707]],[[40.0,-81.53846153846155],[37.0,-82.0],[37.77142857142857,-82.22857142857143],[41.0,-82.34615384615384],[42.99999999999999,-82.1764705882353],[45.0,-82.25],[46.333333333333336,-82.0],[45.0,-81.42857142857143],[42.647058823529406,-81.6470588235294],[40.0,-81.53846153846155]],[[59.8,-79.0],[60.095238095238095,-79.0952380952381],[61.0,-79.0],[61.666666666666664,-78.0],[61.25,-77.75],[60.652173913043484,-77.65217391304347],[60.18181818181818,-77.81818181818181],[60.00000000000001,-77.66666666666667],[59.8,-79.0]],[[130.65217391304347,-72.65217391304347],[129.73913043478262,-72.7391304347826],[129.2941176470588,-73.0],[129.45454545454544,-73.54545454545455],[130.0,-74.0],[131.42857142857144,-73.57142857142858],[131.60000000000002,-74.0],[132.0,-74.2],[132.28571428571428,-74.0],[131.54545454545456,-73.45454545454545],[131.6153846153846,-73.0],[131.0,-72.42857142857143],[130.65217391304347,-72.65217391304347]],[[151.0,-83.0],[150.5,-83.5],[148.66666666666669,-83.66666666666667],[148.0,-84.0],[148.75,-84.25],[150.0,-84.33333333333334],[151.0,-84.0],[152.0,-84.25],[153.0,-84.0],[152.0,-83.5],[151.5,-83.5],[151.0,-83.0]],[[153.8181818181818,-84.18181818181819],[156.0,-84.2],[157.0,-84.33333333333334],[158.0,-84.0],[157.0,-83.77777777777777],[156.16666666666669,-83.83333333333334],[155.0,-83.66666666666667],[153.77777777777777,-83.77777777777777],[153.0,-84.0],[153.8181818181818,-84.18181818181819]],[[145.0,-84.5],[146.0,-84.0],[145.1818181818182,-83.81818181818181],[144.0,-84.0],[145.0,-84.5]],[[143.0,-83.875],[142.0,-84.0],[143.0,-84.33333333333334],[144.0,-84.0],[143.0,-83.875]],[[43.0,-86.04761904761904],[43.333333333333336,-86.0],[43.07692307692308,-85.92307692307693],[43.0,-86.04761904761904]]],[[[-29.400000000000002,-38.6],[-29.0,-38.400000000000006],[-28.833333333333336,-39.0],[-29.0,-39.166666666666664],[-29.230769230769234,-39.23076923076923],[-29.6,-39.0],[-29.400000000000002,-38.6]]],[[[-36.529411764705884,2.4705882352941178],[-36.0,1.75],[-35.5,1.5],[-35.0,0.6666666666666667],[-34.0,0.0],[-33.333333333333336,-0.33333333333333337],[-33.0,-0.25],[-32.0,-0.75],[-31.66666666666667,-0.6666666666666667],[-31.0,-1.0],[-30.0,-1.0],[-29.400000000000002,-1.4000000000000001],[-28.0,-2.0],[-27.375,-3.0],[-27.352941176470587,-3.352941176470588],[-26.5,-4.0],[-26.636363636363637,-4.363636363636363],[-27.000000000000004,-4.666666666666667],[-27.285714285714285,-4.7142857142857135],[-27.5,-5.0],[-27.6,-5.4],[-28.0,-6.0],[-28.18181818181818,-6.818181818181818],[-28.555555555555554,-7.444444444444444],[-30.0,-8.0],[-28.555555555555554,-8.555555555555555],[-28.25,-9.25],[-28.0,-9.5],[-27.6,-9.4],[-27.0,-9.0],[-26.0,-9.0],[-25.6,-8.4],[-25.0,-8.0],[-24.0,-8.333333333333334],[-23.0,-8.25],[-22.333333333333336,-8.333333333333334],[-22.0,-8.5],[-21.5,-9.0],[-21.5,-9.5],[-22.0,-10.0],[-21.0,-10.0],[-20.0,-9.0],[-19.5,-9.5],[-19.5,-10.0],[-19.0,-10.25],[-18.75,-10.0],[-18.6,-9.600000000000001],[-19.0,-9.0],[-18.400000000000002,-9.4],[-17.5,-9.0],[-15.879999999999999,-8.879999999999999],[-15.454545454545453,-9.0],[-15.4,-10.0],[-14.733333333333334,-10.733333333333334],[-14.200000000000001,-11.0],[-13.76,-11.76],[-11.982142857142856,-11.982142857142856],[-11.90625,-13.0],[-11.625,-14.0],[-11.8,-15.0],[-12.525,-15.475],[-13.0,-16.25],[-13.385964912280702,-16.385964912280702],[-13.696969696969695,-16.303030303030305],[-13.724137931034484,-16.724137931034484],[-14.0,-17.210526315789473],[-14.476190476190474,-17.523809523809522],[-14.681818181818182,-18.0],[-15.0,-18.388888888888886],[-15.4,-18.6],[-15.61111111111111,-19.0],[-15.894736842105264,-20.10526315789474],[-15.941176470588236,-21.0],[-15.88888888888889,-21.88888888888889],[-15.789473684210527,-22.0],[-16.153846153846153,-24.846153846153847],[-16.666666666666668,-25.333333333333336],[-16.61111111111111,-25.61111111111111],[-17.272727272727273,-27.727272727272727],[-18.0,-28.0],[-18.2,-28.799999999999997],[-18.375,-29.0],[-19.58974358974359,-29.41025641025641],[-20.0,-29.66666666666667],[-21.0,-29.428571428571427],[-21.216216216216218,-29.783783783783782],[-21.81818181818182,-29.81818181818182],[-22.230769230769226,-29.999999999999996],[-22.523809523809522,-30.476190476190474],[-23.0,-30.769230769230766],[-24.22222222222222,-31.0],[-24.5,-31.5],[-25.09756097560976,-31.902439024390244],[-25.333333333333336,-34.0],[-25.555555555555554,-34.44444444444444],[-26.21428571428571,-35.0],[-26.5,-36.0],[-27.0,-36.6],[-27.479999999999997,-36.48],[-27.914893617021278,-35.91489361702128],[-28.666666666666664,-36.0],[-28.75,-36.25],[-30.0,-36.5],[-30.235294117647058,-36.76470588235294],[-30.444444444444443,-37.55555555555555],[-31.18181818181818,-37.81818181818181],[-31.523809523809526,-38.476190476190474],[-32.14285714285714,-38.85714285714286],[-32.57142857142857,-39.42857142857143],[-33.0,-39.6],[-34.0,-39.4],[-35.0,-39.4],[-37.0,-38.5],[-38.285714285714285,-38.71428571428571],[-39.0,-39.0],[-39.22222222222222,-39.77777777777777],[-39.5,-42.0],[-39.4,-43.0],[-39.53846153846155,-43.46153846153846],[-40.0,-44.0],[-39.0,-46.0],[-39.0,-47.0],[-38.75,-48.0],[-38.925925925925924,-48.07407407407407],[-39.0,-49.0],[-39.88235294117647,-49.11764705882353],[-39.88235294117647,-49.88235294117647],[-40.0,-50.14285714285714],[-40.333333333333336,-50.333333333333336],[-40.66666666666667,-50.333333333333336],[-40.71428571428571,-52.71428571428571],[-40.0,-53.5],[-39.90909090909091,-54.90909090909091],[-39.666666666666664,-55.0],[-39.5,-56.0],[-39.18181818181818,-56.18181818181818],[-38.8,-56.2],[-38.125,-55.875],[-37.0,-55.92307692307692],[-36.833333333333336,-56.0],[-36.5,-57.0],[-37.5,-57.5],[-38.0,-58.0],[-42.0,-58.5],[-42.333333333333336,-58.0],[-42.30769230769231,-57.69230769230769],[-42.2,-56.8],[-41.66666666666667,-56.0],[-41.75,-55.75],[-42.44444444444444,-55.44444444444444],[-43.0,-55.0],[-43.583333333333336,-53.583333333333336],[-44.333333333333336,-53.333333333333336],[-44.5,-53.0],[-44.529411764705884,-52.529411764705884],[-45.142857142857146,-52.142857142857146],[-45.333333333333336,-51.0],[-45.76470588235294,-50.76470588235294],[-47.0,-50.699999999999996],[-47.193548387096776,-50.806451612903224],[-47.375,-51.375],[-47.333333333333336,-51.66666666666667],[-48.0,-52.0],[-47.6,-52.6],[-47.0,-53.0],[-47.0,-54.0],[-46.71428571428571,-54.71428571428571],[-46.6,-55.60000000000001],[-46.75,-56.25],[-47.0,-56.599999999999994],[-47.8,-57.199999999999996],[-48.333333333333336,-57.333333333333336],[-48.75,-57.25],[-49.0,-57.5],[-49.5,-56.0],[-49.33333333333333,-55.0],[-49.5,-54.5],[-50.0,-54.0],[-49.55555555555556,-53.444444444444436],[-49.5,-53.0],[-50.12121212121212,-52.878787878787875],[-50.57142857142858,-53.42857142857143],[-51.0,-53.42857142857143],[-51.30769230769231,-54.0],[-51.67741935483871,-55.32258064516129],[-52.04255319148936,-55.95744680851064],[-51.75,-58.25],[-52.0,-58.66666666666667],[-54.0,-57.93333333333333],[-54.23931623931624,-57.23931623931624],[-54.173913043478265,-54.826086956521735],[-53.63461538461539,-53.36538461538461],[-53.51282051282051,-51.0],[-53.631578947368425,-49.631578947368425],[-54.0,-49.125],[-54.93333333333334,-51.06666666666667],[-55.423529411764704,-51.576470588235296],[-56.0,-53.25],[-56.41860465116279,-53.581395348837205],[-56.42307692307692,-55.0],[-56.67741935483871,-55.32258064516129],[-56.97989949748744,-57.02010050251256],[-57.205128205128204,-56.205128205128204],[-57.72727272727273,-56.0],[-57.21333333333333,-55.78666666666667],[-57.291262135922324,-55.291262135922324],[-57.0,-52.95454545454545],[-56.400000000000006,-52.6],[-56.400000000000006,-52.0],[-56.231404958677686,-51.768595041322314],[-56.1255230125523,-50.8744769874477],[-56.0,-50.61538461538461],[-55.51020408163266,-50.48979591836735],[-55.16071428571429,-49.839285714285715],[-55.220588235294116,-49.220588235294116],[-55.0,-47.800000000000004],[-53.63157894736841,-45.0],[-52.81132075471699,-44.18867924528302],[-52.57142857142857,-42.0],[-52.04054054054055,-40.95945945945946],[-51.75,-40.0],[-51.02985074626866,-38.97014925373134],[-51.056338028169016,-38.05633802816901],[-50.04571428571429,-34.95428571428572],[-50.0,-34.0],[-49.086021505376344,-31.913978494623656],[-48.94736842105263,-29.052631578947366],[-48.72549019607843,-28.274509803921568],[-48.0,-27.125],[-47.888888888888886,-26.0],[-48.0,-25.285714285714285],[-49.0,-25.0],[-48.78378378378379,-24.216216216216218],[-49.0,-23.818181818181813],[-49.486486486486484,-23.486486486486488],[-49.72,-23.0],[-50.36893203883495,-22.368932038834952],[-51.0,-21.916666666666664],[-51.362637362637365,-21.362637362637365],[-52.0,-20.962962962962965],[-52.20077220077221,-20.2007722007722],[-52.5448275862069,-19.544827586206896],[-53.11209439528023,-19.112094395280238],[-53.44,-18.44],[-53.86274509803922,-18.0],[-54.09090909090909,-17.09090909090909],[-54.82692307692307,-16.0],[-55.06122448979592,-15.061224489795919],[-55.63636363636364,-14.636363636363637],[-56.28125,-13.28125],[-56.733333333333334,-12.733333333333334],[-57.0,-12.0],[-56.97435897435898,-11.0],[-56.70833333333333,-9.0],[-56.674418604651166,-7.325581395348838],[-56.36363636363636,-7.0],[-56.5,-5.0],[-55.674418604651166,-3.3255813953488373],[-55.14285714285714,-2.8571428571428568],[-54.76190476190476,-2.238095238095238],[-54.12903225806451,-1.870967741935484],[-53.641025641025635,-0.358974358974359],[-53.3,0.0],[-52.82352941176471,1.8235294117647058],[-52.0,2.0],[-51.358974358974365,1.641025641025641],[-51.21875,1.0],[-51.16216216216216,-1.0],[-51.333333333333336,-2.666666666666667],[-52.02150537634409,-2.978494623655914],[-52.26923076923077,-4.730769230769231],[-52.625,-5.375],[-53.0,-5.6],[-53.230769230769226,-6.0],[-53.32432432432432,-6.675675675675676],[-53.71428571428571,-7.285714285714286],[-54.0,-7.416666666666667],[-54.35,-9.0],[-54.0,-9.636363636363637],[-53.75,-9.75],[-53.27906976744186,-10.279069767441861],[-53.02777777777778,-11.027777777777779],[-52.35,-11.349999999999998],[-51.88888888888889,-12.0],[-51.400000000000006,-12.4],[-51.07142857142858,-13.071428571428571],[-50.53846153846155,-13.538461538461538],[-50.20338983050847,-14.203389830508474],[-49.61538461538461,-14.615384615384615],[-48.0,-16.875],[-47.0,-17.833333333333332],[-46.0,-18.6],[-45.69230769230769,-18.692307692307693],[-45.0,-20.0],[-44.0,-20.666666666666668],[-43.66666666666667,-20.666666666666668],[-43.0,-21.0],[-43.0,-22.0],[-42.71428571428571,-22.71428571428571],[-42.66666666666667,-23.333333333333336],[-43.0,-23.5],[-43.166666666666664,-23.833333333333336],[-43.125,-24.0],[-42.0,-24.0],[-41.0,-23.0],[-41.400000000000006,-22.4],[-41.5,-22.0],[-41.36363636363637,-21.636363636363637],[-40.800000000000004,-21.0],[-41.470588235294116,-20.470588235294116],[-41.75,-19.75],[-42.0,-19.5],[-42.44444444444444,-19.444444444444443],[-43.0,-19.0],[-43.0,-18.0],[-43.75,-17.75],[-44.5,-17.0],[-45.470588235294116,-16.470588235294116],[-46.53846153846154,-14.538461538461538],[-47.0,-14.0],[-48.0,-13.5],[-48.5,-12.5],[-49.0,-12.0],[-49.4,-10.0],[-49.4,-9.0],[-50.0,-8.0],[-50.22222222222222,-7.222222222222222],[-50.25,-6.0],[-50.85714285714286,-5.000000000000001],[-50.26086956521739,-2.739130434782609],[-49.411764705882355,-0.5882352941176471],[-49.0,-0.2222222222222222],[-48.78947368421052,-0.21052631578947367],[-48.0,0.6],[-47.66666666666667,0.6666666666666667],[-47.0,2.0],[-46.333333333333336,2.3333333333333335],[-46.0,2.6666666666666665],[-45.71428571428571,2.714285714285714],[-45.66666666666667,3.0],[-45.22222222222222,3.2222222222222223],[-44.69230769230769,3.3076923076923084],[-44.22222222222222,3.2222222222222223],[-43.0,3.5],[-42.0,3.4],[-41.0,4.0],[-40.0,3.2],[-39.5,3.0],[-37.10526315789473,2.894736842105263],[-36.529411764705884,2.4705882352941178]],[[-38.0,-11.0],[-37.0,-11.0],[-36.5,-10.5],[-36.0,-10.5],[-35.66666666666667,-10.333333333333334],[-35.333333333333336,-9.666666666666668],[-35.0,-9.5],[-34.0,-9.333333333333334],[-33.66666666666667,-9.0],[-33.714285714285715,-8.714285714285714],[-35.0,-8.5],[-36.0,-8.5],[-36.333333333333336,-8.666666666666668],[-37.0,-8.75],[-37.5,-8.5],[-38.0,-7.5],[-38.4,-7.4],[-39.6,-6.6000000000000005],[-41.400000000000006,-6.4],[-42.0,-6.0],[-42.285714285714285,-6.7142857142857135],[-42.333333333333336,-7.333333333333334],[-42.0,-7.5],[-41.0,-7.5],[-40.66666666666667,-7.666666666666668],[-40.5,-8.0],[-40.6,-8.4],[-41.0,-9.0],[-41.0,-10.0],[-40.4,-10.4],[-40.0,-10.5],[-38.5,-10.5],[-38.0,-11.0]],[[-53.0,-47.875],[-53.083333333333336,-48.08333333333333],[-53.00000000000001,-48.2],[-53.0,-47.875]],[[-37.4,-35.400000000000006],[-37.0,-36.0],[-36.6,-35.400000000000006],[-36.5,-34.0],[-36.6,-33.6],[-37.0,-33.0],[-38.0,-33.0],[-38.0,-34.0],[-37.6,-34.6],[-37.4,-35.400000000000006]]],[[[3.0,21.785714285714285],[3.3013698630136985,21.301369863013697],[5.25,21.0],[5.416666666666667,20.416666666666668],[5.833333333333333,20.0],[5.222222222222221,18.77777777777778],[4.666666666666667,18.0],[4.333333333333334,17.0],[4.636363636363637,16.636363636363637],[4.809523809523809,15.80952380952381],[5.0,15.5],[5.4,15.4],[6.0,15.0],[7.4,15.4],[8.0,15.0],[8.0,16.0],[9.0,16.0],[9.399999999999999,15.0],[9.666666666666668,14.666666666666668],[10.0,14.571428571428571],[10.333333333333332,14.0],[10.5,13.0],[10.142857142857142,12.0],[10.52,11.52],[10.942857142857143,9.942857142857143],[11.303030303030303,9.303030303030303],[11.303030303030303,6.696969696969697],[11.0,5.0],[9.8,4.0],[9.0,3.6],[7.705882352941177,3.294117647058824],[6.75,2.75],[6.25,2.75],[6.0,2.0],[6.142857142857142,1.0],[5.857142857142858,-3.0],[5.24,-4.24],[4.0,-4.8],[3.318181818181818,-5.318181818181818],[2.0,-5.566666666666666],[1.0,-5.2631578947368425],[0.3,-5.3],[0.0,-5.6],[-0.4,-5.4],[-0.75,-5.0],[-1.0,-4.0],[-1.5384615384615383,-4.461538461538462],[-2.0,-4.5],[-2.230769230769231,-4.769230769230769],[-2.2142857142857144,-5.2142857142857135],[-1.5789473684210527,-5.578947368421053],[-1.4285714285714284,-6.0],[-2.0,-6.285714285714286],[-2.641025641025641,-6.3589743589743595],[-3.0,-6.368421052631579],[-4.0,-6.0740740740740735],[-5.916666666666666,-6.083333333333333],[-6.733333333333333,-6.266666666666667],[-9.96078431372549,-6.03921568627451],[-10.142857142857142,-6.0],[-10.52,-5.52],[-11.206896551724139,-5.206896551724138],[-12.09090909090909,-5.090909090909091],[-15.0,-5.111111111111112],[-15.25,-5.0],[-15.529411764705882,-4.529411764705882],[-16.115384615384617,-4.0],[-16.24390243902439,-3.2439024390243905],[-16.647058823529413,-2.6470588235294117],[-17.0,-2.4000000000000004],[-17.333333333333336,-1.3333333333333333],[-18.0,-1.0],[-18.125,-0.125],[-18.4,0.0],[-18.4,1.0],[-19.25,1.75],[-20.0,2.0],[-19.0,4.0],[-18.0,4.0],[-18.0,6.0],[-18.6,6.4],[-19.0,6.5],[-19.75,7.25],[-20.0,7.25],[-20.11111111111111,7.888888888888889],[-19.863636363636363,8.136363636363637],[-19.055555555555557,8.055555555555555],[-19.0,9.090909090909092],[-18.285714285714285,9.285714285714285],[-18.0,10.5],[-17.25,11.25],[-17.166666666666668,12.0],[-17.30769230769231,13.307692307692308],[-17.0,13.5],[-16.400000000000002,14.400000000000002],[-15.5,15.0],[-15.4,15.4],[-15.0,16.0],[-14.200000000000001,15.8],[-13.75,16.0],[-14.25,16.75],[-14.2,17.0],[-13.105263157894736,17.105263157894736],[-12.470588235294116,17.470588235294116],[-12.0,18.058823529411764],[-10.0,18.37037037037037],[-9.558441558441558,18.558441558441558],[-9.26086956521739,19.0],[-7.7272727272727275,20.0],[-7.470588235294118,20.470588235294116],[-6.928571428571429,20.92857142857143],[-6.0,21.181818181818183],[-5.135135135135135,20.864864864864867],[-3.0,21.0],[-4.0,22.0],[-2.5,22.0],[-2.375,21.625],[-2.0,21.57142857142857],[-1.0,21.785714285714285],[0.0,21.769230769230766],[1.0,21.588235294117645],[1.3333333333333333,21.666666666666668],[1.7777777777777777,22.0],[2.4000000000000004,22.0],[3.0,21.785714285714285]]],[[[-57.140350877192986,8.859649122807017],[-58.28571428571429,9.0],[-58.13333333333333,9.133333333333333],[-58.12,10.0],[-57.0,10.0],[-56.79381443298969,8.206185567010309],[-56.375,8.0],[-56.80582524271845,7.805825242718447],[-57.0,7.827586206896552],[-57.24691358024691,8.246913580246915],[-57.140350877192986,8.859649122807017]]],[[[-64.52941176470588,11.0],[-64.872,10.872],[-65.0,10.68],[-65.38095238095238,11.0],[-64.86666666666667,11.133333333333333],[-64.52941176470588,11.0]]],[[[-61.0,11.142857142857144],[-60.973684210526315,11.026315789473685],[-58.96296296296297,10.962962962962962],[-61.77777777777777,10.777777777777779],[-63.0,11.0],[-62.26086956521739,11.26086956521739],[-62.0,11.75],[-61.6,11.400000000000002],[-61.0,11.142857142857144]]],[[[3.2666666666666666,31.266666666666666],[3.4444444444444446,31.0],[3.166666666666667,29.833333333333336],[3.2222222222222223,29.0],[3.0,28.81818181818182],[2.590909090909091,28.0],[2.1710526315789473,27.828947368421055],[2.0,27.1875],[1.0238095238095237,26.976190476190474],[0.33599999999999997,26.664],[0.0,26.25],[-1.1403508771929824,26.14035087719298],[-2.1951219512195124,25.804878048780488],[-2.931034482758621,25.93103448275862],[-3.0,25.666666666666664],[-4.0,27.0],[-4.181818181818182,27.818181818181817],[-4.6521739130434785,27.652173913043477],[-5.0,27.75],[-5.222222222222222,28.0],[-5.0285714285714285,29.0],[-5.0,30.0],[-4.0,32.916666666666664],[-3.0,32.958333333333336],[-2.4580152671755724,32.541984732824424],[-2.0,32.38775510204081],[-0.33333333333333337,32.333333333333336],[0.0,32.66666666666667],[0.5652173913043478,32.565217391304344],[1.3076923076923077,32.30769230769231],[2.0,31.727272727272727],[3.2666666666666666,31.266666666666666]]],[[[7.266666666666667,35.266666666666666],[7.363636363636363,35.0],[7.275862068965518,34.724137931034484],[6.739130434782609,34.26086956521739],[6.333333333333334,33.66666666666667],[5.0,33.375],[4.4,33.4],[3.0,33.833333333333336],[2.68,34.68],[1.9666666666666668,34.96666666666666],[1.7692307692307692,35.769230769230774],[1.0,36.0],[-0.25,37.0],[-0.75,38.0],[0.0,38.5],[2.0,38.57142857142857],[3.0,38.0],[3.352941176470588,37.35294117647059],[4.4,36.400000000000006],[6.105263157894736,36.10526315789474],[6.6000000000000005,35.6],[7.266666666666667,35.266666666666666]]],[[[-63.25,43.75],[-63.5,44.0],[-63.333333333333336,44.333333333333336],[-63.0,44.5],[-62.77777777777777,44.22222222222222],[-62.75,44.0],[-63.0,43.75],[-63.25,43.75]]],[[[0.47058823529411764,40.529411764705884],[-0.33333333333333337,40.333333333333336],[-1.6923076923076925,39.69230769230769],[-3.0,39.55555555555556],[-3.4000000000000004,39.400000000000006],[-3.942857142857143,38.94285714285714],[-5.0,38.76470588235294],[-5.307692307692308,39.0],[-5.199999999999999,40.0],[-5.75,42.0],[-6.0,42.5],[-6.266666666666667,42.733333333333334],[-6.818181818181818,42.81818181818182],[-7.043478260869565,43.0],[-6.173913043478261,43.173913043478265],[-6.0,44.0],[-5.444444444444444,44.444444444444436],[-5.0,45.3],[-3.75,46.0],[-3.1463414634146343,46.14634146341463],[-2.142857142857143,47.0],[-1.4000000000000001,47.4],[-0.7777777777777778,48.0],[0.0,48.35],[1.3333333333333333,48.66666666666667],[2.0,49.214285714285715],[3.0,49.5],[3.4210526315789473,49.421052631578945],[3.666666666666667,48.0],[3.48,47.52],[3.0,47.0],[2.68,46.32],[2.3333333333333335,44.66666666666667],[1.5789473684210527,43.421052631578945],[0.47058823529411764,40.529411764705884]]],[[[-70.0,14.0],[-71.0,13.0],[-72.33333333333334,14.666666666666668],[-73.0,14.777777777777777],[-73.062893081761,15.937106918238994],[-73.32432432432432,16.675675675675677],[-73.76470588235294,17.235294117647058],[-74.0,17.32],[-74.13333333333334,17.866666666666667],[-74.15,19.15],[-73.95238095238095,20.0],[-74.43037974683544,21.569620253164555],[-74.73913043478261,22.0],[-75.43137254901961,23.568627450980394],[-76.0,23.82857142857143],[-76.3312101910828,24.668789808917197],[-77.0,25.0625],[-77.36363636363637,26.636363636363637],[-78.0223880597015,26.97761194029851],[-78.12280701754386,27.87719298245614],[-78.35,28.0],[-79.35514018691589,29.64485981308411],[-80.02816901408451,30.0],[-80.07843137254902,30.92156862745098],[-80.76271186440678,32.23728813559322],[-81.13559322033899,33.86440677966102],[-81.44444444444444,34.0],[-81.58333333333334,34.416666666666664],[-82.0,34.833333333333336],[-82.33333333333334,37.0],[-83.0,38.125],[-83.1891891891892,38.81081081081081],[-84.07692307692308,40.07692307692308],[-83.80000000000001,41.00000000000001],[-84.0,43.0],[-83.91666666666666,44.916666666666664],[-83.71428571428571,45.285714285714285],[-83.71428571428571,45.71428571428571],[-83.0,46.0],[-82.86666666666666,46.86666666666666],[-82.0,47.33333333333333],[-81.6,48.0],[-80.75,48.75],[-80.375,50.0],[-80.62962962962962,50.37037037037037],[-81.22222222222223,50.77777777777778],[-82.0,52.0],[-82.57575757575758,52.42424242424242],[-83.0,53.090909090909086],[-83.5,53.5],[-83.91666666666666,54.08333333333333],[-84.62162162162163,54.37837837837838],[-85.22222222222223,55.0],[-86.4,55.60000000000001],[-87.0,56.63636363636364],[-88.30000000000001,57.7],[-88.6,58.400000000000006],[-89.57142857142858,59.42857142857144],[-90.0,59.642857142857146],[-90.29411764705883,60.0],[-90.8125,61.1875],[-91.6,62.0],[-92.0,62.800000000000004],[-93.0,64.0],[-94.0,64.7],[-95.0,65.1],[-96.0,65.0],[-96.85185185185186,65.14814814814815],[-97.91304347826087,65.08695652173913],[-100.0,65.66666666666667],[-102.0,65.81818181818181],[-103.0,65.71428571428572],[-103.33333333333333,66.0],[-104.0,66.16666666666667],[-107.72727272727272,66.27272727272728],[-109.0,66.42857142857143],[-110.21052631578948,66.78947368421052],[-113.0,67.0],[-114.0,68.0],[-114.625,67.625],[-119.0,67.54545454545455],[-120.33333333333334,67.66666666666667],[-121.25,68.0],[-123.30769230769232,68.3076923076923],[-125.0,68.2],[-127.0,68.25],[-128.0,67.75],[-129.0,67.66666666666666],[-133.0,67.83333333333334],[-137.83333333333334,68.83333333333334],[-140.0,69.15384615384616],[-141.0,69.46153846153845],[-143.28571428571428,69.71428571428572],[-144.0,70.0],[-144.8,69.8],[-146.2,69.8],[-147.87878787878788,70.12121212121212],[-149.0,70.17647058823529],[-151.3478260869565,70.65217391304347],[-152.0,71.0],[-152.73913043478262,70.73913043478261],[-153.13953488372093,70.86046511627907],[-153.78181818181818,70.78181818181818],[-155.05128205128207,70.94871794871796],[-157.0379746835443,70.9620253164557],[-157.1875,71.0],[-157.4,71.60000000000001],[-158.1142857142857,71.88571428571429],[-164.01315789473682,71.98684210526316],[-164.125,72.125],[-164.125,72.875],[-164.5,73.0],[-164.66666666666669,73.33333333333334],[-164.75,74.0],[-165.13333333333333,74.13333333333334],[-166.0,74.0],[-166.8,74.2],[-167.5,74.5],[-167.66666666666669,75.0],[-168.0,75.16666666666667],[-172.32,75.68],[-173.0,76.0],[-175.0,76.28571428571428],[-177.0,76.25],[-178.0,76.42857142857142],[-178.3,76.3],[-178.8,75.80000000000001],[-179.66666666666669,76.0],[-180.0,77.0],[-180.0,80.10526315789474],[-179.5142857142857,80.51428571428572],[-179.05128205128204,83.0],[-177.16666666666666,83.0],[-176.53488372093022,82.46511627906978],[-175.71428571428572,82.28571428571428],[-169.856,82.144],[-169.25,82.0],[-168.42424242424244,81.57575757575758],[-167.0,81.37142857142857],[-164.0,81.19999999999999],[-162.0,81.22580645161291],[-161.0,81.38235294117646],[-160.0,81.22950819672131],[-156.0,81.22807017543859],[-154.9512195121951,81.04878048780488],[-154.4536082474227,80.54639175257732],[-154.0,80.38888888888889],[-152.0,80.26],[-150.64999999999998,80.64999999999999],[-150.06666666666666,81.06666666666666],[-149.17741935483872,81.17741935483872],[-148.0,81.203125],[-147.4842105263158,80.51578947368421],[-147.0,80.2923076923077],[-146.0,80.26086956521739],[-145.3421052631579,80.34210526315789],[-145.0,80.76470588235294],[-144.2,81.0],[-138.02150537634407,81.02150537634408],[-135.8,81.2],[-135.125,81.125],[-134.22222222222223,81.22222222222223],[-134.0,81.5],[-133.77777777777777,81.22222222222223],[-132.9,81.1],[-129.0,81.0],[-128.28571428571428,80.71428571428572],[-128.0,80.75],[-127.53846153846155,80.46153846153847],[-127.16666666666666,79.83333333333333],[-125.0,79.71428571428572],[-124.0,80.0],[-124.0,81.0],[-123.4,80.60000000000001],[-122.0,80.66666666666667],[-121.5,81.0],[-119.0,81.125],[-118.5,81.0],[-118.28571428571428,80.71428571428572],[-118.0,80.6],[-116.6923076923077,80.3076923076923],[-113.125,80.125],[-111.13333333333333,80.13333333333334],[-110.0,80.33333333333333],[-105.0,80.22222222222223],[-104.0,80.33333333333333],[-102.9047619047619,80.09523809523809],[-99.0,80.16666666666667],[-94.0,79.93333333333334],[-92.66666666666667,80.0],[-92.0,79.88888888888889],[-90.69999999999999,79.3],[-88.0,79.09722222222221],[-87.0,79.1842105263158],[-83.9906103286385,79.0093896713615],[-83.45783132530121,78.5421686746988],[-82.78761061946904,78.21238938053096],[-82.0,78.1081081081081],[-78.33333333333334,78.0],[-78.22222222222223,77.77777777777777],[-77.6,77.6],[-77.5,78.0],[-76.97619047619048,78.0],[-77.0,77.5],[-77.4,77.4],[-77.33333333333334,77.0],[-76.83333333333333,76.83333333333333],[-76.0,77.0],[-75.71428571428571,76.28571428571428],[-75.0,76.0],[-74.42857142857143,75.57142857142858],[-74.0,75.4],[-72.66666666666667,75.33333333333334],[-72.0,75.0],[-71.60000000000001,74.4],[-69.83333333333333,73.16666666666667],[-69.4,71.60000000000001],[-69.30769230769232,70.6923076923077],[-69.0,70.0],[-69.6,69.0],[-69.26666666666667,67.73333333333333],[-69.0,67.33333333333333],[-68.71428571428571,67.28571428571428],[-68.5,67.0],[-68.5,66.0],[-67.5,64.0],[-67.19999999999999,63.8],[-67.0,63.0],[-67.13333333333334,61.133333333333326],[-67.0,60.0],[-67.0,58.0],[-67.28571428571429,57.0],[-67.28571428571429,56.0],[-67.1,54.9],[-66.44444444444444,54.55555555555556],[-66.16666666666667,54.0],[-66.53846153846155,52.53846153846155],[-67.0,52.0],[-67.0,51.0],[-66.5,50.5],[-66.28571428571428,49.71428571428571],[-66.125,48.0],[-66.30769230769232,45.69230769230769],[-66.22222222222223,45.22222222222222],[-66.25,45.0],[-66.57142857142858,44.57142857142858],[-67.66666666666666,44.0],[-67.71428571428571,43.71428571428571],[-68.0,43.5],[-68.22222222222223,42.77777777777778],[-68.0,42.0],[-68.0,41.0],[-68.66666666666667,40.66666666666667],[-69.0,40.0],[-69.16666666666667,39.0],[-69.0,38.0],[-69.22222222222223,37.22222222222222],[-70.0,37.0],[-69.66666666666667,36.333333333333336],[-69.66666666666667,36.0],[-69.23529411764706,35.76470588235294],[-69.38888888888889,33.611111111111114],[-69.3,33.3],[-69.5,33.0],[-69.66666666666667,32.0],[-68.75,30.0],[-68.81818181818181,29.0],[-68.375,27.0],[-68.28571428571428,26.0],[-68.16666666666666,25.833333333333336],[-68.125,24.0],[-67.87755102040816,23.122448979591837],[-67.43243243243244,22.56756756756757],[-66.97142857142858,21.02857142857143],[-66.35820895522389,19.64179104477612],[-66.0,19.0],[-65.0,18.473684210526315],[-63.57446808510638,18.425531914893618],[-63.0,17.875],[-62.4,17.6],[-62.0,17.0],[-61.33333333333334,17.333333333333336],[-61.0,18.0],[-60.8,17.0],[-61.0,16.75],[-61.5,16.5],[-61.599999999999994,16.0],[-63.71875,14.71875],[-65.29268292682927,14.707317073170731],[-67.0,15.24],[-68.16,15.16],[-68.66666666666667,15.0],[-69.0,14.600000000000001],[-70.0,14.0]],[[-75.60000000000001,75.4],[-76.0,75.66666666666667],[-76.5,75.0],[-76.5,74.5],[-77.0,74.0],[-76.0,74.0],[-75.60000000000001,74.6],[-75.60000000000001,75.4]]],[[[-24.0,41.5],[-23.5,42.0],[-24.333333333333336,42.333333333333336],[-24.75,42.25],[-25.0,42.5],[-26.333333333333336,42.333333333333336],[-26.666666666666668,42.0],[-26.4,41.0],[-26.53846153846154,40.53846153846154],[-27.0,40.400000000000006],[-28.444444444444443,40.44444444444444],[-29.0,40.0],[-28.6,39.400000000000006],[-28.0,39.0],[-27.0,38.0],[-28.0,37.714285714285715],[-31.0,37.75],[-31.285714285714285,38.285714285714285],[-31.285714285714285,38.71428571428571],[-32.0,39.0],[-35.0,38.285714285714285],[-35.61538461538461,37.61538461538461],[-36.5,37.0],[-36.66666666666667,36.66666666666667],[-40.0,35.333333333333336],[-41.0,35.25],[-41.5,35.0],[-41.66666666666667,34.66666666666667],[-42.0,34.5],[-43.5,33.0],[-43.66666666666667,32.66666666666667],[-44.0,32.5],[-45.0,32.333333333333336],[-45.55555555555556,31.555555555555557],[-46.25,31.25],[-47.0,31.200000000000003],[-47.5,31.0],[-48.0,30.5],[-49.6,29.6],[-50.0,29.5],[-50.5,29.0],[-51.0,28.8],[-52.0,29.0],[-53.0,29.0],[-54.00000000000001,29.333333333333336],[-55.0,30.666666666666664],[-56.0,31.0],[-56.5,31.5],[-57.86666666666667,32.13333333333333],[-58.06896551724138,32.06896551724138],[-58.375,31.375],[-59.0,31.0],[-60.0,30.700000000000003],[-63.0,30.875],[-65.25,31.75],[-65.6,32.0],[-66.33333333333334,34.0],[-65.5,36.0],[-65.2,36.2],[-65.0,37.0],[-64.4,36.6],[-64.0,36.5],[-63.60000000000001,36.6],[-63.0,37.0],[-62.4,36.6],[-62.0,36.5],[-61.6,36.6],[-60.0,37.5],[-59.6,38.6],[-59.272727272727266,40.272727272727266],[-58.9047619047619,40.904761904761905],[-58.57142857142857,44.0],[-58.400000000000006,44.400000000000006],[-57.900000000000006,44.9],[-57.75,46.0],[-57.833333333333336,47.00000000000001],[-57.42857142857143,48.0],[-57.4,48.400000000000006],[-57.0,49.0],[-56.66666666666667,50.0],[-56.0,51.0],[-54.69230769230769,51.30769230769231],[-54.0,51.0],[-54.22222222222222,51.77777777777778],[-54.0,52.142857142857146],[-53.0,52.0],[-52.0,52.33333333333333],[-51.0,52.5],[-50.66666666666667,52.66666666666667],[-50.5,53.0],[-50.15384615384615,53.15384615384616],[-49.85714285714286,53.142857142857146],[-49.25,52.75],[-48.5,52.5],[-47.0,52.33333333333333],[-46.760000000000005,52.239999999999995],[-46.32,51.68],[-45.0,51.0],[-44.54545454545455,50.45454545454545],[-44.23529411764706,49.76470588235294],[-43.333333333333336,49.0],[-43.25,48.0],[-43.10526315789473,47.89473684210526],[-42.22222222222223,47.77777777777778],[-41.71428571428571,47.285714285714285],[-41.0,47.285714285714285],[-40.0,46.5],[-38.0,45.833333333333336],[-37.0,47.0],[-36.714285714285715,47.71428571428571],[-36.476190476190474,49.476190476190474],[-36.22222222222222,50.22222222222222],[-35.81818181818182,50.81818181818181],[-35.5,51.0],[-35.0,52.0],[-34.0,52.5],[-33.800000000000004,53.00000000000001],[-33.44444444444444,53.444444444444436],[-32.77777777777778,53.77777777777777],[-32.266666666666666,54.266666666666666],[-30.71428571428571,54.71428571428571],[-30.5,55.0],[-30.444444444444443,55.44444444444444],[-30.0,56.0],[-29.400000000000002,55.60000000000001],[-29.0,55.0],[-26.0,55.0],[-26.5,55.5],[-26.5,56.0],[-26.857142857142854,56.14285714285714],[-27.333333333333336,56.66666666666667],[-27.285714285714285,57.0],[-27.703703703703702,58.29629629629629],[-28.0,58.5],[-29.153846153846153,58.84615384615385],[-30.0,59.66666666666667],[-30.285714285714285,59.71428571428571],[-30.285714285714285,60.28571428571428],[-30.0,60.333333333333336],[-29.63636363636364,60.63636363636364],[-28.857142857142858,60.857142857142854],[-28.75,61.0],[-29.555555555555554,61.44444444444444],[-30.0,62.0],[-31.0,61.0],[-31.400000000000002,61.6],[-32.0,61.75],[-33.32,61.32],[-33.44444444444444,60.55555555555555],[-33.0,60.0],[-33.714285714285715,59.71428571428571],[-36.0,60.0],[-37.0,60.0],[-37.5,61.0],[-38.625,61.375],[-40.285714285714285,61.28571428571428],[-41.0,61.0],[-41.400000000000006,60.400000000000006],[-42.285714285714285,60.28571428571428],[-43.0,60.0],[-43.60000000000001,60.400000000000006],[-44.0,60.5],[-45.0,60.0],[-45.5,59.5],[-46.0,59.5],[-46.333333333333336,59.66666666666667],[-48.0,59.66666666666667],[-48.266666666666666,59.733333333333334],[-48.66666666666667,60.333333333333336],[-49.0,60.5],[-49.400000000000006,60.400000000000006],[-50.0,59.66666666666667],[-50.333333333333336,59.66666666666667],[-51.0,60.0],[-51.400000000000006,59.400000000000006],[-51.5,59.0],[-51.400000000000006,58.60000000000001],[-51.0,58.0],[-51.0,57.0],[-52.0,56.5],[-53.0,56.66666666666667],[-54.0,57.0],[-55.0,56.85714285714286],[-55.199999999999996,57.0],[-55.400000000000006,57.6],[-57.0,58.0],[-57.44444444444444,58.55555555555556],[-58.125,58.875],[-58.166666666666664,59.0],[-58.0,59.33333333333333],[-57.63636363636364,59.63636363636364],[-57.5,60.0],[-57.0,60.400000000000006],[-56.53846153846154,60.53846153846154],[-56.0,61.0],[-55.0,61.33333333333333],[-53.400000000000006,61.400000000000006],[-53.0,62.0],[-52.22222222222222,62.222222222222214],[-51.66666666666667,62.66666666666667],[-51.285714285714285,63.285714285714285],[-51.285714285714285,63.71428571428571],[-51.0,64.5],[-50.25,65.25],[-50.0,66.0],[-50.18181818181818,66.81818181818181],[-50.28571428571428,68.71428571428571],[-50.5,69.0],[-50.333333333333336,69.33333333333334],[-49.77777777777778,69.22222222222223],[-49.5,68.5],[-49.0,68.0],[-48.5,69.0],[-48.333333333333336,70.0],[-49.0,70.4],[-50.0,70.66666666666666],[-50.5,70.5],[-51.0,70.0],[-51.2,71.0],[-50.71428571428571,71.28571428571428],[-50.28571428571428,71.28571428571428],[-50.28571428571428,71.71428571428571],[-50.14285714285714,72.0],[-49.57142857142857,72.57142857142857],[-49.33333333333333,73.0],[-48.21052631578947,73.21052631578948],[-48.0,73.36363636363636],[-47.0,73.36363636363636],[-46.0,73.53846153846155],[-40.0,73.66666666666667],[-39.0,74.0],[-38.0,73.6],[-37.0,73.75],[-36.0,74.14285714285714],[-35.0,73.71428571428572],[-34.272727272727266,74.27272727272727],[-32.43478260869565,74.43478260869566],[-31.583333333333332,74.41666666666667],[-30.0,74.14285714285714],[-29.0,74.25],[-27.0,74.0],[-26.0,74.11111111111111],[-25.0,73.75],[-22.0,73.41666666666667],[-17.0,73.29411764705883],[-15.0,72.55555555555556],[-12.357142857142858,72.35714285714286],[-10.5,72.0],[-9.53846153846154,71.46153846153847],[-8.794871794871796,71.2051282051282],[-7.0,71.0],[-6.333333333333334,70.66666666666667],[-3.9555555555555557,70.04444444444445],[-2.0,69.85714285714286],[-1.4137931034482758,69.58620689655172],[0.20689655172413796,69.20689655172413],[2.0,69.0],[3.0,68.42857142857143],[3.1875,68.1875],[5.666666666666666,68.0],[5.818181818181818,67.81818181818181],[7.0,67.4],[9.0,67.28571428571429],[9.666666666666668,66.66666666666667],[11.0,65.80000000000001],[12.0,65.5],[12.461538461538462,65.53846153846155],[13.0,66.0],[12.428571428571429,66.42857142857143],[12.0,67.0],[12.333333333333332,68.0],[13.914893617021278,68.08510638297872],[14.275862068965518,68.27586206896552],[14.88235294117647,68.11764705882354],[15.0,68.5],[15.125,68.125],[15.600000000000001,67.6],[17.0,67.75],[17.48,67.48],[18.0,67.36842105263158],[20.210526315789473,67.78947368421052],[20.666666666666668,68.0],[21.903614457831324,68.09638554216868],[22.0,68.36363636363636],[22.482758620689655,68.51724137931035],[23.0,69.0],[23.75,68.75],[24.333333333333336,68.33333333333334],[24.666666666666668,67.66666666666667],[25.0,67.5],[27.0,67.5],[27.5,67.0],[27.5,66.5],[27.0,66.0],[27.0,65.0],[25.0,65.0],[24.6,64.4],[24.0,64.0],[21.0,64.0],[21.0,65.0],[18.0,65.0],[18.0,64.0],[14.0,64.0],[14.0,63.0],[13.0,63.0],[13.0,62.0],[12.0,62.0],[11.5,62.5],[11.5,63.0],[11.222222222222221,63.22222222222222],[11.0,63.2],[10.777777777777779,62.77777777777777],[11.0,62.0],[9.0,61.0],[8.0,60.0],[8.0,59.0],[7.153846153846153,57.84615384615385],[7.0,57.0],[6.230769230769231,56.76923076923077],[6.0,56.0],[5.178571428571429,55.82142857142857],[5.0,55.285714285714285],[4.714285714285714,55.0],[3.2666666666666666,54.733333333333334],[3.2666666666666666,54.266666666666666],[3.0,53.76923076923077],[2.2926829268292686,53.707317073170735],[1.625,53.375],[1.4705882352941178,53.0],[1.5714285714285716,52.57142857142857],[2.375,52.0],[2.2222222222222223,51.77777777777778],[1.0,51.2],[0.0,51.5],[-1.2666666666666666,51.266666666666666],[-3.4000000000000004,50.400000000000006],[-4.0,50.0],[-4.777777777777778,49.77777777777778],[-6.6521739130434785,49.65217391304348],[-8.0,48.942857142857136],[-10.0,48.70588235294118],[-10.470588235294118,48.470588235294116],[-10.924050632911392,47.92405063291139],[-11.705882352941178,47.705882352941174],[-12.0,47.0],[-12.555555555555555,46.55555555555555],[-12.958333333333334,45.958333333333336],[-13.0,45.5],[-13.4,45.4],[-14.0,45.0],[-14.0,43.972972972972975],[-15.0,44.0],[-15.75,44.25],[-16.0,44.2],[-16.400000000000002,44.6],[-16.700000000000003,45.3],[-17.444444444444443,45.55555555555556],[-17.8,46.00000000000001],[-18.0,47.0],[-18.166666666666668,46.166666666666664],[-18.636363636363637,45.63636363636364],[-19.266666666666666,45.266666666666666],[-19.25,44.0],[-19.0,43.5],[-18.0,43.0],[-18.0,42.0],[-18.375,41.375],[-18.0,39.0],[-18.571428571428573,37.57142857142858],[-19.0,37.333333333333336],[-21.0,37.8],[-21.684210526315788,38.315789473684205],[-22.0,38.75],[-23.0,38.42857142857142],[-23.38095238095238,38.61904761904762],[-24.0,39.0],[-24.0,40.0],[-24.8,39.8],[-25.0,39.875],[-25.5,39.5],[-25.65714285714286,38.65714285714286],[-26.0,38.400000000000006],[-26.479999999999997,38.52],[-26.66666666666667,39.0],[-26.555555555555554,39.55555555555555],[-26.0,40.0],[-24.555555555555554,40.55555555555556],[-24.363636363636367,41.36363636363637],[-24.0,41.5]],[[-26.0,53.0],[-25.400000000000002,53.400000000000006],[-25.0,53.33333333333333],[-24.619047619047617,53.61904761904761],[-24.555555555555557,54.0],[-24.703703703703702,54.2962962962963],[-25.0,54.5],[-25.5,54.5],[-26.0,55.0],[-26.0,53.0]],[[-65.35294117647058,33.647058823529406],[-64.69999999999999,33.7],[-64.0,34.0],[-64.0,35.0],[-64.66666666666667,34.66666666666667],[-65.0,34.75],[-65.46153846153847,34.46153846153846],[-65.5,34.0],[-65.35294117647058,33.647058823529406]],[[-63.25,34.75],[-61.00000000000001,34.85714285714286],[-60.75,35.0],[-60.75,35.25],[-61.0,35.5],[-63.0,35.5],[-63.400000000000006,35.400000000000006],[-64.0,35.0],[-63.25,34.75]],[[-30.0,39.5],[-30.5,39.0],[-30.285714285714285,38.71428571428571],[-29.75,38.75],[-29.5,39.0],[-29.6,39.400000000000006],[-30.0,39.5]],[[-52.66666666666667,58.33333333333334],[-53.0,58.5],[-53.5,58.0],[-53.400000000000006,57.6],[-53.0,57.5],[-52.66666666666667,57.66666666666667],[-52.5,58.0],[-52.66666666666667,58.33333333333334]],[[-49.33333333333334,65.33333333333334],[-49.5,65.0],[-49.0,64.66666666666667],[-48.5,65.0],[-49.0,65.33333333333334],[-49.33333333333334,65.33333333333334]]],[[[-176.5,74.0],[-177.0625,73.9375],[-178.0,74.0],[-177.0,74.2],[-176.5,74.0]]],[[[-179.38616714697406,90.0],[-179.58680892337537,89.58680892337536],[-180.0,89.37900874635568],[-180.0,90.0],[-179.38616714697406,90.0]]],[[[14.333333333333334,-71.0],[14.636363636363637,-70.63636363636364],[15.0,-70.66666666666666],[15.5,-70.5],[15.5,-71.0],[15.333333333333334,-71.33333333333334],[14.666666666666668,-71.33333333333334],[14.333333333333334,-71.0]]],[[[65.83333333333334,-53.166666666666664],[65.875,-53.0],[66.05714285714286,-52.94285714285714],[67.08333333333333,-53.0],[67.35294117647058,-53.647058823529406],[68.0,-53.84615384615385],[68.05128205128206,-54.051282051282044],[66.82857142857142,-54.17142857142858],[66.4,-54.0],[66.36363636363637,-53.63636363636364],[65.83333333333334,-53.166666666666664]]],[[[64.14285714285714,-53.142857142857146],[63.60000000000001,-53.60000000000001],[63.333333333333336,-54.0],[62.0,-54.170731707317074],[60.967213114754095,-54.0327868852459],[59.93103448275862,-53.06896551724138],[59.93684210526316,-52.06315789473684],[59.85,-52.0],[60.0,-51.66666666666667],[60.41379310344828,-51.41379310344828],[60.66666666666667,-51.0],[61.0,-50.769230769230774],[61.80952380952381,-51.19047619047619],[62.0,-51.15384615384615],[62.444444444444436,-51.55555555555556],[62.61290322580645,-52.387096774193544],[63.0,-52.78260869565217],[63.3030303030303,-52.6969696969697],[63.88235294117647,-52.882352941176464],[64.0,-52.5],[64.14285714285714,-53.142857142857146]]],[[[40.34615384615385,-40.0],[40.17142857142857,-41.17142857142857],[40.0,-41.54545454545455],[39.0,-41.2],[38.55555555555556,-42.0],[38.25925925925926,-43.0],[38.10526315789474,-44.10526315789474],[37.5,-45.0],[36.80582524271845,-45.19417475728155],[35.333333333333336,-45.0],[34.6,-44.400000000000006],[34.0,-44.214285714285715],[33.79310344827586,-44.0],[33.64705882352941,-43.0],[33.84,-41.84],[34.0,-41.57142857142857],[34.390243902439025,-41.390243902439025],[34.724137931034484,-40.724137931034484],[34.84615384615385,-40.0],[34.523809523809526,-39.0],[34.5,-38.0],[34.68,-37.68],[35.333333333333336,-37.0],[36.315789473684205,-36.68421052631579],[36.733333333333334,-36.733333333333334],[37.0,-36.2],[37.96875,-35.96875],[38.57575757575757,-35.57575757575758],[39.0,-35.22222222222222],[39.272727272727266,-34.272727272727266],[39.85714285714286,-34.0],[40.0,-33.95652173913043],[41.0,-34.34042553191489],[41.413333333333334,-34.586666666666666],[41.83783783783784,-36.0],[41.39622641509435,-37.39622641509435],[41.0,-37.875],[40.7,-38.0],[40.9375,-39.0],[40.34615384615385,-40.0]]],[[[52.285714285714285,-29.714285714285715],[53.0,-30.5],[54.0,-30.0],[54.6,-30.400000000000002],[55.0,-31.0],[55.400000000000006,-32.6],[56.0,-33.0],[56.400000000000006,-34.0],[57.0,-34.75],[58.66666666666667,-36.0],[59.625,-36.375],[60.81818181818182,-37.18181818181819],[62.0,-37.5],[63.0,-38.25],[64.14285714285714,-38.85714285714286],[64.57142857142858,-39.42857142857143],[65.11764705882354,-39.88235294117647],[65.5,-41.0],[65.0,-42.09090909090909],[64.0,-41.75],[63.0,-42.0],[62.53846153846154,-41.46153846153846],[62.0,-41.357142857142854],[60.0,-41.6],[59.71428571428572,-42.0],[57.46666666666666,-42.46666666666666],[57.0,-42.875],[55.99999999999999,-42.81818181818181],[55.800000000000004,-43.0],[55.0,-43.18181818181819],[54.27272727272727,-43.0],[54.0,-42.75],[53.142857142857146,-42.85714285714286],[51.0,-42.75],[50.75,-43.0],[49.55555555555556,-43.55555555555555],[49.19230769230769,-44.19230769230769],[49.0,-45.07692307692307],[48.30769230769231,-45.30769230769231],[48.0,-45.57142857142857],[46.77777777777777,-45.77777777777778],[46.0,-46.4],[44.916666666666664,-46.91666666666667],[43.0,-47.41666666666667],[42.0,-47.84615384615385],[41.511111111111106,-47.48888888888889],[40.77272727272727,-47.22727272727273],[40.61538461538461,-47.0],[40.81481481481482,-46.81481481481482],[40.959999999999994,-44.959999999999994],[41.581395348837205,-44.581395348837205],[41.774193548387096,-44.0],[41.63157894736842,-43.0],[41.945945945945944,-41.945945945945944],[42.58620689655172,-41.58620689655172],[42.917808219178085,-38.91780821917808],[43.66666666666667,-38.66666666666667],[44.0,-37.909090909090914],[44.5,-37.5],[44.769230769230774,-37.0],[44.93333333333333,-36.0],[44.7037037037037,-34.7037037037037],[45.0,-34.0],[45.0,-33.0],[46.0,-33.0],[46.0,-32.0],[45.0,-31.0],[45.5,-30.5],[45.666666666666664,-30.0],[45.400000000000006,-29.0],[45.5,-28.5],[45.666666666666664,-28.0],[45.875,-27.875],[46.333333333333336,-27.000000000000004],[46.68,-26.68],[47.0,-26.5],[48.60000000000001,-26.400000000000002],[49.0,-26.5],[49.57142857142857,-27.42857142857143],[50.2,-27.8],[50.71428571428571,-28.285714285714285],[51.375,-28.625],[52.0,-29.666666666666668],[52.285714285714285,-29.714285714285715]]],[[[42.103448275862064,-32.89655172413793],[42.54545454545455,-33.0],[42.0,-33.23076923076923],[41.806451612903224,-33.0],[42.0,-32.45454545454545],[42.103448275862064,-32.89655172413793]]],[[[32.5,9.0],[32.75,8.75],[33.45454545454545,8.454545454545453],[33.9,7.9],[34.77777777777778,7.777777777777778],[36.30769230769231,6.307692307692308],[36.75,5.0],[36.66666666666667,4.0],[37.0,3.0],[37.4,2.4],[38.0,2.0],[37.75,1.25],[37.833333333333336,-1.0],[37.4,-2.0],[37.66666666666667,-4.0],[37.5,-4.5],[37.0,-5.0],[37.5,-6.0],[37.0,-6.333333333333334],[36.75,-6.75],[36.75,-7.25],[37.14285714285714,-8.0],[36.25,-9.0],[36.333333333333336,-10.0],[35.7,-10.7],[35.625,-11.0],[35.333333333333336,-11.333333333333334],[34.7037037037037,-11.703703703703702],[34.333333333333336,-12.333333333333334],[33.35294117647059,-13.352941176470589],[32.75,-13.75],[32.66666666666667,-14.0],[32.4,-15.0],[32.333333333333336,-16.0],[32.57142857142857,-17.0],[33.400000000000006,-19.0],[33.125,-20.0],[32.61538461538462,-21.0],[32.19512195121951,-21.195121951219512],[32.02162162162162,-22.02162162162162],[31.372093023255815,-22.372093023255815],[31.0,-24.0],[30.342105263157894,-24.342105263157894],[30.0,-25.0],[29.296296296296298,-25.296296296296298],[28.46153846153846,-26.0],[28.588235294117645,-27.0],[28.25,-28.0],[28.636363636363633,-29.0],[28.80952380952381,-30.19047619047619],[29.8,-31.0],[29.0,-32.0],[29.0,-33.0],[29.53846153846154,-33.46153846153846],[30.0,-33.42857142857143],[30.083333333333336,-34.0],[30.0,-34.4],[29.529411764705884,-34.470588235294116],[29.0,-34.0],[29.400000000000002,-34.6],[29.0,-35.333333333333336],[27.0,-36.25],[26.7,-36.7],[25.894736842105264,-36.89473684210526],[25.42857142857143,-37.42857142857143],[23.0,-38.0],[23.25,-38.75],[23.166666666666668,-40.0],[23.0,-40.5],[22.6,-40.4],[22.0,-40.0],[21.6,-40.6],[21.0,-41.0],[20.6,-41.6],[20.0,-42.0],[20.400000000000002,-42.6],[20.166666666666664,-44.16666666666667],[20.214285714285715,-44.785714285714285],[20.0,-45.25],[19.513513513513516,-45.513513513513516],[19.1,-46.0],[18.392156862745097,-46.3921568627451],[17.324324324324326,-47.32432432432433],[16.76923076923077,-48.0],[16.0,-48.333333333333336],[15.2,-49.0],[13.536231884057973,-49.53623188405797],[13.0,-50.147540983606554],[12.186915887850468,-50.18691588785046],[11.441176470588236,-50.44117647058823],[11.0,-51.016666666666666],[7.836065573770492,-51.16393442622952],[6.0,-51.03846153846154],[5.0,-51.148148148148145],[4.291666666666666,-51.291666666666664],[3.6190476190476186,-51.61904761904761],[3.0625,-52.0625],[3.0,-52.25],[2.8823529411764706,-52.117647058823536],[2.24,-52.239999999999995],[-0.04999999999999999,-52.050000000000004],[-0.25806451612903225,-51.74193548387097],[-0.3076923076923077,-51.30769230769231],[-1.0,-51.0],[-1.1960784313725492,-50.196078431372555],[-1.3571428571428572,-50.0],[-1.5,-48.0],[-0.8571428571428572,-47.00000000000001],[-1.4528301886792454,-46.45283018867925],[-1.6,-46.0],[-1.375,-44.0],[-2.0,-43.5],[-2.4761904761904763,-43.52380952380952],[-2.833333333333333,-44.0],[-3.0,-45.0],[-3.1,-44.0],[-3.0,-43.0],[-2.7037037037037033,-42.29629629629629],[-2.7142857142857144,-42.0],[-2.1724137931034484,-40.827586206896555],[-1.7333333333333334,-39.0],[-1.5625,-37.5625],[-1.5714285714285714,-37.0],[-2.0,-36.25],[-2.5,-34.5],[-2.6666666666666665,-32.0],[-2.0,-31.0],[-1.4074074074074074,-30.592592592592595],[-1.0208333333333333,-29.979166666666664],[-0.775,-29.225],[0.26666666666666666,-28.0],[0.7411764705882353,-27.741176470588236],[1.392156862745098,-26.3921568627451],[1.7142857142857144,-26.0],[1.75,-25.0],[1.875,-24.875],[1.8571428571428572,-23.0],[1.707317073170732,-22.29268292682927],[1.3333333333333335,-22.0],[1.2666666666666666,-19.733333333333334],[1.0,-19.42857142857143],[0.7333333333333334,-18.266666666666666],[0.3333333333333333,-18.0],[0.3157894736842105,-17.684210526315788],[-0.11111111111111116,-17.0],[-0.15999999999999998,-16.16],[0.0,-15.0],[0.43478260869565216,-14.43478260869565],[0.5,-14.0],[0.7777777777777778,-13.777777777777779],[0.9344262295081966,-12.934426229508198],[1.4642857142857142,-12.464285714285715],[1.65,-12.0],[1.625,-11.375],[1.0869565217391304,-10.91304347826087],[1.0526315789473686,-10.000000000000002],[1.0909090909090908,-8.90909090909091],[1.263157894736842,-8.0],[1.5087719298245612,-7.508771929824562],[2.0,-7.0],[2.6363636363636367,-6.636363636363637],[4.0,-6.359999999999999],[5.76,-6.24],[6.6000000000000005,-6.4],[7.0,-7.0],[8.0,-7.666666666666666],[9.0,-8.166666666666668],[10.4,-8.600000000000001],[11.0,-9.0],[11.454545454545455,-8.454545454545453],[11.625,-8.0],[11.0,-7.0],[10.461538461538463,-5.538461538461539],[10.0,-5.0],[10.25,-4.0],[10.142857142857144,-3.0],[10.578947368421051,-1.5789473684210527],[11.0,-1.0],[11.222222222222221,-0.2222222222222222],[11.777777777777779,-0.2222222222222222],[12.100000000000001,0.0],[12.100000000000001,1.9],[12.466666666666667,4.0],[12.609756097560975,4.390243902439025],[13.048780487804878,4.951219512195122],[13.25,5.0],[13.285714285714285,5.285714285714286],[13.0,6.0],[13.333333333333336,6.666666666666667],[13.090909090909092,9.0],[13.666666666666668,10.333333333333334],[14.266666666666666,10.733333333333334],[15.0,11.142857142857144],[17.0,11.222222222222221],[17.538461538461537,10.53846153846154],[18.0,10.333333333333332],[19.210526315789473,10.210526315789473],[19.666666666666668,10.0],[20.285714285714285,9.285714285714285],[21.0,9.0],[21.5,8.5],[21.73913043478261,7.739130434782609],[22.0,7.4],[22.666666666666668,7.0],[22.75,6.0],[23.000000000000004,5.800000000000001],[23.166666666666664,5.833333333333334],[23.555555555555557,6.444444444444445],[24.0,6.666666666666667],[24.363636363636367,6.363636363636363],[24.714285714285715,5.7142857142857135],[25.0,5.6],[26.0,6.0],[26.333333333333336,6.666666666666667],[26.6,6.6000000000000005],[27.18181818181818,6.818181818181818],[27.363636363636363,7.363636363636364],[27.0,8.0],[27.714285714285715,7.7142857142857135],[28.5,8.0],[28.6,8.4],[29.0,8.333333333333334],[29.19047619047619,8.80952380952381],[29.18181818181818,9.181818181818182],[28.652173913043477,9.652173913043478],[28.714285714285715,10.0],[29.296296296296298,10.296296296296294],[29.703703703703702,10.296296296296294],[29.703703703703702,10.703703703703702],[29.925233644859812,11.074766355140188],[30.0,12.0],[30.641025641025642,12.35897435897436],[30.92105263157895,13.078947368421051],[31.0,14.0],[33.25,14.25],[33.44444444444444,14.0],[33.4,13.600000000000001],[33.0,13.0],[33.0,12.0],[32.61904761904761,11.38095238095238],[32.4,10.600000000000001],[31.666666666666668,10.0],[32.375,9.375],[32.5,9.0]],[[26.0,-28.272727272727273],[26.285714285714285,-28.285714285714285],[26.6,-28.0],[26.0,-27.800000000000004],[25.90625,-28.09375],[26.0,-28.272727272727273]],[[27.75,-12.25],[28.363636363636363,-12.363636363636363],[28.5,-12.0],[28.0,-11.666666666666666],[27.6,-12.0],[27.75,-12.25]],[[28.846153846153847,-13.153846153846153],[29.18181818181818,-13.181818181818183],[29.5,-13.0],[29.0,-12.666666666666668],[28.71428571428571,-12.714285714285714],[28.846153846153847,-13.153846153846153]]],[[[28.400000000000002,8.600000000000001],[27.5,8.5],[27.0,9.0],[28.18181818181818,9.181818181818182],[28.400000000000002,8.600000000000001]]],[[[20.0,21.6],[20.20689655172414,21.20689655172414],[20.0,20.7],[19.77777777777778,21.22222222222222],[20.0,21.6]]],[[[48.2,25.0],[49.42424242424242,24.424242424242426],[49.63636363636364,24.0],[50.0,23.69230769230769],[51.239999999999995,23.240000000000002],[52.32,22.32],[52.5,22.0],[53.42424242424243,21.424242424242426],[53.75757575757576,20.757575757575758],[54.37037037037037,20.37037037037037],[54.65217391304348,19.652173913043477],[54.71428571428571,19.0],[54.57894736842105,18.421052631578945],[54.0,17.8],[52.38095238095238,18.38095238095238],[52.0,18.666666666666668],[51.94871794871795,18.94871794871795],[51.5,19.0],[51.0,19.4],[50.0,19.57142857142857],[49.92771084337349,19.927710843373493],[49.4,20.0],[49.0,20.25],[48.857142857142854,20.857142857142858],[48.0,20.984848484848484],[47.82142857142857,21.821428571428573],[46.8,22.0],[46.457142857142856,22.457142857142856],[46.0,22.64],[45.89349112426036,22.893491124260354],[45.0,23.0],[44.874015748031496,23.874015748031496],[43.96835443037975,23.968354430379748],[43.7,24.7],[43.0,24.905405405405403],[42.55555555555556,25.555555555555554],[41.857142857142854,25.857142857142858],[41.0,26.0],[40.6969696969697,26.6969696969697],[40.230769230769226,26.999999999999996],[40.512195121951216,27.48780487804878],[41.0,27.714285714285715],[42.0,27.714285714285715],[43.0,27.5],[43.095238095238095,27.0],[43.5,26.5],[44.0,26.296296296296298],[47.0,26.0],[47.63636363636364,25.636363636363637],[48.2,25.0]]],[[[63.0,24.0],[62.5,23.5],[62.0,22.5],[61.75,22.75],[61.71428571428571,23.0],[61.851851851851855,23.14814814814815],[61.851851851851855,24.14814814814815],[62.0,24.666666666666668],[62.5,24.5],[63.0,24.0]]],[[[14.5,24.5],[15.0,24.57142857142857],[15.145454545454545,24.145454545454548],[15.0,23.428571428571427],[14.529411764705882,23.52941176470588],[14.200000000000001,24.000000000000004],[14.5,24.5]]],[[[30.0,26.6],[30.75,26.0],[29.96875,25.96875],[29.866666666666667,26.133333333333333],[30.0,26.6]]],[[[17.906976744186046,27.093023255813954],[18.7,27.3],[19.0,28.0],[19.029556650246306,25.970443349753694],[19.0,25.0],[18.476190476190474,25.476190476190474],[18.0,25.625],[17.85,26.15],[17.906976744186046,27.093023255813954]]],[[[11.400000000000002,27.6],[12.0,27.75],[13.166666666666668,27.0],[13.0,26.5],[12.666666666666668,26.333333333333336],[12.0,26.25],[11.9,26.9],[11.0,27.0],[11.400000000000002,27.6]]],[[[32.25,29.0],[32.15384615384615,28.846153846153847],[31.8,28.799999999999997],[31.0,29.0],[32.0,29.01219512195122],[32.25,29.0]]],[[[18.09090909090909,28.90909090909091],[18.0,28.764705882352942],[17.666666666666668,29.0],[18.0,29.57142857142857],[18.09090909090909,28.90909090909091]]],[[[27.0,28.0],[27.5,28.5],[28.0,28.666666666666668],[29.0,28.5],[30.0,28.714285714285715],[30.5,28.5],[30.625,28.0],[30.416666666666668,27.583333333333336],[29.6,27.0],[29.133333333333333,26.866666666666667],[28.25,27.0],[27.8,27.2],[27.5,27.0],[26.875,27.0],[26.451612903225804,27.451612903225808],[26.0,27.4375],[25.549999999999997,28.0],[25.235294117647058,29.235294117647058],[24.733333333333334,29.733333333333334],[24.0,29.88888888888889],[23.18181818181818,29.81818181818182],[23.0,29.5],[22.928571428571427,29.928571428571427],[22.125,29.875],[21.714285714285715,30.0],[21.6,30.400000000000002],[21.666666666666668,30.666666666666668],[21.0,31.0],[20.785714285714285,31.785714285714285],[20.0,32.0],[22.0,32.0],[22.6,31.6],[23.400000000000002,31.400000000000002],[24.0,31.0],[24.75,31.25],[25.714285714285715,31.285714285714285],[26.0,31.5],[26.333333333333336,31.0],[26.375,30.0],[27.0,28.0]]],[[[7.0,29.1],[6.804347826086957,29.804347826086953],[6.470588235294118,30.0],[6.666666666666667,30.333333333333336],[7.0,30.42857142857143],[7.2368421052631575,30.236842105263158],[7.285714285714286,29.714285714285715],[7.0,29.1]]],[[[32.333333333333336,40.333333333333336],[32.5,40.0],[33.44444444444444,39.44444444444444],[33.66666666666667,39.0],[33.75,38.0],[32.6,37.4],[32.0,36.714285714285715],[30.333333333333336,36.66666666666667],[30.0,36.5],[29.0,37.0],[28.0,37.0],[27.0,38.0],[26.0,38.0],[24.75,39.0],[24.666666666666668,39.333333333333336],[25.0,40.0],[25.5,40.5],[27.000000000000004,40.66666666666667],[27.444444444444443,40.44444444444444],[27.666666666666668,40.0],[28.0,39.875],[30.153846153846153,39.84615384615385],[31.0,40.0],[31.5,40.5],[32.0,40.5],[32.333333333333336,40.333333333333336]]],[[[15.0,40.625],[15.344827586206897,40.3448275862069],[15.5,40.0],[15.129032258064516,38.87096774193549],[14.0,38.36363636363636],[13.0,38.2],[11.757575757575758,38.24242424242424],[9.153846153846153,37.84615384615385],[8.0,37.266666666666666],[7.416666666666666,37.416666666666664],[6.80952380952381,37.80952380952381],[6.380952380952381,38.38095238095238],[6.0,38.66666666666667],[4.904761904761904,38.904761904761905],[4.5,39.5],[3.5,40.0],[3.4000000000000004,40.4],[3.0,41.0],[3.6000000000000005,41.400000000000006],[4.4,41.6],[5.0,42.0],[5.333333333333334,41.333333333333336],[5.333333333333333,41.0],[5.666666666666667,40.66666666666667],[6.363636363636363,40.63636363636364],[7.0,41.0],[7.583333333333333,40.583333333333336],[10.0,40.800000000000004],[11.0,40.57142857142857],[14.666666666666668,40.66666666666667],[15.0,40.625]]],[[[33.6,41.400000000000006],[34.0,42.0],[35.0,41.0],[34.0,40.5],[33.66666666666667,40.66666666666667],[33.5,41.0],[33.6,41.400000000000006]]],[[[16.81818181818182,47.18181818181819],[17.0,47.25],[17.25,47.0],[17.0,46.0],[16.714285714285715,46.71428571428571],[16.81818181818182,47.18181818181819]]],[[[51.333333333333336,60.0],[51.22222222222223,58.77777777777778],[50.8,57.199999999999996],[50.85714285714286,56.85714285714286],[51.18181818181818,56.81818181818182],[54.0,57.42857142857143],[54.26086956521739,57.26086956521739],[54.375,57.0],[54.285714285714285,56.285714285714285],[54.5,55.0],[54.5,54.0],[54.71428571428571,52.71428571428571],[55.0,52.0],[56.0,51.75],[57.0,51.25],[57.2,51.0],[57.75,49.0],[57.800000000000004,47.0],[57.66666666666667,46.0],[57.4,45.6],[57.0,45.5],[56.76470588235294,45.23529411764706],[56.44444444444444,44.55555555555555],[56.0,44.333333333333336],[54.73913043478261,44.26086956521739],[54.25,44.0],[54.0,43.5],[52.0,43.36363636363636],[51.0,43.66666666666667],[49.78947368421053,43.78947368421052],[49.0,44.16666666666667],[47.0,44.333333333333336],[44.0,45.333333333333336],[43.0,45.333333333333336],[42.0,45.2],[41.421052631578945,44.578947368421055],[41.0,44.333333333333336],[40.69230769230769,44.30769230769231],[40.33333333333333,44.0],[40.0,43.0],[39.0,44.0],[36.0,44.0],[35.46153846153847,43.53846153846154],[35.0,43.400000000000006],[33.0,43.0],[32.0,43.0],[32.0,42.0],[31.0,41.0],[30.6,41.6],[30.0,42.0],[29.0,42.333333333333336],[28.0,42.333333333333336],[27.5,42.5],[27.0,43.0],[26.0,43.25],[24.0,43.400000000000006],[23.000000000000004,43.2],[22.0,43.400000000000006],[21.0,43.333333333333336],[20.0,43.66666666666667],[19.5,43.5],[19.0,43.0],[18.666666666666668,43.66666666666667],[18.8,44.2],[19.0,44.5],[19.333333333333336,44.66666666666667],[19.5,45.0],[19.400000000000002,45.4],[19.0,46.0],[20.0,47.0],[20.6,46.6],[21.4,46.400000000000006],[22.0,46.0],[22.5,47.0],[22.285714285714285,47.285714285714285],[21.555555555555554,47.55555555555556],[21.285714285714285,48.28571428571428],[20.666666666666668,48.66666666666667],[20.5,50.0],[20.25,50.25],[19.666666666666668,50.333333333333336],[19.0,50.0],[18.0,51.0],[18.0,53.0],[17.0,53.0],[17.0,52.0],[16.444444444444443,52.44444444444444],[16.0,52.400000000000006],[15.757575757575758,52.24242424242425],[15.666666666666668,51.66666666666667],[15.833333333333332,51.16666666666667],[15.8,50.2],[15.600000000000001,49.400000000000006],[15.0,49.0],[15.444444444444443,48.44444444444444],[15.5,47.0],[15.75,46.0],[15.5,45.5],[15.0,45.25],[14.0,45.5],[13.0,46.0],[11.0,46.0],[11.0,47.0],[10.0,47.333333333333336],[9.857142857142858,47.14285714285714],[9.0,47.09090909090909],[8.0,47.333333333333336],[7.555555555555555,47.55555555555556],[7.25,48.0],[7.0,49.4],[6.75,50.0],[6.692307692307692,51.0],[7.153846153846153,51.84615384615385],[8.0,52.16666666666667],[8.303030303030303,52.6969696969697],[10.0,53.0],[10.461538461538463,53.53846153846154],[11.127659574468085,53.87234042553192],[11.526315789473685,54.47368421052632],[12.040000000000001,54.96],[12.214285714285715,55.78571428571429],[13.0,56.0],[13.325581395348838,56.674418604651166],[13.7,57.0],[14.25,58.25],[14.3,58.7],[15.0,59.0],[15.444444444444443,59.55555555555555],[16.666666666666664,60.0],[16.80952380952381,60.19047619047619],[17.517241379310345,60.48275862068966],[20.0,60.63636363636364],[21.0,60.199999999999996],[22.0,60.333333333333336],[23.0,59.6],[26.0,59.44444444444444],[27.0,59.111111111111114],[28.240000000000002,59.239999999999995],[29.0,58.6],[31.11111111111111,58.111111111111114],[31.625,57.625],[32.4,57.4],[32.66666666666667,57.00000000000001],[32.470588235294116,56.52941176470588],[32.0,56.2],[31.0,56.333333333333336],[30.555555555555554,56.55555555555556],[30.200000000000003,57.199999999999996],[29.81818181818182,57.18181818181819],[29.5,57.0],[29.333333333333336,56.66666666666667],[28.66666666666667,56.333333333333336],[28.0,56.25],[27.666666666666668,56.333333333333336],[27.0,56.0],[28.0,55.0],[29.0,55.0],[29.6,55.400000000000006],[30.0,55.5],[30.333333333333336,55.33333333333334],[30.77777777777778,54.77777777777778],[32.333333333333336,54.66666666666667],[32.71428571428571,55.28571428571428],[33.44444444444444,55.55555555555555],[34.0,57.0],[35.0,57.0],[36.0,57.5],[36.714285714285715,58.28571428571428],[37.0,58.33333333333333],[37.36363636363636,58.63636363636364],[37.71428571428571,59.285714285714285],[38.36363636363636,59.36363636363636],[39.0,59.0],[40.333333333333336,59.66666666666667],[40.66666666666667,60.333333333333336],[41.0,60.5],[42.0,60.400000000000006],[42.42857142857143,60.57142857142858],[43.0,61.33333333333333],[44.0,61.33333333333333],[44.5,61.5],[44.66666666666667,62.0],[46.0,62.71428571428571],[48.0,62.57142857142857],[49.0,62.800000000000004],[49.68421052631578,62.68421052631579],[50.38095238095238,62.38095238095237],[50.8,61.8],[51.333333333333336,60.0]],[[18.75,53.75],[19.0,53.66666666666667],[19.555555555555554,54.44444444444444],[20.25,54.75],[20.5,55.0],[20.0,55.25],[18.88888888888889,55.111111111111114],[18.75,53.75]],[[25.0,51.0],[24.0,51.0],[24.0,50.0],[25.0,50.0],[25.0,51.0]],[[23.400000000000002,50.400000000000006],[22.0,50.333333333333336],[21.5,50.0],[21.666666666666668,49.66666666666667],[22.4,49.400000000000006],[23.0,49.0],[24.0,50.0],[23.400000000000002,50.400000000000006]]],[[[38.66666666666667,61.0],[39.0,61.33333333333333],[39.66666666666667,61.0],[39.400000000000006,60.60000000000001],[39.0,60.5],[38.733333333333334,60.733333333333334],[38.66666666666667,61.0]]],[[[40.0,62.800000000000004],[39.5,63.0],[39.86666666666667,63.13333333333333],[40.5,63.0],[40.0,62.800000000000004]]],[[[38.333333333333336,63.66666666666667],[37.0,63.57142857142857],[36.25,64.0],[36.400000000000006,64.4],[36.0,65.0],[36.6,64.6],[37.2,64.8],[37.333333333333336,65.0],[37.333333333333336,66.0],[37.0,66.5],[36.857142857142854,67.0],[37.32,67.68],[37.333333333333336,68.0],[37.609756097560975,68.39024390243902],[38.3125,68.6875],[39.29268292682927,68.70731707317074],[40.0,69.28571428571428],[41.0,69.61538461538461],[41.457142857142856,69.45714285714286],[42.0,69.0],[41.421052631578945,68.57894736842105],[40.6,68.4],[40.32432432432432,67.67567567567568],[39.6,67.0],[39.111111111111114,66.0],[39.0,65.0],[38.6,64.4],[38.333333333333336,63.66666666666667]]],[[[170.5,-78.0],[170.7142857142857,-77.71428571428571],[172.0,-77.3],[172.55555555555554,-77.44444444444444],[172.875,-78.0],[172.48275862068968,-78.48275862068967],[171.61538461538458,-78.61538461538461],[171.08695652173915,-79.08695652173913],[170.75,-79.0],[170.5,-78.0]]],[[[105.0,-70.84615384615384],[105.19999999999999,-71.0],[105.0,-71.5],[104.5,-71.5],[104.33333333333334,-71.0],[105.0,-70.84615384615384]]],[[[101.2,-71.0],[101.22222222222223,-71.22222222222221],[100.0,-71.53333333333333],[99.64444444444445,-71.35555555555555],[99.52941176470588,-71.0],[99.73333333333332,-70.73333333333333],[100.34782608695653,-70.65217391304347],[101.2,-71.0]]],[[[95.0,-70.5],[91.0,-70.38461538461539],[89.8,-70.0],[89.62962962962962,-69.37037037037037],[89.64285714285714,-69.0],[89.79591836734693,-68.79591836734694],[90.37037037037037,-68.62962962962963],[90.73333333333333,-68.73333333333333],[91.0,-68.33333333333334],[91.4,-68.4],[91.71428571428571,-67.71428571428571],[92.0,-67.75],[92.33333333333333,-68.0],[92.28571428571428,-68.28571428571428],[91.60000000000001,-68.60000000000001],[91.66666666666667,-69.0],[92.00000000000001,-69.2],[93.0,-69.14285714285714],[94.0,-69.57142857142857],[96.0,-69.66666666666667],[96.33333333333334,-70.0],[96.0,-70.28571428571428],[95.0,-70.5]]],[[[161.36363636363637,-67.63636363636364],[161.3265306122449,-68.32653061224491],[161.0,-68.72727272727272],[160.57142857142858,-68.57142857142857],[160.0,-69.0],[160.42857142857144,-68.42857142857143],[160.27272727272728,-68.0],[160.4,-67.4],[161.0,-67.1111111111111],[161.36363636363637,-67.63636363636364]]],[[[159.0,-67.41666666666667],[158.75,-67.25],[158.70588235294116,-66.70588235294117],[159.0,-66.0],[159.47619047619048,-66.52380952380952],[159.71428571428572,-67.0],[159.37037037037035,-67.37037037037037],[159.0,-67.41666666666667]]],[[[163.6605504587156,-61.339449541284395],[163.41269841269843,-61.0],[163.65420560747663,-60.65420560747664],[164.0,-60.57471264367816],[164.3936170212766,-61.0],[164.26523297491042,-61.26523297491039],[164.0,-61.370000000000005],[163.6605504587156,-61.339449541284395]]],[[[163.5921052631579,-59.0],[163.786941580756,-58.786941580756015],[164.0,-58.776978417266186],[164.23664122137404,-59.0],[164.0,-59.38271604938272],[163.71162790697676,-59.28837209302326],[163.5921052631579,-59.0]]],[[[161.0,-54.367816091954026],[160.7638376383764,-54.23616236162361],[160.66666666666669,-54.0],[160.77543859649123,-53.77543859649123],[161.0,-53.695238095238096],[161.1904761904762,-53.80952380952381],[161.29357798165137,-54.0],[161.2237762237762,-54.22377622377623],[161.0,-54.367816091954026]]],[[[71.0,-44.71578947368421],[71.1747572815534,-44.8252427184466],[71.22881355932202,-45.228813559322035],[71.0,-45.71052631578947],[70.59701492537313,-45.40298507462687],[70.4375,-45.0],[71.0,-44.71578947368421]]],[[[110.63636363636363,6.363636363636363],[111.0,6.4],[112.0,6.0],[111.0,5.7142857142857135],[110.5,6.0],[110.63636363636363,6.363636363636363]]],[[[110.45454545454545,7.545454545454546],[110.0,7.0],[109.0,7.0],[109.36363636363637,7.636363636363637],[109.28571428571429,8.0],[109.52380952380952,8.476190476190476],[110.0,8.714285714285715],[110.43478260869564,8.434782608695652],[110.55555555555556,8.0],[110.45454545454545,7.545454545454546]]],[[[135.60869565217394,8.0],[134.8861788617886,7.886178861788618],[132.85714285714286,8.0],[133.46666666666667,8.533333333333333],[134.0,8.785714285714285],[134.75,9.0],[137.22222222222223,9.222222222222221],[137.55555555555554,9.0],[136.0754716981132,8.924528301886792],[136.0,8.692307692307693],[135.6086956521739,8.391304347826088],[135.60869565217394,8.0]]],[[[123.58974358974359,16.58974358974359],[124.83333333333334,16.0],[125.44444444444443,15.444444444444443],[125.80000000000001,15.0],[125.44444444444443,14.555555555555554],[125.3076923076923,14.0],[125.5609756097561,13.560975609756097],[126.0,13.357142857142858],[126.35714285714286,13.357142857142856],[126.625,13.0],[126.60000000000001,12.0],[126.7037037037037,11.703703703703702],[127.25,11.25],[127.61904761904762,10.619047619047619],[128.0,10.428571428571427],[129.0,10.3],[130.0,10.666666666666668],[131.16666666666666,10.0],[131.14285714285714,9.0],[130.52,8.48],[129.8095238095238,7.190476190476191],[129.83333333333334,7.0],[129.27397260273972,6.726027397260274],[128.9090909090909,6.0],[128.17699115044246,5.823008849557523],[128.0,5.583333333333333],[127.55555555555554,5.444444444444444],[127.0,4.916666666666666],[125.99999999999999,4.3],[125.73913043478261,4.260869565217391],[124.72222222222223,3.2777777777777777],[124.66666666666667,3.0],[123.77272727272727,2.7727272727272725],[123.18421052631578,2.8157894736842106],[122.47368421052632,2.5263157894736845],[121.85714285714286,2.0],[121.08000000000001,1.92],[119.73529411764706,1.2647058823529411],[111.94301994301995,0.9430199430199431],[111.61061946902655,1.6106194690265487],[110.82352941176471,2.0],[110.75999999999999,2.24],[111.00000000000001,2.8000000000000003],[112.0,3.0],[115.0,4.4],[116.0,4.428571428571429],[117.00000000000001,4.8],[117.52941176470588,5.470588235294118],[118.2,6.800000000000001],[118.5,8.0],[118.5,9.0],[117.66666666666666,11.0],[118.0,11.4],[118.42857142857144,11.571428571428571],[118.6,12.0],[118.375,13.0],[118.32,15.32],[117.75,16.0],[117.57142857142858,18.0],[118.13333333333334,18.866666666666667],[118.2,19.8],[118.5,20.5],[119.0,20.75],[120.0,20.2],[120.25,19.75],[121.0,19.058823529411764],[121.19417475728156,18.194174757281555],[121.62637362637362,17.626373626373628],[122.0,17.433333333333334],[122.17333333333333,17.173333333333332],[123.2,17.0],[123.58974358974359,16.58974358974359]]],[[[69.2,14.0],[71.51219512195121,13.512195121951219],[72.85714285714286,13.000000000000002],[74.62962962962962,12.62962962962963],[76.2,12.0],[81.0,11.357142857142858],[82.0,11.357142857142858],[83.0,11.1],[85.89999999999999,10.9],[86.6875,10.6875],[88.0,10.1],[91.0,9.3],[91.6,9.0],[93.66666666666667,8.666666666666668],[95.0,8.0],[97.0,8.0],[98.41666666666667,7.416666666666666],[99.0,7.0],[99.875,6.0],[98.0,5.747126436781609],[94.4,6.0],[93.57142857142858,6.571428571428572],[92.8125,6.8125],[90.6,7.0],[90.0,7.1875],[89.58730158730158,7.587301587301587],[89.0,7.75],[86.91596638655463,7.915966386554622],[86.6,8.0],[86.27522935779817,8.275229357798166],[85.0,8.674418604651162],[84.0,8.75],[82.0,8.56140350877193],[76.0,9.166666666666666],[74.83739837398375,9.83739837398374],[73.04878048780488,10.048780487804878],[70.86086956521739,10.860869565217392],[69.16438356164383,11.164383561643834],[67.81395348837209,11.813953488372093],[66.6923076923077,12.0],[63.29457364341086,13.294573643410851],[60.66666666666667,14.0],[59.13636363636363,15.0],[58.64285714285714,16.0],[58.76744186046511,16.232558139534884],[59.476190476190474,16.523809523809522],[61.696969696969695,16.696969696969695],[62.52,16.52],[63.4,16.0],[65.55555555555556,15.555555555555554],[66.6,15.0],[68.47368421052632,14.473684210526317],[69.2,14.0]]],[[[108.5,21.5],[109.0,21.5],[109.19999999999999,21.2],[109.22222222222223,20.77777777777778],[109.0,20.0],[108.5,21.5]]],[[[161.67346938775512,81.32653061224491],[162.66666666666669,81.0],[163.36734693877548,80.36734693877551],[164.0,80.24285714285715],[169.2089552238806,80.2089552238806],[171.0,80.01923076923076],[172.0,80.05882352941177],[173.53125,80.46875],[174.0,80.9375],[175.0,81.0],[176.00000000000003,80.83333333333333],[176.4255319148936,80.42553191489363],[177.0,80.19999999999999],[178.0,80.19999999999999],[178.08695652173913,80.08695652173913],[179.0,80.02000000000001],[180.0,80.10526315789474],[179.9,76.0],[179.38709677419354,75.61290322580645],[179.0,75.0],[179.0,74.0],[177.8,73.8],[177.66666666666666,74.0],[177.2,74.2],[176.8181818181818,74.18181818181819],[176.33333333333334,74.0],[176.28571428571428,73.71428571428571],[176.0,73.5],[175.5,73.5],[175.0,74.0],[175.0,73.0],[174.4,73.4],[174.0,73.33333333333334],[173.77777777777777,73.22222222222223],[173.8,73.0],[173.4,72.6],[173.0,72.42857142857142],[172.6190476190476,72.61904761904762],[172.33333333333334,73.0],[172.4,73.4],[172.0,74.0],[171.36363636363637,73.63636363636363],[171.0,73.6],[170.25,73.0],[170.625,72.0],[170.38461538461536,71.61538461538461],[169.68,71.32],[168.8421052631579,71.15789473684211],[168.625,70.375],[167.84,70.16],[167.3157894736842,69.68421052631578],[167.0,69.57142857142857],[165.57142857142856,68.0],[164.9111111111111,67.91111111111111],[164.33333333333334,68.0],[163.25,69.0],[162.23076923076923,69.23076923076923],[162.0,69.42857142857142],[161.66666666666669,69.0],[161.68421052631578,68.68421052631578],[162.0,68.4],[162.30769230769232,68.3076923076923],[162.4,68.0],[162.25,67.75],[161.52941176470588,67.47058823529412],[161.2,67.0],[161.01754385964912,66.98245614035088],[161.0,66.75],[160.8,67.0],[160.6,68.0],[159.61904761904762,68.61904761904762],[159.0,69.4],[158.60000000000002,69.6],[158.125,70.125],[157.66666666666666,71.0],[157.25,71.25],[156.0,71.5],[155.66666666666669,71.33333333333334],[153.84615384615384,71.15384615384616],[153.625,71.0],[153.41666666666669,70.58333333333333],[153.0,70.375],[152.0,70.5],[151.75,70.25],[151.4864864864865,69.51351351351352],[151.0,69.18181818181819],[150.0,69.0],[149.0,69.0],[148.68421052631578,68.3157894736842],[148.0,68.22222222222223],[147.0,68.36363636363636],[146.69811320754718,68.30188679245283],[146.22857142857143,67.77142857142857],[145.0,67.0909090909091],[144.25641025641025,67.25641025641025],[143.7872340425532,67.2127659574468],[143.0,67.0],[142.44444444444443,66.55555555555556],[141.0,66.47058823529412],[140.0,66.0909090909091],[138.35294117647058,66.35294117647058],[137.0,66.72727272727272],[135.0,65.6],[133.0,66.0],[132.44444444444443,65.55555555555556],[130.0,65.6],[129.72727272727272,65.27272727272727],[129.0,65.21052631578948],[128.0,65.33333333333334],[127.44444444444444,65.0],[126.84615384615384,64.15384615384616],[126.5,64.0],[126.60000000000001,63.0],[126.5,61.5],[125.5,61.0],[125.75,60.75],[126.33333333333334,60.66666666666667],[127.0,61.0],[127.0,60.0],[127.6969696969697,59.6969696969697],[128.35714285714286,59.64285714285714],[129.0,60.0],[128.33333333333334,62.0],[128.65217391304347,62.34782608695652],[129.0,62.4],[130.1818181818182,62.18181818181818],[130.22222222222223,61.22222222222223],[130.33333333333331,61.0],[130.2,60.800000000000004],[130.3125,60.3125],[130.25,60.0],[130.54545454545453,59.0],[130.38709677419354,58.61290322580645],[129.82608695652175,58.173913043478265],[129.77777777777777,58.0],[130.09756097560975,56.90243902439025],[129.8181818181818,55.99999999999999],[129.85714285714286,55.14285714285714],[129.89189189189187,54.89189189189189],[130.5,54.0],[130.75,53.75],[131.0,53.75],[131.7826086956522,53.0],[131.78571428571428,52.21428571428571],[131.66666666666669,52.0],[131.94594594594594,50.945945945945944],[132.0,50.0],[131.74074074074073,49.0],[130.6521739130435,48.0],[129.62886597938143,47.371134020618555],[129.45454545454544,47.0],[128.65909090909093,46.659090909090914],[128.23076923076923,46.769230769230774],[127.92307692307693,46.00000000000001],[127.15789473684211,45.84210526315789],[127.0,45.599999999999994],[126.52,45.48],[126.0,44.96969696969697],[125.13333333333333,44.86666666666667],[124.5142857142857,44.48571428571429],[124.41379310344828,44.0],[124.19999999999999,43.8],[123.99999999999999,43.294117647058826],[123.73684210526318,43.26315789473685],[123.70588235294116,43.0],[123.32876712328766,42.671232876712324],[123.0,41.92307692307693],[122.20000000000002,42.0],[122.0,42.25],[121.94117647058823,42.0],[121.0,40.75],[120.78571428571428,40.785714285714285],[120.75,41.0],[120.0,41.69230769230769],[119.5609756097561,41.4390243902439],[119.10000000000001,41.0],[119.0,40.75],[118.53846153846155,40.46153846153847],[118.0,40.285714285714285],[116.83333333333334,40.166666666666664],[116.60000000000001,40.0],[116.0,38.5],[115.0,38.0],[115.0,37.0],[115.4,36.400000000000006],[115.5,35.0],[115.77777777777777,34.77777777777778],[116.31578947368422,34.68421052631579],[117.0,35.0],[116.81818181818181,34.18181818181818],[116.91666666666667,34.0],[116.83333333333333,33.0],[117.0,32.0],[116.84615384615384,30.153846153846153],[116.5,29.5],[116.0,29.0],[115.8,27.2],[115.28571428571428,27.285714285714285],[114.6,27.0],[114.4,26.6],[114.0,26.4],[113.46153846153847,25.53846153846154],[112.6,25.0],[112.0,24.4],[111.0,24.0],[111.0,23.0],[110.22222222222223,23.22222222222222],[109.0,23.0],[108.5,21.5],[108.0,21.5],[107.7391304347826,21.26086956521739],[107.0,21.0],[106.875,20.0],[106.65517241379311,19.344827586206897],[106.28571428571429,19.0],[106.6774193548387,18.67741935483871],[107.0,18.166666666666664],[107.47619047619048,18.523809523809522],[108.63636363636363,18.636363636363637],[109.0,18.0],[109.36363636363637,18.636363636363637],[110.0,18.77777777777778],[110.42424242424244,18.424242424242426],[110.72727272727272,17.727272727272727],[111.5,17.5],[111.87878787878788,16.87878787878788],[112.37837837837839,16.37837837837838],[112.53846153846155,16.0],[112.48275862068965,15.517241379310345],[112.25,15.0],[112.57142857142857,14.571428571428571],[112.69999999999999,14.0],[112.35294117647058,12.647058823529411],[112.0,12.25],[111.33333333333334,12.333333333333334],[110.0,13.0],[109.0,13.0],[109.5,12.5],[109.4,11.600000000000001],[109.0,11.0],[108.33333333333334,10.666666666666668],[107.71428571428571,10.714285714285715],[107.5,11.0],[107.66666666666667,11.333333333333334],[108.33333333333334,11.666666666666668],[108.33333333333334,12.0],[108.2,12.2],[106.77777777777777,12.222222222222221],[106.5,12.0],[106.4,11.600000000000001],[106.0,11.0],[106.81818181818181,10.818181818181818],[106.9,10.0],[106.66666666666669,9.333333333333334],[105.0,9.0],[105.2,8.2],[105.11764705882352,7.882352941176471],[103.88235294117648,7.882352941176471],[103.36363636363637,8.363636363636363],[103.0,8.5],[102.66666666666667,8.333333333333334],[101.0,8.466666666666667],[100.62790697674419,8.627906976744185],[100.27027027027029,9.27027027027027],[98.67567567567568,9.675675675675675],[98.0,10.5],[96.0,11.714285714285714],[95.34285714285714,12.342857142857142],[94.64285714285714,12.642857142857142],[94.0,13.285714285714286],[93.0,13.8],[92.36363636363637,14.363636363636363],[90.89473684210526,14.894736842105264],[90.0,15.5],[88.0,16.0],[87.6,16.6],[87.0,17.0],[87.0,18.0],[86.0,18.0],[85.0,19.0],[84.0,19.0],[83.0,19.333333333333336],[82.66666666666667,19.333333333333336],[82.0,19.0],[82.0,18.0],[81.0,18.0],[80.4,18.400000000000002],[78.75,18.75],[77.81818181818181,18.818181818181817],[77.19999999999999,19.200000000000003],[76.66666666666667,19.333333333333336],[76.0,19.0],[76.0,20.0],[75.33333333333334,20.333333333333336],[75.0,21.0],[74.33333333333334,21.333333333333336],[74.0,22.0],[73.0,22.0],[73.0,24.0],[73.4,24.6],[73.60000000000001,25.400000000000002],[74.2,25.8],[74.5,26.5],[75.0,27.0],[75.0,28.0],[76.0,28.0],[76.0,29.0],[76.5,29.5],[77.0,29.5],[78.0,30.0],[78.0,31.0],[77.5,30.5],[76.5,30.5],[76.0,31.0],[76.5,31.5],[77.4,31.6],[77.5,33.0],[76.71428571428572,33.714285714285715],[76.28571428571428,34.285714285714285],[76.0,35.0],[75.57142857142858,35.57142857142857],[74.66666666666667,36.0],[74.0,36.5],[73.0,36.666666666666664],[71.11111111111111,35.888888888888886],[70.0,35.714285714285715],[68.24,34.76],[67.0,34.36363636363637],[62.0,33.333333333333336],[61.0,33.36363636363636],[59.72727272727273,33.72727272727272],[59.0,34.25],[58.33333333333334,34.333333333333336],[58.0,34.5],[57.5,35.0],[57.4,35.400000000000006],[57.0,36.0],[57.0,38.0],[56.71428571428571,38.71428571428571],[57.0,40.0],[56.66666666666667,40.66666666666667],[56.66666666666667,41.333333333333336],[57.0,42.0],[57.5,42.5],[57.75,43.25],[58.25,43.75],[58.66666666666667,45.333333333333336],[59.0,45.5],[59.5,45.5],[60.0,45.0],[61.0,45.0],[61.0,46.0],[60.0,46.0],[59.400000000000006,46.400000000000006],[58.66666666666667,46.66666666666667],[58.5,47.0],[58.60000000000001,47.4],[59.0,48.0],[60.0,48.333333333333336],[61.2,48.2],[61.5,48.0],[61.6,47.6],[62.285714285714285,47.285714285714285],[62.66666666666667,46.66666666666667],[63.00000000000001,46.66666666666667],[63.13333333333333,46.86666666666666],[64.0,47.25],[64.6,48.0],[65.0,49.0],[65.53846153846155,49.46153846153846],[66.2,49.8],[66.60000000000001,50.400000000000006],[67.28571428571428,50.71428571428571],[67.4,51.0],[67.33333333333334,52.0],[67.75,53.25],[68.22222222222223,53.77777777777777],[68.5,54.5],[69.0,55.0],[68.28571428571428,55.28571428571428],[67.75,55.75],[67.4,56.400000000000006],[66.84615384615385,56.84615384615385],[66.60000000000001,57.6],[66.0,58.0],[65.53846153846155,58.53846153846154],[65.0,58.833333333333336],[64.0,59.0],[63.66666666666667,59.66666666666667],[63.0,60.0],[64.0,61.0],[64.0,62.0],[63.0,62.0],[62.6,62.6],[62.333333333333336,63.333333333333336],[61.6,63.60000000000001],[61.0,64.0],[61.0,66.0],[60.400000000000006,66.4],[60.0,67.0],[60.0,68.0],[58.0,68.0],[57.5,67.5],[57.0,67.5],[56.85714285714286,68.14285714285714],[57.0,68.5],[57.333333333333336,68.66666666666667],[57.33333333333334,69.0],[57.6,69.4],[57.77777777777777,70.22222222222223],[58.22222222222222,70.77777777777777],[58.2,71.0],[58.75,72.0],[59.53333333333333,72.46666666666667],[60.38461538461538,72.61538461538461],[61.0,73.0],[61.46153846153847,73.53846153846155],[61.599999999999994,74.0],[61.8,74.2],[62.36363636363636,74.36363636363636],[62.714285714285715,74.28571428571428],[63.25,74.75],[65.0,75.0],[66.0,74.7],[68.2,75.2],[69.0,75.0],[70.0,74.25],[70.66666666666667,74.0],[70.75,73.75],[71.44444444444444,73.44444444444444],[72.5,72.5],[72.6,71.60000000000001],[73.0,71.5],[73.33333333333334,71.66666666666667],[75.0,71.75],[76.0,72.0],[76.5,72.5],[79.0,73.0],[79.5,73.5],[80.4,73.60000000000001],[81.0,74.0],[81.5,73.5],[81.5,73.0],[81.71428571428571,72.71428571428571],[82.0,72.66666666666667],[82.5,73.0],[82.6,73.4],[83.0,73.5],[83.75,74.25],[85.0,74.66666666666667],[86.0,74.5],[87.0,74.5],[87.4,74.4],[88.0,74.0],[88.5,74.5],[90.5,75.5],[91.0,76.0],[92.0,75.0],[92.5,75.5],[93.0,75.66666666666667],[93.44444444444443,75.44444444444444],[93.66666666666667,75.0],[94.00000000000001,74.83333333333333],[94.28571428571428,75.28571428571428],[94.28571428571428,75.71428571428571],[94.63636363636364,75.63636363636364],[95.0,75.77777777777777],[95.8,75.80000000000001],[96.0,75.66666666666667],[97.0,75.5],[97.25,75.0],[97.72727272727272,74.72727272727272],[101.0,75.0],[102.0,74.75],[102.12903225806451,74.87096774193549],[103.11764705882354,74.88235294117648],[103.66666666666666,75.0],[103.60000000000001,75.4],[104.0,76.0],[104.66666666666667,75.66666666666667],[105.00000000000001,75.66666666666667],[105.2,75.80000000000001],[106.18181818181819,75.81818181818181],[107.0,76.0],[108.33333333333334,76.66666666666667],[109.0,76.75],[110.0,76.66666666666667],[110.2,76.8],[113.0,77.0],[114.16666666666667,76.83333333333333],[114.5,77.0],[114.5,78.0],[114.66666666666667,78.33333333333334],[115.0,78.5],[115.33333333333334,78.33333333333334],[115.5,78.0],[115.5,77.0],[115.85714285714286,76.85714285714286],[119.0,76.8],[120.0,77.0],[121.0,77.0],[120.5,77.5],[120.5,78.0],[120.66666666666667,78.33333333333334],[121.0,78.5],[122.0,78.5],[122.33333333333334,78.66666666666667],[123.0,78.75],[123.66666666666667,78.66666666666667],[124.0,78.5],[124.33333333333334,78.66666666666667],[125.0,78.75],[125.66666666666667,78.66666666666667],[126.33333333333334,78.33333333333334],[126.5,78.0],[126.5,77.5],[127.0,77.5],[127.33333333333334,77.33333333333334],[127.5,77.0],[128.0,76.66666666666667],[128.5,77.0],[128.60000000000002,77.4],[129.0,78.0],[131.0,78.0],[131.6,77.6],[132.0,77.0],[132.33333333333334,77.66666666666667],[133.0,78.0],[133.8,78.2],[135.0,78.25],[136.0,78.0],[137.0,78.2],[138.0,79.25],[139.0,79.625],[141.0,79.72727272727273],[142.0,79.5],[143.0,79.8],[145.5,80.0],[146.25,80.75],[147.0,81.0],[147.4,81.60000000000001],[147.33333333333334,82.0],[152.17021276595744,82.17021276595744],[157.0,81.93333333333334],[160.0,82.0],[161.0,81.5909090909091],[161.30232558139534,81.30232558139535],[161.67346938775512,81.32653061224491]],[[126.0,77.5],[125.71428571428571,77.28571428571428],[125.0,77.0],[126.22222222222223,76.77777777777777],[126.5,77.0],[126.5,77.5],[126.0,77.5]],[[136.0,77.0],[136.63636363636363,76.63636363636364],[137.0,76.66666666666667],[137.33333333333334,77.0],[137.0,77.66666666666667],[136.6,77.6],[136.0,78.0],[136.0,77.0]],[[151.0,81.0],[150.0,81.42857142857142],[148.60000000000002,81.4],[148.0,81.0],[149.0,80.72727272727273],[150.0,80.76923076923076],[151.0,81.0]],[[157.5,73.0],[157.10526315789474,73.10526315789474],[155.83333333333334,73.0],[156.0,72.75],[157.15384615384616,72.84615384615385],[157.5,73.0]],[[166.07407407407408,71.92592592592592],[166.125,72.0],[165.99999999999997,72.05882352941177],[165.94594594594597,71.94594594594594],[166.07407407407408,71.92592592592592]],[[167.0,72.875],[167.16666666666669,73.0],[167.0,73.0625],[166.92000000000002,72.92],[167.0,72.875]],[[168.71428571428572,73.0],[168.85714285714286,72.85714285714286],[169.17391304347825,72.82608695652173],[169.66666666666669,73.0],[169.0,73.33333333333334],[168.71428571428572,73.0]],[[129.0,51.333333333333336],[129.25,52.0],[129.0,52.125],[128.9245283018868,51.924528301886795],[129.0,51.333333333333336]],[[61.86666666666666,70.13333333333333],[61.5,70.0],[61.5,69.5],[61.0,69.0],[62.0,69.0],[62.0,68.0],[62.6,67.6],[63.333333333333336,67.66666666666667],[64.0,68.0],[64.0,70.0],[61.86666666666666,70.13333333333333]],[[67.0,71.0],[66.60000000000001,70.4],[66.71428571428571,69.71428571428572],[67.0,69.5],[67.33333333333334,69.66666666666667],[67.5,70.0],[67.0,71.0]],[[70.0,69.0],[71.0,69.0],[71.0,70.0],[70.0,70.0],[70.0,69.0]],[[95.0,73.0],[95.60000000000001,72.6],[96.0,72.0],[96.33333333333334,72.66666666666667],[96.33333333333333,73.0],[96.00000000000001,73.2],[95.0,73.0]],[[108.92,41.08],[108.75,40.75],[109.0,40.0],[110.0,39.5],[110.33333333333334,41.0],[110.26666666666667,41.266666666666666],[110.0,41.66666666666667],[109.66666666666669,41.66666666666667],[109.0,42.0],[108.92,41.08]],[[108.25,40.25],[107.75,40.0],[107.91304347826087,39.91304347826087],[108.0,39.0],[108.4,39.6],[109.0,40.0],[108.25,40.25]],[[108.0,36.0],[109.0,35.0],[111.00000000000001,34.85714285714286],[111.16666666666666,35.0],[111.16666666666666,37.0],[111.0,38.0],[109.0,38.0],[108.4,38.4],[108.0,39.0],[108.0,36.0]],[[122.0,43.75],[122.11764705882352,43.882352941176464],[123.0909090909091,43.90909090909091],[123.1,44.1],[123.00000000000001,44.333333333333336],[122.6,44.6],[122.5,45.0],[122.08695652173913,45.086956521739125],[121.84615384615384,45.0],[121.69230769230771,44.69230769230769],[121.77777777777779,44.22222222222222],[121.35294117647058,44.35294117647059],[120.86046511627907,44.139534883720934],[119.83333333333333,44.00000000000001],[119.57142857142857,43.0],[120.0,42.57142857142857],[120.53846153846155,43.46153846153846],[121.0,43.66666666666667],[122.0,43.75]],[[130.5,76.0],[130.0,76.5],[129.71428571428572,76.28571428571428],[129.66666666666669,76.0],[129.71428571428572,75.71428571428571],[130.0,75.5],[130.33333333333334,75.66666666666667],[130.5,76.0]],[[149.5,74.0],[150.0,73.80000000000001],[150.33333333333334,74.0],[149.9310344827586,74.06896551724138],[149.5,74.0]],[[69.0,62.0],[68.66666666666667,61.33333333333334],[68.75,60.75],[69.0,60.5],[69.33333333333334,61.0],[69.16666666666667,61.16666666666667],[69.0,62.0]],[[106.00000000000001,34.8],[107.0,35.0],[105.99999999999999,35.08333333333333],[105.85714285714286,35.0],[106.00000000000001,34.8]],[[108.0,33.0],[107.6,32.4],[107.0,32.0],[107.6,31.6],[108.0,31.0],[108.33333333333334,32.333333333333336],[108.0,33.0]],[[125.54545454545453,47.0],[124.75,47.25],[124.6,47.0],[124.7,46.7],[125.0,46.45454545454545],[125.33333333333334,46.66666666666667],[125.54545454545453,47.0]]],[[[131.68,57.32000000000001],[132.0,57.800000000000004],[132.48979591836735,57.48979591836734],[132.92307692307693,57.00000000000001],[132.8181818181818,55.99999999999999],[132.4390243902439,55.5609756097561],[132.0,55.48571428571428],[131.57142857142858,55.57142857142858],[131.14285714285714,56.0],[131.51999999999998,56.48],[131.71428571428572,57.0],[131.68,57.32000000000001]]],[[[178.0,70.85714285714286],[177.0,71.0],[178.0,71.33333333333333],[179.0,71.0],[178.0,70.85714285714286]]],[[[97.0,78.16666666666666],[98.0,78.5],[100.22222222222223,78.22222222222223],[100.33333333333333,78.0],[100.15384615384615,77.84615384615384],[99.0,77.5],[98.0,77.5],[96.0,78.0],[97.0,78.16666666666666]]],[[[84.0,78.5],[84.44444444444443,78.44444444444444],[84.66666666666667,78.0],[84.28571428571428,77.71428571428571],[84.0,77.66666666666667],[82.6923076923077,77.6923076923077],[82.0,78.0],[83.0,78.4],[84.0,78.5]]],[[[102.71428571428571,79.28571428571428],[104.0,79.33333333333334],[105.0,79.2],[105.33333333333334,79.0],[105.16666666666667,78.83333333333333],[104.28571428571428,78.71428571428571],[103.0,78.66666666666667],[102.0,79.0],[102.71428571428571,79.28571428571428]]],[[[91.69230769230771,79.30769230769232],[90.0,78.5],[89.0,78.5],[88.0,78.33333333333334],[87.0,78.5],[86.0,78.42857142857142],[85.5,78.5],[85.0,79.0],[86.0,79.5],[87.0,79.375],[88.44444444444443,79.55555555555554],[89.30769230769232,79.6923076923077],[90.0,80.0],[93.72727272727272,80.27272727272727],[94.0,80.5],[95.28571428571428,80.71428571428572],[95.66666666666667,81.0],[98.0,81.10526315789474],[98.66666666666669,81.0],[98.5,80.5],[98.0,80.0],[97.0,80.0],[96.0,79.57142857142857],[91.69230769230771,79.30769230769232]]],[[[101.0,81.0],[100.0,80.66666666666667],[99.71428571428571,80.71428571428572],[99.5,81.0],[100.0,81.11111111111111],[101.0,81.0]]],[[[179.58680892337537,89.58680892337536],[179.3716814159292,90.0],[180.0,90.0],[180.0,89.37900874635568],[179.58680892337537,89.58680892337536]]]]}}]}