{"type":"FeatureCollection","features":[{"type":"Feature","properties":{"ageMa":120},"geometry":{"type":"MultiPolygon","coordinates":[[[[-109.0,-86.04],[-110.0,-86.0],[-109.0,-85.8],[-108.0,-86.0],[-109.0,-86.04]]],[[[-91.0,-86.0],[-91.0,-85.0],[-89.0,-85.0],[-89.0,-86.0],[-91.0,-86.0]]],[[[-86.0,-86.0],[-88.0,-86.0],[-88.0,-85.0],[-86.0,-85.0],[-86.0,-86.0]]],[[[-164.0,-84.0],[-165.0,-83.0],[-163.0,-83.0],[-163.0,-84.0],[-164.0,-84.0]]],[[[-56.0,-84.0],[-57.0,-83.0],[-57.0,-82.0],[-56.0,-82.0],[-55.0,-81.0],[-54.18181818181818,-80.81818181818181],[-53.0,-80.33333333333334],[-52.66666666666667,-80.33333333333334],[-52.0,-80.0],[-50.46153846153847,-79.53846153846155],[-49.26086956521739,-78.7391304347826],[-47.66666666666667,-78.66666666666667],[-47.25,-78.75],[-46.66666666666667,-78.0],[-46.0,-77.66666666666667],[-44.66666666666667,-78.0],[-43.69230769230769,-78.69230769230771],[-41.0,-79.83333333333334],[-40.0,-79.8],[-39.0,-80.25],[-34.66666666666667,-80.66666666666667],[-34.0,-81.0],[-34.0,-82.0],[-33.0,-82.0],[-32.0,-83.0],[-33.0,-84.0],[-32.25,-84.25],[-31.0,-84.46666666666667],[-27.0,-84.78571428571428],[-22.0,-84.71428571428572],[-19.133333333333333,-84.86666666666667],[-16.80952380952381,-84.80952380952381],[-15.5,-85.0],[-15.818181818181818,-85.18181818181819],[-16.733333333333334,-85.26666666666667],[-19.0,-85.19999999999999],[-21.0,-85.5],[-23.0,-85.6],[-24.0,-86.0],[-25.0,-86.0],[-25.6,-85.60000000000001],[-27.0,-85.42857142857143],[-29.0,-85.77777777777777],[-32.0,-85.88888888888889],[-33.714285714285715,-85.71428571428571],[-34.400000000000006,-85.4],[-34.84615384615385,-84.84615384615384],[-36.0,-84.75],[-37.18181818181819,-84.18181818181819],[-39.0,-83.85714285714286],[-39.5,-84.0],[-40.0,-84.5],[-41.0,-85.0],[-41.44444444444444,-85.55555555555556],[-42.0,-85.8],[-43.0,-86.0],[-44.0,-86.5],[-44.400000000000006,-86.4],[-45.0,-86.0],[-45.4,-86.60000000000001],[-46.0,-87.0],[-47.0,-87.0],[-48.0,-87.5],[-49.0,-87.66666666666667],[-51.0,-87.0],[-52.90909090909091,-87.0909090909091],[-53.5,-87.0],[-53.5,-86.5],[-53.0,-86.0],[-54.0,-86.0],[-55.0,-85.5],[-55.5,-85.5],[-56.0,-85.0],[-56.0,-84.0]],[[-48.0,-80.0],[-47.00000000000001,-80.14285714285715],[-46.833333333333336,-80.0],[-47.0,-79.5],[-48.0,-80.0]]],[[[-52.0,-73.8],[-51.66666666666667,-74.0],[-51.69230769230769,-74.3076923076923],[-52.0,-74.5],[-52.4,-74.4],[-53.0,-74.0],[-52.0,-73.8]]],[[[-46.23529411764706,-73.76470588235294],[-45.0,-73.25],[-43.84615384615385,-73.15384615384616],[-43.0,-72.625],[-42.4,-73.0],[-42.266666666666666,-73.26666666666668],[-42.125,-74.0],[-42.375,-74.625],[-42.75,-75.0],[-43.08,-75.08],[-45.66666666666667,-74.66666666666667],[-46.30769230769231,-74.3076923076923],[-46.5,-74.0],[-46.23529411764706,-73.76470588235294]]],[[[-26.846153846153847,-69.84615384615384],[-26.636363636363633,-70.0],[-26.77777777777778,-70.22222222222223],[-27.644444444444446,-70.35555555555555],[-29.285714285714285,-70.28571428571428],[-29.444444444444443,-70.0],[-28.0,-69.72413793103448],[-26.846153846153847,-69.84615384615384]]],[[[-35.35294117647059,-69.6470588235294],[-33.736842105263165,-69.73684210526315],[-33.44444444444444,-70.0],[-34.0,-70.41666666666667],[-35.81818181818182,-70.18181818181819],[-36.0,-70.25],[-36.22222222222222,-69.77777777777777],[-35.35294117647059,-69.6470588235294]]],[[[-24.5,-68.0],[-25.0,-68.26666666666667],[-26.0,-68.43333333333334],[-28.0,-68.08695652173913],[-29.0,-68.37837837837837],[-30.0,-68.3103448275862],[-30.400000000000002,-68.4],[-30.846153846153847,-68.15384615384615],[-30.846153846153847,-68.84615384615384],[-31.0,-69.25],[-31.527272727272727,-69.47272727272727],[-32.42622950819672,-69.42622950819673],[-32.76470588235294,-69.0],[-32.515151515151516,-68.48484848484848],[-32.0,-68.0],[-32.0,-65.0],[-31.6,-64.4],[-30.91111111111111,-64.08888888888889],[-29.0,-64.08333333333333],[-27.38095238095238,-64.38095238095238],[-26.655172413793107,-64.65517241379311],[-26.285714285714285,-65.0],[-24.826086956521742,-65.82608695652173],[-24.347826086956523,-66.34782608695653],[-24.0,-67.0],[-24.5,-68.0]]],[[[-43.0,-65.5],[-42.55555555555556,-65.55555555555556],[-42.333333333333336,-66.0],[-42.55555555555556,-66.44444444444444],[-43.0,-66.66666666666667],[-44.0,-66.0],[-43.0,-65.5]]],[[[-36.0,-67.875],[-37.0,-67.81818181818181],[-37.6,-67.6],[-38.0,-67.2],[-39.0,-66.71428571428572],[-39.35714285714286,-66.35714285714286],[-39.333333333333336,-66.0],[-39.76744186046511,-65.76744186046511],[-41.57894736842105,-65.57894736842105],[-42.0,-65.0],[-41.66666666666667,-64.33333333333334],[-41.41176470588235,-64.41176470588235],[-40.0,-64.0],[-39.0,-64.0],[-38.18181818181818,-64.18181818181819],[-38.0,-65.0],[-36.0,-65.0],[-36.0,-66.0],[-35.333333333333336,-66.33333333333334],[-35.44444444444444,-66.55555555555556],[-35.36363636363637,-67.0],[-35.53333333333333,-67.46666666666667],[-36.0,-67.875]]],[[[-43.0,-64.38461538461539],[-43.372093023255815,-64.62790697674419],[-45.0,-64.86666666666667],[-46.27272727272727,-64.27272727272727],[-47.14285714285714,-63.14285714285714],[-47.333333333333336,-62.66666666666667],[-47.0,-62.0],[-46.66666666666667,-60.333333333333336],[-46.4375,-60.0],[-46.0,-59.72],[-45.0,-60.0],[-44.8,-60.800000000000004],[-44.30769230769231,-61.30769230769231],[-44.22222222222222,-61.77777777777777],[-43.565217391304344,-62.56521739130435],[-43.54545454545455,-63.0],[-43.0,-63.54545454545455],[-42.6,-63.60000000000001],[-42.375,-64.0],[-42.61538461538461,-64.38461538461539],[-43.0,-64.38461538461539]]],[[[-47.0,-62.0],[-47.66666666666667,-62.333333333333336],[-48.111111111111114,-62.11111111111111],[-48.13333333333333,-61.86666666666666],[-47.77777777777778,-61.77777777777777],[-47.0,-62.0]]],[[[-30.000000000000004,-42.333333333333336],[-29.555555555555554,-42.55555555555556],[-29.333333333333336,-43.0],[-29.6,-43.400000000000006],[-30.000000000000004,-43.66666666666667],[-31.0,-43.0],[-30.000000000000004,-42.333333333333336]]],[[[-148.0,-18.224137931034484],[-148.68421052631578,-18.0],[-147.82781456953643,-17.82781456953642],[-147.35,-18.0],[-148.0,-18.224137931034484]]],[[[-46.0,-3.0],[-46.91111111111111,-2.9111111111111114],[-47.333333333333336,-2.666666666666667],[-47.66666666666667,-3.0],[-48.0,-3.125],[-48.0,-2.8000000000000003],[-47.6,-2.4],[-47.9375,-1.0],[-47.0,-0.0625],[-46.705882352941174,0.7058823529411764],[-46.0,1.2307692307692308],[-45.44444444444444,2.0],[-45.38095238095238,2.380952380952381],[-45.0,2.6666666666666665],[-44.0,2.6363636363636367],[-43.62162162162162,2.3783783783783785],[-42.88888888888889,1.0],[-43.3030303030303,0.30303030303030304],[-43.53333333333333,-1.0],[-43.71428571428571,-1.2857142857142856],[-45.0,-2.1818181818181817],[-45.30508474576271,-2.694915254237288],[-46.0,-3.0]]],[[[-54.696969696969695,8.303030303030303],[-54.54545454545455,8.0],[-55.0,7.791666666666666],[-55.23809523809524,8.0],[-55.0,8.416666666666666],[-54.696969696969695,8.303030303030303]]],[[[-36.0,25.0],[-35.833333333333336,24.166666666666668],[-36.0,21.0],[-36.6,21.4],[-37.0,21.5],[-37.25,22.0],[-37.5,24.5],[-37.0,25.0],[-36.0,25.0]]],[[[-57.25,27.25],[-57.0,27.5],[-56.66666666666667,27.0],[-56.8,26.8],[-57.0,26.75],[-57.18181818181819,26.818181818181817],[-57.25,27.25]]],[[[-66.0,71.0],[-65.0,70.85714285714286],[-64.8,71.0],[-64.71428571428571,71.28571428571428],[-65.0,72.0],[-64.0,72.0],[-61.3,71.7],[-58.0,72.0],[-59.0,73.0],[-59.0,74.0],[-57.0,74.0],[-57.0,72.0],[-53.0,72.0],[-52.5,71.0],[-52.0,70.83333333333334],[-51.0,71.0],[-50.0,71.0],[-50.0,72.0],[-49.33333333333334,72.33333333333334],[-49.0,73.0],[-48.5,73.5],[-45.22222222222222,74.22222222222223],[-43.0,74.22222222222223],[-42.0,74.36363636363637],[-40.73913043478261,74.26086956521739],[-38.75,73.75],[-37.22222222222222,74.22222222222223],[-37.0,75.0],[-36.400000000000006,74.6],[-36.0,74.5],[-35.6,74.6],[-35.0,75.0],[-33.0,75.0],[-33.0,74.0],[-32.0,74.0],[-32.0,73.0],[-29.0,73.0],[-29.0,72.0],[-27.0,72.0],[-27.0,73.0],[-22.0,73.0],[-22.0,72.0],[-19.0,72.0],[-19.0,71.0],[-19.400000000000002,70.4],[-19.5,70.0],[-19.153846153846153,69.84615384615384],[-19.0,69.8],[-18.5,70.0],[-18.5,70.5],[-18.0,71.0],[-17.0,71.0],[-17.0,70.0],[-15.0,70.0],[-15.4,69.4],[-15.333333333333336,69.0],[-15.125,68.875],[-14.0,69.0],[-11.666666666666668,68.66666666666667],[-11.333333333333332,69.0],[-11.400000000000002,69.4],[-11.0,70.0],[-10.0,70.0],[-10.0,71.0],[-4.0,71.0],[-3.0000000000000004,70.80000000000001],[-2.8666666666666663,70.86666666666667],[-2.8,71.8],[-2.0,72.0],[-1.0,72.0],[-0.6470588235294117,71.35294117647058],[-0.7272727272727273,71.0],[-0.47058823529411764,70.52941176470588],[0.0,70.55555555555556],[0.37209302325581395,70.62790697674419],[0.8,71.0],[0.7142857142857142,71.28571428571428],[1.0,72.0],[2.0,72.0],[1.6,71.4],[1.6666666666666667,71.0],[3.1538461538461537,70.84615384615384],[6.777777777777779,70.77777777777777],[7.454545454545455,70.45454545454545],[7.714285714285714,70.0],[8.82857142857143,69.82857142857142],[9.461538461538462,69.46153846153847],[9.76,68.75999999999999],[10.0,68.5],[10.375,68.375],[11.0,67.71428571428571],[12.0,67.68421052631578],[13.0,67.9375],[13.866666666666667,67.86666666666666],[13.789473684210526,67.21052631578948],[13.932203389830509,66.9322033898305],[14.833333333333334,66.83333333333333],[15.428571428571429,66.57142857142858],[15.666666666666668,66.66666666666667],[15.571428571428573,66.42857142857143],[16.0,65.25],[16.2,65.2],[16.333333333333332,65.0],[17.285714285714285,64.71428571428571],[17.714285714285715,64.71428571428571],[17.714285714285715,64.28571428571428],[17.857142857142858,64.0],[17.666666666666668,63.66666666666667],[17.666666666666668,63.333333333333336],[17.4,63.400000000000006],[16.822222222222223,63.17777777777778],[16.484848484848484,62.515151515151516],[15.555555555555555,62.0],[15.363636363636363,61.0],[15.5,60.0],[15.285714285714285,59.71428571428571],[15.0,59.625],[14.803921568627452,59.19607843137255],[14.771428571428572,58.22857142857143],[14.52,57.48],[14.18181818181818,56.81818181818182],[13.62962962962963,56.37037037037037],[12.826086956521738,56.17391304347826],[12.5,55.5],[12.0,55.0],[11.642857142857142,53.99999999999999],[11.666666666666666,53.0],[11.529411764705882,52.529411764705884],[12.133333333333333,52.13333333333334],[12.153846153846153,51.84615384615385],[12.0,51.75],[11.470588235294118,52.470588235294116],[9.882352941176471,52.117647058823536],[9.4,51.6],[9.0,51.44444444444444],[8.0,51.33333333333334],[6.6000000000000005,51.6],[4.0,51.46666666666667],[3.6989247311827955,51.3010752688172],[3.2831858407079646,50.716814159292035],[2.504132231404959,50.49586776859504],[1.8734177215189873,50.12658227848101],[1.4000000000000001,49.6],[-0.339622641509434,49.339622641509436],[-1.0,48.888888888888886],[-2.0,48.958333333333336],[-3.4587155963302756,47.45871559633028],[-4.528455284552845,45.52845528455285],[-5.0,45.14705882352941],[-5.238095238095238,45.23809523809524],[-5.8235294117647065,45.1764705882353],[-6.1000000000000005,46.0],[-6.75,46.25],[-7.34375,46.65625],[-7.96875,48.03125],[-8.67741935483871,48.32258064516129],[-9.125,48.875],[-9.479999999999999,49.519999999999996],[-10.0,51.0],[-11.0,50.5],[-11.210526315789473,50.21052631578948],[-11.375,49.0],[-10.75,47.25],[-10.777777777777779,47.0],[-10.4,46.6],[-9.67741935483871,46.322580645161295],[-9.285714285714285,45.71428571428571],[-8.4,45.0],[-7.764705882352941,44.23529411764706],[-7.666666666666666,43.0],[-8.153846153846153,42.15384615384615],[-8.200000000000001,41.00000000000001],[-8.0,40.71428571428571],[-6.739130434782609,40.26086956521739],[-6.571428571428571,40.0],[-6.714285714285714,39.0],[-6.555555555555555,38.44444444444444],[-6.0,38.0],[-6.666666666666667,37.66666666666667],[-9.444444444444445,37.44444444444444],[-10.0,37.0],[-10.0,38.0],[-11.105263157894736,38.10526315789474],[-11.789473684210527,37.78947368421053],[-12.0,37.5],[-15.0,37.0],[-15.600000000000001,36.6],[-17.4,36.400000000000006],[-18.0,36.4],[-18.444444444444443,36.55555555555556],[-18.68,37.32],[-19.0,37.5],[-20.210526315789473,37.21052631578947],[-22.0,36.4],[-22.5,36.0],[-22.666666666666668,35.66666666666667],[-23.0,34.0],[-23.71428571428571,34.285714285714285],[-24.5,34.0],[-25.759999999999998,33.76],[-26.0,33.0],[-26.92857142857143,32.92857142857143],[-27.000000000000004,32.333333333333336],[-28.0,32.333333333333336],[-29.0,32.0],[-29.666666666666668,30.666666666666668],[-30.0,30.666666666666664],[-30.400000000000002,30.400000000000002],[-30.666666666666664,30.0],[-30.6,29.6],[-31.0,29.0],[-31.714285714285715,28.71428571428571],[-32.0,28.0],[-33.0,28.0],[-33.81818181818182,27.818181818181817],[-34.0,27.5],[-34.400000000000006,27.4],[-35.0,27.0],[-35.71428571428571,26.714285714285715],[-37.0,26.5],[-38.0,26.0],[-39.0,26.0],[-38.66666666666667,26.666666666666668],[-38.85714285714286,27.142857142857142],[-39.0,27.25],[-40.0,27.333333333333336],[-41.0,28.0],[-42.0,28.333333333333336],[-42.8,29.2],[-43.25,29.25],[-43.833333333333336,28.833333333333336],[-44.22222222222222,28.77777777777778],[-45.25,28.75],[-46.0,29.0],[-46.0,30.0],[-47.0,30.0],[-48.00000000000001,30.2],[-48.28571428571428,29.714285714285715],[-48.0,29.0],[-50.0,29.0],[-50.0,28.0],[-50.66666666666667,28.333333333333336],[-52.117647058823536,28.11764705882353],[-52.760000000000005,28.240000000000002],[-54.8,28.200000000000003],[-55.55555555555555,28.444444444444443],[-55.77777777777778,29.0],[-56.18181818181818,29.18181818181818],[-57.0,29.0],[-58.0,29.0],[-57.6,29.6],[-57.66666666666667,30.000000000000004],[-58.48275862068966,30.51724137931035],[-58.86046511627907,31.13953488372093],[-61.0,31.266666666666666],[-61.16666666666667,31.166666666666664],[-61.28571428571428,31.0],[-61.09090909090909,29.0],[-60.81818181818182,28.818181818181817],[-60.266666666666666,28.733333333333334],[-60.04545454545455,28.0],[-60.02702702702703,26.972972972972972],[-59.166666666666664,26.833333333333336],[-59.21428571428572,26.214285714285715],[-59.092307692307685,25.907692307692308],[-58.7,25.7],[-58.25,25.75],[-58.33333333333334,25.333333333333336],[-58.12307692307692,24.876923076923077],[-55.114285714285714,24.885714285714286],[-54.23529411764706,24.764705882352942],[-54.06666666666666,24.0],[-54.06666666666666,21.0],[-53.916666666666664,19.916666666666668],[-54.30769230769231,19.0],[-53.35294117647058,18.64705882352941],[-52.95,17.05],[-52.285714285714285,16.714285714285715],[-51.904761904761905,16.095238095238095],[-51.07407407407407,15.925925925925926],[-49.06896551724138,16.06896551724138],[-49.0,16.25],[-48.66666666666667,16.333333333333336],[-48.0,16.0],[-48.0,17.0],[-47.0,17.0],[-46.66666666666667,17.666666666666668],[-46.0,18.0],[-45.0,18.2],[-44.66666666666667,18.0],[-44.5,17.0],[-44.93939393939394,16.939393939393938],[-45.0,16.0],[-45.66666666666667,15.666666666666668],[-46.0,15.0],[-46.51724137931035,14.517241379310345],[-47.73913043478261,13.73913043478261],[-48.0,13.4],[-48.06451612903226,13.0],[-49.0,12.553846153846154],[-50.136752136752136,12.863247863247864],[-50.573170731707314,13.426829268292682],[-51.0,13.673076923076923],[-51.38636363636364,13.613636363636363],[-51.89473684210526,14.0],[-52.0,14.25],[-52.12903225806451,14.129032258064516],[-52.632183908045974,14.367816091954023],[-54.07843137254902,14.07843137254902],[-54.2,14.000000000000002],[-54.2,13.8],[-53.913043478260875,13.08695652173913],[-53.66666666666667,13.0],[-53.5,12.5],[-53.0,12.0],[-53.71428571428571,11.714285714285714],[-54.81818181818182,10.818181818181818],[-55.0,10.0],[-55.60000000000001,10.4],[-56.0,10.4],[-56.66666666666667,10.0],[-57.0,9.9375],[-58.00000000000001,10.2],[-58.15909090909091,11.840909090909092],[-58.349999999999994,12.35],[-58.125,12.875],[-58.91111111111111,13.088888888888889],[-59.048780487804876,13.951219512195122],[-59.99999999999999,15.04],[-60.23529411764706,15.764705882352942],[-60.75,16.0],[-61.079365079365076,17.92063492063492],[-61.23809523809524,18.0],[-62.0,19.166666666666668],[-62.168067226890756,20.168067226890756],[-61.99999999999999,20.76923076923077],[-61.400000000000006,21.0],[-61.36363636363636,21.363636363636363],[-61.0,21.333333333333336],[-60.875,22.125],[-61.400000000000006,22.4],[-61.666666666666664,22.0],[-61.63636363636363,21.636363636363637],[-62.0,21.6],[-62.16,21.84],[-63.0,22.0],[-63.02739726027397,22.972602739726028],[-63.208695652173915,23.791304347826085],[-64.02873563218391,23.97126436781609],[-64.07246376811594,24.92753623188406],[-64.5,25.0],[-65.0,25.714285714285715],[-65.15189873417721,26.848101265822784],[-65.6,27.0],[-65.76470588235294,27.235294117647058],[-66.36144578313252,28.63855421686747],[-67.0,29.0],[-67.0506329113924,29.949367088607595],[-67.23529411764706,30.235294117647058],[-67.0909090909091,30.90909090909091],[-68.0,31.0],[-68.02877697841726,31.971223021582734],[-68.16666666666667,32.0],[-68.47619047619048,32.52380952380952],[-69.0,32.83333333333333],[-69.256,33.744],[-69.82795698924731,33.82795698924731],[-70.09876543209876,34.0],[-70.22018348623854,34.77981651376147],[-70.6,35.0],[-71.0,35.8],[-71.17977528089888,36.82022471910112],[-71.52272727272727,37.47727272727273],[-72.0,37.95454545454545],[-72.26086956521739,38.73913043478261],[-72.70588235294117,39.0],[-73.0,39.45454545454545],[-73.13333333333333,40.0],[-73.01526717557252,41.98473282442748],[-73.14285714285714,42.0],[-73.48275862068967,43.51724137931034],[-73.53846153846155,44.0],[-73.42424242424242,44.42424242424242],[-73.0,44.699999999999996],[-72.71428571428571,44.71428571428571],[-72.4,45.4],[-71.0,45.800000000000004],[-70.83333333333334,46.0],[-71.0,46.5],[-72.0,47.0],[-73.0,46.333333333333336],[-73.36363636363636,46.63636363636364],[-73.5,47.0],[-73.76470588235294,47.23529411764706],[-74.47058823529412,47.52941176470588],[-74.8,48.2],[-74.93939393939394,49.06060606060606],[-75.37837837837839,49.62162162162162],[-76.0,49.94117647058823],[-76.18867924528301,51.18867924528302],[-76.16326530612245,51.836734693877546],[-76.44444444444444,52.0],[-76.75,53.0],[-76.66666666666667,54.00000000000001],[-76.86666666666667,55.13333333333333],[-76.71428571428571,57.0],[-76.72727272727272,62.272727272727266],[-77.0,62.599999999999994],[-78.0,63.0],[-78.4,63.60000000000001],[-78.5,64.0],[-78.87096774193549,64.12903225806451],[-79.66666666666667,65.0],[-80.46153846153847,65.53846153846155],[-80.87096774193549,66.12903225806451],[-82.0,66.25],[-82.24489795918367,66.75510204081633],[-83.05128205128204,66.94871794871796],[-85.33333333333334,67.0],[-86.26666666666667,67.73333333333333],[-87.0,67.88888888888889],[-88.0,67.58333333333334],[-88.58823529411764,67.58823529411765],[-90.0,67.86363636363636],[-90.8888888888889,67.88888888888889],[-91.71428571428571,67.71428571428571],[-92.0,67.5],[-92.42105263157895,67.57894736842104],[-92.84615384615385,68.15384615384615],[-93.19999999999999,68.2],[-94.0,68.0],[-93.5,67.5],[-93.4,67.0],[-97.06315789473685,66.93684210526315],[-97.75,67.0],[-97.75,67.25],[-98.0,67.5],[-99.0,67.6],[-100.0,68.0],[-101.0,68.0],[-100.60000000000001,68.60000000000001],[-100.60000000000001,69.4],[-101.0,70.0],[-99.0,70.0],[-99.0,71.0],[-88.0,71.0],[-88.0,72.0],[-75.0,72.0],[-75.0,71.0],[-74.0,71.0],[-74.0,72.0],[-72.0,72.0],[-72.0,71.0],[-71.0,71.0],[-71.0,73.0],[-69.0,73.0],[-69.0,71.0],[-66.0,71.0]],[[-62.444444444444436,22.444444444444443],[-62.0,22.25],[-61.57142857142857,22.571428571428573],[-61.72727272727272,23.272727272727273],[-62.0,23.75],[-62.66666666666667,23.0],[-62.53846153846154,22.53846153846154],[-63.0,22.0],[-62.444444444444436,22.444444444444443]],[[-35.0,56.5],[-34.5,57.0],[-34.71428571428571,57.28571428571428],[-35.25,57.25],[-35.5,57.0],[-35.0,56.5]],[[-16.0,52.0],[-16.0,51.0],[-15.000000000000002,50.66666666666667],[-14.600000000000001,51.0],[-14.714285714285712,51.285714285714285],[-15.0,51.5],[-15.5,51.5],[-16.0,52.0]],[[-13.235294117647058,52.76470588235294],[-13.0,52.5],[-12.733333333333334,52.733333333333334],[-12.714285714285715,53.0],[-13.0,53.28571428571429],[-13.210526315789474,53.21052631578947],[-13.235294117647058,52.76470588235294]],[[-8.31578947368421,69.3157894736842],[-8.24,68.75999999999999],[-8.0,68.625],[-7.684210526315789,68.68421052631578],[-7.25,69.0],[-7.538461538461538,69.46153846153847],[-8.0,69.6],[-8.31578947368421,69.3157894736842]],[[-8.0,65.0],[-7.1,64.89999999999999],[-6.909090909090908,65.0],[-6.866666666666666,65.86666666666667],[-6.75,66.0],[-6.916666666666667,66.08333333333333],[-7.064516129032258,66.06451612903226],[-7.222222222222222,65.77777777777779],[-7.222222222222222,65.22222222222223],[-8.0,65.0]],[[-5.16,68.84],[-3.8000000000000003,69.0],[-4.7142857142857135,69.28571428571428],[-5.0,69.5],[-6.0,69.5],[-6.333333333333334,69.33333333333334],[-6.5,69.0],[-5.16,68.84]],[[-1.0,70.5],[-2.0,70.0],[-1.0,69.57142857142857],[-0.5714285714285714,70.42857142857143],[-1.0,70.5]],[[7.0,66.0],[8.0,66.0],[8.0,67.0],[5.999999999999999,67.18181818181817],[4.833333333333334,67.0],[5.0,66.8],[6.461538461538462,66.46153846153847],[7.0,66.0]],[[-11.066666666666666,44.93333333333333],[-10.888888888888888,45.0],[-11.0,45.125],[-11.066666666666666,44.93333333333333]],[[-57.05882352941177,19.0],[-56.0,19.0],[-56.8,19.200000000000003],[-57.05882352941177,19.0]],[[-71.0,40.76470588235294],[-70.88235294117646,40.88235294117647],[-71.0,41.13793103448276],[-71.72222222222223,41.27777777777778],[-72.0,42.0],[-72.71428571428571,41.71428571428571],[-72.83333333333333,41.0],[-72.23255813953489,40.76744186046511],[-71.0,40.76470588235294]],[[-68.71428571428571,51.0],[-69.16666666666667,51.83333333333333],[-69.5,53.0],[-69.4,54.0],[-70.0,54.6],[-70.18604651162791,51.81395348837209],[-70.17021276595744,49.829787234042556],[-70.0,49.0],[-69.0,49.0],[-69.28571428571428,49.71428571428571],[-69.16666666666667,50.166666666666664],[-68.6923076923077,50.69230769230769],[-68.71428571428571,51.0]],[[-68.77777777777777,48.0],[-68.05714285714286,46.94285714285714],[-68.0,46.0],[-67.84615384615384,46.84615384615385],[-67.15384615384616,46.84615384615385],[-66.95652173913044,46.95652173913044],[-66.86956521739131,47.86956521739131],[-67.0,48.33333333333333],[-67.35294117647058,48.64705882352941],[-68.0,49.857142857142854],[-68.75,49.75],[-69.0,49.0],[-68.77777777777777,48.0]],[[-32.75,60.0],[-33.0,60.2],[-33.5,60.0],[-33.0,59.5],[-32.75,60.0]],[[-23.0,60.0],[-23.444444444444443,59.44444444444444],[-23.38095238095238,58.61904761904762],[-23.0,58.2],[-22.5,58.5],[-22.2,59.0],[-22.333333333333336,59.66666666666667],[-23.0,60.0]],[[-1.0,67.4090909090909],[-1.9,67.0],[-2.545454545454545,66.54545454545455],[-3.0,66.0],[-2.0,65.42857142857143],[-1.0,65.53846153846155],[0.0,65.93333333333334],[2.2,66.0],[2.0,66.33333333333334],[1.6,66.60000000000001],[1.6,67.0],[-1.0,67.4090909090909]],[[-23.0,56.5],[-22.666666666666668,56.66666666666667],[-22.625,57.375],[-23.0,57.75],[-24.0,57.5],[-24.30769230769231,57.30769230769231],[-24.333333333333332,57.00000000000001],[-24.0,56.599999999999994],[-23.0,56.5]]],[[[-77.0,40.5],[-77.92592592592592,41.07407407407407],[-79.03846153846155,40.96153846153846],[-79.19047619047619,41.19047619047619],[-79.14545454545454,41.85454545454545],[-79.7910447761194,41.791044776119406],[-80.1891891891892,42.0],[-80.26923076923077,42.269230769230774],[-79.91304347826086,42.91304347826087],[-80.0,43.11111111111111],[-80.25,43.25],[-81.0,43.0],[-80.625,43.625],[-80.6923076923077,44.69230769230769],[-80.23529411764706,45.23529411764706],[-79.8,45.2],[-78.80952380952381,44.80952380952381],[-78.24000000000001,44.760000000000005],[-78.24000000000001,44.24],[-77.84242424242424,43.157575757575756],[-77.0,43.0],[-76.85987261146497,42.140127388535035],[-76.08333333333333,42.0],[-76.22222222222223,41.22222222222222],[-76.66666666666667,40.66666666666667],[-77.0,40.5]]],[[[-84.66666666666667,46.0],[-84.66666666666667,46.333333333333336],[-85.0,46.333333333333336],[-85.03030303030303,46.96969696969697],[-85.5,47.0],[-85.0,47.666666666666664],[-84.33333333333334,47.0],[-84.33333333333334,46.66666666666667],[-83.71428571428571,46.71428571428571],[-83.19999999999999,47.2],[-82.8,47.2],[-82.66666666666666,47.0],[-82.8,46.0],[-83.0,45.5],[-84.0,45.5],[-84.1111111111111,45.888888888888886],[-84.66666666666667,46.0]]],[[[-88.22222222222221,58.0],[-88.0,57.599999999999994],[-87.78947368421052,57.78947368421053],[-86.0,57.66666666666667],[-85.87421383647799,57.125786163522015],[-85.0,56.900000000000006],[-84.80434782608695,56.19565217391305],[-84.3157894736842,56.315789473684205],[-83.85882352941177,56.141176470588235],[-83.6,55.60000000000001],[-83.66666666666667,55.33333333333334],[-83.0,54.72727272727273],[-82.53488372093022,53.0],[-82.70149253731343,52.70149253731343],[-82.84,52.0],[-82.76470588235294,51.76470588235294],[-82.9655172413793,51.03448275862069],[-82.8,51.0],[-82.75,50.75],[-82.66666666666666,50.0],[-82.77777777777777,49.77777777777778],[-83.0,49.666666666666664],[-83.33333333333333,50.0],[-83.80952380952381,50.19047619047619],[-85.0,50.0],[-85.33333333333334,50.66666666666667],[-86.0,51.0],[-86.125,51.875],[-87.0,53.0],[-87.55555555555554,53.444444444444436],[-87.66666666666667,54.00000000000001],[-88.0,54.2],[-89.0,54.27272727272727],[-89.14814814814815,54.85185185185185],[-90.04081632653062,55.0],[-90.125,55.875],[-90.80000000000001,55.800000000000004],[-91.06703910614526,55.932960893854755],[-92.01639344262296,55.983606557377044],[-96.75,56.0],[-96.46153846153847,56.46153846153846],[-95.5,57.0],[-96.55555555555554,57.44444444444444],[-96.83333333333334,58.0],[-96.43478260869564,58.434782608695656],[-95.0,58.714285714285715],[-93.0,58.63636363636364],[-92.0,58.33333333333333],[-91.0,58.42857142857143],[-90.0,58.69230769230769],[-89.0,58.63636363636364],[-88.8409090909091,58.15909090909091],[-88.22222222222221,58.0]]],[[[-99.13793103448276,56.137931034482754],[-99.0,56.400000000000006],[-98.0,56.0],[-101.75,56.0],[-99.13793103448276,56.137931034482754]]],[[[-114.79661016949153,57.79661016949153],[-115.0,57.4],[-115.08450704225352,57.91549295774648],[-115.6,58.0],[-115.47999999999999,58.48],[-115.0,59.2],[-114.93063583815028,58.069364161849705],[-114.79661016949153,57.79661016949153]]],[[[-117.25,64.75],[-117.0,64.875],[-116.6543209876543,64.34567901234567],[-116.09677419354838,64.0],[-116.15789473684211,63.15789473684211],[-116.42857142857142,63.0],[-116.65217391304347,62.652173913043484],[-117.0,62.5],[-117.05,62.95],[-117.875,64.0],[-117.75,64.25],[-117.75,64.75],[-117.25,64.75]]],[[[-118.19230769230768,68.1923076923077],[-118.0,68.625],[-117.57142857142858,68.57142857142857],[-117.0,69.0],[-117.0,68.0],[-118.0,66.8],[-118.19230769230768,68.1923076923077]]],[[[-116.0,76.0],[-118.0,76.0909090909091],[-118.47619047619047,76.52380952380952],[-119.14432989690722,76.85567010309279],[-122.2,77.0],[-122.0,78.0],[-121.26923076923077,78.26923076923077],[-120.0,78.3913043478261],[-118.81538461538462,78.18461538461538],[-112.0,78.0],[-111.0,77.0],[-111.0,76.0],[-112.0,76.0],[-114.00000000000001,75.33333333333334],[-115.375,75.625],[-116.0,76.0]]],[[[-77.0,83.0],[-76.60000000000001,82.4],[-76.0,82.16666666666667],[-75.77777777777777,82.22222222222223],[-75.0,82.0],[-71.0,82.0],[-71.0,81.0],[-70.28571428571428,80.71428571428572],[-69.66666666666667,80.66666666666667],[-69.0,81.0],[-67.0,81.0],[-67.0,80.0],[-66.0,80.0],[-66.0,78.0],[-64.0,78.0],[-64.0,77.0],[-63.33333333333334,76.0],[-62.0,75.0],[-62.0,73.0],[-69.0,73.0],[-69.0,74.0],[-72.0,74.0],[-72.0,75.0],[-75.0,75.0],[-75.0,76.0],[-76.22222222222223,76.22222222222223],[-77.0,76.0],[-77.0,77.0],[-80.44444444444444,77.44444444444444],[-81.0,77.0],[-81.0,78.0],[-83.17391304347825,78.17391304347827],[-85.0,78.0],[-87.0,78.0],[-86.60000000000001,78.60000000000001],[-86.66666666666667,79.0],[-86.9047619047619,79.0952380952381],[-93.0,79.0],[-93.0,80.0],[-94.0,80.0],[-94.0,79.0],[-96.0,79.0],[-96.0,80.0],[-97.0,80.0],[-97.0,82.0],[-100.0,82.0],[-100.8,82.19999999999999],[-101.0,82.5],[-101.07142857142857,83.07142857142857],[-100.47999999999999,83.47999999999999],[-99.73333333333332,83.73333333333333],[-99.4,84.4],[-99.0,84.6],[-98.0,84.6],[-97.00000000000001,84.85714285714286],[-96.71428571428571,84.71428571428571],[-96.28571428571428,84.71428571428571],[-96.0,83.0],[-96.0,82.0],[-95.0,82.0],[-95.0,84.0],[-94.0,84.0],[-93.33333333333334,83.66666666666667],[-92.71428571428571,83.71428571428571],[-92.0,84.0],[-91.0,84.0],[-91.0,83.0],[-89.0,83.0],[-88.4,83.4],[-87.66666666666667,83.33333333333334],[-87.0,83.0],[-80.0,83.0],[-78.0,82.4],[-77.53846153846155,82.53846153846155],[-77.0,83.0]]],[[[-134.0,90.0],[-133.66666666666669,89.33333333333334],[-133.0,89.0],[-130.0,89.0],[-129.0,88.80000000000001],[-128.0,88.83333333333334],[-126.0,88.33333333333334],[-125.0,88.5],[-123.71428571428571,88.28571428571428],[-123.0,88.375],[-122.86046511627907,88.13953488372093],[-121.97619047619048,88.02380952380953],[-115.0142857142857,88.0142857142857],[-113.10169491525423,88.10169491525424],[-112.76923076923077,88.23076923076923],[-112.0,88.14285714285715],[-111.66666666666666,88.0],[-111.44444444444443,87.55555555555554],[-111.0,86.0],[-113.0,83.0],[-113.75,82.75],[-114.25,82.25],[-115.66666666666669,81.66666666666667],[-117.0,81.5],[-118.0,81.16666666666667],[-119.16666666666666,81.16666666666667],[-122.0,80.83333333333333],[-125.0,81.0],[-125.83333333333334,80.83333333333334],[-129.60000000000002,80.60000000000001],[-134.0,80.5],[-136.22222222222223,80.22222222222223],[-138.1818181818182,80.18181818181819],[-139.0,80.0],[-140.0,80.16666666666667],[-141.0,79.92307692307693],[-143.0,80.0],[-144.0,79.9090909090909],[-147.0,80.33333333333334],[-149.0,79.8],[-151.07142857142856,79.92857142857143],[-155.0,79.66666666666666],[-155.5,79.5],[-155.88888888888889,79.0],[-155.45714285714286,78.54285714285714],[-154.0,78.6],[-152.5737704918033,78.42622950819673],[-151.74545454545455,78.25454545454545],[-151.46153846153845,78.0],[-152.5593220338983,77.55932203389831],[-153.0,77.07142857142857],[-155.0,76.96470588235294],[-155.80582524271847,76.80582524271844],[-156.0,75.4],[-156.27586206896552,75.27586206896552],[-156.4,75.0],[-158.98936170212767,74.98936170212765],[-159.62393162393164,74.62393162393163],[-159.90710382513663,73.9071038251366],[-161.81666666666666,73.81666666666666],[-162.32592592592593,73.67407407407407],[-162.77011494252872,73.77011494252874],[-163.44444444444446,73.0],[-164.8894472361809,72.8894472361809],[-166.0,72.63461538461539],[-169.0,72.52941176470588],[-170.4,72.6],[-171.25,72.75],[-171.85714285714286,73.0],[-172.0,74.0],[-172.6,74.4],[-173.0,74.5],[-173.25,74.25],[-173.25,74.0],[-173.57142857142858,73.57142857142858],[-174.25,73.25],[-176.89655172413794,72.89655172413794],[-177.0,72.4],[-177.25,72.0],[-177.0,71.71428571428572],[-176.84375,71.15625],[-175.92857142857144,71.0],[-176.0,70.5],[-176.33333333333334,70.33333333333334],[-176.57142857142858,70.42857142857143],[-178.30769230769232,70.3076923076923],[-178.77777777777777,69.77777777777777],[-179.5,69.5],[-179.79999999999998,69.0],[-179.79999999999998,68.0],[-180.0,67.99193548387098],[-180.0,80.64285714285714],[-179.33333333333334,80.66666666666667],[-179.0,80.5],[-178.8,81.0],[-179.0,82.0],[-178.66666666666669,83.0],[-178.75,84.0],[-178.33333333333334,85.33333333333334],[-178.0,86.0],[-177.0,86.5],[-176.0,87.66666666666667],[-175.0,87.33333333333334],[-173.0,87.75],[-170.00000000000003,87.83333333333334],[-169.0,88.33333333333334],[-168.0,88.5],[-167.0,88.33333333333334],[-166.0,88.6],[-165.0,88.4],[-164.0,88.66666666666667],[-158.16666666666666,88.83333333333333],[-157.0,89.0],[-154.0,89.0],[-153.0,89.4],[-151.0,89.25],[-150.0,89.0],[-149.0,89.25],[-147.0,89.25],[-145.0,89.6],[-144.0,89.5],[-143.33333333333334,90.0],[-134.0,90.0]],[[-177.0,73.75],[-176.83333333333334,73.83333333333333],[-176.83333333333334,74.0],[-177.0,74.125],[-177.16666666666666,74.0],[-177.0,73.75]],[[-168.33333333333334,77.0],[-169.0,77.4],[-170.22222222222223,77.22222222222223],[-172.0,77.16666666666667],[-173.0,77.44444444444444],[-174.00000000000003,77.2],[-175.0,76.4],[-175.28571428571428,76.0],[-175.26666666666665,75.73333333333333],[-175.0,75.5],[-174.0,75.08333333333334],[-172.2,75.2],[-171.44444444444443,76.44444444444444],[-170.77777777777777,76.77777777777777],[-170.00000000000003,76.83333333333334],[-169.0,76.71428571428571],[-168.33333333333334,77.0]],[[-158.5,78.0],[-158.10526315789474,77.89473684210526],[-157.66666666666669,78.0],[-158.0,78.33333333333334],[-158.22222222222223,78.22222222222223],[-158.5,78.0]]],[[[-102.0,79.0],[-102.85,78.85],[-108.5,79.0],[-108.5,79.5],[-108.0,80.0],[-107.25,80.25],[-106.0,80.19999999999999],[-104.0,80.57142857142857],[-103.0,80.5],[-102.6,80.60000000000001],[-102.0,81.0],[-99.0,81.0],[-99.0,79.0],[-102.0,79.0]]],[[[-2.0,-87.25],[-3.0,-87.0],[-2.0,-86.88888888888889],[-1.0,-87.0],[-2.0,-87.25]]],[[[-6.800000000000001,-86.8],[-6.285714285714285,-86.71428571428571],[-3.8181818181818183,-86.81818181818181],[-3.0,-87.0],[-4.0,-87.4],[-6.363636363636363,-87.36363636363637],[-8.0,-87.0],[-7.333333333333334,-86.66666666666667],[-6.800000000000001,-86.8]]],[[[-11.400000000000002,-86.4],[-13.0,-86.0],[-11.272727272727273,-85.72727272727272],[-9.0,-85.75],[-8.0,-86.0],[-8.0,-87.0],[-8.666666666666668,-86.66666666666667],[-9.0,-86.75],[-10.0,-86.5],[-11.400000000000002,-86.4]]],[[[-12.0,-77.0],[-13.0,-76.0],[-17.0,-75.5],[-18.0,-75.0],[-17.38095238095238,-74.61904761904762],[-16.0,-74.61538461538461],[-14.657142857142858,-74.34285714285714],[-13.0,-74.5],[-12.333333333333332,-75.0],[-12.352941176470587,-75.35294117647058],[-11.777777777777779,-75.77777777777777],[-11.0,-76.0],[-11.400000000000002,-76.60000000000001],[-12.0,-77.0]]],[[[-16.57142857142857,-73.0],[-16.707317073170735,-73.29268292682927],[-17.31111111111111,-73.6888888888889],[-18.0,-73.9090909090909],[-19.0,-74.0],[-19.333333333333336,-74.66666666666667],[-20.06666666666667,-74.93333333333334],[-25.0,-75.0],[-24.666666666666668,-74.33333333333334],[-24.75,-74.0],[-25.642857142857142,-73.64285714285714],[-26.22222222222222,-73.22222222222223],[-26.214285714285715,-73.0],[-27.0,-72.7027027027027],[-28.271186440677965,-72.72881355932203],[-28.58139534883721,-73.41860465116278],[-29.0,-73.5625],[-29.5625,-73.0],[-29.727272727272727,-72.0],[-29.421052631578945,-71.57894736842105],[-26.0,-71.12765957446808],[-21.6,-71.4],[-20.0,-71.14814814814815],[-19.0,-71.4090909090909],[-18.25,-72.25],[-17.476190476190474,-72.47619047619047],[-16.57142857142857,-73.0]],[[-20.294117647058822,-73.0],[-20.185185185185187,-73.18518518518519],[-20.0,-73.41666666666666],[-19.655172413793103,-73.34482758620689],[-19.583333333333332,-73.0],[-20.0,-72.82142857142857],[-20.294117647058822,-73.0]]],[[[-4.689655172413794,-71.6896551724138],[-4.181818181818182,-72.0],[-4.653846153846154,-72.34615384615384],[-5.0,-72.44999999999999],[-5.382978723404255,-72.38297872340425],[-5.642857142857142,-72.0],[-4.689655172413794,-71.6896551724138]]],[[[8.25,-66.0],[8.0,-66.5],[7.666666666666668,-66.33333333333334],[7.5,-66.0],[8.0,-65.66666666666667],[8.25,-66.0]]],[[[21.82608695652174,-53.82608695652174],[21.0,-53.94736842105264],[20.142857142857142,-53.857142857142854],[20.0,-53.71428571428571],[19.947916666666668,-53.0],[21.215568862275447,-52.78443113772455],[22.0,-53.0],[21.82608695652174,-53.82608695652174]]],[[[-23.733333333333334,-51.733333333333334],[-23.666666666666668,-52.0],[-24.235294117647058,-52.23529411764706],[-26.5,-52.0],[-26.0,-51.75],[-25.0,-51.75],[-24.0,-51.5],[-23.733333333333334,-51.733333333333334]]],[[[22.098360655737707,-38.90163934426229],[22.75,-39.0],[22.5,-39.5],[22.0,-39.5],[21.85,-39.15],[21.895652173913042,-38.89565217391304],[22.098360655737707,-38.90163934426229]]],[[[-17.390243902439025,-33.609756097560975],[-17.0,-33.61904761904762],[-16.771428571428572,-33.77142857142857],[-16.703703703703702,-34.0],[-17.0,-34.22857142857143],[-17.727272727272727,-34.0],[-17.390243902439025,-33.609756097560975]]],[[[-13.291666666666666,-29.708333333333332],[-13.0,-29.299999999999997],[-12.65,-29.65],[-12.533333333333333,-30.0],[-13.0,-30.538461538461537],[-13.318181818181818,-30.0],[-13.291666666666666,-29.708333333333332]]],[[[7.8,21.799999999999997],[7.851851851851852,21.0],[7.703703703703704,20.703703703703702],[7.703703703703704,20.296296296296294],[7.296296296296296,20.296296296296294],[6.5,20.0],[5.829787234042553,19.170212765957448],[5.6,17.0],[6.0,16.555555555555557],[6.37037037037037,16.37037037037037],[6.764705882352941,15.764705882352942],[7.4,15.4],[7.804878048780488,14.804878048780488],[9.75,14.75],[11.0,14.9375],[11.363636363636363,15.636363636363637],[12.571428571428571,16.0],[12.714285714285714,16.285714285714285],[13.0,16.42857142857143],[13.3,16.3],[13.5,16.0],[14.636363636363637,15.636363636363637],[14.794871794871796,14.794871794871796],[15.428571428571429,14.0],[15.4,13.0],[15.675675675675677,12.675675675675677],[16.0,12.5],[17.0,12.600000000000001],[17.196721311475407,12.196721311475411],[17.6,12.0],[17.413793103448278,11.586206896551724],[16.714285714285715,11.0],[17.0,10.5],[18.0,10.5],[18.344827586206897,10.344827586206897],[18.655172413793103,9.655172413793103],[19.0,9.375],[20.692307692307693,9.307692307692308],[22.0,9.555555555555555],[22.370370370370367,9.37037037037037],[22.555555555555557,9.0],[22.42857142857143,8.0],[22.0,7.0],[21.444444444444443,7.444444444444444],[21.0,7.571428571428571],[20.0,7.5],[19.636363636363637,7.363636363636364],[19.42857142857143,7.0],[19.724137931034484,6.724137931034483],[20.424242424242426,6.424242424242425],[20.636363636363637,6.0],[20.6,4.0],[20.77777777777778,3.0],[21.0,2.7142857142857144],[21.476190476190474,2.4761904761904763],[22.0,1.6666666666666667],[24.0,1.5555555555555556],[26.242424242424242,1.7575757575757576],[26.444444444444443,2.0],[26.25,4.0],[26.5,4.5],[27.15686274509804,4.843137254901961],[27.4,5.6000000000000005],[28.0,5.928571428571428],[28.342105263157894,5.342105263157895],[30.0,5.055555555555555],[30.56923076923077,5.430769230769231],[30.903225806451616,6.096774193548386],[31.0,6.8181818181818175],[31.18181818181818,6.999999999999999],[31.90625,7.09375],[32.52380952380952,7.476190476190475],[33.0,8.27659574468085],[34.0,8.203389830508474],[35.0,8.357142857142858],[35.40909090909091,8.59090909090909],[35.5625,9.0],[35.851851851851855,9.148148148148149],[36.0,9.7],[36.6,10.0],[37.02285714285714,10.022857142857143],[37.27848101265823,9.27848101265823],[37.88235294117647,8.882352941176471],[38.30769230769231,8.692307692307693],[38.69230769230769,8.692307692307693],[38.69230769230769,8.307692307692308],[38.84615384615385,8.0],[38.77777777777778,7.222222222222222],[38.6,7.0],[38.625,6.0],[38.68421052631579,5.684210526315789],[39.3,5.3],[39.54545454545455,4.0],[39.42857142857143,3.571428571428571],[39.0,3.1428571428571432],[38.8,3.2],[38.5,3.0],[38.375,0.625],[38.2,0.0],[37.66666666666667,-0.6666666666666667],[37.58333333333333,-1.0],[37.625,-4.0],[37.48,-5.4799999999999995],[37.21052631578947,-6.2105263157894735],[36.5,-7.0],[36.5,-10.0],[36.333333333333336,-10.333333333333334],[35.72222222222222,-10.722222222222221],[35.64285714285714,-11.0],[35.78260869565217,-12.217391304347826],[35.76470588235294,-13.764705882352942],[35.38709677419355,-14.387096774193548],[35.0,-14.545454545454545],[34.5,-15.0],[34.344827586206904,-15.344827586206897],[33.736842105263165,-15.736842105263158],[33.48,-16.48],[32.44444444444444,-17.0],[32.30769230769231,-17.30769230769231],[31.285714285714285,-18.0],[31.2,-18.2],[30.523809523809522,-18.523809523809522],[29.6,-18.6],[29.083333333333332,-19.083333333333332],[28.875,-19.125],[28.666666666666664,-19.0],[28.444444444444443,-18.555555555555554],[28.0,-18.333333333333336],[27.818181818181817,-18.818181818181817],[27.800000000000004,-20.0],[27.38095238095238,-21.38095238095238],[26.7,-21.700000000000003],[26.5,-22.0],[26.555555555555557,-23.0],[26.42857142857143,-24.0],[26.545454545454547,-25.0],[25.759999999999998,-25.240000000000002],[25.066666666666666,-25.066666666666666],[25.157894736842103,-25.842105263157897],[25.039735099337747,-26.039735099337747],[24.037735849056602,-26.037735849056602],[24.0,-26.166666666666668],[23.846153846153843,-26.153846153846153],[23.666666666666668,-26.0],[23.666666666666668,-25.66666666666667],[24.0,-25.0],[23.400000000000002,-24.6],[23.0,-24.5],[22.714285714285715,-26.0],[22.25,-27.0],[20.150000000000002,-29.15],[18.999999999999996,-29.916666666666668],[18.6,-30.6],[18.0,-31.0],[18.470588235294116,-31.529411764705884],[19.0,-31.857142857142858],[20.0,-32.22222222222222],[20.451612903225808,-33.54838709677419],[21.0,-34.0],[20.38888888888889,-34.388888888888886],[20.03030303030303,-36.03030303030303],[19.25974025974026,-36.259740259740255],[19.044117647058826,-38.044117647058826],[18.235294117647058,-38.23529411764706],[18.0,-39.13333333333334],[16.0,-39.074074074074076],[15.25,-39.25],[15.214285714285715,-39.785714285714285],[15.0,-40.08571428571428],[14.5,-40.0],[14.315789473684209,-39.68421052631579],[14.0,-39.5],[13.600000000000001,-39.6],[13.0,-40.0],[12.105263157894736,-40.10526315789474],[11.75,-41.0],[11.218181818181819,-41.21818181818182],[10.7,-41.7],[10.095238095238095,-43.0],[9.508196721311474,-43.50819672131147],[9.0,-44.2],[8.421052631578947,-44.421052631578945],[8.0,-44.8],[6.31578947368421,-45.315789473684205],[5.612903225806451,-45.38709677419355],[5.0,-45.166666666666664],[4.470588235294118,-45.470588235294116],[4.0,-45.57142857142857],[3.0,-45.59090909090909],[2.1515151515151514,-46.15151515151515],[0.38095238095238093,-46.38095238095238],[-1.0,-47.0],[-1.803921568627451,-47.19607843137255],[-2.0,-47.11363636363636],[-3.756756756756757,-47.24324324324324],[-7.0,-48.0],[-8.0,-48.0],[-10.0,-47.5],[-10.333333333333334,-47.66666666666667],[-11.0,-47.666666666666664],[-11.355555555555556,-47.355555555555554],[-11.72972972972973,-46.72972972972973],[-12.647058823529411,-46.647058823529406],[-13.0,-46.5],[-14.0,-46.71428571428571],[-14.833333333333332,-46.0],[-16.0,-45.75],[-16.413793103448278,-45.41379310344828],[-16.6,-45.0],[-16.375,-44.0],[-15.741935483870968,-43.25806451612903],[-14.833333333333334,-43.166666666666664],[-14.5,-43.0],[-14.0,-42.25],[-13.666666666666668,-42.0],[-14.0,-41.0],[-13.333333333333332,-40.0],[-13.0,-39.0],[-13.413793103448276,-38.41379310344828],[-13.545454545454545,-38.0],[-13.100000000000001,-37.0],[-13.25,-36.0],[-12.25,-35.0],[-11.3,-33.0],[-11.615384615384617,-32.0],[-11.421052631578947,-31.0],[-11.6,-30.0],[-11.555555555555555,-29.0],[-11.280000000000001,-28.0],[-10.552447552447552,-27.44755244755245],[-10.0,-26.592592592592595],[-9.272727272727273,-26.0],[-8.448598130841122,-25.55140186915888],[-8.13953488372093,-24.86046511627907],[-7.386363636363636,-24.61363636363636],[-7.05607476635514,-23.943925233644862],[-6.094117647058824,-23.905882352941177],[-5.4941176470588236,-23.50588235294118],[-5.09375,-23.0],[-4.8,-21.0],[-4.173913043478261,-20.82608695652174],[-3.9130434782608696,-18.086956521739133],[-3.444444444444444,-17.555555555555557],[-3.3,-17.0],[-3.5238095238095237,-15.523809523809522],[-4.090909090909091,-13.909090909090908],[-4.2,-13.2],[-4.7368421052631575,-13.263157894736842],[-5.0,-13.15625],[-5.555555555555555,-13.444444444444445],[-5.865384615384615,-14.134615384615385],[-6.0,-15.333333333333334],[-6.387096774193548,-15.612903225806452],[-6.5,-16.0],[-6.375,-17.375],[-6.0,-18.0],[-6.5,-18.5],[-7.0,-18.666666666666668],[-7.111111111111111,-18.88888888888889],[-7.575757575757576,-21.0],[-8.307692307692308,-22.692307692307693],[-8.666666666666668,-23.0],[-8.964912280701753,-23.035087719298247],[-9.0,-23.25],[-10.0,-23.200000000000003],[-11.0,-23.666666666666664],[-11.133333333333333,-23.866666666666667],[-11.833333333333334,-24.166666666666668],[-12.181818181818183,-24.81818181818182],[-14.0,-25.0],[-15.0,-26.0],[-15.1,-27.0],[-14.799999999999999,-28.0],[-15.2,-29.000000000000004],[-16.066666666666666,-30.0],[-16.125,-30.875],[-18.0,-31.0],[-17.6,-31.6],[-17.666666666666668,-32.0],[-17.894736842105264,-32.10526315789474],[-18.0,-32.5],[-18.25,-32.75],[-19.0,-33.0],[-18.714285714285715,-33.714285714285715],[-18.75,-34.0],[-18.953488372093023,-34.04651162790697],[-19.0,-34.5],[-19.400000000000002,-34.6],[-20.0,-35.0],[-20.400000000000002,-35.6],[-21.0,-36.0],[-23.0,-36.0],[-23.0,-37.0],[-23.71428571428571,-38.285714285714285],[-24.25,-38.75],[-25.0,-39.0],[-27.0,-40.0],[-28.0,-40.0],[-28.0,-41.0],[-28.6,-41.400000000000006],[-30.000000000000004,-41.66666666666667],[-31.0,-41.5],[-31.23076923076923,-41.76923076923077],[-31.26086956521739,-42.26086956521739],[-31.0,-43.0],[-31.333333333333336,-44.0],[-31.18181818181818,-44.99999999999999],[-31.363636363636363,-45.63636363636364],[-32.0,-45.81818181818181],[-33.0,-45.63636363636364],[-33.266666666666666,-46.0],[-33.0,-47.2],[-32.0,-47.2],[-31.5,-47.5],[-31.200000000000003,-48.00000000000001],[-31.529411764705884,-48.470588235294116],[-32.25,-48.75],[-32.63636363636364,-49.36363636363636],[-33.5,-50.0],[-33.66666666666667,-50.333333333333336],[-34.0,-50.5],[-34.44444444444444,-52.44444444444444],[-34.0,-53.0],[-33.25,-53.25],[-33.25,-53.75],[-33.0,-54.166666666666664],[-32.0,-54.166666666666664],[-31.444444444444443,-54.44444444444444],[-31.333333333333336,-55.0],[-32.0,-55.625],[-34.0,-56.0],[-35.0,-55.800000000000004],[-35.42857142857143,-55.42857142857143],[-36.9375,-55.0],[-36.904761904761905,-54.904761904761905],[-38.0,-54.470588235294116],[-38.72727272727273,-54.0],[-38.77777777777778,-53.77777777777777],[-39.93333333333334,-52.93333333333334],[-40.0,-52.0],[-41.0,-52.0],[-41.04819277108434,-48.95180722891566],[-41.0,-48.42857142857143],[-40.769230769230774,-48.23076923076923],[-40.833333333333336,-47.833333333333336],[-41.0,-47.666666666666664],[-41.06185567010309,-47.06185567010309],[-41.0,-46.72727272727273],[-40.50769230769231,-46.49230769230769],[-40.09375,-45.90625],[-40.0,-45.0],[-40.09411764705882,-41.0],[-39.92307692307693,-40.00000000000001],[-40.05154639175258,-39.0],[-40.014234875444835,-37.98576512455516],[-39.333333333333336,-37.66666666666667],[-39.315789473684205,-37.315789473684205],[-39.075949367088604,-36.92405063291139],[-39.0,-35.82608695652174],[-38.20689655172414,-34.79310344827586],[-38.13907284768212,-29.860927152317878],[-38.0,-28.666666666666664],[-37.29239766081871,-26.707602339181285],[-37.24899598393574,-22.248995983935743],[-37.864197530864196,-19.864197530864196],[-38.27,-19.270000000000003],[-38.72307692307693,-18.723076923076924],[-39.81621621621622,-17.816216216216215],[-40.43654822335025,-17.436548223350254],[-41.21911421911422,-17.219114219114218],[-41.60703812316716,-16.607038123167154],[-43.0,-16.0],[-43.28292682926829,-15.282926829268293],[-43.76315789473684,-15.0],[-44.0,-14.0],[-44.955555555555556,-13.0],[-45.225352112676056,-12.225352112676056],[-45.599999999999994,-12.0],[-46.0,-11.0],[-46.913043478260875,-10.0],[-46.888888888888886,-9.11111111111111],[-47.0,-8.727272727272727],[-47.81818181818182,-7.818181818181818],[-47.8974358974359,-6.102564102564103],[-47.77777777777778,-5.777777777777778],[-48.0,-5.777777777777779],[-48.170731707317074,-5.0],[-48.0,-4.5],[-47.61111111111111,-4.611111111111111],[-47.30769230769231,-5.307692307692308],[-46.78378378378378,-5.216216216216216],[-46.42857142857143,-5.0],[-46.27272727272727,-4.727272727272727],[-46.0,-4.625],[-44.68,-5.68],[-43.75,-6.0],[-43.0,-6.428571428571429],[-42.0,-6.699999999999999],[-41.387096774193544,-7.387096774193548],[-41.0,-7.545454545454545],[-40.0,-7.4],[-39.78947368421053,-7.2105263157894735],[-39.315789473684205,-5.684210526315789],[-39.2,-4.0],[-39.30769230769231,-3.3076923076923084],[-40.0,-2.75],[-40.724137931034484,-0.7241379310344828],[-41.44444444444444,0.0],[-41.5,1.0],[-41.25,2.25],[-40.652173913043484,3.6521739130434785],[-40.599999999999994,4.0],[-40.800000000000004,5.0],[-40.470588235294116,5.470588235294118],[-39.71428571428571,5.7142857142857135],[-39.0,7.0],[-38.421052631578945,7.421052631578947],[-37.66666666666667,7.666666666666668],[-37.25,8.25],[-37.0,8.333333333333334],[-34.0,8.571428571428571],[-33.0,8.428571428571429],[-32.0,8.555555555555555],[-31.0,8.333333333333334],[-30.0,8.333333333333334],[-29.275862068965516,7.724137931034483],[-26.7,7.300000000000001],[-26.352941176470587,6.647058823529411],[-25.733333333333334,6.266666666666667],[-25.363636363636363,5.636363636363637],[-25.0,5.333333333333333],[-24.0,5.333333333333333],[-23.0,5.6],[-22.0,6.285714285714286],[-21.85185185185185,6.148148148148148],[-20.92156862745098,6.078431372549019],[-20.3859649122807,5.614035087719298],[-20.0,5.521739130434782],[-19.6,5.6000000000000005],[-19.214285714285715,6.0],[-19.085106382978722,7.085106382978724],[-19.0,9.0],[-19.08695652173913,9.91304347826087],[-19.333333333333336,10.0],[-19.25,11.0],[-19.095238095238095,11.095238095238095],[-19.0,12.0],[-18.363636363636363,12.363636363636363],[-18.0,13.0],[-15.5,15.5],[-15.142857142857142,16.142857142857142],[-15.0,17.0],[-14.428571428571429,18.0],[-14.333333333333332,19.0],[-14.0,19.363636363636363],[-13.125,20.0],[-12.235294117647058,20.235294117647058],[-11.0,21.055555555555554],[-6.425531914893617,22.425531914893618],[-6.0,22.526315789473685],[-5.0,22.384615384615387],[-4.0,22.642857142857142],[-2.0,22.789473684210527],[-0.6666666666666667,22.666666666666668],[-0.5,23.0],[-0.6666666666666667,24.0],[-0.38095238095238093,24.38095238095238],[0.75,25.0],[1.3333333333333335,25.0],[3.413793103448276,24.413793103448274],[4.0,23.666666666666664],[5.0,23.6],[5.413793103448276,23.413793103448274],[5.666666666666666,23.0],[6.818181818181818,22.81818181818182],[7.461538461538462,22.461538461538463],[7.8,21.799999999999997]],[[-35.0,-53.0],[-35.625,-53.375],[-36.0,-53.3],[-36.333333333333336,-53.66666666666667],[-36.41176470588235,-54.0],[-36.31111111111111,-54.31111111111111],[-35.70833333333333,-54.291666666666664],[-35.0,-54.0],[-35.0,-53.0]],[[6.0,-35.66666666666667],[6.545454545454545,-35.0],[6.0,-34.647058823529406],[5.0,-34.421052631578945],[3.7142857142857144,-34.71428571428571],[3.428571428571429,-35.0],[3.68,-35.32],[5.0,-36.0],[6.0,-35.66666666666667]],[[28.571428571428573,-17.42857142857143],[29.0,-17.75],[29.25,-17.0],[29.142857142857142,-16.0],[29.612903225806452,-15.612903225806452],[30.36923076923077,-15.36923076923077],[31.0,-15.0],[31.5,-14.0],[31.0,-13.4],[30.71428571428571,-13.285714285714285],[30.0,-13.142857142857142],[29.285714285714285,-13.285714285714285],[26.363636363636363,-15.363636363636363],[25.461538461538463,-16.461538461538463],[24.333333333333336,-17.0],[26.06896551724138,-17.06896551724138],[26.846153846153847,-16.846153846153847],[28.285714285714285,-16.714285714285715],[28.5,-17.0],[28.571428571428573,-17.42857142857143]],[[29.714285714285715,-8.285714285714285],[29.90909090909091,-9.090909090909092],[30.18181818181818,-9.181818181818182],[31.0,-9.0],[31.5,-8.5],[32.4,-6.6000000000000005],[31.0,-6.0],[29.73913043478261,-7.739130434782609],[29.714285714285715,-8.285714285714285]],[[32.0,-5.0],[32.55555555555555,-6.444444444444445],[33.36363636363636,-6.363636363636363],[34.0,-6.0],[34.0,-5.0],[34.18181818181818,-3.8181818181818183],[34.0,-3.0],[33.66666666666667,-3.666666666666667],[33.0,-4.0],[32.66666666666667,-4.666666666666667],[32.0,-5.0]],[[-4.0,-12.399999999999999],[-3.8181818181818183,-12.181818181818183],[-3.857142857142857,-11.857142857142858],[-4.0,-11.714285714285714],[-4.166666666666667,-12.166666666666668],[-4.0,-12.399999999999999]],[[0.0,21.76470588235294],[0.12698412698412698,21.873015873015873],[0.1951219512195122,22.195121951219512],[0.0,22.5],[-0.33333333333333337,22.333333333333336],[-0.25,22.0],[0.0,21.76470588235294]]],[[[-19.136986301369863,13.863013698630137],[-19.0,14.181818181818182],[-18.23076923076923,14.0],[-18.42857142857143,13.571428571428573],[-18.0,13.0],[-18.545454545454543,13.454545454545453],[-19.0,13.333333333333334],[-19.136986301369863,13.863013698630137]]],[[[11.0,17.5],[9.0,18.0],[11.0,18.5],[11.363636363636363,18.363636363636363],[11.666666666666666,18.0],[11.363636363636363,17.636363636363637],[11.0,17.5]]],[[[25.23809523809524,19.238095238095237],[25.16393442622951,18.83606557377049],[24.545454545454547,18.545454545454543],[24.400000000000002,18.6],[24.461538461538463,18.46153846153846],[24.193548387096776,17.806451612903228],[24.0,17.759999999999998],[23.905511811023622,18.094488188976378],[24.0,20.0],[25.0,20.0],[25.23809523809524,19.238095238095237]]],[[[-24.0,19.229166666666664],[-23.796296296296298,19.203703703703702],[-23.650793650793652,19.0],[-23.685714285714283,18.685714285714283],[-24.0,18.639344262295083],[-24.200000000000003,19.0],[-24.0,19.229166666666664]]],[[[20.000000000000004,23.142857142857142],[19.826086956521742,23.82608695652174],[19.0,24.0],[19.200000000000003,24.8],[20.0,25.333333333333332],[20.5,25.0],[20.666666666666668,24.666666666666668],[20.555555555555554,24.444444444444443],[20.57894736842105,23.57894736842105],[21.0,23.333333333333332],[22.0,23.333333333333332],[22.055555555555554,22.944444444444443],[22.0,22.846153846153847],[20.833333333333336,22.833333333333332],[20.333333333333336,23.0],[20.285714285714285,23.285714285714285],[20.000000000000004,23.142857142857142]]],[[[25.000000000000004,26.733333333333334],[25.30769230769231,26.692307692307693],[26.0,27.22222222222222],[26.00537634408602,25.994623655913976],[25.15492957746479,25.84507042253521],[25.0,23.93333333333333],[24.580645161290324,24.580645161290324],[23.636363636363637,25.0],[23.6,25.6],[23.333333333333336,26.0],[25.000000000000004,26.733333333333334]]],[[[10.75,32.75],[11.400000000000002,32.4],[11.2,31.0],[11.6,30.0],[11.555555555555555,29.0],[10.93421052631579,28.93421052631579],[10.0,29.13157894736842],[8.4,28.0],[7.203007518796992,27.796992481203006],[4.0,27.97752808988764],[3.9555555555555557,28.955555555555556],[3.0,29.0],[2.642857142857143,29.642857142857146],[2.0,29.76],[1.872340425531915,30.0],[2.0,30.25],[2.5,30.5],[2.72,31.0],[2.55,31.55],[2.1818181818181817,32.0],[2.8560000000000003,32.144],[3.0,32.75],[3.2727272727272725,33.0],[3.860869565217391,33.13913043478261],[4.0,33.61538461538461],[4.217391304347826,34.0],[4.643564356435643,34.35643564356435],[4.926229508196721,35.07377049180328],[5.692307692307692,35.0],[6.0,34.84615384615385],[7.0,34.973684210526315],[7.435294117647059,34.43529411764706],[8.0,34.09722222222222],[8.636363636363637,34.0],[9.479999999999999,33.48],[10.0,32.66666666666667],[10.375,32.625],[10.75,32.75]]],[[[17.53333333333333,33.46666666666667],[18.0,33.63636363636364],[18.424242424242426,33.42424242424242],[18.636363636363637,33.0],[18.22222222222222,32.77777777777778],[18.0,32.36363636363636],[17.416666666666664,33.0],[17.53333333333333,33.46666666666667]]],[[[16.0,34.0],[16.42857142857143,33.42857142857143],[16.375,33.0],[15.684210526315788,32.68421052631579],[15.0,33.0],[15.0,34.0],[16.0,34.0]]],[[[-5.0,41.5],[-4.837837837837838,40.83783783783784],[-5.0,40.0],[-5.5,41.0],[-5.315789473684211,41.315789473684205],[-5.0,41.5]]],[[[4.0,41.375],[3.615384615384615,41.61538461538461],[3.4444444444444446,42.0],[3.6296296296296298,42.37037037037037],[4.363636363636363,42.63636363636364],[4.444444444444445,43.0],[4.444444444444445,43.44444444444444],[3.8,44.0],[4.0,44.5],[4.25,44.25],[5.0,44.0],[6.000000000000001,44.8],[6.5,44.5],[6.777777777777779,43.77777777777778],[6.9,43.0],[6.800000000000001,42.8],[7.0,42.0],[6.285714285714285,42.285714285714285],[5.0,42.0],[4.5,41.5],[4.0,41.375]]],[[[19.285714285714285,46.28571428571428],[20.0,46.0],[20.25,45.25],[20.0,44.8],[19.0,44.8],[18.0,45.0],[17.714285714285715,45.71428571428571],[17.0,46.0],[17.75,46.25],[19.285714285714285,46.28571428571428]]],[[[21.4,64.0],[21.19047619047619,63.80952380952381],[20.870967741935484,63.87096774193549],[20.666666666666668,64.33333333333334],[21.0,65.0],[21.4,64.0]]],[[[20.0,66.0],[20.18181818181818,65.18181818181819],[21.0,65.0],[20.25,64.75],[19.9,64.89999999999999],[19.8,65.2],[20.0,66.0]]],[[[24.470588235294116,67.52941176470588],[24.000000000000004,67.2],[23.5,67.5],[23.200000000000003,68.0],[23.400000000000002,68.60000000000001],[24.000000000000004,68.80000000000001],[24.470588235294116,68.47058823529412],[24.8,68.0],[24.470588235294116,67.52941176470588]]],[[[14.333333333333334,68.33333333333334],[14.400000000000002,68.60000000000001],[14.285714285714285,69.0],[14.915254237288135,69.08474576271186],[15.0,69.2],[15.555555555555555,69.0],[15.434782608695652,68.56521739130434],[15.0,68.0],[14.333333333333334,68.33333333333334]]],[[[22.375,68.375],[21.88235294117647,68.11764705882354],[21.769230769230766,67.76923076923077],[21.88888888888889,67.11111111111111],[21.344827586206897,66.65517241379311],[20.6,66.60000000000001],[20.0,67.2],[18.6,67.6],[18.444444444444443,68.0],[17.555555555555557,68.55555555555556],[17.384615384615387,69.0],[17.589743589743588,69.41025641025641],[18.0,69.66666666666667],[19.200000000000003,69.8],[19.846153846153847,70.15384615384616],[20.0,70.54545454545455],[21.0,70.66666666666667],[23.0,70.6],[23.31578947368421,70.3157894736842],[23.400000000000002,69.6],[22.894736842105264,69.10526315789474],[22.75,68.75],[22.75,68.25],[22.375,68.375]]],[[[-12.0,71.0],[-14.0,71.0],[-14.0,73.0],[-13.0,73.0],[-12.222222222222221,73.22222222222223],[-11.0,73.0],[-11.0,72.0],[-12.0,72.0],[-12.0,71.0]]],[[[10.0,73.0],[9.5,72.5],[9.0,72.5],[8.75,73.0],[9.009708737864079,73.00970873786407],[10.0,73.0]]],[[[88.33333333333334,-81.66666666666667],[88.33333333333334,-82.0],[88.0,-82.16666666666667],[81.17777777777778,-82.17777777777778],[79.61538461538461,-82.38461538461537],[78.36363636363636,-82.36363636363636],[77.5,-82.5],[77.0,-83.0],[76.0,-82.0],[75.66666666666667,-83.0],[75.0,-83.18181818181817],[73.0952380952381,-83.09523809523809],[72.14285714285714,-83.14285714285714],[71.0,-83.42857142857142],[69.6,-83.4],[68.0,-83.63636363636364],[66.53846153846155,-83.53846153846155],[65.84615384615384,-83.84615384615384],[65.85714285714286,-84.0],[65.2,-84.2],[63.71428571428571,-84.28571428571428],[62.0,-84.21052631578947],[61.0,-84.0],[60.53846153846154,-83.46153846153847],[59.888888888888886,-83.11111111111111],[59.111111111111114,-83.11111111111111],[58.239999999999995,-82.76],[54.0,-82.8076923076923],[51.0,-82.54545454545453],[50.0,-82.59259259259258],[49.0,-82.43478260869566],[48.41176470588235,-82.0],[48.60000000000001,-81.60000000000001],[49.390243902439025,-81.39024390243902],[51.0,-81.45454545454545],[55.90243902439025,-81.09756097560975],[58.26086956521739,-81.26086956521739],[58.86666666666667,-81.13333333333334],[59.5,-81.5],[59.57142857142858,-82.42857142857143],[60.0,-82.75],[60.647058823529406,-82.6470588235294],[62.0,-82.85714285714286],[62.833333333333336,-82.83333333333333],[63.333333333333336,-82.66666666666667],[64.0,-83.0],[63.66666666666667,-82.33333333333334],[63.8,-82.0],[63.75,-81.75],[64.28571428571428,-81.28571428571428],[65.2,-81.2],[66.33333333333334,-81.33333333333334],[67.0,-81.0],[69.0,-81.0],[70.0,-81.14285714285714],[71.0,-81.5],[72.0,-81.33333333333334],[73.0,-81.5],[74.0,-81.5],[74.42857142857143,-81.42857142857143],[75.625,-80.625],[76.0,-80.5],[79.0,-80.5],[81.0,-80.70588235294117],[82.0,-80.5],[83.46153846153847,-80.53846153846153],[84.33333333333334,-80.66666666666667],[86.0,-81.33333333333334],[88.0,-81.25],[88.33333333333334,-81.66666666666667]]],[[[60.18181818181818,-81.18181818181819],[59.5,-81.5],[59.5,-81.0],[60.0,-80.66666666666667],[61.0,-80.5],[62.0,-81.0],[60.18181818181818,-81.18181818181819]]],[[[71.0,-78.0],[71.60000000000001,-77.6],[72.14814814814815,-77.85185185185185],[73.25,-78.0],[72.0,-78.33333333333334],[71.0,-78.0]]],[[[71.58620689655172,-76.58620689655173],[71.25,-77.0],[71.4,-77.4],[71.0,-78.0],[70.28571428571428,-77.71428571428571],[67.22222222222223,-77.77777777777777],[65.47058823529412,-77.52941176470588],[64.0,-77.16666666666667],[62.714285714285715,-77.28571428571428],[62.0,-77.0],[64.0,-76.91666666666666],[65.0,-76.75],[65.46153846153847,-76.46153846153845],[66.0,-75.57142857142857],[66.34782608695653,-75.34782608695653],[68.0,-75.36842105263158],[68.25925925925927,-75.25925925925927],[68.46666666666667,-75.0],[68.57142857142857,-74.0],[69.0,-73.57142857142857],[70.0,-73.5],[70.36363636363636,-73.36363636363636],[71.0,-73.4],[72.0,-74.0],[74.0,-74.5],[74.85714285714286,-75.0],[74.41379310344827,-75.41379310344827],[73.10000000000001,-76.1],[72.20689655172414,-76.20689655172414],[71.58620689655172,-76.58620689655173]]],[[[71.63636363636363,-70.63636363636364],[71.0,-70.75],[70.2,-70.0],[70.90322580645162,-68.90322580645162],[71.20689655172414,-68.79310344827586],[72.4,-70.0],[71.63636363636363,-70.63636363636364]]],[[[73.0,-68.0],[72.0,-68.2],[71.9047619047619,-68.0952380952381],[71.8,-66.8],[72.0,-66.6],[72.26666666666667,-67.26666666666667],[72.18181818181819,-67.81818181818181],[73.0,-68.0]]],[[[80.66666666666667,-66.0],[80.4,-65.60000000000001],[79.15384615384616,-64.84615384615384],[78.0,-64.61538461538461],[77.0,-64.66666666666667],[76.21621621621621,-63.78378378378378],[75.0,-63.48148148148148],[74.53333333333333,-63.53333333333333],[74.0,-63.77777777777778],[72.85714285714286,-63.14285714285714],[70.83333333333333,-63.16666666666667],[70.18181818181819,-62.81818181818182],[69.875,-62.125],[68.8974358974359,-61.8974358974359],[68.0,-62.599999999999994],[67.66666666666667,-62.66666666666667],[67.57894736842104,-63.421052631578945],[68.13793103448276,-63.86206896551724],[68.4,-64.6],[69.0,-64.83333333333334],[70.0,-64.75],[70.66666666666667,-65.0],[71.0,-65.33333333333334],[71.15384615384616,-65.84615384615384],[71.4,-66.0],[71.2,-66.2],[71.0,-66.13333333333334],[70.3076923076923,-66.30769230769232],[69.4,-67.0],[68.0,-67.06896551724138],[67.75,-67.0],[67.42857142857143,-66.57142857142858],[66.74193548387098,-66.25806451612902],[65.71428571428572,-66.0],[65.45454545454545,-65.54545454545455],[65.0,-65.375],[64.14285714285714,-66.14285714285714],[63.77777777777778,-67.0],[64.28571428571428,-68.28571428571428],[64.28571428571428,-68.71428571428571],[65.0,-70.0],[63.37037037037037,-70.37037037037037],[62.68,-70.67999999999999],[62.33333333333333,-71.0],[62.75,-73.0],[62.0,-73.27272727272728],[61.28571428571428,-73.28571428571428],[60.66666666666667,-73.66666666666667],[59.99999999999999,-73.88888888888889],[59.0,-74.0],[58.60000000000001,-74.6],[57.375,-75.375],[55.800000000000004,-75.80000000000001],[55.22222222222222,-76.22222222222223],[53.529411764705884,-76.52941176470588],[53.0,-77.0],[53.5,-77.5],[54.0,-77.66666666666667],[55.0,-77.42857142857142],[56.36363636363637,-77.36363636363637],[57.0,-77.0],[58.66666666666667,-76.66666666666667],[59.0,-76.5],[60.0,-76.5],[61.0,-77.0],[61.0,-78.0],[60.0,-78.0],[59.0,-78.33333333333334],[57.66666666666667,-78.33333333333334],[55.0,-78.66666666666667],[52.33333333333334,-78.33333333333334],[51.0,-78.33333333333334],[50.0,-78.5],[49.0,-78.4],[47.0,-78.5],[46.0,-79.0],[46.55555555555555,-79.44444444444443],[46.800000000000004,-80.0],[46.2,-81.0],[46.5,-81.5],[46.61538461538461,-82.0],[46.25396825396825,-82.25396825396825],[45.40625,-82.40625],[40.0,-82.26086956521739],[39.0,-82.0],[38.0,-81.92307692307692],[35.5,-82.0],[33.0,-82.34782608695653],[31.066666666666666,-82.06666666666666],[30.0,-82.0625],[26.0,-81.65306122448979],[23.0,-81.67272727272727],[22.45,-81.55000000000001],[22.0,-81.28],[20.0,-81.35714285714286],[17.124137931034483,-80.87586206896552],[15.0,-80.92000000000002],[14.0,-81.125],[13.0,-81.13333333333333],[9.283018867924529,-80.71698113207547],[7.67741935483871,-80.3225806451613],[6.0,-79.53846153846155],[4.707317073170732,-79.29268292682929],[4.0,-79.0],[-0.4050632911392405,-78.40506329113924],[-1.8360655737704918,-77.8360655737705],[-4.1923076923076925,-77.1923076923077],[-4.714285714285714,-77.0],[-4.7894736842105265,-76.78947368421052],[-5.0,-76.71428571428571],[-7.363636363636364,-77.36363636363637],[-8.0,-77.0],[-8.0,-76.0],[-9.0,-76.0],[-9.0,-75.0],[-8.5,-74.0],[-7.4905660377358485,-73.50943396226414],[-6.444444444444445,-73.44444444444444],[-5.666666666666667,-73.66666666666667],[-5.0,-73.6470588235294],[-4.0,-74.0625],[-2.0,-74.375],[0.0,-74.5],[2.0,-74.4],[2.25,-74.25],[2.2857142857142856,-74.0],[2.0869565217391304,-73.91304347826087],[-1.0,-73.66666666666667],[-1.4897959183673468,-73.48979591836735],[-1.9230769230769231,-73.0],[-2.0,-72.5],[-2.2222222222222223,-72.22222222222223],[-2.586206896551724,-72.41379310344828],[-3.0,-72.3529411764706],[-3.8823529411764706,-71.88235294117646],[-4.032258064516129,-71.0],[-4.314285714285714,-70.31428571428572],[-4.578947368421053,-70.0],[-4.0,-69.65625],[-3.0,-69.52777777777777],[-2.6530612244897958,-69.65306122448979],[-2.362068965517241,-70.36206896551724],[-1.6590909090909092,-70.6590909090909],[-1.4444444444444444,-71.0],[-1.4705882352941175,-71.47058823529412],[-1.2857142857142856,-71.71428571428571],[-1.5,-72.0],[-1.1333333333333333,-72.13333333333333],[-0.9199999999999999,-72.08],[-0.2857142857142857,-72.28571428571428],[2.0,-72.3076923076923],[4.647058823529411,-72.6470588235294],[6.457142857142857,-72.54285714285713],[6.7142857142857135,-72.71428571428571],[7.0,-72.66666666666667],[7.066666666666666,-73.0],[7.569230769230769,-73.43076923076923],[8.68,-73.68],[9.347826086956522,-73.65217391304348],[10.0,-74.5],[10.307692307692308,-74.6923076923077],[11.0,-75.0],[13.0,-75.5],[16.133333333333333,-75.13333333333333],[16.333333333333336,-75.0],[16.0,-74.5],[15.0,-74.5],[14.0,-74.33333333333333],[13.333333333333334,-74.0],[13.2,-73.8],[11.0,-73.28571428571429],[10.692307692307693,-73.30769230769232],[10.0,-73.0],[9.833333333333332,-72.16666666666667],[7.0,-71.6],[6.666666666666667,-71.33333333333334],[5.0,-71.05263157894737],[4.0,-71.05263157894737],[2.72972972972973,-71.27027027027027],[1.0,-70.44444444444444],[0.1951219512195122,-69.80487804878048],[-1.0,-69.58333333333333],[-1.6666666666666667,-69.0],[-1.6666666666666665,-68.66666666666667],[-2.0625,-68.0],[-1.2999999999999998,-67.7],[-0.8064516129032258,-67.19354838709677],[-0.7857142857142857,-67.0],[0.0,-66.5],[0.39285714285714285,-66.39285714285714],[0.8461538461538461,-66.0],[0.46808510638297873,-65.53191489361703],[-1.1081081081081081,-65.10810810810811],[-1.2666666666666666,-64.73333333333333],[-1.2307692307692308,-64.23076923076923],[-1.657142857142857,-63.65714285714286],[-2.3,-63.7],[-2.836734693877551,-64.16326530612244],[-3.3076923076923084,-64.3076923076923],[-3.727272727272727,-64.27272727272727],[-4.0,-64.75],[-4.333333333333334,-64.33333333333334],[-4.375,-64.0],[-3.5675675675675675,-63.432432432432435],[-3.3076923076923084,-62.6923076923077],[-3.0,-62.5],[-2.0,-62.42857142857142],[-1.0,-62.71428571428571],[-0.6666666666666666,-63.0],[-0.5714285714285714,-64.0],[-0.27586206896551724,-64.27586206896552],[0.0,-64.28571428571428],[1.3333333333333335,-65.0],[1.6,-65.4],[2.0,-65.5],[2.8000000000000003,-66.0],[3.0,-66.33333333333334],[3.071428571428571,-66.0],[3.59375,-65.59375],[4.0,-65.51851851851852],[5.230769230769231,-65.76923076923077],[5.75,-66.0],[4.809523809523809,-66.80952380952381],[3.8823529411764706,-66.88235294117648],[3.666666666666667,-67.0],[3.666666666666667,-67.33333333333334],[4.0,-68.0],[4.0,-69.0],[5.692307692307693,-69.30769230769232],[7.0,-69.33333333333334],[9.0,-69.0],[10.0,-68.6],[12.0,-68.75],[14.0,-68.5],[15.285714285714285,-68.71428571428571],[16.0,-69.0],[15.529411764705882,-69.52941176470588],[15.5,-70.0],[15.578947368421051,-70.42105263157895],[16.0,-70.8],[16.400000000000002,-70.4],[16.529411764705884,-69.52941176470588],[17.181818181818183,-69.18181818181819],[18.0,-69.25],[18.413793103448278,-69.58620689655172],[18.517241379310345,-70.48275862068965],[19.0,-71.0],[19.714285714285715,-70.71428571428571],[19.6,-70.4],[19.684210526315788,-69.68421052631578],[20.0,-69.25],[21.0,-69.0],[20.51219512195122,-68.48780487804878],[20.5,-68.0],[20.294117647058822,-67.70588235294119],[20.0,-67.56521739130434],[18.625,-67.375],[17.36842105263158,-66.63157894736842],[16.0,-66.18181818181817],[15.166666666666668,-66.16666666666667],[15.0,-66.33333333333334],[14.0,-66.25],[13.0,-66.0],[12.0,-65.0],[12.88888888888889,-64.88888888888889],[12.941176470588236,-64.0],[12.612903225806452,-63.387096774193544],[11.925925925925926,-63.07407407407407],[11.425,-62.575],[11.0,-62.43333333333334],[9.666666666666668,-62.333333333333336],[8.916666666666666,-62.083333333333336],[8.380952380952381,-61.61904761904761],[8.0,-61.61904761904762],[7.566666666666666,-61.43333333333334],[7.2105263157894735,-60.78947368421053],[7.0,-60.699999999999996],[4.785714285714286,-61.0],[4.5,-62.0],[5.0,-63.0],[5.555555555555555,-63.44444444444444],[7.0,-63.64705882352941],[8.0,-63.5],[8.8,-64.0],[8.470588235294118,-64.47058823529412],[8.0,-64.66666666666667],[7.0,-64.54545454545455],[6.0,-64.6470588235294],[5.0,-64.28571428571428],[4.461538461538462,-63.53846153846155],[3.0,-63.370370370370374],[0.6666666666666667,-63.333333333333336],[0.36363636363636365,-63.0],[1.15,-62.150000000000006],[0.8571428571428571,-61.0],[1.75,-60.0],[1.2142857142857142,-59.0],[1.2352941176470589,-58.0],[1.6176470588235294,-57.61764705882353],[3.0,-57.11428571428571],[3.6666666666666665,-57.0],[3.8461538461538463,-56.84615384615385],[4.117647058823529,-56.88235294117647],[5.0,-57.73684210526316],[5.739130434782609,-57.73913043478261],[6.0,-57.625],[6.169491525423728,-57.16949152542372],[6.607843137254902,-56.6078431372549],[7.352941176470589,-56.35294117647058],[10.0,-56.23684210526316],[11.200000000000001,-56.00000000000001],[11.619047619047617,-55.61904761904762],[12.0,-55.5],[12.228571428571428,-55.77142857142857],[12.200000000000001,-56.0],[12.779310344827586,-56.220689655172414],[14.176470588235293,-56.17647058823529],[14.866666666666667,-55.86666666666667],[16.0,-55.794117647058826],[16.91549295774648,-56.08450704225352],[18.0,-57.12903225806452],[18.804347826086953,-56.80434782608695],[20.0,-56.73134328358209],[21.13861386138614,-56.86138613861386],[21.870967741935484,-57.12903225806451],[22.0,-57.3],[22.266666666666666,-57.266666666666666],[23.0,-56.61538461538461],[23.454545454545453,-56.54545454545454],[23.666666666666668,-56.66666666666667],[24.0,-56.0],[25.0,-56.1],[26.0,-55.22222222222222],[27.0,-56.06666666666666],[28.11764705882353,-56.11764705882353],[28.333333333333336,-56.0],[27.714285714285715,-55.28571428571428],[27.75,-55.0],[28.736842105263158,-54.736842105263165],[29.0,-54.285714285714285],[30.877551020408163,-53.87755102040816],[31.897435897435898,-53.8974358974359],[32.76,-53.760000000000005],[33.30769230769231,-53.307692307692314],[34.0,-53.1764705882353],[34.6,-53.400000000000006],[34.96296296296296,-54.03703703703704],[37.8,-54.2],[38.61904761904762,-54.38095238095237],[39.333333333333336,-55.0],[39.80952380952381,-55.19047619047619],[40.0,-55.5],[41.0,-55.57142857142857],[42.0,-55.266666666666666],[42.61904761904762,-55.38095238095238],[43.0,-55.666666666666664],[43.28571428571428,-55.71428571428571],[43.25,-56.0],[43.5,-56.5],[44.08,-56.919999999999995],[44.2,-57.199999999999996],[44.0,-57.25],[43.86363636363636,-57.86363636363636],[44.0,-58.333333333333336],[44.315789473684205,-58.68421052631579],[44.239999999999995,-59.0],[44.39285714285714,-60.0],[44.24175824175824,-60.24175824175824],[43.592592592592595,-60.407407407407405],[43.35294117647059,-60.35294117647059],[42.76,-60.760000000000005],[42.769230769230774,-61.23076923076923],[42.61290322580645,-61.61290322580645],[42.69230769230769,-62.307692307692314],[43.25,-62.75],[43.33333333333333,-63.0],[43.53846153846153,-64.0],[43.4375,-65.0],[45.10526315789474,-66.10526315789474],[45.89473684210526,-66.10526315789474],[46.0,-67.0],[46.111111111111114,-66.11111111111111],[46.25,-66.0],[46.0,-65.88888888888889],[45.66666666666667,-65.33333333333334],[45.733333333333334,-65.0],[45.45833333333333,-64.54166666666667],[44.54545454545455,-64.0],[44.94117647058823,-63.0],[44.6,-62.0],[45.0,-61.68],[45.26229508196721,-61.73770491803279],[45.66666666666667,-62.0],[45.69230769230769,-62.307692307692314],[46.0,-62.44444444444444],[46.22857142857143,-62.22857142857143],[47.0,-62.090909090909086],[47.16,-61.84],[47.20689655172414,-61.206896551724135],[48.0,-61.0],[47.61111111111111,-60.388888888888886],[47.631578947368425,-60.0],[48.0,-59.5],[50.0,-59.785714285714285],[50.68421052631578,-59.68421052631578],[51.0,-59.4],[51.42857142857143,-59.57142857142858],[51.75,-60.0],[52.06060606060606,-60.06060606060606],[52.6,-59.6],[53.0,-59.5],[53.35294117647058,-59.647058823529406],[54.3,-59.699999999999996],[55.0,-60.33333333333334],[55.160000000000004,-60.16],[55.142857142857146,-59.00000000000001],[55.755102040816325,-58.755102040816325],[56.696969696969695,-58.696969696969695],[57.0,-58.375],[57.28571428571428,-58.71428571428571],[57.357142857142854,-59.35714285714286],[56.925925925925924,-59.92592592592593],[57.00000000000001,-60.33333333333334],[58.0,-60.28571428571429],[58.47619047619047,-60.52380952380952],[58.75,-61.25],[59.0,-61.333333333333336],[59.6,-61.0],[59.2,-59.8],[59.0,-59.75],[58.72727272727272,-59.272727272727266],[58.81818181818182,-58.81818181818182],[59.0,-58.7],[60.0,-59.0],[60.52380952380952,-59.476190476190474],[61.0,-59.71428571428572],[62.0,-59.0],[62.37037037037037,-59.629629629629626],[63.0,-60.166666666666664],[63.88235294117647,-59.882352941176464],[64.0,-59.66666666666667],[64.5,-59.5],[65.0,-59.0],[65.2,-60.0],[66.0,-60.57142857142857],[67.47619047619047,-59.476190476190474],[67.45454545454544,-59.0],[67.65714285714286,-58.65714285714286],[69.4,-57.4],[69.6,-57.0],[70.5,-56.5],[71.0,-55.5],[71.35,-55.349999999999994],[71.58333333333333,-55.0],[71.85074626865672,-54.850746268656714],[72.0,-53.85714285714286],[72.41379310344828,-53.41379310344828],[72.6,-53.0],[73.0,-52.5],[73.38095238095238,-52.38095238095238],[73.91666666666667,-51.91666666666667],[74.5,-51.0],[75.0,-50.57142857142857],[77.0,-50.0],[78.78571428571428,-49.785714285714285],[79.0,-49.0],[82.0,-49.0],[83.77777777777777,-49.22222222222223],[84.0,-50.0],[84.66666666666667,-49.66666666666667],[85.33333333333334,-49.66666666666667],[86.0,-50.0],[88.0,-50.0],[90.0,-50.2],[90.55555555555556,-49.55555555555556],[91.92,-48.92],[93.0,-48.0],[93.71428571428571,-48.28571428571428],[94.0,-49.0],[94.5,-48.5],[95.2,-48.2],[101.0,-48.0],[101.81818181818181,-48.18181818181819],[102.28571428571428,-48.71428571428571],[102.33333333333334,-49.0],[102.73333333333333,-49.266666666666666],[103.33333333333334,-49.33333333333334],[107.0,-49.25],[108.0,-49.0],[110.0,-49.0],[110.60000000000001,-48.60000000000001],[111.0,-48.5],[111.4,-48.60000000000001],[112.0,-49.0],[113.0,-49.0],[113.0,-50.0],[113.75,-50.25],[114.25,-50.25],[115.0,-50.0],[117.0,-50.0],[117.0,-52.0],[115.0,-52.0],[115.0,-54.0],[116.0,-54.0],[116.0,-55.0],[117.0,-55.0],[117.6,-55.400000000000006],[118.0,-56.0],[119.0,-56.0],[120.0,-57.0],[121.0,-56.0],[121.60000000000001,-56.400000000000006],[122.0,-56.5],[123.0,-56.0],[123.2,-55.2],[123.18181818181819,-54.81818181818182],[123.0,-54.5],[122.66666666666667,-54.333333333333336],[122.6,-53.60000000000001],[123.0,-53.0],[123.0,-52.0],[123.60000000000001,-51.6],[124.33333333333334,-51.333333333333336],[124.5,-51.0],[124.5,-50.5],[125.0,-50.0],[125.0,-49.0],[123.0,-49.0],[123.0,-48.0],[121.0,-48.0],[120.4,-47.6],[119.60000000000001,-47.4],[119.0,-47.0],[119.0,-46.0],[121.0,-46.0],[121.0,-45.0],[122.0,-44.0],[122.66666666666667,-45.333333333333336],[123.33333333333334,-45.66666666666667],[123.75,-46.25],[125.0,-46.6],[126.0,-46.71428571428571],[126.4,-47.0],[126.60000000000001,-47.4],[127.0,-47.5],[127.75,-48.0],[127.7142857142857,-48.28571428571428],[128.0,-49.0],[128.0,-50.0],[126.0,-50.0],[126.0,-51.0],[127.0,-51.0],[127.0,-54.0],[127.4,-54.6],[127.33333333333333,-55.0],[128.0,-55.666666666666664],[128.25,-55.75],[128.33333333333334,-56.0],[128.77777777777777,-56.22222222222223],[129.0,-57.0],[129.9,-57.1],[130.33333333333334,-57.333333333333336],[131.0,-57.0],[130.60000000000002,-57.6],[130.71428571428572,-58.0],[131.33333333333334,-58.33333333333334],[132.0,-58.0],[131.75,-58.75],[131.93548387096774,-59.06451612903226],[132.2,-59.2],[132.8,-59.2],[132.71428571428572,-59.71428571428571],[132.89473684210526,-60.10526315789474],[133.28571428571428,-60.28571428571428],[133.8,-60.2],[133.8,-60.800000000000004],[133.94285714285715,-61.05714285714286],[134.1818181818182,-61.18181818181819],[134.8181818181818,-61.18181818181819],[134.8181818181818,-61.81818181818181],[134.94285714285715,-62.05714285714286],[135.88235294117646,-62.11764705882353],[136.6,-62.4],[136.8,-63.00000000000001],[137.28571428571428,-63.285714285714285],[137.71428571428572,-63.285714285714285],[137.71428571428572,-63.71428571428571],[138.34285714285716,-64.65714285714286],[138.35294117647058,-65.0],[138.63333333333333,-65.36666666666667],[139.0,-65.57894736842105],[139.390243902439,-65.60975609756098],[139.77777777777777,-66.22222222222223],[140.47619047619045,-66.47619047619047],[140.60000000000002,-66.4],[140.53846153846155,-66.53846153846155],[140.8235294117647,-67.17647058823529],[141.375,-67.375],[141.75,-67.25],[141.625,-67.625],[141.83783783783784,-68.16216216216216],[142.0,-68.33333333333334],[142.6,-68.4],[142.875,-69.125],[142.84615384615384,-70.84615384615384],[142.33333333333334,-71.33333333333334],[142.0,-71.3],[141.5625,-71.5625],[141.36363636363637,-72.0],[141.54838709677418,-72.45161290322581],[142.0,-72.77777777777777],[142.26666666666665,-72.73333333333333],[142.66666666666669,-73.0],[142.8181818181818,-74.18181818181819],[143.0,-74.33333333333334],[144.0,-74.5],[144.28571428571428,-74.71428571428571],[144.28571428571428,-75.28571428571428],[143.75,-75.75],[143.66666666666669,-76.0],[143.75,-76.25],[144.25,-76.75],[144.5,-77.5],[146.0,-78.0],[146.4,-78.60000000000001],[146.33333333333334,-79.0],[149.0,-81.0],[149.63636363636363,-81.36363636363636],[150.4,-81.60000000000001],[151.63636363636363,-82.36363636363636],[153.5,-83.0],[153.60000000000002,-83.4],[154.0,-84.0],[154.55555555555554,-84.44444444444443],[155.0,-84.66666666666667],[155.5,-84.5],[156.0,-84.0],[157.0,-84.0],[157.0,-85.0],[156.28571428571428,-85.28571428571428],[153.71428571428572,-85.71428571428571],[153.0,-86.0],[152.4,-85.60000000000001],[152.0,-85.5],[151.55555555555554,-85.55555555555556],[151.0,-86.0],[150.66666666666669,-85.33333333333334],[149.0,-85.0],[148.0,-85.0],[146.71428571428572,-85.28571428571428],[144.4,-85.4],[143.0,-86.0],[142.36363636363637,-85.63636363636364],[142.0,-85.6],[141.0,-86.0],[138.0,-86.46153846153845],[136.69230769230768,-86.30769230769232],[135.75,-86.0],[135.71428571428572,-85.71428571428571],[136.0,-85.0],[133.0,-84.3],[131.0,-84.44444444444446],[130.0,-84.33333333333334],[129.0,-84.5],[127.0,-84.27272727272728],[125.0,-84.27272727272728],[123.0,-84.0],[120.0,-83.0],[119.55555555555554,-82.44444444444444],[118.66666666666666,-82.0],[118.5,-81.0],[119.2,-80.0],[118.69230769230771,-79.30769230769232],[117.8888888888889,-79.11111111111111],[116.84615384615384,-79.15384615384616],[116.0,-79.0],[115.0,-79.0],[115.5,-79.5],[115.5,-80.0],[115.33333333333334,-80.33333333333334],[115.0,-80.5],[114.60000000000001,-80.4],[114.0,-80.0],[114.0,-79.0],[113.0,-79.0],[112.5,-78.5],[112.5,-78.0],[112.0,-77.0],[109.0,-77.0],[109.0,-80.0],[108.80952380952381,-80.80952380952381],[108.875,-81.0],[110.09411764705882,-81.09411764705882],[113.0,-81.0],[114.00000000000001,-81.33333333333334],[116.4,-81.60000000000001],[116.5,-82.0],[114.19047619047618,-82.19047619047619],[113.76923076923077,-82.76923076923077],[113.78571428571428,-83.0],[113.29729729729729,-83.29729729729729],[110.0,-83.64],[108.0,-83.47619047619048],[107.0,-83.56666666666666],[105.0,-83.28571428571428],[103.0,-83.48275862068965],[100.0,-83.16666666666667],[98.0,-83.21052631578948],[96.99999999999999,-82.88888888888889],[94.52380952380952,-82.47619047619047],[93.78947368421052,-82.21052631578948],[93.63636363636364,-82.0],[94.0,-81.55555555555556],[94.37037037037037,-81.37037037037037],[95.13333333333333,-81.13333333333334],[97.0,-81.30434782608697],[99.15,-80.15],[101.0,-79.76923076923077],[102.0,-79.9],[103.99999999999999,-79.36842105263158],[105.03703703703704,-79.03703703703704],[105.57446808510639,-78.57446808510639],[106.22727272727272,-78.22727272727272],[107.8,-78.0],[107.66666666666667,-77.33333333333334],[107.0,-77.0],[106.60000000000001,-76.0],[106.60000000000001,-75.4],[106.0,-75.0],[104.83333333333333,-75.0],[104.5,-74.5],[103.33333333333334,-74.0],[104.60000000000001,-73.60000000000001],[105.0,-73.0],[104.71428571428571,-72.0],[104.34482758620689,-71.65517241379311],[102.5909090909091,-71.4090909090909],[101.91304347826087,-71.08695652173913],[101.46428571428571,-70.53571428571429],[100.0,-70.33333333333333],[99.76923076923077,-70.23076923076923],[99.76923076923077,-70.0],[99.37037037037035,-69.62962962962963],[97.66666666666669,-69.33333333333334],[97.12903225806451,-68.87096774193549],[96.38297872340425,-68.61702127659575],[94.53846153846155,-68.53846153846155],[94.0,-69.0],[94.0,-68.0],[93.32,-67.68],[92.71428571428571,-67.71428571428571],[92.0,-68.0],[91.57142857142857,-68.57142857142857],[91.60000000000001,-69.4],[92.0,-69.75],[92.22222222222223,-69.77777777777777],[92.11764705882352,-70.11764705882354],[91.0,-70.0],[89.0,-70.28571428571428],[88.8048780487805,-70.1951219512195],[88.75,-70.0],[88.75757575757575,-69.75757575757575],[89.0,-69.42857142857142],[89.3157894736842,-69.3157894736842],[89.7037037037037,-68.7037037037037],[91.0,-68.0],[90.0,-67.55555555555556],[87.6,-67.4],[87.0,-67.2],[86.0,-66.54545454545453],[85.0,-66.6],[83.0,-65.88888888888889],[81.0,-66.23529411764706],[80.66666666666667,-66.0]],[[144.66666666666669,-79.0],[145.0,-79.25],[145.5,-79.0],[145.4,-78.60000000000001],[145.0,-78.5],[144.71428571428572,-78.71428571428571],[144.66666666666669,-79.0]],[[28.0,-77.5],[29.400000000000002,-77.4],[29.63636363636364,-76.63636363636364],[30.0,-76.5],[32.0,-76.5],[32.4,-76.4],[33.0,-76.0],[32.0,-75.66666666666667],[31.636363636363637,-75.36363636363637],[31.5,-75.0],[31.137931034482758,-74.86206896551724],[30.095238095238095,-74.9047619047619],[29.0,-74.71428571428571],[27.0,-75.0],[26.0,-74.4],[25.0,-74.6],[24.0,-74.5],[23.857142857142858,-74.0],[22.0,-73.18181818181819],[20.5,-74.0],[19.703703703703702,-74.7037037037037],[19.5,-75.0],[19.555555555555554,-75.44444444444444],[20.18181818181818,-75.81818181818181],[21.285714285714285,-75.71428571428571],[22.22222222222222,-75.77777777777777],[22.77777777777778,-76.22222222222223],[25.0,-76.75],[25.30769230769231,-76.6923076923077],[26.0,-77.2],[28.0,-77.5]],[[14.818181818181817,-61.18181818181819],[15.0,-61.3],[15.375,-61.0],[14.888888888888888,-60.888888888888886],[14.769230769230766,-61.0],[14.818181818181817,-61.18181818181819]],[[25.222222222222225,-65.0],[25.133333333333333,-64.86666666666667],[24.333333333333336,-65.0],[25.0,-65.15384615384616],[25.222222222222225,-65.0]],[[30.684210526315788,-65.68421052631578],[30.684210526315788,-66.0],[30.999999999999996,-66.35294117647058],[31.292682926829272,-66.29268292682927],[31.5,-66.0],[31.479999999999997,-65.52],[31.0,-65.0],[30.684210526315788,-65.68421052631578]],[[33.25,-78.75],[36.0,-78.57894736842104],[38.0,-78.0],[38.36363636363636,-77.36363636363637],[40.0,-77.0],[41.0,-76.0],[40.22222222222222,-75.77777777777777],[39.5,-76.0],[39.400000000000006,-76.4],[39.0,-76.5],[38.0,-76.33333333333333],[37.5,-76.5],[37.0,-77.0],[34.913043478260875,-77.08695652173913],[34.0,-77.0],[32.0,-77.2],[31.444444444444443,-77.44444444444444],[31.0,-78.0],[32.0,-78.57142857142857],[33.25,-78.75]],[[42.0,-63.5],[41.671232876712324,-63.671232876712324],[41.47826086956522,-64.0],[41.519999999999996,-64.47999999999999],[42.0,-65.0],[42.48,-64.47999999999999],[42.63157894736842,-64.0],[42.38095238095238,-63.61904761904762],[42.0,-63.5]],[[45.0,-76.8],[43.81818181818182,-76.81818181818181],[43.5,-77.0],[43.81818181818182,-77.18181818181819],[45.0,-77.25],[46.0,-77.0],[45.0,-76.8]],[[54.285714285714285,-73.71428571428571],[53.24,-73.76],[52.25,-74.0],[53.0,-74.33333333333334],[54.0,-74.28571428571429],[54.21052631578947,-74.21052631578948],[54.285714285714285,-73.71428571428571]],[[54.71428571428571,-73.28571428571428],[55.173913043478265,-73.17391304347827],[55.25,-73.0],[55.11764705882353,-72.88235294117646],[54.71428571428571,-73.0],[54.71428571428571,-73.28571428571428]],[[59.0,-70.0],[57.0,-70.91666666666666],[56.142857142857146,-72.0],[56.48,-72.52],[57.0,-72.8],[59.0,-71.75],[59.81818181818182,-71.0],[59.57894736842105,-70.42105263157895],[59.0,-70.0]],[[60.70833333333333,-63.70833333333333],[60.5625,-64.0],[60.69565217391305,-64.30434782608695],[61.0,-64.5],[62.0,-64.5],[63.285714285714285,-64.28571428571428],[63.85714285714286,-64.0],[63.41379310344827,-63.58620689655172],[63.0,-63.45454545454545],[62.0,-63.699999999999996],[61.0,-63.58823529411765],[60.70833333333333,-63.70833333333333]],[[65.91304347826087,-62.08695652173913],[65.33333333333334,-61.66666666666667],[65.0,-61.625],[64.76,-61.760000000000005],[64.72727272727272,-62.0],[64.75,-62.25],[65.14814814814815,-62.851851851851855],[65.0952380952381,-63.904761904761905],[65.5,-64.0],[66.0,-64.33333333333334],[67.0,-64.0],[66.71428571428571,-63.285714285714285],[66.79166666666667,-63.0],[66.6875,-62.6875],[66.875,-62.125],[65.91304347826087,-62.08695652173913]],[[68.5,-60.0],[67.6,-59.6],[67.5,-60.0],[67.89473684210526,-60.10526315789474],[68.5,-60.0]],[[32.125,-65.0],[32.5625,-65.4375],[33.0,-65.63636363636364],[34.0,-65.83333333333333],[35.411764705882355,-65.41176470588235],[35.5,-65.0],[35.291666666666664,-64.70833333333333],[34.5,-64.5],[34.0,-64.0909090909091],[33.0,-64.0],[32.125,-65.0]],[[41.333333333333336,-75.0],[41.55555555555555,-75.44444444444444],[42.0,-75.5],[42.23529411764706,-75.23529411764706],[42.25,-75.0],[41.90243902439024,-74.90243902439025],[41.333333333333336,-75.0]]],[[[45.23529411764706,-57.76470588235294],[45.22222222222222,-58.0],[44.81818181818182,-58.18181818181818],[44.6,-58.0],[44.71428571428571,-57.71428571428571],[45.23529411764706,-57.76470588235294]]],[[[51.55555555555556,-55.44444444444444],[52.0,-56.0],[51.15384615384615,-56.15384615384615],[50.0,-55.888888888888886],[49.44444444444444,-55.55555555555555],[48.0,-55.38636363636364],[46.0,-55.94594594594595],[44.677419354838705,-55.677419354838705],[44.26086956521739,-55.73913043478261],[44.0,-55.25],[43.71428571428571,-55.28571428571428],[43.66666666666667,-55.0],[44.0,-54.89473684210526],[44.84415584415584,-53.84415584415584],[45.59459459459459,-53.59459459459459],[46.0,-53.11764705882353],[46.733333333333334,-53.266666666666666],[47.0,-53.44444444444444],[48.0,-53.375],[48.38461538461539,-53.61538461538461],[48.55555555555556,-54.0],[49.0,-54.22222222222222],[50.60000000000001,-54.400000000000006],[51.333333333333336,-54.66666666666667],[51.55555555555556,-55.44444444444444]]],[[[61.71428571428571,-51.71428571428571],[62.0,-51.57142857142857],[62.35294117647058,-51.64705882352941],[62.599999999999994,-52.0],[62.0,-52.2],[61.57142857142857,-52.0],[61.71428571428571,-51.71428571428571]]],[[[41.400000000000006,-38.6],[42.0,-39.0],[41.66666666666667,-39.66666666666667],[41.66666666666667,-40.0],[42.0,-40.42857142857142],[42.421052631578945,-40.57894736842105],[43.0,-41.75],[43.69230769230769,-42.30769230769231],[43.647058823529406,-42.647058823529406],[43.833333333333336,-43.166666666666664],[44.53846153846154,-43.46153846153846],[45.0,-44.11111111111111],[45.66666666666667,-44.333333333333336],[46.266666666666666,-44.733333333333334],[46.4,-45.0],[47.48275862068966,-45.51724137931034],[47.785714285714285,-46.214285714285715],[48.0,-46.375],[49.0,-46.25],[49.55555555555556,-46.44444444444444],[50.0,-47.142857142857146],[51.43478260869565,-47.565217391304344],[51.769230769230774,-48.23076923076923],[52.46153846153847,-48.53846153846154],[52.75,-49.25],[54.15384615384616,-49.84615384615385],[55.375,-50.625],[55.75,-51.0],[55.66666666666667,-51.66666666666667],[55.25,-52.25],[54.0,-52.625],[53.0,-52.75],[51.0,-52.2],[49.77777777777778,-52.22222222222222],[48.0,-52.57142857142857],[46.0,-52.75],[45.755102040816325,-52.244897959183675],[45.0,-52.10810810810811],[44.27692307692308,-52.27692307692308],[44.0,-52.5],[42.0,-52.21052631578947],[41.714285714285715,-52.0],[41.6,-51.400000000000006],[41.0,-51.166666666666664],[40.0,-51.0],[34.97701149425288,-51.02298850574713],[34.84615384615385,-50.84615384615385],[34.84615384615385,-50.15384615384615],[33.935483870967744,-50.064516129032256],[31.10810810810811,-50.108108108108105],[30.0,-51.0],[28.05882352941176,-51.05882352941177],[27.333333333333336,-51.333333333333336],[27.0,-52.0],[25.0,-52.0],[24.0,-51.75],[23.759999999999998,-51.239999999999995],[22.93548387096774,-51.064516129032256],[21.333333333333336,-51.00000000000001],[21.166666666666668,-50.0],[21.25,-49.75],[21.0,-49.0],[22.0,-49.0],[22.0,-48.0],[21.09090909090909,-47.90909090909091],[19.565217391304348,-47.43478260869565],[19.0,-47.0],[18.940594059405942,-45.94059405940594],[19.639344262295083,-44.63934426229508],[20.0,-43.27272727272727],[21.5625,-42.5625],[21.9375,-42.0],[22.42857142857143,-40.42857142857143],[22.75,-40.0],[22.5,-39.5],[23.0,-39.5],[23.235294117647058,-39.23529411764706],[24.0,-39.0],[27.849056603773583,-38.84905660377358],[28.785714285714285,-38.0],[29.6875,-37.6875],[30.0,-36.96153846153847],[31.000000000000004,-37.07142857142858],[31.49056603773585,-37.509433962264154],[32.0,-37.74074074074074],[32.32558139534884,-37.674418604651166],[32.875,-38.0],[33.0,-38.25],[33.5,-38.0],[33.6,-37.6],[34.0,-37.0],[34.0,-36.0],[34.400000000000006,-35.400000000000006],[34.5,-35.0],[35.0,-34.8],[36.0,-34.8],[36.6,-34.6],[36.6,-34.400000000000006],[37.0,-33.75],[37.25,-33.75],[37.66666666666667,-34.333333333333336],[38.0,-34.5],[39.0,-34.5],[39.36363636363636,-34.63636363636363],[40.0,-35.66666666666667],[41.0,-36.0],[40.599999999999994,-38.0],[40.7037037037037,-38.29629629629629],[41.0,-38.57142857142857],[41.400000000000006,-38.6]]],[[[39.14285714285714,-32.85714285714286],[39.22222222222222,-33.22222222222222],[39.0,-33.333333333333336],[38.71428571428571,-33.285714285714285],[38.5,-33.0],[38.833333333333336,-32.833333333333336],[39.14285714285714,-32.85714285714286]]],[[[36.23529411764706,-20.0],[35.76,-20.240000000000002],[35.25,-20.0],[35.5,-19.5],[36.0,-19.25],[36.23529411764706,-20.0]]],[[[72.0,23.5],[72.25,23.0],[72.0,22.8],[71.8,23.0],[71.8,23.2],[72.0,23.5]]],[[[53.71428571428571,29.285714285714285],[53.99999999999999,29.76470588235294],[54.33766233766234,29.337662337662337],[55.55555555555556,29.0],[56.42424242424242,28.424242424242426],[56.63636363636364,28.0],[57.44444444444444,27.444444444444443],[57.82608695652174,26.826086956521742],[58.486486486486484,26.486486486486488],[58.9,25.9],[59.66666666666667,25.66666666666667],[60.77777777777778,24.77777777777778],[62.57894736842105,22.57894736842105],[62.88235294117647,21.88235294117647],[63.578947368421055,21.57894736842105],[64.0,20.857142857142858],[64.42857142857143,20.42857142857143],[64.6,20.0],[64.57142857142857,19.0],[64.44444444444444,18.555555555555554],[64.0,18.0],[62.800000000000004,19.0],[61.542857142857144,19.542857142857144],[60.48,20.48],[60.0,20.666666666666668],[59.0,20.6],[58.82352941176471,21.176470588235297],[58.89285714285714,21.892857142857142],[58.0,22.0],[57.87755102040816,22.877551020408163],[56.934782608695656,23.0],[56.705882352941174,23.705882352941178],[56.0,23.955555555555556],[55.71428571428571,24.714285714285715],[54.892857142857146,25.0],[54.581395348837205,25.58139534883721],[54.0,25.806451612903224],[53.559999999999995,26.56],[52.774193548387096,27.0],[52.432432432432435,27.432432432432435],[52.0,27.705882352941174],[51.433566433566426,28.433566433566433],[50.38709677419355,29.0],[50.26966292134831,29.269662921348313],[50.0,29.333333333333336],[49.77251184834124,29.77251184834123],[49.14285714285714,30.0],[49.285714285714285,30.285714285714285],[49.285714285714285,30.71428571428571],[49.71428571428571,30.71428571428571],[50.0,30.857142857142858],[52.0,30.714285714285715],[52.18348623853211,30.18348623853211],[52.123456790123456,30.0],[52.415841584158414,29.415841584158414],[53.0,29.24468085106383],[53.35114503816794,29.351145038167942],[53.71428571428571,29.285714285714285]]],[[[45.0,29.984],[44.5,30.0],[44.733333333333334,30.266666666666666],[45.333333333333336,30.333333333333336],[46.0,30.25],[46.0,29.991935483870968],[45.0,29.984]]],[[[34.0,33.0],[34.91919191919192,33.08080808080808],[36.25,33.0],[36.647058823529406,32.647058823529406],[37.0,32.0],[38.0,32.5],[38.333333333333336,32.333333333333336],[38.5,32.0],[38.66666666666667,31.0],[38.0,30.919999999999998],[37.0,31.0],[36.0,30.891304347826086],[35.80769230769231,31.0],[35.62162162162163,31.62162162162162],[35.0,32.0],[34.826086956521735,32.826086956521735],[34.0,33.0]]],[[[32.96992481203008,33.96992481203007],[31.98611111111111,34.0],[31.953125,35.953125],[30.0,36.0],[29.942857142857143,36.94285714285714],[29.555555555555557,37.0],[30.0,37.285714285714285],[31.05,37.050000000000004],[32.0,37.0],[32.06818181818182,36.06818181818181],[33.0,36.0],[33.0,35.0],[34.0,35.0],[34.0,33.0],[33.55555555555555,33.55555555555555],[33.0,33.714285714285715],[32.96992481203008,33.96992481203007]]],[[[34.68421052631579,37.315789473684205],[35.0,37.6],[35.46153846153847,37.46153846153847],[35.599999999999994,37.0],[35.146341463414636,36.853658536585364],[34.666666666666664,37.0],[34.68421052631579,37.315789473684205]]],[[[26.333333333333336,45.0],[26.42857142857143,44.0],[26.285714285714285,43.71428571428571],[26.0,43.57142857142857],[25.714285714285715,43.71428571428571],[25.57142857142857,44.0],[25.5,45.0],[26.0,45.333333333333336],[26.25,45.25],[26.333333333333336,45.0]]],[[[38.0,59.625],[39.0,59.375],[40.30769230769231,59.307692307692314],[40.77777777777778,58.77777777777778],[40.77777777777778,57.77777777777777],[41.18181818181818,57.81818181818181],[41.77777777777778,58.22222222222222],[43.28571428571428,58.28571428571428],[44.0,58.0],[44.55555555555555,57.55555555555555],[45.333333333333336,57.333333333333336],[45.71428571428571,56.71428571428571],[46.400000000000006,56.400000000000006],[46.6,56.0],[46.33333333333333,55.0],[45.57894736842105,54.421052631578945],[45.3,53.7],[44.625,53.375],[44.25,52.75],[43.7,52.3],[43.33333333333333,51.0],[43.33333333333333,49.0],[43.57142857142857,48.0],[43.23529411764706,46.76470588235294],[42.7,46.3],[42.45454545454545,45.54545454545454],[42.0,45.0],[41.0,43.333333333333336],[40.0,42.333333333333336],[39.77777777777777,41.77777777777778],[39.6,41.0],[40.0,40.0],[41.16666666666667,39.16666666666667],[41.833333333333336,39.16666666666667],[42.333333333333336,39.0],[42.0,38.0],[41.0,37.666666666666664],[36.714285714285715,37.71428571428571],[34.629629629629626,38.629629629629626],[34.44444444444444,39.0],[34.25806451612903,40.25806451612903],[34.0,40.400000000000006],[33.0,40.400000000000006],[32.55555555555555,40.55555555555556],[32.111111111111114,41.111111111111114],[31.416666666666664,41.41666666666667],[30.565217391304348,41.434782608695656],[29.80952380952381,41.19047619047619],[29.42857142857143,39.57142857142858],[29.0,39.0],[28.0,38.57142857142857],[27.866666666666667,38.86666666666667],[26.153846153846153,38.84615384615385],[26.114285714285714,38.114285714285714],[26.0,37.968503937007874],[23.091743119266056,37.908256880733944],[23.0,37.64285714285714],[22.0,37.68421052631579],[21.451612903225804,37.54838709677419],[20.666666666666668,37.0],[20.119999999999997,36.88],[20.0,36.625],[19.0,36.4],[18.0,36.36363636363637],[17.0,36.57142857142857],[16.714285714285715,36.714285714285715],[16.57142857142857,37.0],[16.0,37.266666666666666],[14.0,37.44444444444444],[13.666666666666668,37.333333333333336],[13.5,37.0],[13.894736842105264,35.89473684210526],[15.0,35.0],[15.0,34.0],[14.444444444444443,34.44444444444444],[12.5,34.0],[12.666666666666668,33.66666666666667],[13.0,33.66666666666667],[14.0,33.0],[14.0,32.0],[13.285714285714285,32.285714285714285],[13.0,32.2],[12.0,33.0],[11.0,33.25],[10.7,33.7],[10.933333333333334,35.0],[10.82857142857143,35.82857142857143],[10.0,36.0],[9.942857142857143,36.94285714285714],[9.799999999999999,37.0],[9.944444444444445,37.05555555555556],[9.885714285714286,38.885714285714286],[9.0,39.0],[9.5,39.5],[10.0,39.66666666666667],[11.0,39.5],[11.285714285714285,39.71428571428571],[12.000000000000002,39.8],[12.25,40.0],[12.25,40.25],[10.0,40.333333333333336],[8.833333333333334,40.166666666666664],[8.0,40.125],[7.777777777777778,40.22222222222222],[7.0,40.0],[7.222222222222222,40.77777777777778],[7.0,42.0],[7.142857142857142,43.0],[7.444444444444444,43.55555555555555],[8.235294117647058,43.76470588235294],[8.4,44.0],[7.5,44.5],[7.105263157894736,45.10526315789474],[6.7142857142857135,45.285714285714285],[6.285714285714285,45.285714285714285],[6.421052631578947,45.57894736842105],[6.3076923076923075,46.0],[6.470588235294117,46.470588235294116],[6.0,47.0],[6.529411764705882,46.529411764705884],[7.228571428571429,46.77142857142857],[7.363636363636364,47.36363636363636],[7.0,47.66666666666667],[6.666666666666667,47.66666666666667],[6.5,48.0],[7.0,48.333333333333336],[7.25,48.25],[7.636363636363637,47.63636363636364],[8.866666666666667,47.86666666666667],[9.5,47.5],[9.8,47.0],[9.714285714285714,46.28571428571428],[9.5,46.0],[10.285714285714285,45.285714285714285],[11.0,45.0],[11.181818181818182,44.18181818181819],[11.2,43.0],[10.619047619047619,42.38095238095238],[10.5,42.0],[10.619047619047619,41.61904761904762],[11.0,41.42857142857143],[12.285714285714285,41.28571428571428],[13.0,41.0],[14.0,41.2],[16.0,41.2],[17.285714285714285,41.71428571428571],[18.216216216216218,41.78378378378379],[18.5,42.0],[18.666666666666668,42.333333333333336],[19.0,42.5],[20.0,42.5],[20.30769230769231,42.69230769230769],[20.575757575757578,43.42424242424243],[21.0,43.63636363636364],[23.0,43.599999999999994],[23.444444444444443,43.44444444444444],[24.0,42.75],[25.0,42.42857142857143],[27.0,42.5],[27.333333333333336,42.66666666666667],[27.571428571428573,43.0],[27.5,44.0],[27.714285714285715,45.285714285714285],[28.200000000000003,45.8],[28.18181818181818,46.18181818181819],[27.75,46.75],[27.75,47.0],[28.0,47.5],[28.5,48.0],[28.555555555555554,49.44444444444444],[29.0,49.66666666666667],[30.0,49.5],[30.333333333333336,50.0],[30.22222222222222,50.22222222222222],[28.66666666666667,50.333333333333336],[28.0,50.0],[28.0,51.0],[27.5,51.5],[27.5,52.0],[27.0,53.0],[27.0,54.0],[26.400000000000002,53.60000000000001],[26.0,53.66666666666667],[25.0,53.0],[24.866666666666667,52.13333333333334],[24.75,52.0],[24.81818181818182,50.81818181818181],[25.0,50.66666666666667],[25.333333333333336,50.66666666666667],[26.0,51.0],[27.0,51.0],[27.0,50.0],[25.555555555555554,49.44444444444444],[25.0,49.0],[24.57142857142857,48.42857142857143],[24.5,48.0],[24.666666666666668,47.0],[24.400000000000002,46.6],[23.799999999999997,46.2],[23.0,46.0],[22.666666666666668,45.333333333333336],[22.0,45.0],[21.25,46.0],[21.0,47.0],[20.0,48.33333333333333],[19.0,48.57142857142857],[18.0,48.480000000000004],[17.2,48.0],[17.23076923076923,47.769230769230774],[17.0,47.25],[16.5,47.5],[16.25,48.0],[15.275862068965516,48.275862068965516],[14.714285714285712,48.71428571428571],[14.666666666666668,49.0],[15.093023255813954,49.906976744186046],[15.235294117647058,51.23529411764706],[14.799999999999999,52.0],[15.133333333333333,52.13333333333334],[15.846153846153847,51.84615384615385],[16.045454545454547,51.95454545454545],[16.093023255813954,52.90697674418604],[17.0,53.0],[17.4375,53.5625],[19.647058823529413,55.35294117647058],[20.387096774193548,56.61290322580645],[21.0,57.0],[21.17142857142857,57.82857142857143],[21.526315789473685,58.47368421052632],[22.0,59.0],[23.0,59.142857142857146],[23.703703703703702,60.29629629629629],[24.32258064516129,60.677419354838705],[26.5,61.0],[27.61290322580645,61.387096774193544],[29.000000000000004,61.611111111111114],[31.444444444444443,61.44444444444444],[32.111111111111114,61.11111111111111],[32.6551724137931,60.65517241379311],[35.0,60.42857142857143],[35.76470588235294,59.76470588235294],[37.0,59.6],[38.0,59.625]],[[27.6,54.400000000000006],[28.0,54.333333333333336],[29.0,55.0],[29.0,56.0],[28.0,56.0],[27.0,55.0],[27.0,54.0],[27.6,54.400000000000006]],[[37.0,57.42857142857142],[36.66666666666667,57.333333333333336],[36.5,57.0],[36.625,56.625],[37.0,56.25],[37.22222222222222,56.22222222222223],[37.77777777777777,55.77777777777778],[38.15384615384615,55.84615384615384],[38.529411764705884,56.470588235294116],[39.0,56.66666666666667],[40.0,56.5],[40.35294117647059,56.647058823529406],[40.35294117647059,57.35294117647059],[38.0,57.285714285714285],[37.0,57.42857142857142]],[[30.200000000000003,47.8],[30.22222222222222,48.22222222222222],[30.0,48.5],[29.5,48.0],[30.000000000000004,47.666666666666664],[30.200000000000003,47.8]]],[[[25.75,48.25],[26.0,48.333333333333336],[26.200000000000003,48.2],[26.22222222222222,47.77777777777778],[26.0,47.0],[25.714285714285715,47.71428571428571],[25.75,48.25]]],[[[24.642857142857142,64.0],[24.642857142857142,64.35714285714286],[25.0,64.625],[25.384615384615383,64.38461538461539],[25.555555555555557,64.0],[25.344827586206897,63.65517241379311],[25.0,63.44444444444444],[24.642857142857142,64.0]]],[[[26.0,67.2],[26.333333333333336,67.0],[26.0,66.66666666666667],[25.77777777777778,66.77777777777777],[25.81818181818182,67.18181818181819],[26.0,67.2]]],[[[48.54838709677419,64.54838709677419],[49.35714285714286,64.35714285714286],[49.714285714285715,64.0],[49.0,63.5],[47.578947368421055,63.578947368421055],[47.0,64.0],[46.0,63.5],[45.75,63.75],[45.400000000000006,65.0],[45.5,65.5],[46.0,66.0],[45.55555555555556,66.55555555555556],[45.57894736842105,67.42105263157895],[46.19047619047619,68.80952380952381],[47.0,69.0],[47.333333333333336,69.66666666666667],[49.1,69.89999999999999],[49.61904761904762,70.38095238095238],[50.0,70.5],[51.0,70.0],[50.55555555555555,69.44444444444444],[50.0,69.2],[49.76470588235294,68.23529411764706],[49.23529411764706,68.23529411764706],[48.800000000000004,68.0],[48.25,67.0],[47.93333333333333,66.0],[48.125,65.0],[48.54838709677419,64.54838709677419]]],[[[33.0,69.5],[31.0,69.33333333333334],[27.0,69.66666666666667],[26.727272727272727,69.72727272727272],[26.625,70.0],[27.0,70.6],[30.0,70.75],[32.0,70.4],[33.0,70.42857142857143],[33.30769230769231,70.3076923076923],[33.46153846153847,70.0],[33.333333333333336,69.66666666666667],[33.0,69.5]]],[[[35.75,72.0],[35.375,71.625],[34.0,71.42857142857142],[33.61904761904762,71.61904761904762],[33.333333333333336,72.0],[33.54285714285714,72.45714285714286],[34.0,72.61538461538461],[35.333333333333336,72.33333333333334],[35.75,72.0]]],[[[40.25,73.0],[40.550000000000004,73.45],[41.0,73.5625],[41.40909090909091,73.4090909090909],[41.64285714285714,73.0],[41.41860465116279,72.5813953488372],[41.0,72.35714285714285],[40.5609756097561,72.5609756097561],[40.25,73.0]]],[[[39.41666666666667,73.41666666666667],[39.625,73.0],[39.3125,72.6875],[38.0,72.375],[37.64285714285714,72.64285714285714],[37.5,73.0],[38.0,74.2],[38.7,73.7],[39.41666666666667,73.41666666666667]]],[[[59.55555555555555,76.44444444444444],[60.23529411764706,76.76470588235294],[62.0,76.875],[64.0,76.0],[63.5,75.5],[62.81818181818182,75.18181818181819],[61.0,75.1111111111111],[59.6,75.60000000000001],[59.2,76.0],[59.55555555555555,76.44444444444444]]],[[[56.66666666666667,76.0],[58.0,76.66666666666667],[58.66666666666667,76.0],[58.25,75.75],[57.0,75.85714285714286],[56.66666666666667,76.0]]],[[[65.66666666666667,76.66666666666667],[65.66666666666667,77.0],[66.0,77.125],[67.0,77.44444444444444],[68.34782608695653,77.65217391304347],[70.0,77.63636363636363],[72.0,77.0],[71.375,76.625],[69.88888888888889,76.11111111111111],[67.16666666666667,76.16666666666667],[66.28571428571428,76.28571428571428],[65.66666666666667,76.66666666666667]]],[[[168.0,-83.0],[168.75,-82.75],[171.0,-82.66666666666666],[171.2,-82.8],[171.0,-84.0],[170.0,-84.0],[169.25,-84.25],[168.75,-84.25],[168.0,-84.0],[168.0,-83.0]]],[[[175.33333333333334,-83.33333333333334],[175.5,-83.0],[175.5,-82.5],[176.0,-82.0],[177.0,-82.0],[178.0,-81.0],[178.60000000000002,-82.4],[179.36363636363637,-82.63636363636363],[180.0,-83.0],[179.66666666666669,-84.0],[179.0,-85.0],[178.60000000000002,-84.4],[178.0,-84.0],[178.0,-83.0],[177.0,-83.0],[177.0,-84.0],[176.66666666666669,-84.66666666666667],[176.66666666666669,-85.0],[176.36363636363637,-85.36363636363637],[176.0,-85.5],[175.0,-85.33333333333334],[174.0,-85.66666666666667],[172.0,-85.0],[172.71428571428572,-84.71428571428571],[173.8,-83.8],[174.66666666666669,-83.66666666666667],[175.33333333333334,-83.33333333333334]]],[[[168.0,-83.0],[167.4,-83.4],[166.60000000000002,-83.4],[166.0,-83.0],[166.66666666666669,-82.66666666666667],[168.0,-83.0]]],[[[162.0,-81.66666666666667],[162.22222222222223,-81.77777777777777],[162.33333333333334,-82.33333333333334],[162.0,-83.0],[161.71428571428572,-82.28571428571428],[161.8181818181818,-81.81818181818181],[162.0,-81.66666666666667]]],[[[164.75,-81.75],[165.0,-81.0],[165.4,-81.60000000000001],[166.0,-82.0],[166.0,-83.0],[165.0,-83.0],[164.75,-82.25],[164.75,-81.75]]],[[[170.0,-81.33333333333334],[169.0,-81.0],[169.88235294117646,-80.88235294117646],[170.0,-79.0],[171.0,-79.0],[172.0,-80.0],[174.0,-80.0],[174.0,-81.0],[175.0,-81.0],[175.0,-82.0],[174.28571428571428,-82.28571428571428],[173.8,-82.19999999999999],[173.5,-82.0],[173.4,-81.60000000000001],[173.0,-81.5],[170.0,-81.33333333333334]]],[[[87.4,-80.0],[87.36363636363637,-80.36363636363636],[87.0,-80.66666666666667],[86.6923076923077,-80.3076923076923],[86.71428571428572,-80.0],[86.91304347826087,-79.91304347826086],[87.4,-80.0]]],[[[156.5,-80.0],[156.77777777777777,-79.77777777777777],[157.28571428571428,-79.71428571428571],[158.0,-79.66666666666666],[159.1818181818182,-79.81818181818181],[159.5,-80.0],[159.1818181818182,-80.18181818181819],[158.15384615384616,-80.15384615384616],[157.28571428571428,-80.28571428571428],[157.0,-80.5],[156.66666666666669,-80.33333333333334],[156.5,-80.0]]],[[[154.0,-78.75],[154.28571428571428,-78.71428571428571],[154.5,-79.0],[154.5,-79.5],[154.0,-80.0],[153.77777777777777,-79.22222222222223],[154.0,-78.75]]],[[[148.60000000000002,-77.6],[149.44444444444443,-77.55555555555556],[150.0,-78.0],[150.66666666666669,-78.33333333333334],[151.0,-78.33333333333334],[151.4,-78.60000000000001],[151.44444444444443,-79.44444444444443],[151.0,-80.0],[150.5,-79.5],[149.8,-79.2],[149.44444444444443,-78.55555555555554],[148.63636363636363,-78.36363636363636],[148.0,-78.0],[148.60000000000002,-77.6]]],[[[85.6896551724138,-75.6896551724138],[86.0,-75.66666666666667],[86.81818181818181,-76.0],[86.0,-76.375],[85.69491525423729,-76.30508474576271],[85.3076923076923,-76.0],[85.6896551724138,-75.6896551724138]]],[[[87.19999999999999,-72.8],[87.54545454545455,-73.45454545454545],[87.66666666666667,-74.0],[87.0,-74.38461538461539],[86.0,-74.28],[85.0,-74.47058823529412],[84.64,-74.64],[84.35714285714286,-75.0],[84.3225806451613,-75.3225806451613],[84.0,-75.625],[83.0,-75.46666666666667],[81.67567567567568,-75.67567567567568],[80.0,-76.58333333333333],[79.58333333333333,-76.58333333333333],[79.25,-76.75],[78.0,-76.66666666666667],[77.71428571428572,-76.0],[78.60000000000001,-75.60000000000001],[78.75,-75.0],[78.43636363636364,-74.56363636363638],[77.60714285714285,-74.39285714285714],[77.0,-74.0],[78.41025641025641,-73.41025641025641],[78.65909090909092,-72.6590909090909],[79.0,-72.5],[80.30434782608695,-72.30434782608695],[80.875,-72.0],[80.4516129032258,-71.54838709677419],[79.5,-71.0],[80.83333333333334,-69.83333333333333],[83.0,-70.36363636363637],[83.36842105263159,-70.63157894736842],[85.07843137254902,-70.92156862745098],[85.57142857142858,-71.42857142857143],[86.0,-71.6],[87.0,-71.625],[87.18181818181819,-71.81818181818181],[87.19999999999999,-72.8]],[[79.6923076923077,-74.3076923076923],[80.0,-74.4],[81.0,-74.3076923076923],[82.0,-74.44444444444444],[82.32653061224491,-74.32653061224491],[82.5,-74.0],[82.0,-73.46666666666667],[79.82608695652175,-73.82608695652173],[79.5,-74.0],[79.6923076923077,-74.3076923076923]]],[[[93.0,-73.0],[92.85714285714286,-72.0],[93.0,-71.66666666666667],[94.0,-71.0],[95.5,-70.5],[96.0,-70.0],[96.28571428571428,-70.71428571428571],[97.0,-71.0],[96.19999999999999,-71.2],[95.60000000000001,-71.60000000000001],[95.5,-72.0],[96.65517241379311,-72.34482758620689],[97.66666666666667,-73.0],[96.5625,-73.5625],[95.99999999999999,-73.70588235294117],[94.0,-73.55000000000001],[93.0,-73.0]]],[[[92.77777777777777,-69.22222222222223],[92.8,-68.8],[93.28571428571428,-68.71428571428571],[94.0,-69.0],[92.77777777777777,-69.22222222222223]]],[[[79.81818181818181,-67.81818181818181],[80.18181818181819,-67.81818181818181],[80.44444444444444,-68.0],[80.33333333333334,-68.33333333333334],[80.0,-68.57142857142857],[79.7037037037037,-68.29629629629629],[79.6,-68.0],[79.81818181818181,-67.81818181818181]]],[[[125.125,-45.0],[125.0,-45.25],[124.75,-45.25],[124.5,-45.0],[125.0,-44.8],[125.125,-45.0]]],[[[117.0,-44.0],[117.0,-45.0],[116.0,-45.0],[115.71428571428571,-44.285714285714285],[116.0,-43.8],[117.0,-44.0]]],[[[122.80000000000001,0.0],[122.30769230769232,-0.3076923076923077],[120.93893129770991,-0.06106870229007633],[119.5,0.0],[119.80000000000001,0.2],[121.5,0.5],[122.0,1.0],[122.80000000000001,0.0]]],[[[131.625,1.0],[132.0,1.2307692307692308],[132.21428571428572,1.2142857142857144],[132.42857142857144,1.0],[132.04225352112675,0.9577464788732395],[132.0,0.6666666666666666],[131.75,0.75],[131.625,1.0]]],[[[132.0,4.0],[131.8,3.2],[131.875,3.0],[131.4516129032258,2.548387096774193],[131.0,2.3636363636363633],[130.54285714285714,2.457142857142857],[130.0,2.0],[130.4,2.6],[130.17647058823528,3.0],[130.26086956521738,3.2608695652173916],[130.0,4.0],[132.0,4.0]]],[[[139.04166666666666,4.958333333333333],[139.0,4.7272727272727275],[138.51515151515153,4.484848484848484],[138.0,4.0],[137.08219178082192,3.9178082191780823],[137.0,3.454545454545454],[136.6969696969697,3.3030303030303028],[136.54545454545453,3.0],[135.08695652173913,2.9130434782608696],[134.88888888888889,2.111111111111111],[134.07100591715977,1.9289940828402368],[134.0,1.8064516129032258],[133.76923076923077,1.7692307692307692],[133.1639344262295,2.163934426229508],[133.0,2.4166666666666665],[132.22222222222223,3.0],[132.36363636363637,3.3636363636363633],[132.0,4.0],[132.63636363636363,3.6363636363636362],[133.0,3.7777777777777777],[133.11111111111111,4.111111111111111],[133.0,4.4],[132.5,4.5],[132.25,5.0],[132.4,5.4],[132.0,6.0],[132.6,5.6000000000000005],[133.0,5.75],[133.5,6.0],[133.66666666666669,6.333333333333334],[134.0,6.5],[134.66666666666669,7.333333333333334],[135.0,7.5],[135.4,7.4],[136.0,7.0],[136.8,7.2],[137.0,7.130434782608695],[137.58620689655172,7.413793103448276],[137.76923076923077,8.0],[137.67567567567568,8.324324324324325],[137.88235294117646,8.882352941176471],[137.0,9.0],[137.5,9.5],[138.0,9.5],[138.28571428571428,9.714285714285714],[139.0,9.714285714285715],[139.41666666666666,9.416666666666668],[139.76923076923077,8.76923076923077],[140.44444444444443,8.444444444444445],[140.66666666666669,8.0],[140.66666666666669,7.0],[140.48,6.5200000000000005],[140.0,6.0],[139.42857142857144,5.0],[139.04166666666666,4.958333333333333]],[[134.73913043478262,5.260869565217391],[134.75,5.0],[135.0,4.785714285714286],[135.19354838709677,4.806451612903226],[135.375,5.0],[135.0,5.428571428571428],[134.73913043478262,5.260869565217391]]],[[[141.75,7.0],[142.0,7.2],[142.25806451612902,7.741935483870968],[142.67441860465118,7.674418604651164],[144.67058823529413,8.329411764705881],[147.27586206896552,8.724137931034482],[147.26666666666668,9.0],[147.84397163120568,9.156028368794326],[148.73333333333335,9.0],[148.0,8.153846153846153],[147.8095238095238,8.19047619047619],[147.8,8.0],[146.0,7.848275862068966],[145.7027027027027,7.702702702702702],[145.24137931034483,7.758620689655173],[145.32142857142856,7.321428571428571],[145.0,6.819999999999999],[142.7716894977169,6.771689497716895],[141.75,7.0]]],[[[154.70873786407768,11.0],[155.0,11.285714285714286],[156.0,11.085714285714285],[156.0909090909091,11.0],[155.0,10.711538461538462],[154.70873786407768,11.0]]],[[[76.63636363636364,13.0],[77.0,12.818181818181817],[79.0,12.600000000000001],[79.4,12.4],[79.6,12.0],[80.17021276595744,11.829787234042552],[80.82978723404256,11.829787234042552],[81.0,11.6],[82.0,11.428571428571429],[82.28571428571428,11.285714285714285],[82.42857142857143,11.0],[85.83333333333333,10.833333333333334],[86.0,10.6],[86.42857142857144,10.428571428571429],[86.75,10.0],[89.85185185185185,9.851851851851851],[90.0,9.6],[91.0,9.636363636363637],[91.42424242424244,9.424242424242424],[91.63636363636364,9.0],[91.92523364485982,8.925233644859812],[95.88571428571429,8.885714285714286],[96.30769230769232,8.692307692307693],[96.6923076923077,8.692307692307693],[96.6923076923077,8.307692307692308],[96.84615384615385,8.0],[96.74193548387098,7.741935483870968],[96.77777777777777,7.222222222222222],[96.0,7.0],[95.0,7.0],[93.0,7.576576576576576],[89.0,7.953488372093023],[83.25806451612902,8.258064516129032],[82.0,8.4],[81.14285714285714,9.0],[79.16,9.16],[78.7,9.7],[77.0,10.085106382978722],[76.46090534979425,10.460905349794238],[75.74377224199287,10.743772241992882],[74.0,11.12],[73.62231759656652,11.622317596566523],[72.0,12.0],[71.70588235294117,12.705882352941178],[71.22222222222223,13.0],[71.23809523809524,13.238095238095237],[69.24324324324324,14.243243243243242],[68.63934426229508,14.639344262295081],[68.42105263157895,15.0],[68.58490566037736,15.415094339622643],[69.12244897959184,15.877551020408163],[70.0506329113924,15.949367088607595],[70.5,16.5],[71.0,16.666666666666668],[71.46153846153847,16.461538461538463],[71.84,15.84],[71.86666666666667,13.866666666666667],[74.0,13.894736842105264],[74.83673469387756,13.836734693877553],[75.0,13.636363636363637],[76.0,13.636363636363637],[76.42424242424242,13.424242424242426],[76.63636363636364,13.0]]],[[[131.8,16.0],[132.46666666666667,15.466666666666667],[132.68,14.68],[133.0,14.428571428571429],[134.26666666666665,14.266666666666666],[134.8181818181818,13.818181818181817],[135.0,13.857142857142858],[135.60000000000002,13.600000000000001],[135.85714285714286,13.000000000000002],[136.0,11.0],[135.0,11.0],[135.0,10.0],[133.0,10.0],[133.0,9.0],[132.0,9.0],[132.0,8.0],[131.0,8.0],[131.0,7.0],[129.0,7.0],[129.0,8.0],[128.0,8.0],[128.0,9.0],[127.0,9.0],[126.33333333333334,9.333333333333334],[126.0,10.0],[126.0,11.0],[127.0,12.0],[127.0,13.0],[127.25,14.0],[127.125,15.0],[127.35294117647058,15.64705882352941],[127.8,16.2],[128.0769230769231,17.0],[127.46153846153847,18.0],[127.28571428571429,19.0],[127.47058823529412,19.52941176470588],[128.0,19.909090909090907],[129.0,20.0],[129.06741573033707,19.06741573033708],[129.25531914893617,18.74468085106383],[129.3050847457627,18.30508474576271],[130.0,17.916666666666668],[130.1341463414634,17.134146341463413],[130.61111111111111,17.0],[131.0,16.53333333333333],[131.140350877193,16.140350877192983],[131.8,16.0]]],[[[59.625,40.375],[60.0,40.75],[60.5,41.0],[60.333333333333336,41.333333333333336],[59.0,42.333333333333336],[57.33333333333334,45.0],[56.0,45.666666666666664],[55.0,46.0],[54.0,47.0],[53.66666666666667,48.0],[54.0,49.0],[53.81818181818181,49.81818181818181],[53.28571428571429,51.0],[53.333333333333336,52.33333333333334],[53.22222222222222,53.22222222222222],[52.647058823529406,53.647058823529406],[52.5,54.0],[52.44444444444444,56.0],[52.22222222222222,57.22222222222222],[51.64705882352941,57.647058823529406],[51.36363636363636,58.36363636363636],[51.0,58.5],[49.71428571428571,58.28571428571428],[49.0,58.333333333333336],[48.60000000000001,58.60000000000001],[48.315789473684205,59.315789473684205],[48.0,59.5],[46.6,59.6],[46.2,60.0],[46.28571428571428,60.28571428571428],[46.0,61.0],[47.0,61.0],[47.6,61.400000000000006],[49.0,62.0],[50.0,62.0],[50.66666666666667,61.66666666666667],[51.00000000000001,61.66666666666667],[52.0,62.0],[54.0,61.400000000000006],[56.0,61.0],[58.15384615384615,60.84615384615384],[58.333333333333336,61.0],[58.333333333333336,62.0],[58.63636363636364,62.36363636363636],[59.0,62.5],[59.34782608695652,62.34782608695652],[59.5,62.0],[59.5,61.0],[59.63636363636364,60.63636363636364],[60.15384615384616,60.15384615384616],[60.5,59.5],[61.133333333333326,59.13333333333333],[61.5,58.5],[62.0,58.33333333333333],[62.421052631578945,58.578947368421055],[62.76470588235294,59.23529411764706],[63.35294117647059,59.647058823529406],[63.84615384615385,61.153846153846146],[64.0,61.33333333333333],[64.5,61.5],[65.0,62.0],[65.0,63.0],[64.4,62.6],[64.0,62.66666666666667],[63.84615384615385,62.84615384615385],[63.84615384615385,63.15384615384615],[64.0,63.333333333333336],[64.5,63.5],[64.66666666666666,64.0],[64.4,64.4],[64.0,64.5],[63.6,65.0],[63.66666666666667,66.0],[63.84615384615385,66.15384615384616],[64.6923076923077,66.30769230769232],[66.0,66.2],[66.47058823529412,66.52941176470588],[66.57142857142858,67.42857142857143],[67.0,67.75],[67.25,67.75],[67.5,68.0],[67.0,68.25],[65.18181818181819,67.81818181818181],[63.83333333333333,67.83333333333333],[63.5,68.0],[63.400000000000006,68.4],[63.0,69.0],[63.0,70.0],[64.0,70.0],[64.5,70.5],[65.5,70.5],[66.0,70.0],[66.0,72.0],[67.0,73.0],[68.0,73.0],[68.60000000000001,73.4],[69.0,73.5],[69.25,73.75],[71.4,74.6],[72.0,75.0],[74.0,75.0],[74.6,75.4],[75.33333333333334,75.66666666666667],[75.5,76.0],[75.80000000000001,76.2],[76.52941176470588,76.47058823529412],[79.0,76.75],[80.0,77.0],[83.75,76.75],[84.0,76.0],[84.60000000000001,75.60000000000001],[85.0,75.0],[85.4,75.60000000000001],[86.0,75.75],[86.33333333333334,75.66666666666667],[87.0,76.0],[87.0,75.0],[90.0,75.0],[90.0,76.0],[98.0,76.0],[98.0,77.0],[107.0,77.0],[107.0,76.0],[107.99999999999999,75.76923076923076],[110.0,75.83333333333334],[111.0,76.0],[115.0,76.0],[115.0,74.0],[120.0,74.0],[120.0,75.0],[118.0,75.0],[118.0,76.0],[118.5,77.0],[118.5,77.5],[119.0,78.0],[122.0,78.0],[122.6,78.4],[122.85714285714286,79.14285714285714],[124.0,79.55555555555554],[127.0,79.6],[130.0,79.0],[131.0,79.0],[132.0,79.33333333333334],[133.0,79.0],[133.8181818181818,79.18181818181819],[136.0,79.33333333333334],[137.0,79.2],[143.0,79.2],[143.47058823529412,79.52941176470588],[143.71428571428572,80.28571428571428],[144.0,80.42857142857142],[144.33333333333334,80.33333333333334],[144.75,80.0],[144.75,79.75],[145.0,79.5],[145.33333333333334,79.66666666666667],[145.5,80.0],[147.0,80.6],[156.0,80.875],[156.6190476190476,81.38095238095238],[157.0,81.5],[162.0,81.6],[162.27586206896552,81.72413793103448],[162.66666666666669,82.33333333333334],[163.0,82.5],[163.83333333333334,81.83333333333334],[165.0,81.5],[168.0,81.625],[172.1505376344086,81.15053763440861],[176.90825688073394,81.09174311926606],[177.625,81.0],[177.8125,80.8125],[179.0,80.3157894736842],[179.6086956521739,80.3913043478261],[180.0,80.64285714285714],[180.0,67.99193548387098],[179.79999999999998,68.0],[179.79999999999998,69.0],[179.5,69.5],[179.0,69.66666666666667],[178.0,69.4],[175.0,69.4],[174.0,69.25],[173.42857142857144,68.57142857142857],[173.0,68.4],[172.0,68.4],[171.8048780487805,68.1951219512195],[170.0,68.0],[168.77777777777777,68.77777777777777],[168.2962962962963,69.29629629629629],[167.0,69.25],[166.0,69.44444444444444],[165.61538461538458,69.61538461538461],[165.375,70.0],[165.1132075471698,70.11320754716981],[164.1875,70.1875],[164.0,70.375],[163.38095238095238,70.38095238095238],[161.86206896551724,70.13793103448276],[161.44,69.56],[160.0,69.0],[159.71428571428572,68.28571428571428],[159.0,68.16666666666667],[158.76470588235293,67.76470588235294],[158.71428571428572,67.28571428571428],[158.32,67.32],[157.99999999999997,67.18181818181817],[157.30769230769232,67.3076923076923],[157.0,68.0],[156.0,68.14285714285715],[154.0,68.0],[154.0,69.0],[153.0,69.0],[153.0,70.0],[151.0,70.0],[151.0,68.0],[150.0,68.0],[150.0,67.0],[147.0,67.0],[145.0,67.16666666666667],[144.0,66.5],[143.52941176470588,66.52941176470588],[143.0,67.0],[142.66666666666669,66.33333333333334],[142.42857142857144,66.42857142857143],[141.7142857142857,66.28571428571428],[140.4,66.4],[140.0,66.66666666666667],[139.0,66.33333333333334],[138.57142857142858,65.42857142857143],[138.0,65.1111111111111],[137.88888888888889,64.88888888888889],[138.0,64.0],[137.1818181818182,64.18181818181819],[137.0,64.10526315789474],[136.61111111111111,63.38888888888889],[135.91044776119404,63.08955223880597],[135.75,62.75],[135.875,62.125],[135.25,62.25],[134.8,62.0],[134.79310344827587,61.793103448275865],[135.375,61.625],[135.75,61.75],[136.0,61.0],[136.55555555555554,60.55555555555555],[137.0,60.71428571428571],[140.0,60.0],[140.0,59.0],[139.63636363636363,58.0],[140.15384615384616,56.15384615384615],[140.5,56.0],[140.25,55.75],[140.3125,55.3125],[140.0,54.0],[140.1818181818182,53.18181818181819],[140.8181818181818,53.18181818181819],[141.25,53.0],[141.23529411764707,52.76470588235294],[141.0,52.89473684210526],[140.76470588235293,52.76470588235294],[140.23529411764707,52.76470588235294],[140.32,52.32],[140.19047619047618,52.0],[140.44444444444443,51.55555555555556],[140.0,51.0],[140.52173913043478,51.47826086956522],[141.0,51.39285714285714],[141.48888888888888,51.48888888888889],[142.17391304347825,49.17391304347826],[142.078431372549,47.92156862745098],[141.8181818181818,47.81818181818182],[141.11111111111111,47.88888888888889],[141.0,47.0],[140.0900900900901,46.909909909909906],[139.0,46.41935483870968],[138.60000000000002,46.400000000000006],[138.35,46.0],[137.78125,45.78125],[137.17857142857144,45.82142857142857],[137.0,45.0],[135.58730158730157,44.41269841269841],[135.45833333333334,44.0],[135.0,43.78],[134.67647058823528,43.67647058823529],[134.2,43.8],[133.85714285714286,42.14285714285714],[133.6,42.0],[133.04285714285714,41.957142857142856],[132.75510204081633,41.244897959183675],[132.33333333333334,41.0],[131.1917808219178,40.80821917808219],[131.0,40.0],[130.375,40.375],[129.1904761904762,42.19047619047619],[128.33333333333334,42.0],[127.81818181818181,41.18181818181818],[127.5,41.0],[127.33333333333334,40.66666666666667],[127.0,40.5],[126.19999999999999,41.2],[126.0,42.0],[125.66666666666667,42.66666666666667],[125.66666666666667,43.0],[125.0,43.333333333333336],[124.78947368421052,43.21052631578947],[123.875,43.125],[123.75,42.75],[124.0,42.0],[123.4,41.6],[123.0,41.0],[123.5,40.0],[123.4,39.6],[123.0,39.0],[123.0,38.0],[125.0,38.0],[125.0,36.0],[126.0,36.0],[125.9,31.000000000000004],[126.0,30.5],[127.0,30.0],[126.0,29.799999999999997],[125.65217391304347,29.347826086956523],[125.0,29.0],[124.92307692307693,28.07692307692308],[124.625,27.0],[124.25641025641025,26.74358974358974],[124.0,26.166666666666668],[123.0,26.0],[122.5,25.5],[122.42857142857142,25.0],[121.84615384615384,24.153846153846153],[121.63636363636363,23.363636363636363],[121.0,23.125],[120.0,23.0],[120.0,22.0],[120.60000000000001,21.6],[120.66666666666667,21.0],[120.41025641025641,19.58974358974359],[120.0,19.0],[119.0,19.0],[118.66666666666669,19.666666666666668],[118.77777777777777,20.22222222222222],[119.28571428571428,21.285714285714285],[119.0,22.0],[118.4,22.4],[118.0,22.5],[117.6923076923077,22.307692307692307],[117.0,21.0],[116.25,20.75],[115.76470588235294,19.235294117647058],[115.3448275862069,19.344827586206897],[115.0,19.238095238095237],[114.50769230769232,19.50769230769231],[114.3448275862069,20.344827586206897],[114.0,20.714285714285715],[112.83333333333334,20.166666666666664],[113.0,19.25],[113.66666666666667,18.666666666666668],[114.0,18.0],[115.83333333333334,17.833333333333336],[118.0,18.0],[119.0,17.818181818181817],[119.5,17.5],[119.71052631578948,16.710526315789473],[120.0,16.38888888888889],[120.4375,16.4375],[121.0,16.0],[121.76,15.76],[122.0,15.0],[121.78571428571428,14.214285714285715],[121.5,14.0],[121.46153846153847,13.538461538461538],[121.0,13.0],[121.0,10.0],[117.0,10.0],[116.0,11.0],[115.0,11.0],[114.60000000000001,10.4],[114.0,10.0],[113.66666666666667,9.333333333333334],[113.73333333333333,8.733333333333334],[114.0,8.0],[114.77777777777777,7.777777777777778],[115.0,7.0],[116.0,7.0],[117.18181818181819,6.818181818181818],[117.55555555555556,7.444444444444444],[118.18181818181819,7.818181818181818],[119.85714285714286,7.857142857142858],[120.66666666666667,7.666666666666668],[120.84615384615385,6.846153846153846],[123.00000000000001,6.666666666666667],[123.5,6.5],[124.0,6.0],[129.0,6.0],[129.0,4.0],[129.33333333333334,3.3333333333333335],[129.25,3.0],[130.0,2.0],[129.5,1.5],[128.82857142857142,1.1714285714285713],[128.2051282051282,1.2051282051282053],[127.0,1.0],[126.0,1.4],[125.58333333333334,1.4166666666666667],[125.25,1.25],[124.0,1.4782608695652173],[122.0,1.0],[121.0,1.2666666666666666],[119.74683544303798,1.2531645569620253],[118.71428571428572,1.0],[118.47619047619047,0.5238095238095237],[117.80952380952381,0.19047619047619047],[117.0,0.1875],[116.45454545454545,0.45454545454545453],[116.1875,1.0],[115.85,1.15],[112.0,1.0],[112.0,2.0],[112.66666666666669,2.3333333333333335],[112.6,2.6],[112.71428571428572,3.0],[112.5,3.5],[112.0,4.0],[111.0,4.0],[110.60000000000001,3.4000000000000004],[110.0,3.0],[109.0,3.0],[109.0,4.0],[108.0,4.0],[108.0,5.0],[105.0,5.0],[104.0,5.2],[103.71428571428572,5.0],[103.63636363636364,4.636363636363637],[104.0,4.0],[103.0,4.0],[102.875,5.0],[102.36269430051813,5.362694300518134],[100.6923076923077,6.0],[100.6241610738255,6.375838926174497],[100.91111111111111,6.911111111111111],[100.66666666666666,7.0],[101.0,7.4],[101.14999999999999,7.85],[101.0,8.214285714285714],[100.5,8.5],[100.26666666666668,9.0],[100.10526315789474,10.105263157894736],[100.0,13.0],[101.0,13.0],[101.0909090909091,14.0],[101.47058823529412,14.529411764705882],[103.57142857142857,15.0],[103.32,15.32],[102.71428571428571,15.714285714285712],[102.29629629629629,16.296296296296294],[101.61538461538461,16.615384615384613],[101.20689655172414,17.20689655172414],[100.52,17.52],[100.0,18.0],[98.60000000000001,18.6],[98.0,19.18181818181818],[96.53333333333333,19.53333333333333],[96.125,20.0],[92.54545454545455,20.545454545454547],[90.58620689655173,21.586206896551722],[90.2,22.2],[89.60000000000001,22.6],[89.23076923076923,23.23076923076923],[88.53846153846155,23.53846153846154],[87.56521739130434,24.565217391304348],[87.23076923076923,25.230769230769234],[86.57142857142858,25.571428571428573],[86.24,26.24],[85.65217391304348,26.652173913043477],[85.5,27.0],[85.21052631578948,27.210526315789473],[81.0,27.5],[80.61904761904762,27.61904761904762],[80.00000000000001,28.076923076923077],[78.36363636363636,28.363636363636363],[75.0,28.444444444444443],[74.64285714285714,28.642857142857142],[74.34482758620689,29.344827586206897],[73.72727272727272,29.727272727272727],[73.0,31.0],[71.6923076923077,31.30769230769231],[69.0,31.4],[67.73333333333333,31.733333333333334],[67.0,32.16666666666667],[65.0,32.57142857142857],[64.0,32.57142857142857],[63.71428571428571,32.71428571428571],[62.78947368421052,32.78947368421053],[62.4,33.4],[62.0,33.6],[61.53846153846154,33.46153846153846],[60.0,33.36363636363636],[58.565217391304344,33.565217391304344],[58.0,34.0],[58.0,35.0],[57.0,35.0],[57.0,36.0],[56.400000000000006,35.6],[56.0,35.66666666666667],[55.75,36.0],[56.5,36.5],[56.75,37.25],[57.375,37.625],[57.733333333333334,38.266666666666666],[58.33333333333334,38.66666666666667],[59.0,39.333333333333336],[59.625,40.375]],[[135.75,60.0],[136.0,59.75],[136.28571428571428,60.0],[136.44444444444443,60.444444444444436],[136.0,61.0],[135.75,60.0]],[[139.55555555555554,52.55555555555555],[139.0,52.81818181818182],[138.7,52.3],[138.26666666666665,50.733333333333334],[137.6153846153846,50.38461538461538],[137.0,49.214285714285715],[136.0,49.434782608695656],[135.71014492753622,49.289855072463766],[135.52380952380952,49.0],[135.3793103448276,47.62068965517241],[134.0,47.272727272727266],[133.57142857142858,47.42857142857143],[133.25,47.0],[133.60000000000002,46.6],[134.0,46.72727272727273],[135.0,46.41176470588235],[136.1818181818182,46.81818181818182],[137.1578947368421,47.8421052631579],[137.12,48.0],[137.5,48.5],[138.33333333333334,48.66666666666667],[138.94117647058823,49.0],[139.25454545454545,49.74545454545454],[139.7,50.0],[140.0,51.0],[139.55555555555554,52.55555555555555]],[[122.6,41.6],[122.66666666666667,42.0],[122.52941176470588,42.529411764705884],[122.52941176470588,43.470588235294116],[123.125,43.875],[123.0,44.5],[122.0,44.0],[121.63636363636363,43.36363636363636],[121.0,43.0],[120.25,42.0],[120.33333333333334,41.333333333333336],[120.66666666666667,40.66666666666667],[121.0,40.5],[121.5,40.5],[122.0,40.0],[122.0,41.0],[123.0,41.0],[122.6,41.6]],[[101.9375,7.0625],[101.66666666666669,7.0],[101.97368421052632,6.973684210526315],[102.04166666666667,7.000000000000001],[101.9375,7.0625]],[[109.0,8.5],[109.5,8.5],[109.5,9.0],[109.07407407407408,9.074074074074074],[109.0,9.333333333333334],[108.0,9.0],[108.85714285714286,8.857142857142858],[109.0,8.5]],[[109.5,7.0],[109.85185185185185,6.851851851851851],[110.0,6.6000000000000005],[111.47999999999999,6.5200000000000005],[112.0,7.0],[111.75,8.0],[110.625,8.375],[110.25,8.25],[110.0,8.5],[109.5,8.5],[109.5,7.0]],[[112.0,6.0],[112.6,5.6000000000000005],[113.0,4.75],[115.0,4.0],[115.4,3.4000000000000004],[115.5,3.0],[115.8076923076923,2.8076923076923075],[117.5,3.0],[118.0,3.5],[119.0,3.5],[119.28571428571428,3.7142857142857144],[120.25,3.75],[121.0,4.0],[119.5,4.5],[119.0,5.0],[118.13333333333334,5.133333333333334],[118.0,5.333333333333334],[117.00000000000001,5.2],[116.0,5.25],[115.84615384615384,5.153846153846154],[114.30769230769232,5.307692307692308],[114.0,6.0],[113.0,6.800000000000001],[112.7142857142857,6.7142857142857135],[112.0,7.0],[112.0,6.0]],[[132.0,44.66666666666667],[132.05263157894737,45.05263157894737],[131.09677419354838,45.096774193548384],[130.7,45.0],[130.45161290322582,44.54838709677419],[130.0,44.46153846153846],[129.82857142857142,44.17142857142857],[129.14285714285714,44.0],[130.6551724137931,42.65517241379311],[131.0,42.64285714285714],[131.20833333333334,42.79166666666667],[132.04000000000002,42.96],[132.0,43.333333333333336],[131.33333333333334,44.0],[132.0,44.66666666666667]],[[132.75,48.25],[132.2,48.0],[132.4,47.4],[133.0,47.2],[133.44444444444443,47.55555555555556],[133.0,48.666666666666664],[132.75,48.25]],[[133.15,45.849999999999994],[133.4,46.400000000000006],[133.0,46.75],[132.8125,46.1875],[132.8695652173913,45.869565217391305],[133.15,45.849999999999994]]],[[[141.57894736842104,52.421052631578945],[142.0,52.66666666666667],[142.375,52.0],[142.33333333333334,51.66666666666667],[142.0,51.368421052631575],[141.51020408163265,51.51020408163265],[141.57894736842104,52.421052631578945]]],[[[143.0,55.5],[144.0,55.44444444444444],[144.30769230769232,55.0],[144.2,54.2],[144.33333333333334,52.0],[144.16666666666669,51.83333333333333],[143.8695652173913,52.0],[143.9318181818182,54.0],[143.72881355932202,54.728813559322035],[142.78571428571428,55.0],[143.0,55.5]]],[[[142.21428571428572,57.214285714285715],[143.0,57.0],[142.26086956521738,56.73913043478261],[141.87755102040816,56.87755102040816],[142.0,57.599999999999994],[142.21428571428572,57.214285714285715]]],[[[142.23529411764707,62.23529411764706],[142.0,61.599999999999994],[141.8181818181818,62.18181818181818],[142.0,63.0],[142.23529411764707,62.23529411764706]]],[[[108.47058823529412,78.52941176470587],[108.44444444444444,79.0],[108.60000000000001,79.4],[109.0,79.55555555555554],[113.0,79.63636363636363],[113.4375,79.4375],[113.69999999999999,79.0],[113.625,78.625],[114.0,78.0],[108.0,78.0],[108.47058823529412,78.52941176470587]]],[[[108.0,80.25],[107.45161290322581,79.54838709677418],[107.0,79.36363636363637],[102.0,79.4],[101.71428571428572,79.28571428571428],[101.5,79.0],[101.5,78.5],[101.0,78.0],[100.0,78.0],[100.0,79.0],[98.0,79.0],[97.0,79.28571428571428],[96.54545454545453,79.54545454545453],[96.44444444444444,80.0],[96.62962962962962,80.37037037037037],[97.0,80.55555555555556],[105.0,80.6],[105.27586206896552,80.72413793103448],[105.62962962962962,81.37037037037037],[106.0,81.55555555555556],[111.0,81.6],[111.44444444444443,81.44444444444444],[111.85714285714286,81.0],[111.44444444444443,80.55555555555556],[111.0,80.4],[109.0,80.4],[108.0,80.25]]]]}}]}