{"type":"FeatureCollection","features":[{"type":"Feature","properties":{"ageMa":0},"geometry":{"type":"MultiPolygon","coordinates":[[[[-72.0,-84.0],[-73.0,-84.23076923076923],[-74.0,-84.0],[-73.0,-83.9],[-72.0,-84.0]]],[[[-80.375,-80.0],[-83.16666666666666,-80.83333333333334],[-84.0,-81.41666666666666],[-85.3265306122449,-81.6734693877551],[-86.28169014084507,-81.71830985915493],[-88.0,-82.48148148148148],[-88.40625,-82.40625],[-89.0,-82.07692307692308],[-90.0,-82.3076923076923],[-91.0,-82.0],[-90.42105263157893,-81.57894736842104],[-90.23076923076924,-81.0],[-91.0,-80.56521739130434],[-93.83333333333334,-81.0],[-94.75,-82.0],[-94.46153846153847,-82.46153846153847],[-94.0,-82.42857142857142],[-93.66666666666667,-83.0],[-93.32,-83.32],[-93.0,-83.42105263157895],[-90.0,-83.31034482758622],[-88.0,-83.5185185185185],[-85.57575757575758,-83.57575757575758],[-84.0,-83.78260869565217],[-83.28571428571428,-84.0],[-83.6774193548387,-84.3225806451613],[-84.0,-84.83333333333334],[-85.33333333333334,-85.66666666666667],[-85.6,-86.0],[-85.4,-86.4],[-85.0,-86.5],[-84.0,-86.58333333333333],[-79.0,-86.5],[-75.65957446808511,-86.34042553191489],[-74.81818181818181,-86.18181818181819],[-74.0,-85.75],[-69.5,-85.0],[-69.66666666666667,-84.66666666666667],[-69.75,-84.0],[-68.83333333333334,-83.83333333333334],[-66.75,-83.75],[-64.0,-84.11538461538461],[-62.0,-84.79166666666666],[-60.66666666666667,-85.0],[-60.0,-85.4],[-57.0,-85.38888888888889],[-55.57142857142858,-85.57142857142858],[-54.266666666666666,-86.26666666666667],[-51.0,-86.625],[-50.0,-87.0],[-50.42857142857143,-87.57142857142857],[-51.0,-87.85714285714286],[-53.0,-88.0],[-53.66666666666667,-88.33333333333334],[-55.0,-88.5],[-56.0,-89.0],[-57.00000000000001,-88.66666666666667],[-58.0,-89.0],[-59.0,-88.80000000000001],[-62.81818181818182,-88.81818181818181],[-64.0,-88.66666666666667],[-65.0,-88.83333333333334],[-66.81818181818181,-88.81818181818181],[-68.0,-89.0],[-71.0,-88.9],[-71.5,-89.0],[-71.5,-89.5],[-72.0,-90.0],[-78.0,-90.0],[-78.0,-89.0],[-79.0,-89.0],[-79.0,-90.0],[-93.0,-90.0],[-93.0,-89.0],[-98.0,-88.9],[-100.0,-89.0],[-101.0,-88.88888888888887],[-102.0,-89.0],[-105.0,-89.0],[-105.0,-90.0],[-180.0,-90.0],[-180.0,-84.14999999999999],[-179.87671232876713,-84.12328767123287],[-179.21052631578948,-84.21052631578948],[-171.0,-84.19047619047619],[-168.609756097561,-84.39024390243902],[-166.0,-84.36363636363636],[-164.6,-84.60000000000001],[-163.00000000000003,-85.07692307692308],[-158.25688073394497,-85.25688073394497],[-156.0,-85.16216216216216],[-151.54,-85.46],[-145.2344827586207,-85.23448275862069],[-141.0,-85.33802816901408],[-137.21238938053096,-85.21238938053096],[-123.8153846153846,-85.18461538461538],[-121.0,-84.51219512195122],[-119.0,-84.5],[-114.96551724137932,-84.0344827586207],[-113.0,-83.2],[-112.0,-83.0],[-111.35,-82.64999999999999],[-109.0,-82.47058823529412],[-107.17391304347825,-81.82608695652173],[-104.0,-81.54545454545455],[-102.08695652173913,-81.08695652173914],[-100.0,-80.81818181818183],[-97.75,-80.0],[-96.0,-79.8888888888889],[-93.0,-79.0],[-92.0,-78.42857142857142],[-91.625,-78.375],[-91.0701754385965,-77.9298245614035],[-89.0,-77.5945945945946],[-87.78378378378378,-77.21621621621622],[-86.0,-77.13888888888889],[-84.76249999999999,-77.7625],[-84.51807228915663,-78.51807228915663],[-83.43010752688173,-79.43010752688173],[-82.0,-79.5],[-80.375,-80.0]],[[-110.88888888888889,-84.1111111111111],[-110.25,-84.0],[-111.3157894736842,-83.68421052631578],[-111.5,-84.0],[-110.88888888888889,-84.1111111111111]],[[-94.8,-83.0],[-94.60000000000001,-82.6],[-95.0,-82.5],[-95.16666666666666,-82.16666666666667],[-95.75,-82.25],[-98.1081081081081,-82.10810810810811],[-99.0,-82.20833333333333],[-100.0,-82.68181818181819],[-102.0327868852459,-82.9672131147541],[-103.25,-84.0],[-103.25,-85.0],[-103.04545454545455,-85.04545454545455],[-101.93548387096774,-85.06451612903226],[-99.0,-84.03846153846155],[-97.05882352941175,-83.94117647058823],[-95.54545454545453,-83.45454545454545],[-94.8,-83.0]]],[[[-79.4,-77.0],[-80.0,-77.3],[-80.29268292682927,-77.29268292682927],[-80.85714285714286,-77.0],[-80.0,-76.77777777777779],[-79.4,-77.0]]],[[[-78.0,-77.18518518518519],[-78.55555555555556,-77.0],[-77.88888888888889,-76.88888888888889],[-77.5,-77.0],[-78.0,-77.18518518518519]]],[[[-116.27586206896552,-76.27586206896552],[-115.7560975609756,-76.7560975609756],[-115.80392156862744,-77.19607843137254],[-116.57333333333332,-77.42666666666666],[-117.37209302325581,-77.37209302325581],[-117.94117647058823,-77.0],[-117.65217391304348,-76.34782608695653],[-117.00000000000001,-76.2],[-116.27586206896552,-76.27586206896552]]],[[[-119.57142857142858,-77.0],[-121.0,-77.33333333333333],[-121.69999999999999,-77.3],[-122.38461538461539,-77.61538461538461],[-124.09836065573771,-77.90163934426229],[-128.95833333333334,-77.95833333333334],[-131.0,-77.73913043478261],[-137.0,-77.93333333333334],[-137.65079365079364,-77.65079365079364],[-139.0,-77.58333333333333],[-140.0,-77.24324324324324],[-141.3777777777778,-77.62222222222222],[-142.0,-78.0],[-143.0,-78.33333333333334],[-144.26666666666665,-78.26666666666667],[-145.0,-78.0],[-146.0,-78.3076923076923],[-147.0,-78.1875],[-148.0,-78.3],[-151.0,-78.07692307692307],[-152.0,-78.25],[-153.0,-78.0],[-151.84615384615384,-77.84615384615384],[-151.05,-77.95],[-150.14814814814815,-77.85185185185185],[-149.0,-77.5],[-148.25,-77.0],[-148.25,-76.75],[-148.0,-76.66666666666666],[-147.875,-77.0],[-147.4516129032258,-77.45161290322581],[-147.0,-77.7],[-146.0,-77.63636363636363],[-145.51724137931035,-77.48275862068965],[-145.36363636363637,-77.0],[-145.9375,-76.0],[-145.0,-75.25],[-144.0,-75.4],[-142.71428571428572,-75.28571428571428],[-141.0,-75.36363636363636],[-139.0,-75.0],[-138.0,-75.33333333333334],[-137.0,-75.16129032258064],[-136.0,-74.80952380952381],[-133.95698924731184,-75.04301075268818],[-133.0,-74.60714285714286],[-131.0,-74.375],[-130.0,-74.125],[-129.0,-74.5],[-127.11764705882354,-74.11764705882354],[-126.37837837837839,-74.37837837837839],[-125.0,-74.5625],[-124.0,-74.3],[-123.0,-74.58333333333333],[-122.54838709677419,-74.4516129032258],[-122.0,-74.0],[-121.0,-74.0],[-120.38095238095238,-74.38095238095238],[-119.0,-74.75],[-118.0,-74.42857142857142],[-117.0,-74.375],[-116.77272727272728,-74.77272727272728],[-115.14285714285714,-74.85714285714286],[-114.5625,-74.4375],[-114.46153846153845,-74.0],[-114.0,-73.73913043478261],[-113.4,-74.0],[-113.71428571428572,-75.0],[-114.85714285714286,-75.14285714285714],[-115.0,-75.375],[-116.0,-75.5],[-118.42105263157895,-75.57894736842104],[-119.0,-76.0],[-119.44444444444443,-76.55555555555556],[-119.57142857142858,-77.0]],[[-122.2,-76.2],[-122.0,-76.625],[-121.6875,-76.3125],[-121.6875,-75.6875],[-122.0,-75.5],[-122.22222222222223,-75.77777777777777],[-122.2,-76.2]]],[[[-112.3448275862069,-75.65517241379311],[-112.0,-75.56521739130434],[-111.6078431372549,-75.6078431372549],[-111.0909090909091,-76.0],[-112.0,-76.22222222222223],[-112.5,-76.0],[-112.3448275862069,-75.65517241379311]]],[[[-110.5,-75.0],[-110.28571428571428,-74.71428571428571],[-110.0,-74.61111111111111],[-109.69565217391306,-74.69565217391305],[-109.3,-75.0],[-109.75438596491227,-75.24561403508773],[-110.31111111111112,-75.31111111111112],[-110.5,-75.0]]],[[[-75.71428571428571,-74.28571428571428],[-77.0,-74.02272727272727],[-78.86206896551724,-74.13793103448276],[-78.96078431372548,-75.0392156862745],[-80.05263157894737,-75.05263157894737],[-80.13333333333334,-73.86666666666667],[-79.36363636363636,-73.63636363636363],[-79.0,-73.33333333333334],[-78.71428571428571,-73.71428571428571],[-77.0,-73.8],[-76.0,-73.0],[-74.69999999999999,-73.7],[-74.66666666666667,-74.33333333333334],[-75.0,-74.375],[-75.22222222222223,-74.22222222222223],[-75.71428571428571,-74.28571428571428]]],[[[-104.6,-73.0],[-105.0,-73.6],[-105.28571428571428,-73.28571428571428],[-105.30000000000001,-73.0],[-105.0,-72.75],[-104.6,-73.0]]],[[[-97.0,-74.34615384615384],[-99.1923076923077,-74.1923076923077],[-99.83333333333334,-74.0],[-99.77777777777777,-73.77777777777777],[-100.0,-73.0],[-101.0,-73.0],[-102.0,-73.5],[-103.0,-73.44444444444444],[-103.3076923076923,-73.0],[-103.0,-72.6923076923077],[-102.63636363636364,-72.63636363636363],[-102.19999999999999,-72.8],[-102.0,-72.66666666666667],[-101.78947368421052,-72.21052631578948],[-101.85714285714286,-72.0],[-101.0,-71.47826086956522],[-100.0,-71.9047619047619],[-99.0,-71.85714285714286],[-98.33333333333334,-72.0],[-98.66666666666667,-73.0],[-98.2,-73.2],[-96.0,-73.41176470588235],[-94.28571428571428,-73.28571428571428],[-93.0,-74.0],[-97.0,-74.34615384615384]]],[[[-74.71428571428571,-45.71428571428571],[-74.0,-46.0],[-74.6,-46.400000000000006],[-75.0,-46.33333333333333],[-75.0,-45.800000000000004],[-74.71428571428571,-45.71428571428571]]],[[[-80.25,8.0],[-81.42857142857143,8.0],[-81.3,8.3],[-80.60000000000001,8.4],[-80.25,8.0]]],[[[-79.0,21.0],[-79.10416666666667,21.895833333333332],[-79.80645161290323,21.806451612903224],[-80.375,22.0],[-80.43636363636364,22.436363636363637],[-80.0,23.0],[-79.0,22.3125],[-78.0,22.0],[-77.92,21.080000000000002],[-77.18181818181819,21.18181818181818],[-75.94444444444444,21.0],[-76.0,20.0],[-76.90610328638498,19.906103286384976],[-77.47619047619048,20.0],[-77.53191489361703,20.46808510638298],[-78.03703703703704,20.962962962962962],[-79.0,21.0]]],[[[-81.0,22.952380952380953],[-82.27272727272728,22.727272727272727],[-83.0,23.0],[-82.0,23.115384615384617],[-80.0,23.0],[-80.81818181818181,22.81818181818182],[-81.0,22.952380952380953]]],[[[-110.08230452674897,22.91769547325103],[-110.22988505747126,23.229885057471265],[-110.0392156862745,23.96078431372549],[-111.0,24.0],[-109.98347107438016,24.016528925619834],[-109.92063492063492,22.920634920634917],[-110.08230452674897,22.91769547325103]]],[[[-96.57894736842104,72.57894736842104],[-96.71428571428571,72.28571428571428],[-96.22222222222223,71.77777777777777],[-95.66666666666666,72.0],[-95.47058823529412,73.47058823529412],[-95.19999999999999,74.0],[-95.55555555555556,74.44444444444443],[-96.17391304347825,74.82608695652173],[-96.23529411764707,75.23529411764706],[-96.0,75.5],[-95.0,75.75],[-94.0,75.625],[-93.6,75.4],[-93.35714285714286,74.64285714285714],[-93.0,74.44444444444444],[-92.56521739130434,74.56521739130434],[-92.44444444444444,75.0],[-92.66666666666667,76.0],[-92.30769230769232,76.30769230769232],[-91.4,76.4],[-91.0,76.66666666666667],[-90.60000000000001,76.60000000000001],[-90.0,77.0],[-90.0,76.0],[-89.17391304347825,75.82608695652175],[-87.0,75.45454545454545],[-86.0,75.4090909090909],[-84.0,75.43333333333334],[-83.0,75.6341463414634],[-81.47058823529412,75.52941176470588],[-80.58208955223881,75.41791044776119],[-80.0,75.0],[-80.64999999999999,74.65],[-82.0,74.3953488372093],[-83.0,74.38095238095238],[-84.0,74.53571428571429],[-85.0,74.41379310344828],[-87.0,74.52380952380952],[-89.0,74.47058823529412],[-89.37209302325581,74.37209302325581],[-89.8,74.0],[-89.78947368421052,73.78947368421052],[-91.22222222222223,74.22222222222223],[-92.0,74.0],[-91.60000000000001,73.4],[-91.62962962962962,72.62962962962962],[-92.0,72.28571428571429],[-94.0,72.0],[-93.11764705882352,71.88235294117646],[-92.53846153846155,70.46153846153847],[-92.00000000000001,69.8],[-91.0,70.0],[-90.0,70.0],[-88.4,69.6],[-88.0,69.0],[-88.18181818181819,68.18181818181819],[-88.0,67.85714285714286],[-87.0,68.0],[-86.44444444444444,68.44444444444444],[-86.0,68.5],[-85.77777777777777,68.77777777777777],[-85.0,69.0],[-84.57142857142857,69.57142857142858],[-84.0,70.0],[-84.57142857142857,70.42857142857143],[-85.0,71.0],[-85.52941176470588,70.52941176470588],[-86.33333333333334,70.33333333333334],[-87.0,70.0],[-87.44444444444444,70.55555555555556],[-87.5,71.0],[-88.0,71.28571428571428],[-88.66666666666666,71.0],[-88.71428571428571,70.71428571428571],[-89.0,70.5],[-89.4,70.60000000000001],[-89.5,71.0],[-89.80000000000001,71.2],[-90.33333333333334,72.0],[-90.0,72.0909090909091],[-89.51219512195121,72.51219512195122],[-89.3225806451613,73.32258064516128],[-87.0,73.42105263157895],[-86.73333333333333,73.26666666666668],[-86.53333333333333,72.46666666666667],[-86.0,71.8],[-85.81818181818181,71.81818181818181],[-85.8,72.0],[-85.4,72.4],[-85.28125,73.28125],[-85.0,73.42857142857143],[-84.0,73.11764705882352],[-83.0,73.5],[-82.0,73.48484848484848],[-80.0,73.1304347826087],[-79.0,73.47368421052632],[-77.0,73.52272727272728],[-76.5929203539823,73.40707964601769],[-76.04494382022472,72.95505617977528],[-75.37837837837839,72.62162162162163],[-74.60344827586208,72.39655172413794],[-74.0,71.79166666666667],[-73.0,71.62857142857143],[-72.0,71.70212765957447],[-70.57142857142857,71.0],[-70.0,70.11111111111111],[-69.0,69.38461538461539],[-68.5,69.5],[-68.16666666666667,69.0],[-67.0,68.75862068965517],[-66.50561797752809,68.49438202247191],[-66.0,68.0],[-65.0,68.27272727272727],[-64.88461538461539,68.11538461538461],[-64.0,67.86956521739131],[-63.0,67.04347826086956],[-62.0,67.0],[-62.0625,66.0],[-62.45161290322581,65.45161290322581],[-63.14545454545454,65.14545454545456],[-64.0,65.03333333333333],[-65.0,65.63333333333333],[-65.4074074074074,65.5925925925926],[-66.0,66.0],[-66.26666666666667,65.26666666666667],[-66.18181818181817,65.0],[-65.0,64.0952380952381],[-64.66666666666666,64.0],[-64.5,63.5],[-64.0,63.0],[-64.80952380952381,62.80952380952381],[-65.0,62.599999999999994],[-65.44444444444444,62.55555555555555],[-66.0,63.0],[-67.0,63.10526315789474],[-67.23529411764706,62.76470588235294],[-67.15384615384616,62.15384615384615],[-67.71428571428571,62.285714285714285],[-68.0,62.16666666666667],[-68.73684210526316,62.26315789473685],[-70.4,62.6],[-72.0,63.625],[-73.81818181818181,64.18181818181819],[-75.0,64.75],[-75.6470588235294,64.6470588235294],[-77.0,64.76923076923077],[-77.33333333333334,64.66666666666667],[-77.8,64.8],[-78.0,64.0],[-78.25,64.75],[-78.5,65.0],[-78.5,65.5],[-78.0,66.0],[-76.0,66.0],[-75.0,65.5],[-74.28571428571428,66.28571428571428],[-74.0,66.25],[-73.5,66.5],[-73.0,67.0],[-73.0,68.0],[-73.66666666666667,67.66666666666667],[-74.0,67.75],[-74.33333333333334,67.66666666666667],[-75.0,68.0],[-75.0,67.0],[-76.0,67.0],[-76.5,67.5],[-77.33333333333334,67.66666666666667],[-78.0,68.0],[-79.0,68.0],[-80.0,69.0],[-80.0,70.0],[-81.0,70.2],[-81.13333333333334,70.13333333333333],[-81.25,69.75],[-81.0,69.0],[-81.60000000000001,68.60000000000001],[-82.0,68.0],[-82.0,67.0],[-82.36363636363636,66.36363636363637],[-83.25,66.0],[-83.0,64.0],[-85.0,63.33333333333334],[-86.28571428571428,63.71428571428571],[-87.63636363636364,64.36363636363637],[-88.23529411764706,64.23529411764706],[-90.0,63.75],[-90.46153846153847,63.46153846153847],[-90.83333333333334,62.833333333333336],[-93.0,62.0],[-93.6,61.6],[-94.5,60.5],[-94.66666666666666,60.0],[-94.5,59.5],[-94.0,59.0],[-92.71428571428571,58.28571428571428],[-92.33333333333334,57.66666666666667],[-92.0,57.5],[-91.0,57.5],[-90.0,57.333333333333336],[-88.0,56.33333333333333],[-87.66666666666667,56.333333333333336],[-86.0,55.66666666666667],[-85.0,55.6],[-84.0,55.25],[-83.0,55.33333333333333],[-82.0,55.0],[-82.0,54.0],[-81.0,54.0],[-80.60000000000001,53.400000000000006],[-80.5,52.5],[-81.0,52.0],[-79.0,52.0],[-79.0,53.0],[-79.4,53.60000000000001],[-79.5,54.0],[-79.0,55.0],[-79.0,56.0],[-78.0,56.0],[-77.0,55.800000000000004],[-76.85714285714286,56.14285714285714],[-76.8,57.0],[-77.0,57.5],[-77.33333333333334,57.66666666666667],[-77.5,58.0],[-78.5,59.0],[-77.5,60.0],[-78.2,60.800000000000004],[-78.2,62.0],[-78.0,62.2],[-77.41666666666667,62.41666666666667],[-75.0,62.72727272727273],[-74.0,62.53333333333333],[-72.55,62.45],[-72.0,62.0],[-70.57894736842104,61.421052631578945],[-70.0,61.0],[-70.0,60.0],[-69.0,60.0],[-69.0,59.0],[-68.47058823529412,58.52941176470588],[-67.0,58.57142857142857],[-66.0,59.0],[-65.36363636363636,60.0],[-65.0,60.19047619047619],[-64.0,60.0],[-63.32,59.67999999999999],[-63.11320754716981,58.88679245283019],[-63.0,58.75],[-62.4,58.60000000000001],[-61.16666666666667,57.0],[-61.0,56.0],[-60.0,55.75],[-59.72727272727273,55.272727272727266],[-58.5,55.0],[-58.5,54.5],[-58.0,54.75],[-57.625,54.375],[-56.315789473684205,53.684210526315795],[-55.76470588235294,53.23529411764706],[-55.565217391304344,52.43478260869565],[-55.54545454545455,51.54545454545455],[-55.833333333333336,50.0],[-55.0,49.16666666666667],[-54.0,49.2],[-53.63636363636364,48.36363636363636],[-53.2,47.8],[-53.0,47.0],[-53.5,46.5],[-54.0,46.375],[-54.43478260869565,46.565217391304344],[-54.71428571428571,47.285714285714285],[-55.0,47.375],[-55.6,47.0],[-55.66666666666667,46.66666666666667],[-56.0,46.333333333333336],[-56.7,47.3],[-57.0,47.42857142857142],[-58.0,47.15384615384615],[-59.205128205128204,47.794871794871796],[-59.25806451612903,48.25806451612903],[-59.0,49.0],[-58.0,49.0],[-57.625,50.625],[-57.25,51.0],[-58.0,51.27272727272727],[-59.0,51.0],[-59.515151515151516,50.515151515151516],[-60.0,50.27272727272727],[-61.0,50.333333333333336],[-62.09090909090909,50.09090909090909],[-64.0,50.0625],[-66.0,50.25],[-67.0,50.0],[-66.18604651162791,49.81395348837209],[-65.17777777777778,49.82222222222222],[-64.5,49.5],[-64.33333333333334,49.0],[-64.43478260869564,48.565217391304344],[-64.36363636363637,48.36363636363636],[-65.0,48.0],[-64.6,47.4],[-64.0,47.0],[-63.0,46.0],[-62.285714285714285,45.71428571428571],[-62.0,45.0],[-62.61904761904761,44.61904761904762],[-64.4,44.400000000000006],[-64.6470588235294,43.647058823529406],[-65.0,43.400000000000006],[-66.0,43.75],[-66.2,44.0],[-66.22222222222223,44.22222222222222],[-65.33333333333333,45.0],[-65.60000000000001,45.4],[-66.0,45.666666666666664],[-67.625,44.625],[-69.0,44.333333333333336],[-69.71428571428572,43.71428571428571],[-70.0,43.714285714285715],[-70.45454545454545,43.45454545454545],[-70.83333333333334,43.0],[-70.71428571428571,42.285714285714285],[-70.0,42.0],[-70.5,41.5],[-71.0,41.5],[-71.25,41.25],[-72.0,41.0],[-73.0,41.0],[-75.0,39.0],[-75.0,38.0],[-76.0,38.0],[-76.0,35.0],[-76.89473684210526,34.89473684210526],[-77.0,34.5],[-77.4,34.400000000000006],[-78.66666666666667,33.66666666666667],[-79.0,33.0],[-79.83333333333333,32.833333333333336],[-80.0,32.0],[-81.0,32.0],[-81.0,30.0],[-80.83333333333334,28.166666666666664],[-80.66666666666667,28.0],[-80.66666666666667,27.0],[-80.80000000000001,26.8],[-81.0,25.0],[-82.0,25.0],[-82.0,26.0],[-83.0,26.0],[-83.0,29.0],[-84.0,29.0],[-84.0,30.0],[-84.5,29.5],[-85.0,29.5],[-85.2,29.8],[-86.0,30.0],[-86.60000000000001,30.400000000000002],[-88.0,30.5],[-89.66666666666667,29.666666666666668],[-90.0,29.0],[-90.60000000000001,29.400000000000002],[-91.0,29.5],[-91.4,29.400000000000002],[-92.0,29.0],[-95.0,29.0],[-95.60000000000001,28.6],[-96.0,28.0],[-97.0,28.0],[-97.5,27.0],[-97.4,26.6],[-97.0,26.0],[-97.0,25.0],[-97.92592592592592,24.925925925925927],[-97.816091954023,23.183908045977013],[-97.94444444444444,22.0],[-97.80769230769232,21.192307692307693],[-97.13157894736842,20.86842105263158],[-96.89999999999999,20.0],[-96.0,19.0],[-95.86666666666666,18.133333333333333],[-93.125,18.125],[-93.0,18.5],[-92.0,18.333333333333336],[-91.60000000000001,18.6],[-91.33333333333334,19.0],[-91.0,20.0],[-91.0,21.0],[-90.4,21.4],[-89.60000000000001,21.6],[-89.0,22.0],[-87.0,22.0],[-86.96774193548387,21.0],[-87.93333333333334,20.93333333333333],[-88.0,18.0],[-88.28571428571428,17.285714285714285],[-88.33333333333334,16.333333333333336],[-89.0,16.0],[-88.15789473684211,15.842105263157894],[-88.0,15.7],[-87.87234042553192,15.872340425531915],[-85.0,16.0],[-84.36363636363636,15.636363636363637],[-83.55555555555554,15.444444444444443],[-83.0,15.0],[-83.0,13.0],[-83.6923076923077,12.692307692307693],[-83.77777777777777,12.222222222222221],[-83.96363636363637,11.963636363636363],[-83.95833333333333,11.0],[-82.56179775280899,9.438202247191013],[-82.0,9.0],[-82.21052631578948,8.210526315789473],[-82.64864864864865,8.35135135135135],[-83.0,8.25],[-83.99999999999999,9.020408163265305],[-84.43049327354261,9.5695067264574],[-85.0,10.0],[-85.07407407407408,10.925925925925926],[-85.78947368421052,11.210526315789473],[-86.0,11.5],[-86.07843137254902,11.92156862745098],[-86.88571428571429,12.114285714285714],[-87.05555555555556,12.944444444444445],[-89.0,13.0],[-89.51515151515153,13.484848484848486],[-90.24460431654677,13.755395683453237],[-91.01041666666666,13.989583333333332],[-92.0,14.025641025641026],[-93.0,15.05],[-93.6969696969697,15.303030303030305],[-94.0,16.0],[-94.88571428571429,16.114285714285714],[-95.0,16.4],[-95.11111111111111,16.0],[-95.8740157480315,15.874015748031496],[-97.14746543778801,15.852534562211982],[-97.72727272727273,16.0],[-98.33333333333334,16.666666666666668],[-98.61797752808988,16.617977528089888],[-100.04724409448818,16.95275590551181],[-100.51690821256038,17.483091787439616],[-102.0,18.0],[-102.64835164835165,18.35164835164835],[-103.0,18.340425531914892],[-103.30541871921181,18.694581280788178],[-104.04651162790698,19.0],[-105.14611872146119,19.853881278538815],[-105.36781609195403,20.367816091954023],[-105.34666666666666,20.653333333333336],[-105.8125,21.0],[-106.05,23.0],[-108.43333333333334,25.56666666666667],[-109.04347826086956,25.956521739130434],[-110.0,27.0],[-110.2,27.8],[-111.0,28.0],[-111.36842105263159,28.631578947368425],[-112.0,28.904761904761905],[-112.44444444444444,28.555555555555554],[-112.22222222222223,29.0],[-112.62162162162163,29.37837837837838],[-113.11111111111111,30.88888888888889],[-114.00000000000001,31.333333333333336],[-114.4230769230769,30.0],[-114.42307692307693,29.576923076923077],[-113.60000000000001,29.400000000000002],[-113.25454545454545,28.745454545454542],[-113.0,28.766666666666666],[-112.50537634408603,28.49462365591398],[-112.46341463414635,27.53658536585366],[-112.0,27.0],[-111.8235294117647,26.176470588235293],[-111.35555555555555,25.644444444444442],[-111.0,25.63636363636364],[-110.75221238938053,25.24778761061947],[-110.64102564102564,24.641025641025642],[-111.0,24.0],[-111.61111111111111,24.38888888888889],[-112.0,24.875],[-112.20689655172413,25.79310344827586],[-112.75,26.0],[-112.7142857142857,26.285714285714285],[-113.0,26.5],[-113.05633802816901,26.943661971830984],[-114.0,27.0],[-114.01923076923076,27.98076923076923],[-114.33333333333334,28.0],[-114.63636363636364,28.363636363636363],[-114.625,29.375],[-115.0,29.285714285714285],[-115.63636363636363,30.363636363636367],[-116.0,30.727272727272727],[-116.7017543859649,32.0],[-116.69642857142858,32.30357142857143],[-117.2,32.8],[-117.58928571428571,33.410714285714285],[-118.57894736842104,34.421052631578945],[-119.0,34.64516129032258],[-120.0,34.0],[-120.76744186046511,35.0],[-120.75,35.25],[-121.0,35.45454545454545],[-121.26666666666665,36.0],[-121.375,36.375],[-121.27777777777777,36.72222222222222],[-122.0,37.0],[-122.05882352941177,37.94117647058824],[-123.0,38.05882352941177],[-123.20915032679738,38.790849673202615],[-123.74257425742574,39.257425742574256],[-124.0,40.0],[-124.23703703703704,41.76296296296296],[-124.41025641025641,42.0],[-124.15151515151516,43.0],[-124.21052631578947,44.0],[-124.0,46.0],[-124.05000000000001,46.95],[-124.6923076923077,47.30769230769231],[-124.91666666666666,48.0],[-125.0,49.0],[-126.00000000000001,49.04545454545455],[-127.55172413793103,50.0],[-127.6,50.400000000000006],[-128.0,51.0],[-128.66666666666669,51.333333333333336],[-128.60000000000002,51.6],[-128.86666666666667,52.13333333333334],[-129.0,53.0],[-130.41666666666666,53.41666666666667],[-131.0,53.0],[-131.76344086021504,52.763440860215056],[-132.10526315789474,52.89473684210527],[-132.3013698630137,53.3013698630137],[-132.14634146341464,53.85365853658537],[-132.75438596491227,53.75438596491228],[-133.17948717948718,54.0],[-133.25,54.25],[-133.0,55.0],[-133.44444444444443,55.55555555555555],[-134.56756756756758,56.432432432432435],[-135.0,56.38095238095238],[-135.25242718446603,56.747572815533985],[-135.8125,57.0],[-136.16842105263157,57.83157894736842],[-137.0,58.625],[-138.0,58.5],[-138.22058823529412,58.779411764705884],[-139.0,59.088235294117645],[-141.0,59.28571428571429],[-141.1818181818182,59.81818181818181],[-142.0,60.13953488372093],[-144.0,60.0],[-144.8181818181818,60.18181818181818],[-146.0,60.054054054054056],[-146.82222222222222,60.17777777777778],[-147.0,61.0],[-148.0,61.0],[-148.0,60.0],[-149.0,60.0],[-149.2325581395349,59.23255813953489],[-150.85185185185185,59.14814814814815],[-151.6190476190476,59.38095238095238],[-151.93333333333334,60.0],[-152.0,60.5],[-152.02985074626866,60.02985074626866],[-152.36363636363637,59.36363636363636],[-153.0,59.17647058823529],[-153.23076923076923,59.0],[-153.4,58.60000000000001],[-153.0,58.0],[-153.57894736842104,58.421052631578945],[-155.08333333333334,58.083333333333336],[-155.55555555555557,57.55555555555555],[-156.41379310344828,57.41379310344827],[-156.63636363636363,56.63636363636364],[-158.0,56.14285714285714],[-158.2,56.2],[-159.0,55.0],[-159.8,55.2],[-160.8125,55.1875],[-161.0,55.75],[-162.0,56.0],[-161.40000000000003,56.400000000000006],[-161.0,56.5],[-160.9310344827586,56.93103448275862],[-159.06666666666666,56.93333333333333],[-159.0,56.66666666666667],[-158.8,56.8],[-158.71428571428572,57.71428571428571],[-158.28571428571428,57.71428571428571],[-157.5,58.0],[-157.6,58.400000000000006],[-158.0,58.5],[-158.22222222222223,58.22222222222222],[-160.0,58.0],[-161.22222222222223,58.22222222222222],[-162.0,58.0],[-161.77777777777777,58.77777777777778],[-162.0,59.5],[-162.4,59.400000000000006],[-163.0,59.0],[-166.0,59.0],[-167.4,59.6],[-168.0,60.0],[-168.0,61.0],[-166.0,61.0],[-166.0,63.0],[-165.0,63.0],[-165.0,64.0],[-167.0,64.0],[-167.0,66.0],[-166.60000000000002,66.60000000000001],[-166.0,67.0],[-166.0,68.0],[-165.66666666666669,68.66666666666667],[-165.4,68.60000000000001],[-164.77777777777777,68.77777777777777],[-164.60000000000002,69.0],[-164.55555555555554,69.44444444444444],[-165.0,70.0],[-163.0,70.0],[-162.4,70.4],[-161.60000000000002,70.60000000000001],[-161.0,70.66666666666667],[-160.0,70.5],[-159.60000000000002,70.60000000000001],[-159.0,71.0],[-158.0,71.0],[-157.0,71.33333333333333],[-156.8181818181818,71.18181818181819],[-156.0,71.0],[-155.10526315789474,71.10526315789474],[-153.0,71.0],[-152.4,70.60000000000001],[-151.0,70.2],[-150.35294117647058,70.35294117647058],[-149.0,70.4],[-148.77777777777777,70.22222222222223],[-148.27272727272725,70.27272727272727],[-147.0,70.08],[-141.0,69.88888888888889],[-140.0,69.96000000000001],[-138.375,69.625],[-138.0,69.4],[-137.55555555555554,69.44444444444444],[-137.0,69.0],[-136.0,69.0],[-136.0,70.0],[-132.0,70.0],[-131.4,70.4],[-130.60000000000002,70.60000000000001],[-130.0,71.0],[-129.0,71.0],[-129.0,70.0],[-128.5,70.5],[-128.0,70.5],[-126.0,70.0],[-125.0,70.0],[-123.26666666666665,69.73333333333332],[-121.0,69.80952380952381],[-118.0,69.33333333333334],[-117.57894736842105,69.57894736842104],[-117.55555555555556,70.0],[-117.73333333333333,70.26666666666667],[-118.71428571428572,71.0],[-119.0,72.0],[-119.69230769230771,72.30769230769232],[-120.00000000000001,72.33333333333334],[-120.51724137931035,71.51724137931035],[-120.99999999999999,71.3],[-122.0,71.6],[-124.0,71.53333333333333],[-125.0,72.0],[-125.0,74.0],[-121.0,74.41176470588235],[-120.0,74.0909090909091],[-119.0,74.0],[-118.36363636363637,74.36363636363636],[-117.0,74.5],[-116.58974358974359,74.41025641025641],[-116.51515151515152,73.51515151515153],[-117.33333333333334,73.0],[-117.0,72.71428571428572],[-116.66666666666669,73.0],[-116.47058823529412,73.47058823529412],[-116.0,73.26666666666667],[-113.0,73.0],[-112.0,72.58333333333333],[-110.0,72.73333333333333],[-109.44444444444444,72.55555555555556],[-109.0,72.25],[-108.55555555555556,72.44444444444444],[-108.33333333333334,72.0],[-108.0,71.8],[-107.75,72.0],[-108.47058823529412,72.52941176470588],[-108.4,73.0],[-108.21052631578948,73.21052631578948],[-107.0,73.28571428571429],[-106.0,73.07692307692308],[-105.0,73.07692307692308],[-104.83333333333334,72.83333333333333],[-104.83333333333334,72.16666666666667],[-104.5,71.5],[-104.0,71.0],[-103.0,70.66666666666667],[-101.66666666666667,70.66666666666667],[-101.0,71.0],[-100.0,71.0],[-100.5,71.5],[-100.5,73.0],[-98.85714285714286,73.85714285714286],[-98.83333333333334,74.16666666666666],[-99.0,74.5],[-100.15384615384615,74.84615384615384],[-100.52941176470588,75.47058823529412],[-101.375,75.625],[-102.0,76.0],[-101.0,76.3],[-100.0,76.125],[-98.0,76.55555555555556],[-97.56521739130434,76.43478260869566],[-97.28571428571429,76.0],[-97.77777777777779,75.0],[-97.41379310344828,73.58620689655172],[-96.72413793103448,73.27586206896552],[-96.57894736842104,72.57894736842104]],[[-59.0,54.75],[-59.285714285714285,54.285714285714285],[-59.17647058823529,53.82352941176471],[-59.0,53.76923076923077],[-58.5,54.0],[-58.5,54.5],[-59.0,54.75]],[[-130.75,53.75],[-130.9090909090909,53.99999999999999],[-131.0,55.0],[-131.33333333333334,54.333333333333336],[-131.11764705882354,53.88235294117647],[-131.0,53.0],[-130.75,53.75]],[[-100.0,69.0],[-99.0,69.0],[-99.0,70.0],[-97.0,70.0],[-96.77777777777777,71.22222222222221],[-97.0,71.5],[-98.0,71.0],[-100.0,71.0],[-100.0,69.0]],[[-101.0,69.0],[-101.66666666666667,69.33333333333334],[-102.00000000000001,69.33333333333334],[-102.22222222222223,69.22222222222223],[-102.4,68.60000000000001],[-102.0,68.0],[-100.0,68.0],[-100.0,69.0],[-101.0,69.0]],[[-133.36363636363637,56.36363636363637],[-133.0,56.285714285714285],[-132.8148148148148,56.81481481481482],[-133.0,57.18518518518519],[-133.33333333333334,57.333333333333336],[-134.0,57.0],[-134.0,56.0],[-133.36363636363637,56.36363636363637]],[[-133.63157894736844,57.631578947368425],[-133.88235294117646,58.11764705882353],[-134.17948717948718,58.17948717948718],[-134.5,58.0],[-134.0,57.0],[-133.63157894736844,57.631578947368425]],[[-78.5,70.0],[-78.4,69.6],[-78.0,69.0],[-77.75,69.75],[-78.0,70.125],[-78.5,70.0]],[[-161.0,65.0],[-161.44444444444443,64.44444444444444],[-162.0,64.2],[-163.0,64.0],[-160.76470588235293,63.76470588235294],[-160.33333333333331,64.0],[-160.77777777777777,64.22222222222223],[-161.0,65.0]],[[-164.0,67.0],[-162.0,66.33333333333334],[-161.5,67.0],[-162.0,67.4],[-163.0,67.125],[-164.0,67.0]],[[-68.7,49.0],[-68.35897435897436,48.641025641025635],[-67.64102564102564,48.641025641025635],[-67.36363636363636,49.0],[-67.57575757575758,49.42424242424242],[-68.0,49.46666666666667],[-68.7,49.0]],[[-150.55555555555554,61.55555555555555],[-151.5,61.0],[-150.13793103448276,60.862068965517246],[-149.875,60.875],[-150.0,61.666666666666664],[-150.55555555555554,61.55555555555555]],[[-114.0,68.0],[-113.66666666666667,68.66666666666667],[-113.75,69.0],[-114.1,69.1],[-115.0,69.0],[-115.0,68.0],[-114.0,68.0]],[[-112.00000000000001,68.2],[-113.0,68.0],[-111.92,67.92],[-111.0,68.0],[-112.00000000000001,68.2]],[[-107.5,69.0],[-107.33333333333334,68.66666666666667],[-106.66666666666669,68.66666666666667],[-106.0,69.0],[-107.0,69.4],[-107.28571428571428,69.28571428571428],[-107.5,69.0]]],[[[-164.0,55.33333333333333],[-163.7142857142857,55.28571428571428],[-163.0,55.0],[-163.92592592592592,54.92592592592593],[-164.0,54.5],[-164.33333333333334,55.0],[-164.0,55.33333333333333]]],[[[-80.66666666666667,64.0],[-81.75,63.75],[-82.0,63.0],[-82.4,63.60000000000001],[-83.0,64.0],[-82.22222222222223,64.22222222222223],[-80.88235294117646,64.11764705882354],[-80.66666666666667,64.0]]],[[[-172.6,67.4],[-172.0,67.0],[-171.0,67.0],[-170.5,66.5],[-170.55555555555554,65.55555555555556],[-171.0,65.0],[-172.0769230769231,65.07692307692308],[-172.2,64.8],[-172.0,64.0],[-175.0,64.2],[-175.63636363636363,64.36363636363637],[-175.9,65.1],[-177.84615384615384,65.15384615384616],[-178.44444444444443,65.55555555555556],[-178.66666666666669,66.0],[-179.00000000000003,66.16666666666667],[-179.25,65.75],[-179.25,65.25],[-179.75,65.25],[-180.0,65.125],[-180.0,69.33333333333334],[-179.71428571428572,69.28571428571428],[-179.5,69.0],[-179.1142857142857,68.88571428571429],[-177.33333333333334,68.66666666666667],[-176.60000000000002,68.4],[-176.0,68.0],[-175.0,68.0],[-174.0,67.5],[-173.0,67.5],[-172.6,67.4]]],[[[-179.42857142857144,70.57142857142857],[-179.60000000000002,71.0],[-179.42857142857144,71.42857142857143],[-179.0,71.6],[-178.0,71.0],[-178.4,70.4],[-179.0,70.25],[-179.42857142857144,70.57142857142857]]],[[[-125.5,72.5],[-125.0,72.0],[-126.0,71.89999999999999],[-126.125,72.125],[-126.0,72.5],[-125.5,72.5]]],[[[-112.0,75.0],[-111.0,75.16666666666666],[-109.76470588235294,75.76470588235294],[-109.71428571428571,76.0],[-109.0,76.3125],[-107.91304347826087,76.08695652173913],[-107.0,75.4],[-106.60000000000001,75.4],[-106.0,75.0],[-108.0,74.71428571428571],[-109.0,74.9090909090909],[-110.0,74.6875],[-112.0,75.0]]],[[[-103.28571428571428,75.71428571428571],[-104.0,76.0],[-103.2,76.2],[-102.0,76.0],[-103.28571428571428,75.71428571428571]]],[[[-113.0,75.28571428571428],[-114.0,75.42857142857142],[-114.33333333333334,75.0],[-115.0,74.66666666666667],[-116.34782608695653,74.65217391304347],[-116.57894736842104,76.42105263157895],[-117.0,76.66666666666666],[-117.47058823529412,76.47058823529412],[-117.91999999999999,75.92],[-118.14285714285714,76.0],[-118.44444444444444,76.55555555555556],[-119.0,76.75],[-119.5,76.5],[-119.6,76.0],[-119.78947368421052,75.78947368421052],[-120.25,75.75],[-121.0,76.0],[-120.0,77.0],[-119.19047619047619,77.19047619047619],[-117.0,77.28571428571428],[-116.0,77.0],[-115.42424242424242,76.57575757575758],[-114.0,76.25],[-113.0,76.55555555555556],[-112.375,76.0],[-112.5,75.5],[-113.0,75.28571428571428]]],[[[-97.0,77.66666666666667],[-97.2,78.0],[-96.16,78.16],[-94.88235294117646,78.11764705882354],[-94.81818181818181,77.81818181818181],[-95.0,77.5],[-95.71428571428571,76.71428571428572],[-96.0,76.66666666666666],[-96.22222222222223,76.77777777777777],[-96.60000000000001,77.4],[-97.0,77.66666666666667]]],[[[-98.88235294117648,77.88235294117646],[-100.0,77.63636363636363],[-100.57142857142856,78.0],[-100.33333333333334,78.33333333333334],[-100.0,78.4],[-98.91666666666666,78.08333333333333],[-98.8,78.0],[-98.88235294117648,77.88235294117646]]],[[[-101.85185185185186,79.14814814814815],[-101.6,79.0],[-101.80952380952381,78.80952380952381],[-103.0,78.77777777777777],[-105.11111111111111,79.0],[-105.0,79.0909090909091],[-101.85185185185186,79.14814814814815]]],[[[-100.125,80.0],[-99.0,80.27272727272728],[-98.4,80.0],[-99.0,79.75],[-100.0,79.85714285714286],[-100.125,80.0]]],[[[-179.0,90.0],[-179.45949926362294,89.45949926362297],[-180.0,89.25292740046838],[-180.0,90.0],[-179.0,90.0]]],[[[7.777777777777778,-84.22222222222223],[7.0,-84.0],[7.6,-83.6],[8.0,-83.5],[9.4,-83.6],[10.0,-84.0],[7.777777777777778,-84.22222222222223]]],[[[-49.483870967741936,-83.51612903225806],[-52.0,-83.5],[-54.0,-83.75],[-54.568627450980394,-84.43137254901961],[-55.31111111111111,-84.68888888888888],[-57.0,-84.68181818181819],[-57.54838709677419,-84.54838709677418],[-58.14285714285714,-84.14285714285714],[-57.800000000000004,-83.0],[-57.19834710743802,-82.80165289256198],[-56.160000000000004,-82.84],[-55.0,-82.6],[-54.0,-82.6896551724138],[-50.0,-82.27272727272728],[-49.0,-82.42857142857142],[-48.69230769230769,-82.6923076923077],[-48.61290322580645,-83.0],[-48.7,-83.30000000000001],[-49.483870967741936,-83.51612903225806]]],[[[-17.5,-80.5],[-17.0,-80.5],[-16.75,-80.75],[-16.0,-81.0],[-16.666666666666668,-81.33333333333334],[-17.0,-81.33333333333334],[-17.25,-81.25],[-17.5,-80.5]]],[[[-17.333333333333336,-80.0],[-17.5,-80.5],[-18.0,-80.5],[-18.333333333333336,-80.33333333333334],[-18.4,-80.0],[-18.17391304347826,-79.82608695652175],[-17.333333333333336,-80.0]]],[[[-10.428571428571427,-78.0],[-10.324324324324325,-77.67567567567568],[-9.733333333333334,-77.73333333333333],[-9.142857142857144,-78.0],[-9.571428571428573,-78.42857142857143],[-10.0,-78.54545454545453],[-10.333333333333334,-78.33333333333334],[-10.428571428571427,-78.0]]],[[[-32.13636363636364,-78.13636363636363],[-33.166666666666664,-78.0],[-33.0,-77.85714285714285],[-32.25,-77.75],[-31.79310344827586,-77.79310344827586],[-31.4,-78.0],[-32.13636363636364,-78.13636363636363]]],[[[-21.794871794871796,-77.2051282051282],[-23.0,-77.72222222222223],[-24.0,-77.46153846153845],[-25.0,-77.56],[-26.34285714285714,-77.34285714285714],[-27.0,-77.0625],[-28.0,-77.31818181818181],[-29.242424242424242,-77.24242424242425],[-29.4,-77.0],[-29.0,-76.6923076923077],[-28.0,-76.53333333333333],[-26.866666666666667,-76.86666666666667],[-26.40677966101695,-76.59322033898306],[-25.0,-76.44],[-24.0,-76.5],[-23.0,-76.23529411764704],[-21.764705882352942,-76.76470588235294],[-21.6,-77.0],[-21.794871794871796,-77.2051282051282]]],[[[-64.3,-68.0],[-64.0,-68.34615384615384],[-63.35714285714286,-68.35714285714286],[-62.285714285714285,-69.0],[-62.137931034482754,-69.13793103448276],[-62.125,-70.0],[-61.400000000000006,-70.4],[-60.84615384615385,-71.0],[-61.272727272727266,-71.72727272727272],[-61.857142857142854,-72.0],[-60.66666666666667,-72.66666666666667],[-60.46666666666667,-73.0],[-61.19230769230769,-73.8076923076923],[-61.18518518518519,-74.0],[-61.55555555555555,-74.44444444444443],[-61.99999999999999,-74.6470588235294],[-64.0,-74.93548387096776],[-64.61702127659575,-75.38297872340425],[-65.0,-75.5],[-66.0,-75.67441860465117],[-68.0,-75.76666666666667],[-70.0,-76.27906976744185],[-71.0,-75.76923076923076],[-72.0,-76.16666666666667],[-73.07228915662651,-76.07228915662651],[-74.375,-75.0],[-74.33333333333334,-74.66666666666667],[-74.0,-74.7],[-73.125,-74.0],[-73.16666666666667,-73.83333333333333],[-72.76470588235294,-73.23529411764706],[-72.34482758620689,-73.34482758620689],[-71.27272727272728,-73.27272727272727],[-70.57142857142857,-74.0],[-70.0,-74.14814814814815],[-69.76470588235293,-74.0],[-69.47272727272727,-73.52727272727272],[-69.0,-73.3157894736842],[-67.0,-73.27777777777777],[-65.95348837209302,-73.04651162790698],[-66.0,-72.6],[-66.66666666666667,-71.66666666666667],[-66.89473684210526,-70.89473684210526],[-67.18181818181819,-70.81818181818181],[-68.0,-71.0],[-68.3225806451613,-71.6774193548387],[-69.0,-72.25],[-69.51515151515152,-71.51515151515152],[-69.66666666666667,-71.0],[-69.54545454545455,-70.45454545454545],[-69.0,-70.0],[-68.0,-69.6842105263158],[-66.89690721649485,-69.10309278350515],[-67.0,-67.95652173913044],[-68.53846153846155,-67.53846153846155],[-68.75555555555556,-67.0],[-68.57894736842105,-66.42105263157895],[-68.0,-66.20930232558139],[-67.0,-66.18518518518519],[-65.80952380952381,-65.80952380952381],[-65.11764705882354,-65.88235294117648],[-64.72972972972974,-65.27027027027027],[-63.96610169491525,-65.03389830508475],[-63.46511627906977,-64.53488372093024],[-63.0,-64.375],[-62.60655737704918,-64.39344262295081],[-62.11764705882353,-64.11764705882354],[-61.400000000000006,-64.4],[-61.142857142857146,-65.0],[-61.519999999999996,-65.47999999999999],[-61.99999999999999,-65.54545454545455],[-62.594202898550726,-66.40579710144928],[-63.0,-66.63636363636363],[-64.10909090909091,-66.89090909090909],[-64.3,-68.0]]],[[[-70.515625,-68.515625],[-70.13888888888889,-69.0],[-70.28571428571428,-69.28571428571428],[-70.28571428571428,-69.71428571428572],[-71.8918918918919,-69.89189189189189],[-72.44444444444444,-69.44444444444444],[-72.75,-69.0],[-71.6470588235294,-68.35294117647058],[-71.0,-68.29545454545455],[-70.515625,-68.515625]]],[[[-59.0,-63.27272727272727],[-58.0,-63.33333333333334],[-57.142857142857146,-64.0],[-59.0,-64.76190476190476],[-60.0,-64.95],[-60.89473684210526,-64.89473684210526],[-60.904761904761905,-64.0],[-60.37623762376238,-63.62376237623762],[-59.0,-63.27272727272727]]],[[[-58.666666666666664,-52.0],[-59.090909090909086,-52.09090909090909],[-60.0,-52.0],[-59.5,-51.5],[-59.0,-51.5],[-58.666666666666664,-52.0]]],[[[-66.1081081081081,10.891891891891891],[-65.0,10.75],[-64.75,11.0],[-64.15384615384616,11.153846153846153],[-64.0,11.46153846153846],[-63.85714285714286,11.142857142857142],[-63.15,10.85],[-63.0,10.25],[-62.0,10.0],[-61.400000000000006,9.600000000000001],[-61.0,9.5],[-60.83333333333333,9.166666666666668],[-60.00000000000001,8.666666666666668],[-59.85714285714286,8.142857142857142],[-58.66666666666667,7.666666666666668],[-58.0,8.0],[-58.0,7.0],[-57.6,6.4],[-56.0,6.0],[-55.28571428571428,6.285714285714285],[-54.66666666666667,6.333333333333334],[-54.5,6.0],[-54.18181818181818,5.818181818181818],[-53.22222222222222,5.777777777777778],[-53.0,5.666666666666666],[-51.400000000000006,4.6],[-51.0,4.0],[-51.0,3.0],[-50.60000000000001,2.4],[-50.400000000000006,1.6],[-50.0,1.0],[-50.0,0.0],[-48.0,0.0],[-47.4,-0.4],[-46.5,-0.5],[-45.4,-1.4000000000000001],[-44.5,-1.5],[-44.0,-2.0],[-43.0,-2.0],[-42.888888888888886,-2.8888888888888893],[-39.0,-3.0],[-38.88732394366197,-3.887323943661972],[-38.0,-4.0],[-37.92156862745098,-4.921568627450981],[-37.15873015873016,-4.841269841269842],[-36.0,-5.0],[-35.65714285714286,-5.657142857142857],[-35.0,-6.0],[-34.97560975609756,-7.024390243902439],[-35.07692307692307,-9.0],[-35.80952380952381,-9.19047619047619],[-36.0,-10.0],[-36.94805194805195,-10.051948051948052],[-37.0,-11.0],[-37.80952380952381,-11.19047619047619],[-37.9656652360515,-12.034334763948499],[-38.81333333333333,-12.186666666666667],[-39.0,-14.0],[-39.0,-17.0],[-39.6,-18.0],[-39.5,-19.0],[-39.96078431372549,-19.03921568627451],[-40.0,-20.0],[-40.55140186915888,-20.44859813084112],[-40.94871794871795,-21.0],[-41.0,-22.0],[-41.19047619047619,-22.80952380952381],[-44.0,-23.0],[-44.193548387096776,-23.806451612903224],[-45.0,-23.958333333333332],[-46.05797101449276,-23.942028985507246],[-46.173913043478265,-24.17391304347826],[-46.173913043478265,-24.826086956521742],[-48.0,-25.0],[-48.166666666666664,-28.0],[-48.48,-28.52],[-49.0,-28.90909090909091],[-49.20689655172414,-29.79310344827586],[-50.0,-30.0],[-50.66666666666667,-31.0],[-50.93939393939394,-31.060606060606062],[-51.0,-31.5],[-51.400000000000006,-31.6],[-52.0,-32.0],[-52.0,-34.0],[-53.0,-34.0],[-53.400000000000006,-34.6],[-55.0,-35.0],[-57.0,-35.0],[-57.0,-36.0],[-56.0,-36.0],[-56.0,-37.0],[-56.6,-37.4],[-57.333333333333336,-38.66666666666667],[-58.00000000000001,-38.800000000000004],[-59.0,-38.75],[-60.0,-39.0],[-62.0,-39.0],[-62.0,-41.0],[-62.6,-41.400000000000006],[-64.0,-42.0],[-64.5,-41.5],[-64.81818181818181,-40.81818181818182],[-65.0,-40.75],[-65.1,-40.900000000000006],[-65.18181818181819,-42.18181818181818],[-65.0,-42.666666666666664],[-64.6,-42.6],[-64.0,-43.0],[-65.0,-43.5],[-65.3076923076923,-44.69230769230769],[-66.0,-45.0],[-66.33333333333334,-45.66666666666667],[-67.0,-45.75],[-67.25,-46.0],[-67.22222222222223,-46.22222222222222],[-66.5,-46.5],[-66.0,-47.0],[-66.0,-48.0],[-67.3,-48.7],[-67.4,-49.6],[-68.55555555555556,-50.44444444444444],[-69.0,-50.5],[-69.25,-51.0],[-69.23529411764706,-51.23529411764706],[-69.0,-51.5],[-68.60000000000001,-51.6],[-68.33333333333334,-52.0],[-68.15384615384615,-53.15384615384616],[-67.53846153846155,-53.53846153846154],[-67.14285714285714,-54.14285714285714],[-66.60000000000001,-54.6],[-66.5,-55.0],[-66.91176470588235,-55.088235294117645],[-67.0,-55.6],[-69.0,-55.84615384615385],[-69.61904761904762,-55.61904761904762],[-70.0,-55.0],[-71.0,-55.0],[-70.55555555555556,-54.44444444444444],[-70.6923076923077,-53.69230769230769],[-71.0,-53.42857142857143],[-72.0,-54.0],[-73.0,-54.0],[-73.0,-53.0],[-74.0,-53.0],[-75.0,-52.0],[-75.0,-49.0],[-75.17021276595744,-48.170212765957444],[-75.0,-47.5],[-74.5,-47.5],[-74.0,-48.0],[-74.0,-47.0],[-74.0,-46.0],[-74.0,-44.0],[-74.63636363636364,-43.0],[-74.31818181818181,-42.68181818181819],[-74.075,-41.925],[-74.0,-41.0],[-73.72727272727272,-40.0],[-73.36363636363636,-39.63636363636363],[-73.0952380952381,-39.0],[-73.22222222222223,-38.0],[-73.10810810810811,-37.89189189189189],[-73.0,-36.6],[-72.57142857142857,-36.0],[-72.16326530612244,-35.836734693877546],[-72.0,-34.0],[-71.61061946902655,-33.38938053097345],[-71.46280991735537,-32.53719008264463],[-71.46153846153845,-31.0],[-71.21000000000001,-30.0],[-71.0,-27.304347826086953],[-70.40277777777777,-26.0],[-70.14960629921259,-21.0],[-70.45569620253164,-19.0],[-70.98390342052313,-17.983903420523138],[-72.6950354609929,-16.695035460992905],[-73.32131147540983,-16.321311475409836],[-74.11224489795919,-16.112244897959183],[-75.0,-15.181818181818182],[-75.73333333333333,-14.733333333333334],[-76.9090909090909,-13.0],[-77.15950920245399,-12.159509202453988],[-77.71134020618555,-11.711340206185566],[-78.1875,-10.1875],[-78.9504132231405,-9.950413223140496],[-79.0,-8.920000000000002],[-79.57142857142858,-8.571428571428573],[-79.98275862068965,-7.982758620689655],[-80.0,-7.0],[-80.44444444444444,-6.444444444444445],[-81.0,-6.3125],[-81.03676470588235,-6.036764705882352],[-81.04145077720207,-3.9585492227979273],[-80.92156862745098,-3.0784313725490193],[-79.9874213836478,-3.0125786163522013],[-80.0,-2.5],[-80.22222222222223,-2.2222222222222223],[-80.625,-1.0],[-80.12987012987013,-0.8701298701298701],[-80.0,0.8],[-79.9375,0.9375],[-79.04123711340206,1.041237113402062],[-78.79411764705881,1.7941176470588236],[-78.04597701149426,2.045977011494253],[-77.97142857142858,3.0],[-77.048,4.048],[-77.03508771929825,7.964912280701754],[-77.90769230769232,7.907692307692308],[-78.75,8.0],[-79.2,8.2],[-79.8,8.2],[-80.36363636363636,8.636363636363637],[-80.22222222222223,9.0],[-78.0,9.203703703703702],[-77.68571428571428,9.0],[-77.58490566037736,8.584905660377359],[-77.71428571428571,8.285714285714285],[-77.0,8.04],[-76.03703703703704,9.037037037037038],[-76.0,9.666666666666668],[-75.75,10.0],[-75.0909090909091,10.09090909090909],[-75.0,11.0],[-74.0,11.563218390804598],[-72.61904761904762,11.619047619047617],[-72.0,12.052631578947368],[-71.33333333333334,12.0],[-71.25,11.75],[-71.0,11.666666666666666],[-70.66666666666667,12.0],[-70.0,12.055555555555555],[-69.84,11.84],[-69.72972972972974,11.27027027027027],[-69.27027027027027,11.27027027027027],[-68.70588235294117,11.0],[-68.34285714285714,10.657142857142858],[-68.0,10.571428571428571],[-66.1081081081081,10.891891891891891]],[[-72.875,-51.875],[-73.0,-51.800000000000004],[-73.11764705882354,-52.117647058823536],[-73.0,-53.0],[-72.875,-51.875]],[[-73.0,-43.2],[-72.7,-42.3],[-72.45454545454545,-42.0],[-73.0,-41.45454545454545],[-73.46153846153847,-41.53846153846154],[-73.66666666666666,-42.0],[-73.21428571428572,-43.214285714285715],[-73.0,-43.2]]],[[[48.22818791946309,-20.22818791946309],[48.009433962264154,-22.00943396226415],[47.34782608695652,-23.0],[47.43157894736842,-24.0],[47.0,-25.0],[45.25,-25.25],[45.0,-25.6],[44.85714285714286,-25.142857142857142],[43.989583333333336,-25.0],[43.760000000000005,-22.759999999999998],[43.80952380952381,-22.19047619047619],[43.7037037037037,-22.0],[44.0,-20.846153846153847],[44.407407407407405,-20.40740740740741],[44.55,-20.0],[44.285714285714285,-18.714285714285715],[44.0,-18.285714285714285],[44.0,-17.0],[44.74358974358974,-16.74358974358974],[45.0,-16.0],[46.87096774193549,-15.870967741935484],[47.14814814814815,-15.148148148148149],[47.88888888888889,-14.888888888888888],[48.0,-14.0],[49.0,-12.88888888888889],[49.647058823529406,-13.352941176470589],[50.03,-14.0],[50.083333333333336,-15.083333333333332],[49.8,-16.0],[50.0,-17.0],[49.36065573770492,-17.360655737704917],[49.00816326530612,-19.008163265306123],[48.51633986928104,-19.516339869281047],[48.22818791946309,-20.22818791946309]]],[[[-71.0,19.59722222222222],[-69.92307692307693,19.076923076923077],[-69.0,19.1],[-68.96428571428571,18.96428571428571],[-70.10169491525424,18.89830508474576],[-70.60730593607306,18.60730593607306],[-72.30434782608695,19.0],[-72.1891891891892,19.18918918918919],[-71.0,19.59722222222222]]],[[[34.0,35.0],[33.0,34.72],[32.69565217391305,35.0],[33.0,35.525000000000006],[34.0,35.0]]],[[[15.136363636363637,37.0],[15.0,36.07692307692308],[14.135135135135135,37.13513513513514],[13.315789473684209,37.315789473684205],[12.0,38.0],[15.378378378378379,38.37837837837838],[15.75,38.25],[16.0,38.75],[16.26086956521739,38.26086956521739],[16.07758620689655,37.92241379310345],[15.402877697841728,37.597122302158276],[15.136363636363637,37.0]]],[[[16.836734693877553,38.83673469387755],[16.428571428571427,39.0],[16.714285714285715,39.28571428571428],[17.08421052631579,39.084210526315786],[16.836734693877553,38.83673469387755]]],[[[9.330578512396695,42.3305785123967],[9.57142857142857,42.0],[9.0,39.0],[8.65625,39.65625],[8.796610169491526,41.20338983050847],[8.733333333333334,41.733333333333334],[8.831932773109244,42.168067226890756],[9.0,42.3125],[9.330578512396695,42.3305785123967]]],[[[-59.846153846153854,45.84615384615385],[-61.25,45.75],[-61.5,46.0],[-61.28571428571428,46.28571428571428],[-61.0,46.33333333333333],[-60.0,46.166666666666664],[-59.75,46.0],[-59.846153846153854,45.84615384615385]]],[[[-3.0,58.5],[-3.5,59.0],[-3.0,59.33333333333333],[-2.666666666666667,59.0],[-3.0,58.5]]],[[[-13.511111111111111,65.48888888888888],[-13.153846153846153,65.0],[-14.0,64.15384615384616],[-16.0,64.13636363636364],[-18.653061224489797,63.6530612244898],[-20.959183673469386,63.95918367346939],[-22.158730158730158,63.84126984126984],[-22.714285714285715,64.0],[-23.0,64.5],[-23.666666666666664,65.0],[-23.800000000000004,66.0],[-23.34782608695652,66.34782608695653],[-22.0,66.73333333333335],[-21.42857142857143,66.57142857142858],[-21.0,65.83333333333333],[-20.333333333333332,66.0],[-19.474576271186443,66.47457627118644],[-19.0,66.58333333333333],[-15.000000000000002,66.66666666666667],[-14.333333333333334,66.0],[-13.511111111111111,65.48888888888888]]],[[[-68.25806451612902,70.25806451612902],[-68.0,70.36363636363637],[-67.82222222222222,70.17777777777778],[-67.0,70.0],[-68.0,69.2],[-68.5,69.5],[-68.25806451612902,70.25806451612902]]],[[[-66.27777777777777,82.72222222222223],[-63.07692307692308,82.92307692307692],[-62.60869565217392,82.39130434782608],[-62.64,82.0],[-62.288288288288285,81.7117117117117],[-61.517857142857146,81.48214285714286],[-61.0,81.05882352941177],[-60.199999999999996,82.0],[-60.25,82.25],[-60.00000000000001,82.66666666666667],[-59.71428571428571,82.71428571428571],[-57.17142857142857,82.82857142857142],[-55.0,82.6],[-54.55555555555556,82.44444444444444],[-54.0,81.96774193548387],[-53.41509433962264,82.41509433962264],[-53.0,82.52380952380952],[-52.607142857142854,82.39285714285714],[-52.0,81.9090909090909],[-51.31818181818182,82.31818181818181],[-49.7037037037037,82.7037037037037],[-48.206896551724135,82.79310344827586],[-48.0,82.625],[-47.53846153846154,82.53846153846155],[-47.625,83.0],[-47.303030303030305,83.30303030303031],[-47.0,83.41666666666667],[-46.0,83.0],[-45.464285714285715,83.46428571428572],[-45.0,83.61904761904762],[-41.0,83.61904761904762],[-40.53571428571429,83.46428571428572],[-40.0,83.0],[-39.49122807017543,83.49122807017544],[-39.0,83.69999999999999],[-38.0,83.53846153846153],[-37.71428571428571,83.71428571428571],[-37.0,83.81481481481482],[-35.0,83.84],[-34.24242424242424,83.75757575757575],[-34.0,83.5],[-33.0,83.6],[-32.0,83.2],[-31.81818181818182,83.81818181818181],[-30.11111111111111,83.88888888888889],[-25.0,83.43333333333334],[-24.133333333333333,83.0],[-24.11111111111111,82.11111111111111],[-24.200000000000003,82.00000000000001],[-24.0,81.75],[-23.666666666666664,82.0],[-23.0,83.0],[-22.352941176470587,82.6470588235294],[-21.5,82.5],[-21.0,82.0],[-19.806451612903224,81.80645161290323],[-19.25,82.0],[-19.0,82.25],[-18.5,82.0],[-18.057142857142857,81.94285714285714],[-15.148148148148149,81.85185185185185],[-14.421052631578945,81.57894736842104],[-14.0,81.19999999999999],[-13.0,81.0],[-14.0,80.5],[-14.200000000000001,80.2],[-14.714285714285712,80.28571428571428],[-15.173913043478262,80.17391304347827],[-15.674418604651162,80.32558139534885],[-17.0,80.13636363636364],[-17.176470588235293,80.0],[-17.413793103448278,79.41379310344827],[-18.0,79.0],[-19.0,79.0],[-19.0,78.0],[-18.5,77.5],[-18.333333333333336,77.0],[-18.652173913043477,76.65217391304348],[-19.0,76.63636363636364],[-19.38888888888889,76.38888888888889],[-19.59090909090909,75.59090909090908],[-20.153846153846153,75.15384615384616],[-20.37837837837838,74.37837837837839],[-21.333333333333336,74.0],[-21.6,73.60000000000001],[-22.0,73.33333333333334],[-22.416666666666664,72.0],[-21.93548387096774,70.93548387096774],[-24.0,69.21621621621622],[-25.13223140495868,69.13223140495867],[-26.262295081967213,68.26229508196721],[-29.0,68.0],[-32.030534351145036,68.03053435114504],[-32.45,67.45],[-34.0,67.0],[-34.170212765957444,66.17021276595744],[-34.70666666666666,66.29333333333334],[-36.0,66.0],[-36.51515151515152,65.51515151515152],[-37.0,65.27272727272728],[-38.0,66.0],[-38.375,65.375],[-40.0,65.0],[-40.4,64.4],[-40.333333333333336,64.0],[-41.5625,63.0],[-41.65,62.65],[-42.0655737704918,62.0655737704918],[-42.230769230769226,61.0],[-42.99999999999999,60.09090909090909],[-45.0,60.0],[-46.0,60.083333333333336],[-46.38260869565218,60.617391304347834],[-47.0,60.87301587301587],[-48.945945945945944,61.05405405405405],[-49.03225806451613,61.96774193548387],[-50.0,62.0],[-50.04545454545455,62.95454545454545],[-51.66666666666667,63.333333333333336],[-52.0,64.0],[-52.476190476190474,64.52380952380952],[-52.5,65.0],[-53.333333333333336,65.33333333333334],[-53.77777777777777,65.22222222222223],[-53.77777777777777,65.77777777777779],[-53.9047619047619,66.0],[-53.66666666666667,67.33333333333334],[-54.0,68.0],[-53.333333333333336,68.33333333333334],[-53.0,69.0],[-53.846153846153854,69.15384615384616],[-54.5,69.5],[-54.733333333333334,70.0],[-54.34375,70.34375],[-52.534246575342465,70.53424657534246],[-52.22727272727273,71.0],[-53.0,71.425],[-55.0,71.47826086956522],[-55.38095238095238,71.61904761904762],[-55.800000000000004,72.0],[-55.72727272727272,72.27272727272727],[-56.5,73.5],[-58.0,75.0],[-59.0,75.2],[-60.0,75.73684210526316],[-60.97959183673469,76.0204081632653],[-64.22222222222223,76.22222222222223],[-65.0,76.0344827586207],[-66.0,76.36842105263158],[-66.29787234042553,76.29787234042553],[-67.0,75.72222222222223],[-70.0,76.5909090909091],[-71.0,76.66666666666666],[-71.19672131147541,76.80327868852459],[-71.21428571428572,77.0],[-71.55555555555554,77.44444444444444],[-72.3896103896104,77.6103896103896],[-72.83333333333334,78.0],[-72.5,78.5],[-72.0,78.75],[-70.0,78.75862068965517],[-69.36363636363636,79.0],[-69.27586206896552,79.27586206896552],[-69.0,79.44444444444446],[-65.0,80.0],[-64.85714285714286,80.85714285714286],[-65.0,81.1578947368421],[-66.0,81.3913043478261],[-66.30508474576271,81.30508474576271],[-66.5,81.0],[-66.55,80.55],[-67.0,80.18181818181819],[-68.0,80.3076923076923],[-68.2051282051282,80.2051282051282],[-70.0,80.15151515151516],[-70.55555555555556,80.0],[-71.0,79.55555555555554],[-72.0,79.41666666666666],[-72.26315789473685,79.26315789473685],[-74.14035087719299,79.14035087719299],[-75.2,79.2],[-75.5,79.0],[-75.60493827160494,77.60493827160494],[-76.0,77.23809523809524],[-77.0,77.33333333333334],[-79.0,77.0],[-78.53846153846155,76.46153846153845],[-78.4,76.0],[-78.72093023255815,75.72093023255815],[-79.0,75.66666666666667],[-79.30769230769232,75.69230769230771],[-79.625,76.375],[-81.0,76.48484848484848],[-82.0,76.71428571428571],[-83.45454545454545,76.45454545454545],[-85.0,76.5],[-86.0,76.39393939393939],[-87.0,76.6],[-88.0,76.57142857142858],[-88.3157894736842,76.68421052631578],[-88.42857142857143,77.0],[-88.23076923076923,77.23076923076923],[-85.19999999999999,78.0],[-85.25,78.25],[-85.0,78.33333333333334],[-84.8,79.0],[-85.0,79.25],[-85.25,79.25],[-85.66666666666666,79.0],[-85.75,78.75],[-86.14285714285714,78.85714285714286],[-87.0,78.81818181818181],[-88.26415094339623,78.26415094339623],[-89.0,78.16666666666667],[-89.74545454545454,78.25454545454545],[-90.0,78.41176470588235],[-91.0,78.37931034482759],[-92.0,78.63157894736842],[-93.375,78.625],[-94.11764705882354,78.88235294117646],[-94.0909090909091,79.0],[-95.0,79.9090909090909],[-96.0,79.9090909090909],[-96.10000000000001,80.0],[-96.0,80.25],[-95.4,80.4],[-95.0,81.0],[-94.28571428571428,81.28571428571428],[-92.6,81.4],[-92.0,81.28571428571429],[-91.89473684210526,81.0],[-91.2905982905983,80.7094017094017],[-90.63043478260869,80.63043478260869],[-90.10526315789474,81.0],[-90.0,81.28571428571429],[-89.0,81.85714285714286],[-88.6,81.60000000000001],[-88.5,82.0],[-87.0,82.11111111111111],[-86.0,82.6],[-85.5609756097561,82.4390243902439],[-85.0909090909091,81.9090909090909],[-84.45,82.45],[-83.71428571428571,82.71428571428571],[-82.4,82.6],[-82.0,82.14285714285714],[-79.89473684210526,82.89473684210526],[-78.90163934426229,82.90163934426229],[-78.0,82.75471698113208],[-77.0,83.03448275862068],[-74.81818181818181,83.18181818181819],[-74.0,82.94444444444444],[-73.0,83.5],[-70.0,83.6],[-68.57575757575758,83.42424242424242],[-67.79310344827586,83.20689655172413],[-67.15384615384616,82.84615384615384],[-66.27777777777777,82.72222222222223]],[[-52.33333333333334,68.66666666666667],[-51.81818181818182,68.81818181818181],[-51.5,69.5],[-50.8421052631579,69.84210526315789],[-50.800000000000004,70.0],[-51.0,70.27272727272728],[-52.30769230769231,70.3076923076923],[-52.0952380952381,70.0],[-52.23076923076923,69.23076923076923],[-53.0,69.0],[-52.33333333333334,68.66666666666667]],[[-77.0,78.88888888888889],[-76.81818181818181,78.99999999999999],[-76.95294117647059,79.04705882352941],[-77.0,78.88888888888889]],[[-47.00000000000001,81.85714285714286],[-46.33333333333333,82.0],[-46.53846153846154,82.46153846153847],[-47.480000000000004,82.48],[-47.54545454545455,82.0],[-47.00000000000001,81.85714285714286]],[[-29.66666666666667,82.0],[-31.0,82.0],[-30.029850746268657,81.97014925373134],[-29.66666666666667,82.0]],[[-27.868421052631582,72.0],[-28.075757575757574,72.07575757575758],[-28.38,71.0],[-28.296875,70.703125],[-28.0,70.44117647058823],[-27.63461538461538,71.0],[-27.868421052631582,72.0]],[[-25.035714285714285,72.96428571428572],[-24.92,73.0],[-24.949367088607595,73.05063291139241],[-25.035714285714285,72.96428571428572]],[[-50.72727272727273,67.0],[-51.0,67.27272727272727],[-51.27272727272727,67.0],[-51.08,66.92],[-50.72727272727273,67.0]],[[-87.0,81.83333333333334],[-88.0,81.83333333333334],[-88.47619047619047,81.47619047619048],[-88.37037037037037,80.62962962962962],[-87.47368421052633,79.5263157894737],[-87.0,79.18181818181819],[-86.63636363636364,79.36363636363636],[-86.28571428571428,79.28571428571428],[-86.4,79.6],[-86.24,80.24000000000001],[-85.85185185185185,80.85185185185185],[-85.84615384615385,81.15384615384615],[-86.56521739130434,81.43478260869564],[-87.0,81.83333333333334]],[[-78.78947368421052,81.0],[-79.14545454545454,81.14545454545454],[-79.33333333333334,81.0],[-79.0,80.91111111111111],[-78.78947368421052,81.0]],[[-24.25,71.0],[-24.810526315789474,71.18947368421053],[-25.209302325581394,71.0],[-25.0,70.82352941176471],[-24.25,71.0]]],[[[61.25806451612903,75.25806451612902],[61.0,75.4],[60.61904761904762,75.38095238095238],[60.25,74.75],[58.0,74.0],[57.5,73.5],[57.0,73.28571428571429],[56.68000000000001,73.32],[56.0,73.0],[55.513513513513516,72.4864864864865],[55.35714285714286,72.0],[55.550000000000004,71.55000000000001],[56.0,71.25],[56.75,71.0],[56.0,70.625],[54.400000000000006,70.4],[53.55555555555555,70.44444444444444],[53.0,70.0],[53.0,71.0],[52.3,71.3],[52.0,71.75],[51.5,72.0],[52.0,72.5],[52.142857142857146,72.85714285714286],[53.0,73.0],[54.63636363636364,74.36363636363636],[55.421052631578945,74.57894736842105],[56.0,75.0],[56.18181818181818,75.81818181818181],[56.733333333333334,75.73333333333333],[57.10526315789474,75.89473684210526],[60.0,76.0],[61.22222222222223,76.77777777777777],[63.0,76.86363636363636],[65.0,76.75],[65.58333333333334,76.58333333333333],[66.25,76.0],[65.7,75.3],[65.0,75.14285714285715],[64.29166666666666,75.29166666666666],[61.25806451612903,75.25806451612902]]],[[[21.0,77.0],[21.125,78.875],[22.0,78.93333333333334],[22.75,78.75],[23.0,78.4],[24.0,78.0],[23.400000000000002,77.6],[23.0,77.5],[22.82608695652174,77.17391304347827],[22.333333333333336,77.0],[22.285714285714285,76.71428571428572],[22.0,76.5],[21.6,76.60000000000001],[21.0,77.0]]],[[[27.0,80.0],[26.75,79.25],[22.999999999999996,79.3],[21.916666666666668,79.08333333333334],[20.945945945945947,79.05405405405405],[20.666666666666668,78.66666666666667],[21.0,78.0],[20.400000000000002,78.4],[19.8,78.2],[19.0,78.15384615384616],[18.77777777777778,78.0],[18.5,77.5],[18.0,77.3],[17.38888888888889,76.61111111111111],[17.0,76.5],[15.675675675675677,76.67567567567568],[15.2,77.19999999999999],[14.0,77.15384615384615],[13.5,77.5],[13.125,78.125],[12.4,78.4],[12.133333333333333,79.0],[12.25,79.25],[12.166666666666668,79.83333333333333],[12.75,79.75],[13.0,79.86666666666667],[13.999999999999998,79.88235294117648],[14.833333333333334,79.83333333333333],[15.0,79.71428571428572],[15.5,80.0],[16.053333333333335,80.05333333333334],[17.963636363636365,79.96363636363637],[19.275862068965516,80.72413793103448],[20.875,80.875],[23.0,80.63636363636364],[24.0,80.82352941176471],[26.0,80.76470588235294],[26.583333333333336,80.58333333333334],[27.0,80.0]]],[[[51.0,79.53333333333333],[49.333333333333336,80.0],[50.0,81.0],[50.5,80.5],[51.333333333333336,80.33333333333334],[51.63636363636364,80.0],[51.349999999999994,79.65],[51.0,79.53333333333333]]],[[[65.33333333333333,81.0],[65.0,80.6],[64.57894736842104,80.57894736842104],[64.28571428571428,80.71428571428572],[64.0,80.66666666666667],[63.5,81.0],[65.0,81.3076923076923],[65.33333333333333,81.0]]],[[[54.53846153846153,81.0],[54.63636363636364,81.36363636363636],[55.0,81.6],[56.0,81.54545454545455],[57.22222222222222,81.22222222222223],[57.599999999999994,81.0],[57.3,80.69999999999999],[57.0,80.5],[56.0,80.33333333333334],[55.0,80.57142857142858],[54.72093023255814,80.72093023255815],[54.53846153846153,81.0]]],[[[61.599999999999994,81.0],[61.33333333333334,80.66666666666667],[61.0,80.57142857142858],[60.0,80.66666666666667],[59.5,81.0],[59.77777777777778,81.22222222222223],[60.55555555555555,81.44444444444444],[61.35294117647058,81.35294117647058],[61.599999999999994,81.0]]],[[[81.0,-89.0],[81.0,-90.0],[79.0,-90.0],[79.0,-89.0],[80.0,-88.9090909090909],[81.0,-89.0]]],[[[83.0,-88.9],[84.0,-89.0],[84.0,-90.0],[83.0,-90.0],[82.5,-89.5],[82.5,-89.0],[83.0,-88.9]]],[[[87.0,-89.0],[87.0,-90.0],[85.0,-90.0],[85.0,-89.0],[86.16666666666666,-88.83333333333333],[87.0,-89.0]]],[[[122.0,-88.0],[121.4,-88.4],[118.0,-88.5],[117.00000000000001,-88.66666666666667],[116.0,-88.5],[115.0,-88.66666666666667],[114.0,-88.5],[113.0,-88.75],[112.0,-88.75],[111.0,-89.0],[110.0,-89.0],[110.0,-90.0],[89.0,-90.0],[89.0,-88.0],[89.66666666666667,-88.33333333333334],[93.0,-87.4],[99.0,-87.28571428571429],[100.0,-87.42857142857142],[103.0,-87.375],[106.0,-87.66666666666667],[118.0,-87.75],[121.0,-87.83333333333334],[122.0,-88.0]]],[[[-43.5,-84.0],[-42.0,-83.16666666666667],[-41.857142857142854,-83.00000000000001],[-42.04878048780488,-81.95121951219512],[-41.310344827586206,-81.6896551724138],[-39.0,-81.48],[-36.0,-81.66666666666667],[-35.515151515151516,-81.48484848484848],[-35.02898550724638,-80.97101449275362],[-34.0,-80.66666666666667],[-29.0,-80.64],[-27.555555555555554,-80.44444444444444],[-26.785714285714285,-80.21428571428571],[-26.5,-80.0],[-26.83783783783784,-79.83783783783784],[-28.0,-79.7037037037037],[-28.404255319148938,-79.40425531914894],[-28.59375,-79.0],[-28.395833333333336,-78.60416666666666],[-28.0,-78.44117647058823],[-25.639344262295083,-78.63934426229508],[-25.206896551724135,-78.79310344827587],[-23.0,-78.5],[-20.823529411764707,-78.8235294117647],[-20.571428571428573,-79.0],[-20.666666666666668,-79.33333333333334],[-21.0,-79.5],[-22.333333333333336,-79.66666666666667],[-22.8,-80.0],[-22.4,-80.4],[-21.647058823529413,-80.6470588235294],[-21.25,-81.0],[-21.25,-81.25],[-21.0,-81.5],[-20.0,-82.0],[-22.0,-82.25],[-23.0,-82.25],[-24.0,-82.0],[-25.0,-82.0],[-26.400000000000002,-82.6],[-27.0,-83.0],[-24.0,-83.75],[-21.42857142857143,-83.57142857142858],[-16.0,-83.5],[-15.0,-83.6],[-11.0,-83.4],[-8.0,-83.6],[-6.0,-83.5],[-5.0,-83.66666666666667],[-3.0,-83.66666666666667],[-2.0,-83.33333333333334],[-1.0,-83.5],[0.0,-83.33333333333334],[1.0,-83.5],[2.0,-83.5],[3.0,-83.33333333333334],[4.0,-83.5],[4.4,-83.4],[5.0,-83.0],[6.0,-83.0],[7.0,-84.0],[6.7142857142857135,-84.71428571428571],[6.800000000000001,-85.2],[7.4,-85.60000000000001],[8.235294117647058,-85.76470588235294],[10.862068965517242,-85.86206896551724],[12.636363636363637,-85.63636363636364],[12.9,-85.0],[12.833333333333332,-84.83333333333334],[13.0,-84.0],[13.866666666666667,-84.13333333333333],[16.0,-84.0625],[18.764705882352942,-84.23529411764706],[19.375,-84.625],[19.42857142857143,-85.0],[19.46153846153846,-85.46153846153847],[19.0,-86.0],[21.875,-85.875],[23.42857142857143,-85.42857142857143],[24.0,-85.0],[24.400000000000002,-84.4],[25.0,-84.0],[24.133333333333333,-83.86666666666666],[24.0,-83.5],[23.75,-83.25],[23.75,-83.0],[23.26086956521739,-82.73913043478261],[21.0,-82.28571428571428],[16.785714285714285,-82.21428571428572],[15.266666666666666,-81.73333333333333],[11.066666666666666,-81.06666666666666],[5.0,-81.0],[4.0,-81.25],[3.0,-81.0],[2.0,-80.0],[3.764705882352941,-79.76470588235294],[4.5,-79.5],[4.714285714285714,-79.0],[4.4,-78.0],[3.444444444444444,-77.55555555555556],[2.5757575757575757,-77.42424242424244],[0.625,-77.375],[-0.5,-77.5],[-1.0,-77.71428571428572],[-1.6315789473684212,-76.63157894736842],[-3.6842105263157894,-75.68421052631578],[-4.0,-75.4],[-4.375,-75.625],[-6.000000000000001,-75.80000000000001],[-6.696969696969697,-75.69696969696969],[-7.0,-75.375],[-7.285714285714286,-75.71428571428571],[-8.0,-75.9047619047619],[-9.11111111111111,-75.88888888888889],[-10.75,-76.25],[-10.80952380952381,-77.19047619047619],[-11.4,-77.0],[-11.571428571428571,-76.57142857142857],[-12.0,-76.25],[-12.1875,-77.0],[-13.0,-77.40625],[-14.0,-77.25],[-17.0,-77.56521739130434],[-18.368421052631582,-77.36842105263159],[-19.0,-77.1],[-20.0,-77.0],[-19.200000000000003,-76.8],[-18.866666666666667,-76.86666666666667],[-18.358974358974358,-76.64102564102564],[-18.0,-76.68181818181819],[-17.0,-76.3157894736842],[-15.74468085106383,-76.25531914893617],[-15.333333333333334,-75.66666666666667],[-13.0,-74.42105263157895],[-10.711111111111112,-74.28888888888888],[-10.1875,-74.0],[-10.0,-73.0],[-9.477611940298507,-72.52238805970148],[-7.0,-71.6],[-5.0,-71.4],[-4.577464788732394,-71.5774647887324],[-4.0,-72.16129032258064],[-3.45,-71.55000000000001],[-3.0,-71.35714285714286],[-2.5263157894736845,-71.52631578947368],[-2.0681818181818183,-72.06818181818181],[-1.0,-72.2],[-0.8644067796610169,-72.13559322033899],[-0.5454545454545454,-71.45454545454545],[0.16666666666666669,-71.16666666666666],[2.8048780487804876,-71.1951219512195],[4.08,-71.08],[8.208695652173914,-71.20869565217392],[8.923076923076923,-71.0],[10.0,-70.0],[10.75,-70.25],[11.0,-70.5],[12.0,-70.5],[12.5,-71.0],[14.0,-71.18367346938776],[16.0,-70.66666666666666],[17.0,-70.66666666666666],[18.0,-70.33333333333334],[18.714285714285715,-70.28571428571428],[19.0,-70.33333333333334],[19.444444444444443,-71.0],[22.0,-71.41666666666666],[22.999999999999996,-71.14545454545454],[24.0,-71.30952380952381],[25.142857142857142,-71.14285714285714],[26.808510638297875,-71.19148936170212],[27.584158415841582,-71.41584158415841],[29.0,-71.53333333333333],[31.0,-71.5],[31.42857142857143,-71.42857142857143],[31.79310344827586,-70.79310344827587],[32.0,-70.66666666666666],[33.0,-70.6],[33.36363636363636,-70.36363636363636],[33.642857142857146,-69.64285714285714],[37.0,-69.625],[37.69230769230769,-70.3076923076923],[38.0,-70.45454545454545],[39.0,-70.5],[39.387096774193544,-70.38709677419355],[39.75,-70.0],[40.0,-69.0],[40.93333333333333,-68.93333333333334],[42.0,-68.33333333333334],[42.470588235294116,-68.52941176470588],[42.66666666666667,-69.0],[43.0,-69.125],[43.2,-68.8],[43.125,-68.125],[43.25,-68.0],[46.0,-68.0],[46.68421052631579,-67.68421052631578],[48.0,-67.84615384615385],[49.0,-67.0],[49.625,-67.375],[51.0,-67.39285714285714],[52.16666666666667,-67.0],[52.81818181818182,-66.0],[54.0,-65.89393939393939],[55.92857142857143,-66.07142857142857],[56.22222222222222,-67.0],[56.77777777777778,-67.22222222222223],[58.0,-67.24000000000001],[59.0,-67.76470588235294],[60.0,-67.875],[60.78378378378379,-68.21621621621622],[61.23529411764706,-68.23529411764706],[62.0,-67.375],[63.4923076923077,-67.50769230769231],[63.88679245283019,-68.11320754716982],[65.83333333333334,-68.16666666666666],[66.71428571428572,-69.0],[66.47619047619047,-69.47619047619048],[66.0,-69.83333333333334],[65.95833333333333,-70.00000000000001],[67.0,-70.11111111111111],[67.88888888888889,-71.0],[67.0,-71.96000000000001],[66.27272727272728,-72.27272727272727],[66.41935483870968,-72.58064516129033],[66.38805970149254,-73.38805970149254],[65.54385964912281,-73.45614035087719],[65.0,-73.0],[65.35294117647058,-73.6470588235294],[65.125,-74.0],[65.51612903225806,-75.0],[65.42666666666666,-75.42666666666666],[65.0,-75.80000000000001],[63.736842105263165,-75.73684210526316],[63.411764705882355,-76.0],[63.6078431372549,-76.3921568627451],[64.0,-76.47619047619048],[65.0,-76.14285714285715],[66.0,-76.21052631578948],[66.42105263157895,-76.0],[66.58620689655173,-73.58620689655172],[67.38709677419355,-73.61290322580645],[68.0,-74.14285714285714],[69.0,-74.64285714285714],[69.47619047619048,-74.52380952380952],[69.16666666666666,-76.0],[71.28985507246377,-76.28985507246377],[74.91666666666666,-76.08333333333333],[75.16666666666667,-76.16666666666667],[75.5,-76.0],[74.15,-75.85],[72.65517241379311,-75.3448275862069],[72.09523809523809,-74.9047619047619],[71.6875,-74.3125],[71.0,-74.0],[71.36363636363636,-73.36363636363636],[72.0,-73.0],[71.77777777777777,-72.22222222222223],[71.92,-71.92],[71.96428571428572,-70.96428571428571],[73.0,-71.0],[73.42857142857143,-70.42857142857143],[73.5,-70.0],[73.83783783783784,-69.83783783783784],[76.47058823529412,-69.52941176470588],[76.60000000000001,-69.6],[77.0,-68.91666666666667],[77.6,-69.4],[79.0,-69.33333333333334],[79.44444444444443,-69.44444444444444],[79.28571428571428,-69.0],[80.0,-68.54545454545455],[80.38461538461539,-68.61538461538461],[80.83333333333333,-69.0],[80.47619047619047,-69.47619047619048],[79.52,-69.52],[79.4,-70.0],[79.78181818181818,-70.21818181818182],[80.85714285714286,-70.0],[80.60000000000001,-69.6],[81.0,-69.5],[81.25,-69.25],[81.625,-69.375],[82.30000000000001,-69.3],[83.0,-69.0],[83.88235294117648,-68.88235294117646],[84.07142857142857,-68.92857142857143],[84.41666666666667,-69.58333333333334],[85.0,-69.77777777777777],[85.66666666666667,-69.66666666666667],[86.0,-69.33333333333334],[87.0,-69.25],[88.0,-69.0],[88.54545454545455,-68.54545454545455],[89.375,-68.375],[90.0,-68.0],[89.4,-67.6],[89.2,-67.0],[89.68,-66.68],[92.0,-67.0],[93.0,-66.75],[94.69230769230771,-66.6923076923077],[95.0,-66.5],[96.19999999999999,-66.2],[96.99999999999999,-66.0909090909091],[98.0,-66.33333333333334],[99.0,-66.0],[100.0,-66.625],[100.3225806451613,-66.32258064516128],[101.10000000000001,-66.1],[102.26666666666667,-65.26666666666667],[103.0,-64.97777777777777],[104.0,-65.76923076923077],[104.75,-66.0],[105.42857142857143,-66.57142857142858],[106.0,-66.73684210526315],[107.0,-66.83333333333333],[108.0,-66.6923076923077],[109.0,-66.9090909090909],[110.11111111111111,-66.88888888888889],[110.33333333333334,-67.0],[110.14285714285714,-67.14285714285714],[108.77777777777777,-67.22222222222223],[108.38095238095237,-67.38095238095238],[107.0,-67.15384615384616],[105.42857142857143,-67.42857142857143],[104.6,-68.0],[104.6,-69.0],[104.73333333333333,-69.26666666666667],[105.31578947368419,-69.68421052631578],[107.71428571428571,-69.71428571428572],[108.45454545454544,-69.45454545454545],[109.0,-68.875],[110.14285714285714,-68.85714285714286],[111.11764705882354,-69.88235294117646],[111.80952380952382,-69.80952380952381],[112.33333333333333,-70.0],[112.12121212121212,-70.12121212121212],[111.0,-70.05263157894737],[110.14285714285714,-70.14285714285714],[109.54545454545455,-70.54545454545455],[109.28571428571429,-71.0],[109.0,-71.06666666666666],[103.16666666666666,-71.16666666666666],[102.30000000000001,-71.3],[101.83333333333333,-72.0],[102.42857142857143,-72.57142857142857],[104.6,-73.0],[105.31578947368419,-73.68421052631578],[106.10526315789474,-73.89473684210526],[107.33333333333334,-74.0],[108.0,-74.4],[108.63636363636363,-75.36363636363637],[111.0,-76.0],[112.0,-76.83333333333334],[114.0,-76.85714285714286],[115.0,-77.0],[114.60000000000001,-77.6],[114.5,-78.0],[114.84615384615384,-78.15384615384616],[116.0,-78.0],[117.4,-78.60000000000001],[119.30000000000001,-78.7],[120.10526315789474,-78.89473684210526],[121.5,-79.0],[123.23529411764707,-79.76470588235294],[123.68421052631578,-80.3157894736842],[124.0,-80.5],[125.0,-80.625],[126.0,-80.66666666666667],[127.43478260869564,-80.43478260869566],[128.11764705882354,-80.11764705882354],[128.14285714285714,-79.85714285714286],[127.63636363636364,-79.36363636363636],[126.5,-79.0],[127.73333333333333,-78.73333333333333],[128.35294117647058,-78.35294117647058],[128.6,-78.0],[128.0,-77.86363636363636],[127.48275862068967,-77.51724137931035],[127.29090909090908,-76.7090909090909],[127.0,-76.5],[126.0,-76.53333333333333],[125.69811320754717,-76.30188679245283],[125.48387096774194,-75.51612903225806],[124.58333333333333,-75.41666666666667],[124.25,-75.25],[122.0,-75.6],[121.60000000000001,-75.4],[121.25,-75.0],[122.0,-74.73913043478261],[124.17391304347827,-74.82608695652173],[124.63636363636363,-74.63636363636363],[125.0,-74.6551724137931],[125.9090909090909,-74.99999999999999],[125.66666666666667,-75.33333333333334],[126.0,-75.1111111111111],[128.0,-74.83333333333333],[129.0,-74.5],[130.0,-74.54166666666667],[131.14285714285714,-75.0],[131.4,-75.60000000000001],[131.53846153846155,-75.53846153846155],[133.0,-75.86666666666667],[134.16216216216216,-76.83783783783784],[135.33333333333334,-77.0],[134.0,-77.25],[132.74358974358972,-77.74358974358974],[132.44444444444446,-78.0],[132.38095238095238,-78.38095238095238],[132.0,-79.0],[132.57894736842104,-79.42105263157895],[134.0,-80.0],[135.58333333333334,-80.41666666666667],[137.0,-81.0],[136.33333333333331,-82.0],[136.76470588235293,-82.23529411764706],[137.6470588235294,-82.35294117647058],[138.32432432432432,-82.32432432432432],[139.92307692307693,-81.92307692307692],[142.0,-81.83333333333334],[144.0,-81.4],[146.0,-81.41176470588235],[147.0,-81.53846153846155],[148.0,-81.11764705882352],[148.66666666666666,-81.0],[147.0,-80.30000000000001],[145.8,-80.0],[146.0,-79.83333333333334],[147.0,-79.57142857142857],[148.0,-79.125],[149.36363636363637,-79.36363636363636],[149.71428571428572,-79.28571428571428],[150.0,-80.0],[150.4,-79.4],[150.16666666666666,-79.00000000000001],[150.62962962962962,-78.62962962962962],[152.0,-77.88888888888889],[153.0,-78.0],[153.41666666666669,-77.41666666666667],[153.5,-77.0],[153.0,-76.375],[152.4,-76.0],[153.17391304347825,-75.17391304347825],[154.0,-75.0],[154.84615384615384,-75.15384615384616],[156.0666666666667,-75.06666666666666],[156.5,-75.0],[156.77777777777777,-74.77777777777777],[157.0,-74.88888888888889],[157.32,-74.32],[158.0,-74.0],[158.5,-73.0],[158.0,-71.0],[157.3692307692308,-70.63076923076923],[156.78571428571428,-70.0],[156.76,-69.75999999999999],[157.06451612903226,-69.06451612903226],[158.0408163265306,-69.04081632653062],[159.0,-69.27272727272727],[160.83333333333334,-70.0],[161.07692307692307,-71.0],[162.0,-71.31578947368422],[162.21052631578948,-71.21052631578948],[162.35294117647058,-70.35294117647058],[163.0,-70.14],[163.7027027027027,-70.29729729729729],[164.0,-70.6875],[164.51999999999998,-70.52],[165.04255319148936,-70.04255319148936],[166.0,-70.0],[166.81176470588235,-70.18823529411765],[167.3709677419355,-70.62903225806451],[168.0,-70.89830508474576],[168.84,-71.16],[169.8181818181818,-71.18181818181819],[170.08333333333334,-71.91666666666666],[170.25,-72.0],[170.0,-72.2],[169.76119402985074,-72.76119402985074],[168.92307692307693,-72.92307692307692],[168.4235294117647,-73.4235294117647],[168.0,-73.5625],[167.0,-73.44],[166.74545454545455,-73.74545454545455],[165.64285714285714,-74.0],[165.25352112676057,-74.25352112676057],[164.0,-74.6923076923077],[163.42857142857144,-75.0],[162.57142857142856,-76.0],[163.0,-76.6923076923077],[165.0,-77.61111111111111],[167.0,-77.83333333333333],[168.0,-77.6923076923077],[168.28571428571428,-78.0],[168.0,-78.26666666666667],[166.88235294117646,-78.11764705882354],[165.0,-78.2258064516129],[164.0,-78.42424242424242],[163.6910569105691,-78.6910569105691],[163.0,-78.91935483870968],[161.5,-79.0],[161.0,-79.44444444444446],[160.80392156862746,-79.80392156862746],[160.75,-80.25],[160.91666666666666,-81.0],[161.68421052631578,-81.3157894736842],[162.0,-82.0],[162.46153846153845,-81.46153846153847],[163.0,-81.3888888888889],[164.0,-81.66666666666667],[165.23333333333335,-81.76666666666667],[167.6829268292683,-82.3170731707317],[168.66666666666669,-83.0],[169.90243902439025,-83.09756097560975],[170.68,-83.32],[171.0,-83.53333333333333],[172.0,-83.73333333333333],[174.0,-83.36734693877551],[175.0,-83.72],[176.28125,-83.71875],[177.02020202020202,-84.02020202020202],[179.20454545454544,-84.20454545454545],[180.0,-84.14999999999999],[180.0,-90.0],[122.0,-90.0],[122.0,-88.0],[126.0,-88.0],[126.83333333333333,-88.16666666666667],[132.0,-88.16666666666667],[133.0,-88.0],[132.25,-87.75],[128.4,-87.6],[127.6,-87.4],[127.0,-87.0],[131.22222222222223,-86.22222222222223],[132.0,-86.0],[132.5,-85.5],[134.0,-85.5],[138.0,-84.6],[139.0,-84.6],[140.0,-84.33333333333334],[141.7142857142857,-84.28571428571428],[143.0,-84.0],[134.0,-83.51851851851853],[130.0,-83.4375],[128.0,-83.5],[127.0,-83.66666666666667],[122.15384615384615,-83.15384615384616],[121.42857142857144,-83.42857142857144],[120.5,-84.0],[122.0,-84.83333333333334],[123.0,-85.0],[121.0,-85.57142857142856],[120.0,-85.6],[119.0,-85.33333333333334],[118.0,-85.5],[115.0,-85.33333333333334],[113.0,-85.6],[110.66666666666667,-85.33333333333334],[109.0,-84.5],[108.0,-84.6],[106.0,-84.5],[105.0,-85.0],[103.0,-85.0],[101.0,-85.5],[97.0,-85.4],[95.0,-86.0],[94.0,-85.75],[93.0,-86.5],[92.0,-86.33333333333333],[91.0,-86.6],[90.0,-86.5],[84.0,-86.5],[83.0,-86.63636363636363],[77.0,-86.71428571428572],[74.0,-87.0],[70.92592592592592,-86.92592592592592],[69.23076923076923,-87.23076923076923],[67.0,-87.38461538461539],[63.83333333333333,-87.16666666666667],[63.0,-87.0],[61.71428571428571,-87.28571428571428],[60.0,-87.33333333333334],[59.0,-87.0],[58.28571428571428,-87.28571428571428],[56.5,-87.5],[55.5,-88.0],[57.0,-88.25],[60.733333333333334,-88.26666666666668],[63.0,-88.66666666666666],[64.0,-89.0],[64.0,-90.0],[41.0,-90.0],[40.5,-89.5],[40.5,-89.0],[40.0,-88.875],[32.0,-88.375],[29.0,-88.5],[27.0,-88.42857142857143],[25.0,-88.75],[24.0,-88.6],[21.0,-88.5],[18.0,-88.6],[13.0,-88.375],[10.0,-88.42857142857143],[9.0,-88.75],[8.0,-88.75],[7.0,-88.42857142857143],[6.555555555555555,-88.55555555555554],[6.0,-89.0],[6.0,-90.0],[-1.0,-90.0],[-1.0,-89.0],[-2.0,-88.66666666666667],[-3.0,-89.0],[-4.0,-88.66666666666667],[-5.222222222222221,-88.77777777777777],[-6.0,-89.0],[-7.0,-89.0],[-7.6,-88.6],[-8.0,-88.5],[-8.4,-88.6],[-9.0,-89.0],[-10.0,-89.0],[-11.0,-88.75],[-12.0,-89.0],[-13.0,-89.0],[-14.0,-88.5],[-15.000000000000002,-88.66666666666667],[-16.0,-88.6],[-17.0,-88.75],[-19.0,-88.75],[-20.0,-88.42857142857143],[-23.0,-88.28571428571429],[-25.0,-88.5],[-26.285714285714285,-88.28571428571428],[-30.0,-88.0],[-31.0,-88.11111111111111],[-32.0,-88.0],[-31.0,-87.0],[-29.0,-87.0],[-29.0,-86.0],[-33.0,-86.0],[-34.0,-85.66666666666667],[-34.6,-85.60000000000001],[-36.0,-85.0],[-40.230769230769226,-84.76923076923077],[-42.4,-84.4],[-43.5,-84.0]],[[64.52941176470588,-72.47058823529412],[64.33333333333334,-72.0],[63.0,-71.69565217391303],[62.3,-72.0],[62.72549019607844,-72.27450980392157],[63.0,-72.69999999999999],[63.285714285714285,-72.71428571428571],[63.5,-73.0],[63.285714285714285,-74.0],[63.82142857142857,-74.17857142857143],[64.625,-74.0],[64.6470588235294,-73.6470588235294],[65.0,-73.0],[64.52941176470588,-72.47058823529412]],[[72.5,-71.5],[72.33333333333334,-72.0],[72.76470588235294,-72.23529411764706],[73.66666666666666,-72.0],[73.0,-71.0],[72.5,-71.5]],[[91.66666666666667,-67.66666666666667],[91.0,-68.0],[91.86666666666667,-68.13333333333333],[92.5,-68.0],[92.0,-67.0],[91.66666666666667,-67.66666666666667]],[[150.53846153846155,-80.46153846153847],[151.0,-80.5],[151.60000000000002,-80.0],[151.0,-79.625],[150.53846153846155,-79.53846153846155],[150.0,-80.0],[150.53846153846155,-80.46153846153847]],[[40.33333333333333,-70.0],[40.57894736842105,-70.42105263157895],[41.0,-71.0],[41.333333333333336,-70.33333333333334],[41.29629629629629,-69.7037037037037],[41.0,-69.33333333333334],[40.5,-69.5],[40.33333333333333,-70.0]],[[107.0,-76.4],[105.0,-75.80000000000001],[104.66666666666669,-76.0],[103.81818181818183,-76.18181818181819],[103.11111111111111,-76.11111111111111],[102.44444444444443,-76.44444444444444],[102.0,-77.0],[105.23809523809524,-77.76190476190476],[105.99999999999999,-78.3],[107.2,-78.2],[107.54545454545455,-77.0],[107.4,-76.60000000000001],[107.0,-76.4]],[[109.0,-78.6],[108.0,-79.0],[109.23529411764706,-79.23529411764706],[110.0,-79.0],[109.0,-78.6]],[[110.77777777777777,-83.22222222222223],[111.44444444444443,-83.55555555555554],[112.0,-83.64285714285714],[113.0,-83.375],[114.25,-83.25],[115.0,-83.0],[113.0,-82.88888888888889],[112.0,-82.69999999999999],[110.71428571428572,-83.0],[110.77777777777777,-83.22222222222223]],[[154.0,-81.0],[154.81632653061223,-81.18367346938776],[155.45,-81.0],[154.76,-80.76],[154.0,-81.0]],[[14.0,-76.14285714285715],[14.083333333333332,-75.99999999999999],[14.0,-75.94444444444444],[12.857142857142858,-76.00000000000001],[14.0,-76.14285714285715]],[[32.03846153846154,-80.03846153846155],[32.25,-80.0],[32.333333333333336,-79.66666666666667],[32.0,-79.5],[31.666666666666668,-80.0],[32.03846153846154,-80.03846153846155]],[[33.0,-78.9090909090909],[32.5,-79.0],[32.66666666666667,-79.33333333333334],[33.13333333333333,-79.13333333333333],[33.86666666666667,-79.13333333333333],[34.16666666666667,-79.00000000000001],[33.0,-78.9090909090909]],[[45.758620689655174,-77.75862068965517],[45.3,-78.0],[45.5625,-78.4375],[46.0,-78.58333333333334],[46.48275862068966,-78.48275862068967],[47.0,-78.0],[46.26415094339623,-77.73584905660377],[45.758620689655174,-77.75862068965517]],[[50.0,-77.0],[49.5,-77.5],[49.33333333333333,-78.0],[50.0,-78.57142857142857],[52.80952380952381,-78.80952380952381],[53.69230769230769,-78.69230769230771],[54.00000000000001,-78.33333333333334],[54.25,-78.25],[54.33333333333334,-78.0],[51.0,-76.85714285714286],[50.0,-77.0]],[[52.94117647058823,-71.0],[53.00000000000001,-71.2],[54.0,-71.42857142857142],[54.5,-71.0],[53.82857142857143,-70.82857142857142],[52.94117647058823,-71.0]],[[68.66666666666667,-76.0],[68.16666666666666,-75.83333333333333],[67.84615384615385,-76.0],[68.0,-76.08],[68.66666666666667,-76.0]],[[98.66666666666667,-70.0],[98.22222222222223,-69.77777777777777],[97.0,-69.55555555555556],[96.25531914893618,-70.25531914893617],[94.75,-70.75],[94.57142857142857,-71.0],[94.73913043478261,-71.26086956521739],[95.47368421052632,-71.52631578947368],[96.0,-71.6086956521739],[97.0,-71.46666666666667],[97.31818181818181,-71.31818181818181],[97.67567567567568,-70.67567567567568],[98.66666666666667,-70.0]],[[103.0,-67.0],[102.00000000000001,-66.8],[101.75,-67.25],[102.0,-68.0],[103.0,-67.0]],[[101.45000000000002,-67.55],[100.4,-67.6],[100.0,-67.42857142857143],[98.83333333333333,-68.0],[99.47619047619047,-68.52380952380953],[99.58823529411765,-69.41176470588235],[100.0,-69.875],[101.69230769230771,-69.6923076923077],[102.0,-69.0],[102.0,-68.0],[101.45000000000002,-67.55]],[[105.0,-82.25],[105.33333333333334,-82.33333333333334],[106.0,-82.0],[103.6923076923077,-81.6923076923077],[102.72727272727272,-81.72727272727272],[102.0,-82.0],[103.33333333333334,-82.33333333333334],[104.0,-82.4],[105.0,-82.25]],[[106.0,-83.0],[106.25,-83.75],[106.66666666666669,-83.66666666666667],[107.0,-83.77777777777777],[107.6,-83.6],[108.33333333333334,-83.0],[107.36842105263159,-82.63157894736842],[107.0,-82.22222222222223],[106.69230769230771,-82.30769230769232],[106.0,-82.0],[106.0,-83.0]],[[100.0,-74.0],[100.85714285714285,-74.14285714285714],[101.07142857142857,-74.07142857142857],[101.0,-73.875],[100.0,-74.0]]],[[[68.42105263157895,-73.42105263157895],[68.27272727272727,-73.0],[68.57894736842105,-72.57894736842104],[69.0,-72.36],[69.4776119402985,-72.52238805970148],[69.88888888888889,-73.0],[69.83673469387755,-73.16326530612245],[70.33333333333334,-73.33333333333334],[70.75,-73.25],[71.0,-74.0],[70.0,-74.56],[69.50877192982456,-74.49122807017542],[69.26086956521739,-73.73913043478261],[69.0,-73.78048780487805],[68.60000000000001,-73.60000000000001],[68.23529411764706,-73.76470588235294],[68.42105263157895,-73.42105263157895]]],[[[117.0,-73.0],[116.0,-73.16129032258064],[115.0,-73.0],[115.58333333333333,-72.58333333333334],[116.30303030303031,-72.69696969696969],[117.0,-73.0]]],[[[123.9047619047619,-72.09523809523809],[123.0,-72.0],[124.0,-71.83333333333333],[124.16666666666667,-72.0],[123.9047619047619,-72.09523809523809]]],[[[113.0,-72.0],[113.91999999999999,-70.92],[114.125,-71.0],[114.375,-71.625],[114.75,-72.0],[114.30000000000001,-72.3],[113.0,-72.0]]],[[[113.65714285714287,-66.65714285714286],[113.0,-66.85],[112.43243243243245,-66.56756756756756],[112.05555555555554,-66.0],[113.0,-65.71186440677965],[114.5,-66.0],[113.65714285714287,-66.65714285714286]]],[[[116.89078498293516,-9.109215017064846],[116.66666666666667,-9.0],[117.0,-8.659574468085106],[117.34782608695652,-9.0],[116.89078498293516,-9.109215017064846]]],[[[112.0,-8.08],[111.1304347826087,-8.130434782608695],[110.35714285714286,-8.0],[110.3030303030303,-7.696969696969697],[110.0,-7.444444444444445],[109.0,-7.4],[108.73333333333333,-7.266666666666667],[108.44776119402985,-7.447761194029851],[108.0,-7.416666666666667],[107.74576271186442,-7.254237288135593],[106.7948717948718,-7.205128205128205],[106.56363636363636,-7.0],[106.52,-6.5200000000000005],[107.0,-6.0],[108.9,-6.1000000000000005],[109.0,-6.333333333333333],[110.18181818181819,-6.181818181818182],[113.7142857142857,-6.285714285714285],[115.0,-7.0],[114.50561797752809,-7.50561797752809],[114.5,-8.0],[114.22916666666666,-8.229166666666666],[113.0,-8.47872340425532],[112.0,-8.08]]],[[[105.79310344827587,-5.793103448275861],[106.0,-5.0],[107.0,-5.0],[107.0,-6.0],[106.375,-6.375],[105.88,-6.0],[105.79310344827587,-5.793103448275861]]],[[[123.0,-4.142857142857143],[122.25,-4.25],[122.0,-5.0],[121.92857142857143,-4.071428571428571],[121.5625,-3.4375],[121.0,-3.230769230769231],[120.05633802816901,-4.056338028169014],[120.19417475728156,-4.805825242718447],[120.0,-5.384615384615385],[119.5,-5.0],[119.91666666666667,-4.0],[118.16666666666667,-3.0],[119.0,-2.6153846153846154],[119.33160621761658,-2.3316062176165806],[119.93700787401575,0.06299212598425197],[120.11940298507463,0.11940298507462688],[121.0,-1.4],[121.47368421052632,-1.526315789473684],[121.33333333333333,-2.0],[121.52631578947368,-2.473684210526316],[122.125,-2.875],[122.08333333333333,-3.916666666666667],[122.91666666666666,-3.916666666666667],[123.0,-4.142857142857143]]],[[[122.0,-0.1875],[122.37142857142857,-1.0],[122.32911392405063,-1.3291139240506329],[121.51851851851852,-1.4814814814814816],[121.31578947368422,-1.0],[122.0,-0.1875]]],[[[122.0,0.3],[120.64912280701753,0.6491228070175439],[120.64705882352942,1.0],[121.0,1.2272727272727273],[123.0,1.0],[122.21875,0.78125],[122.0,0.3]]],[[[117.0,-3.0],[116.5,-3.5],[116.33333333333334,-4.333333333333334],[116.0,-4.5],[115.60000000000001,-4.4],[115.28571428571428,-3.7142857142857144],[115.0,-3.666666666666667],[114.66666666666667,-3.666666666666667],[114.0,-4.0],[112.0,-4.0],[111.4,-3.6000000000000005],[111.0,-3.0],[110.0,-3.0],[110.0,-2.0],[109.0,-2.0],[109.0,0.0],[108.0,1.0],[109.0,2.0],[111.0,2.0],[111.0,3.0],[112.0,3.0],[112.4,3.6000000000000005],[113.11764705882354,3.8823529411764706],[113.55555555555556,4.444444444444445],[114.0,4.571428571428571],[114.13953488372094,4.8604651162790695],[114.96923076923076,5.030769230769231],[115.25,5.75],[116.0,6.0],[116.14285714285714,6.857142857142857],[117.0,7.0],[117.71428571428571,6.7142857142857135],[118.02325581395348,6.023255813953488],[119.0,5.0],[118.19565217391305,4.804347826086957],[118.0,4.25],[117.5,4.0],[117.4,3.6000000000000005],[117.57142857142858,1.5714285714285716],[118.0,1.0],[117.13953488372093,0.8604651162790697],[117.0,-3.0]]],[[[108.0,4.333333333333334],[108.22222222222223,4.222222222222222],[108.33333333333334,4.0],[108.28571428571428,3.7142857142857144],[107.75,3.75],[107.66666666666667,4.0],[108.0,4.333333333333334]]],[[[117.4,8.0],[117.38095238095238,7.619047619047619],[117.0,7.0],[116.94520547945206,8.0],[117.14814814814814,8.148148148148149],[117.4,8.0]]],[[[124.16822429906541,6.83177570093458],[123.88461538461539,7.0],[123.64356435643563,7.643564356435643],[122.85714285714286,7.857142857142858],[123.0,8.419354838709678],[124.0,8.321428571428571],[124.5774647887324,8.422535211267606],[125.0,8.714285714285715],[125.30769230769232,8.692307692307693],[125.6,9.0],[125.55555555555554,9.444444444444445],[126.0,10.0],[126.00621118012423,6.9937888198757765],[125.08823529411765,6.911764705882353],[125.24074074074073,6.2407407407407405],[125.0,5.910344827586207],[124.78861788617886,6.211382113821138],[124.92771084337349,6.927710843373494],[124.16822429906541,6.83177570093458]]],[[[125.0,12.09090909090909],[125.0,10.0],[124.0,10.0],[122.99999999999999,9.428571428571427],[122.71084337349399,10.289156626506024],[123.0,11.0],[123.0,12.0],[125.0,12.09090909090909]]],[[[122.88235294117646,14.117647058823529],[123.66666666666667,14.0],[123.44444444444444,13.555555555555555],[123.0,13.5],[122.5,13.5],[122.0,14.0],[122.88235294117646,14.117647058823529]]],[[[122.0,13.0],[121.5438596491228,12.456140350877192],[121.0,12.25],[120.66871165644172,12.668711656441717],[120.94,13.94],[120.91666666666667,14.916666666666666],[120.0,15.0],[119.95833333333333,16.0],[120.47826086956522,16.52173913043478],[120.83703703703704,18.162962962962965],[121.40366972477065,18.403669724770644],[121.64383561643835,18.35616438356164],[122.0,19.0],[122.10569105691056,17.89430894308943],[122.0,16.93617021276596],[121.16981132075472,16.0],[121.26086956521739,15.73913043478261],[121.09756097560975,15.097560975609756],[122.0,15.0],[122.0,14.0],[122.0,13.0]]],[[[-1.2999999999999998,54.699999999999996],[-1.0,54.4],[-0.6000000000000001,54.400000000000006],[0.6000000000000001,53.60000000000001],[1.4000000000000001,53.400000000000006],[2.0,53.0],[2.0,52.0],[4.0,52.0],[4.0,53.0],[5.0,54.0],[8.0,54.0],[8.0,57.0],[9.875,57.125],[10.0,57.333333333333336],[11.0,57.0],[11.0,55.0],[12.0,55.0],[12.0,56.0],[12.200000000000001,57.0],[11.529411764705882,57.529411764705884],[11.38095238095238,58.38095238095238],[11.0,59.0],[10.0,59.0],[9.344827586206897,58.6551724137931],[9.0,58.705882352941174],[8.0,58.26086956521739],[6.999999999999999,58.06896551724138],[6.279069767441861,58.27906976744186],[6.0,59.0],[6.0,60.0],[5.0,60.0],[5.0,62.0],[5.461538461538463,62.53846153846154],[6.177777777777778,62.82222222222222],[8.0,63.142857142857146],[8.324324324324325,63.67567567567568],[9.0,64.0],[11.0,64.0],[11.0,65.0],[12.0,65.0],[12.0,66.0],[12.484848484848484,66.51515151515152],[13.200000000000001,67.0],[13.555555555555555,67.44444444444444],[14.0,67.44444444444444],[14.833333333333332,68.0],[15.0,69.0],[15.8,68.8],[17.0,69.0],[17.45,69.55000000000001],[19.0,70.63636363636364],[19.4375,70.4375],[19.88679245283019,69.88679245283019],[22.0,70.0],[22.466666666666665,70.53333333333333],[23.0,70.84615384615384],[24.11764705882353,71.11764705882354],[27.0,70.88888888888889],[28.0,71.66666666666667],[28.413793103448274,71.41379310344827],[28.785714285714285,70.78571428571428],[29.432432432432435,70.43243243243244],[30.0,69.83333333333334],[31.210526315789473,69.78947368421052],[32.0,70.0],[33.0,69.2],[34.0,69.58333333333333],[35.0,69.5],[36.0,69.625],[36.476190476190474,69.47619047619048],[36.904761904761905,68.90476190476191],[37.61290322580645,68.61290322580645],[40.315789473684205,68.3157894736842],[40.75,67.75],[44.0,66.0],[44.66666666666667,67.0],[44.333333333333336,68.0],[45.42857142857143,68.57142857142857],[46.0,68.71428571428571],[46.5,68.5],[46.71428571428571,68.0],[46.6,67.6],[46.66666666666667,67.33333333333334],[46.0,67.0],[46.75,66.75],[47.18181818181819,66.81818181818181],[47.63636363636364,67.36363636363636],[48.30769230769231,67.6923076923077],[49.5,68.0],[49.33333333333334,68.33333333333334],[49.0,68.33333333333334],[48.55555555555555,68.55555555555556],[48.0,69.0],[48.5,69.5],[49.0,69.66666666666667],[50.0,69.0],[53.0,69.0],[53.60000000000001,69.4],[55.75,68.75],[57.0,68.75],[58.0,69.0],[58.66666666666667,69.33333333333334],[58.66666666666667,69.66666666666667],[58.91666666666667,70.08333333333333],[60.0,70.2],[60.66666666666667,70.0],[60.66666666666667,69.66666666666667],[61.0,69.5],[63.0,69.54545454545455],[64.0,69.28571428571428],[65.0,69.57142857142857],[65.60000000000001,69.6],[66.33333333333334,69.33333333333334],[66.33333333333334,69.0],[68.0,68.33333333333333],[68.4,68.60000000000001],[68.66666666666667,69.0],[68.44444444444444,69.44444444444444],[67.0,70.0],[66.0,71.0],[66.66666666666667,71.33333333333334],[68.0,71.5],[68.5,72.0],[68.60000000000001,72.4],[69.0,73.0],[72.0,73.0],[72.5,72.5],[72.6,71.60000000000001],[73.0,71.0],[73.5,71.5],[74.28571428571428,71.71428571428571],[74.5,72.0],[74.5,72.5],[75.0,73.0],[78.0,73.0],[78.0,74.0],[80.0,74.0],[80.66666666666667,73.66666666666667],[82.0,74.0],[86.0,74.0],[86.0,75.0],[87.0,76.0],[88.0,76.0],[89.0,75.66666666666667],[90.0,76.0],[90.80000000000001,75.80000000000001],[92.0,76.0],[93.0,77.0],[93.75,76.75],[95.2,76.8],[96.0,77.0],[97.0,76.0],[97.5,76.5],[98.0,76.66666666666667],[99.00000000000001,76.66666666666667],[100.0,76.5],[100.4,76.60000000000001],[101.60000000000001,77.4],[102.0,77.5],[103.0,77.5],[105.0,77.16666666666667],[107.0,77.5],[107.44444444444444,77.44444444444444],[108.0,77.0],[112.0,77.0],[113.4,76.4],[114.0,76.0],[114.0,74.0],[120.0,74.0],[120.0,73.0],[123.0,73.0],[123.0,74.0],[130.0,74.0],[130.0,73.0],[129.4,72.6],[129.0,72.0],[129.69230769230768,71.6923076923077],[130.5,71.0],[131.11764705882354,70.88235294117646],[131.5,71.0],[131.71428571428572,71.28571428571428],[132.0,72.0],[132.0,73.0],[134.0,73.0],[134.0,72.0],[134.7142857142857,71.71428571428571],[136.0,71.5],[139.0,71.5],[139.33333333333334,71.66666666666667],[139.5,72.0],[139.5,72.5],[140.0,73.0],[140.0,74.0],[137.0,74.0],[137.0,73.0],[135.0,73.0],[135.0,75.0],[137.0,75.0],[137.0,76.0],[138.0,76.0],[138.0,77.0],[140.0,77.0],[140.0,76.0],[141.0,76.0],[141.0,77.0],[143.0,77.0],[143.0,76.0],[145.0,76.0],[145.0,74.0],[142.0,74.0],[142.0,73.0],[150.0,73.0],[150.0,72.0],[150.60000000000002,71.60000000000001],[151.5,71.5],[152.0,71.0],[154.0,71.0],[154.60000000000002,71.4],[155.0,71.5],[156.0,71.33333333333333],[157.0,71.5],[158.0,71.5],[158.4,71.4],[159.0,71.0],[159.4,70.4],[159.66666666666669,69.66666666666667],[160.0,69.5],[160.4,69.6],[161.0,70.0],[161.8,69.8],[164.0,70.0],[166.26086956521738,69.73913043478261],[167.22222222222223,69.77777777777777],[168.0,70.0],[170.0,70.0],[170.22222222222223,70.77777777777777],[171.0,71.0],[171.8181818181818,70.81818181818181],[172.44444444444443,70.44444444444444],[172.66666666666669,70.0],[172.875,69.875],[174.0,70.0],[175.0,69.83333333333334],[175.05405405405403,69.94594594594595],[176.0,69.96774193548387],[178.27272727272725,69.72727272727272],[178.77777777777777,69.77777777777777],[179.0,69.6],[180.0,69.33333333333334],[180.0,65.125],[179.77777777777777,64.77777777777777],[179.77777777777777,64.22222222222223],[179.0,64.0],[179.5,63.5],[179.66666666666669,63.00000000000001],[179.4,62.6],[178.0,62.0],[177.0,62.5],[176.74193548387098,62.25806451612903],[175.75,62.25],[175.0,62.0],[174.0408163265306,61.95918367346938],[173.0,61.5],[172.7037037037037,61.29629629629629],[172.61904761904762,61.0],[170.3,60.7],[170.0,60.25],[169.63636363636363,60.63636363636364],[169.0,60.78260869565217],[167.0,60.85714285714286],[166.34285714285716,60.65714285714286],[165.6,60.0],[164.92857142857142,59.92857142857143],[164.5,60.0],[164.0,60.6],[163.75,60.25],[163.73913043478262,59.73913043478261],[164.00877192982458,58.99122807017544],[163.0,59.0],[162.72727272727272,58.272727272727266],[162.0,58.0],[162.7142857142857,57.71428571428571],[162.92857142857144,57.0],[162.6,56.400000000000006],[162.0,56.0],[162.0,55.0],[160.55555555555554,54.44444444444444],[159.3157894736842,53.684210526315795],[159.0,53.625],[158.6875,53.0],[158.32592592592593,52.674074074074085],[158.0,51.64285714285714],[157.0,51.15384615384615],[156.531914893617,51.53191489361703],[156.3125,52.0],[156.33333333333334,52.33333333333334],[156.0,53.0],[155.77777777777777,53.77777777777777],[155.6,56.0],[156.0,56.66666666666667],[156.75,57.25],[157.0,58.0],[158.0,58.4],[158.26666666666665,58.266666666666666],[159.0,58.28571428571429],[159.44444444444443,58.55555555555556],[159.8,59.2],[160.35555555555555,59.644444444444446],[161.3076923076923,60.0],[161.24242424242425,60.24242424242424],[160.5,60.5],[159.55555555555554,61.55555555555555],[159.0,61.875],[157.0,61.09090909090909],[156.0,61.0],[155.54166666666666,60.45833333333333],[154.89830508474577,60.101694915254235],[154.39999999999998,60.0],[154.0,59.6],[153.0,59.16666666666667],[152.5,58.5],[152.0,58.26666666666667],[151.6,58.400000000000006],[151.33333333333334,58.33333333333334],[151.25,58.75],[150.95238095238096,59.047619047619044],[149.0,59.0],[148.22222222222223,59.22222222222222],[147.84615384615384,59.15384615384616],[147.28571428571428,59.285714285714285],[146.0,59.1],[144.0,59.27272727272728],[143.0,59.5],[141.77777777777777,59.0],[141.5,58.5],[141.0,58.22222222222223],[140.73333333333335,57.266666666666666],[140.00000000000003,57.04545454545455],[139.0,57.10526315789474],[138.78947368421052,56.78947368421052],[138.78947368421052,56.210526315789465],[138.34285714285716,56.34285714285714],[137.83098591549296,56.16901408450704],[137.7,56.0],[137.70731707317074,55.707317073170735],[138.0,55.5],[138.42857142857144,55.42857142857143],[138.75,55.0],[138.76470588235293,54.76470588235294],[140.0,54.75],[140.44444444444443,54.44444444444444],[140.70588235294116,54.0],[140.6153846153846,53.61538461538461],[140.7142857142857,53.28571428571428],[140.33333333333334,53.0],[140.76470588235293,52.76470588235294],[141.22222222222223,52.77777777777778],[141.89473684210526,53.10526315789474],[143.0,53.25],[143.14285714285714,53.142857142857146],[143.28571428571428,53.0],[143.08333333333331,52.0],[143.4,51.400000000000006],[143.51999999999998,50.519999999999996],[144.0,50.0],[143.42857142857144,49.57142857142857],[143.0,49.0],[142.7,49.7],[142.78571428571428,50.0],[142.26666666666668,51.00000000000001],[142.30769230769232,51.30769230769231],[142.0,51.66666666666667],[140.7,51.3],[140.3846153846154,50.0],[140.375,49.0],[139.73684210526318,48.26315789473685],[139.3762376237624,47.62376237623762],[138.77142857142857,47.22857142857143],[138.0,46.18181818181818],[137.3174603174603,45.682539682539684],[136.78947368421052,45.0],[135.6867469879518,44.31325301204819],[135.48000000000002,44.0],[134.3661971830986,43.63380281690141],[134.0,43.0],[132.57142857142858,43.0],[132.0,43.66666666666667],[131.55555555555557,43.0],[130.8507462686567,42.850746268656714],[130.07272727272726,42.92727272727272],[130.0,42.0],[129.53763440860214,41.46236559139785],[129.289592760181,40.710407239819006],[128.0,40.0],[127.94736842105263,38.94736842105263],[128.2197802197802,38.21978021978022],[128.54166666666666,37.541666666666664],[129.0,37.4054054054054],[129.2,37.2],[129.25862068965517,36.741379310344826],[129.0,35.0],[128.0,35.0],[127.75,34.25],[127.0,34.0],[126.0,34.0],[126.0,37.0],[125.0,37.0],[125.0,38.0],[125.28571428571428,38.71428571428571],[125.25,39.0],[125.1,39.1],[124.16666666666666,39.16666666666667],[124.0,39.5],[123.0,39.0],[122.0,39.0],[121.5,39.5],[121.44444444444444,40.44444444444444],[121.0,40.800000000000004],[120.7037037037037,40.29629629629629],[119.33333333333334,39.66666666666667],[119.0,39.333333333333336],[117.71428571428571,39.28571428571428],[117.5,39.0],[117.66666666666667,38.66666666666667],[119.73333333333333,37.733333333333334],[121.0,38.0],[121.66666666666669,37.66666666666667],[122.0,37.0],[121.66666666666669,36.333333333333336],[120.38095238095238,35.61904761904762],[120.0,35.69230769230769],[119.51351351351352,35.486486486486484],[119.18181818181819,35.0],[119.30769230769232,34.69230769230769],[119.22222222222223,34.22222222222222],[121.0,34.0],[121.0,33.0],[122.0,33.0],[122.0,29.0],[121.75,28.25],[121.0,28.0],[120.9375,27.0],[120.68,26.32],[119.94736842105263,26.0],[120.0,25.0],[119.0,25.0],[118.0,24.0],[118.0,23.0],[117.0,23.0],[116.46153846153847,22.53846153846154],[115.00000000000001,22.142857142857142],[113.0,22.0],[112.77777777777777,21.22222222222222],[111.0,21.0],[111.0,19.0],[110.30136986301369,18.6986301369863],[110.0,18.214285714285715],[109.0,18.2],[108.57894736842104,18.57894736842105],[108.5,19.0],[108.65217391304348,19.347826086956523],[109.1904761904762,19.80952380952381],[110.0,20.0],[109.60000000000001,20.6],[109.0,21.0],[107.0,21.0],[106.28571428571428,20.714285714285715],[106.0,20.0],[105.9047619047619,19.095238095238095],[105.5,19.0],[105.92857142857142,18.928571428571427],[106.38461538461539,18.384615384615383],[106.66666666666669,17.666666666666668],[107.2,17.0],[108.25806451612902,16.741935483870968],[109.0,17.0],[108.82608695652173,16.17391304347826],[108.94117647058823,15.941176470588236],[109.0566037735849,13.0],[109.26923076923077,11.73076923076923],[109.0,11.066666666666668],[108.66666666666667,11.0],[108.5,10.5],[107.0,10.0],[107.0,9.0],[106.0,9.0],[106.0,8.0],[104.0,8.0],[104.0,10.0],[103.0,10.0],[103.0,11.0],[102.16666666666667,11.166666666666668],[102.16666666666667,11.833333333333334],[102.0,12.25],[101.0,12.0],[100.0,12.5],[99.9047619047619,12.095238095238097],[99.66666666666667,12.0],[99.81818181818181,11.818181818181818],[99.75,10.75],[100.0,10.0],[99.5,9.0],[99.66666666666667,8.666666666666668],[100.33333333333334,8.333333333333334],[100.77777777777777,7.777777777777778],[101.0,7.0],[101.83333333333334,6.833333333333333],[102.44444444444443,6.444444444444445],[102.8,5.8],[103.44444444444444,5.444444444444444],[103.66666666666667,5.0],[103.75,3.75],[104.5,2.0],[104.4,1.6],[104.0,1.0],[104.0,0.0],[105.0,0.0],[105.0,-1.0],[107.0,-1.0],[107.0,-2.0],[109.0,-2.0],[109.0,-3.0],[108.66666666666667,-3.666666666666667],[108.0,-4.0],[106.0,-4.0],[106.0,-5.0],[105.16,-5.16],[104.92982456140352,-5.070175438596491],[104.33986928104575,-5.339869281045751],[104.0,-5.320987654320987],[103.72774869109948,-5.272251308900524],[103.3625,-4.637499999999999],[102.57000000000001,-4.43],[102.2037037037037,-4.0],[102.25,-3.75],[102.0,-3.45],[101.67857142857143,-3.321428571428571],[101.69999999999999,-3.0],[101.51724137931035,-2.4827586206896552],[100.92307692307693,-2.076923076923077],[100.39024390243902,-1.0],[100.39024390243902,-0.6097560975609756],[100.0,-0.2727272727272727],[99.69999999999999,-0.3],[99.14285714285714,0.0],[98.73333333333333,0.7333333333333334],[98.05882352941177,1.0588235294117647],[98.05714285714286,2.057142857142857],[97.50515463917526,2.5051546391752577],[97.35114503816794,3.3511450381679393],[96.52,3.52],[95.30434782608695,5.0],[95.62790697674419,5.372093023255815],[96.0,5.492307692307692],[97.0,5.230769230769231],[97.29508196721312,5.295081967213115],[97.96000000000001,4.96],[98.0,4.666666666666667],[98.5,4.5],[99.0,4.0],[99.83333333333333,3.833333333333333],[100.0,3.0],[101.0,3.0],[100.5,3.5],[100.5,4.0],[100.125,4.125],[100.0,6.0],[99.36363636363636,6.363636363636363],[99.0,7.0],[98.77777777777777,7.777777777777778],[98.5,8.0],[98.4,8.4],[98.0,9.0],[98.08333333333333,13.999999999999998],[98.0,14.333333333333334],[97.6,14.600000000000001],[97.44444444444443,15.444444444444443],[97.0,16.0],[97.4,16.6],[97.5,17.0],[97.06451612903226,17.064516129032256],[97.00000000000001,17.200000000000003],[96.5,17.0],[96.33333333333334,16.666666666666668],[96.0,16.666666666666664],[95.55555555555556,16.444444444444443],[95.25,15.75],[95.0,15.5],[94.85714285714286,15.857142857142858],[94.95238095238095,17.0],[94.72972972972974,17.72972972972973],[94.375,18.0],[94.5,19.0],[94.26666666666667,19.266666666666666],[94.0,19.25],[93.74468085106383,19.74468085106383],[93.0,20.0],[92.0,20.0],[92.0,21.0],[91.60000000000001,21.6],[91.36363636363636,22.363636363636363],[91.0,22.666666666666664],[90.5,22.5],[90.0,22.0],[88.0,22.0],[87.4,21.6],[87.0,21.6],[86.75,21.25],[86.17391304347827,20.82608695652174],[86.0625,20.0],[85.15151515151516,19.84848484848485],[84.78571428571428,19.0],[84.22916666666667,18.770833333333336],[84.0,18.083333333333332],[83.09195402298852,17.908045977011493],[83.0,17.666666666666668],[82.2,17.0],[81.23529411764706,16.764705882352942],[81.03846153846153,16.0],[80.06349206349208,15.936507936507937],[80.0,12.666666666666666],[79.66666666666667,12.0],[79.66666666666667,11.666666666666668],[80.0,11.0],[80.02666666666667,9.026666666666667],[80.33333333333333,9.0],[80.63636363636364,8.636363636363637],[81.0,8.5],[81.02247191011236,8.0],[81.26737967914438,7.267379679144384],[81.48076923076923,7.0],[81.24509803921569,6.754901960784314],[81.0,6.0],[80.06666666666668,6.066666666666666],[79.89999999999999,8.1],[79.94444444444446,8.944444444444445],[78.0952380952381,8.904761904761905],[78.0,8.333333333333334],[77.0,8.285714285714285],[76.82142857142858,8.821428571428571],[76.15384615384616,9.153846153846153],[75.97674418604652,10.976744186046512],[75.0,12.0],[74.92156862745098,12.92156862745098],[74.41025641025641,13.41025641025641],[74.06666666666666,14.0],[73.95555555555555,14.955555555555556],[73.3913043478261,15.391304347826086],[73.0,16.0],[73.0,19.0],[72.4,19.400000000000002],[72.25,20.0],[72.33333333333334,20.666666666666668],[72.5,21.0],[72.33333333333334,21.333333333333336],[72.0,21.5],[71.5,20.5],[71.0,20.333333333333336],[70.4,20.400000000000002],[70.0,21.0],[69.7948717948718,21.794871794871796],[69.0,22.0],[69.0,23.0],[68.0,23.0],[67.75,23.75],[67.28571428571428,24.285714285714285],[67.0,24.333333333333332],[66.6,25.0],[65.4776119402985,25.477611940298505],[65.0,25.615384615384613],[64.55555555555554,25.444444444444443],[64.0,25.0],[63.095238095238095,25.095238095238095],[63.00000000000001,25.2],[62.0,25.0],[61.48148148148149,25.481481481481485],[60.74468085106383,25.744680851063833],[58.1639344262295,25.83606557377049],[57.285714285714285,26.0],[57.114285714285714,26.114285714285714],[57.0,26.666666666666668],[56.6,26.6],[56.0,27.0],[56.0,26.0],[56.40579710144928,25.40579710144928],[56.35897435897436,25.0],[56.519230769230774,24.519230769230766],[57.0,24.038461538461537],[58.0,23.620689655172413],[58.29032258064515,23.29032258064516],[58.67567567567568,23.324324324324323],[59.151898734177216,23.151898734177216],[59.23529411764706,23.0],[59.0,21.5],[58.60000000000001,21.4],[58.05194805194805,20.948051948051948],[58.0,20.333333333333336],[57.833333333333336,20.0],[57.27777777777778,19.72222222222222],[57.0,18.25],[56.83333333333333,18.0],[55.14414414414415,17.855855855855857],[55.0,17.652173913043477],[54.523809523809526,17.476190476190474],[54.0625,17.0],[52.47524752475247,16.524752475247524],[52.0,15.935483870967742],[51.0,15.12],[50.0,14.924242424242424],[47.26415094339623,13.735849056603772],[45.641618497109825,13.358381502890172],[45.0,12.958333333333334],[43.51785714285714,12.482142857142858],[43.32,11.0],[44.0,10.604651162790697],[45.0,10.477611940298509],[46.0,10.527272727272727],[46.385185185185186,10.614814814814814],[47.0,11.0],[47.81294964028777,11.18705035971223],[50.42758620689655,11.427586206896551],[50.86206896551724,11.137931034482758],[51.0,11.333333333333332],[51.00000000000001,10.333333333333334],[50.94117647058823,10.0],[50.15384615384615,8.846153846153847],[50.0,8.0],[49.40579710144928,7.594202898550725],[49.04137931034482,6.958620689655173],[49.0,6.4],[48.66666666666667,6.0],[48.125,5.875],[48.125,5.125],[48.0,4.809523809523809],[47.36363636363636,4.636363636363637],[47.15,4.0],[46.255319148936174,3.74468085106383],[46.23255813953489,3.2325581395348837],[46.0,2.9074074074074074],[45.120000000000005,2.8800000000000003],[45.02857142857143,1.9714285714285715],[44.07594936708861,1.9240506329113924],[44.0,1.6666666666666665],[43.55555555555555,1.4444444444444444],[43.0,0.9090909090909091],[42.18181818181818,0.8181818181818181],[42.009389671361504,-1.0093896713615025],[41.0625,-1.0625],[41.0,-2.0],[40.166666666666664,-2.166666666666667],[40.03448275862068,-3.0],[39.46153846153847,-3.4615384615384617],[39.03571428571429,-5.0],[38.9,-6.0],[39.22222222222222,-7.0],[39.0246913580247,-8.024691358024691],[39.06451612903226,-9.0],[39.25531914893617,-9.74468085106383],[39.75,-10.0],[40.083333333333336,-11.0],[40.131147540983605,-14.131147540983607],[40.012903225806454,-16.01290322580645],[39.24,-16.240000000000002],[39.01298701298701,-17.01298701298701],[37.139534883720934,-17.13953488372093],[37.0,-18.0],[36.333333333333336,-18.333333333333336],[35.6,-19.6],[35.0,-19.666666666666668],[34.66666666666667,-20.0],[35.0,-21.0],[35.11538461538461,-23.0],[35.0,-24.333333333333336],[34.0,-25.0],[33.26086956521739,-25.26086956521739],[32.519999999999996,-26.519999999999996],[32.0,-28.92857142857143],[31.26086956521739,-29.26086956521739],[30.86486486486487,-30.0],[30.383233532934135,-30.383233532934135],[30.06818181818182,-31.06818181818182],[29.37410071942446,-31.374100719424458],[29.03187250996016,-32.03187250996016],[28.31654676258993,-32.31654676258993],[28.0,-32.95652173913044],[27.127659574468083,-33.12765957446808],[26.0,-33.875],[25.0,-33.61538461538461],[24.0,-34.0],[23.0,-34.0],[21.76,-34.76],[21.0,-34.875],[20.0,-34.77777777777778],[19.897435897435898,-34.8974358974359],[19.0,-34.88235294117647],[18.142857142857146,-34.0],[18.0,-33.0],[18.22222222222222,-32.0],[17.575757575757578,-31.424242424242422],[17.256410256410255,-30.74358974358974],[17.0,-29.727272727272727],[16.555555555555554,-29.444444444444443],[16.256410256410255,-28.74358974358974],[15.600000000000001,-28.400000000000002],[15.210526315789473,-27.789473684210524],[15.098360655737704,-26.901639344262293],[14.5,-26.0],[14.285714285714285,-25.0],[14.294117647058822,-23.999999999999996],[14.03921568627451,-21.96078431372549],[13.170212765957446,-20.829787234042552],[12.947368421052632,-20.05263157894737],[12.411764705882351,-19.58823529411765],[12.0,-18.615384615384617],[11.8125,-17.0],[12.0,-15.733333333333334],[12.670588235294117,-14.670588235294119],[12.963414634146341,-12.963414634146341],[13.506172839506172,-12.506172839506172],[13.8,-12.0],[13.90625,-11.0],[13.8,-10.2],[13.333333333333334,-10.0],[13.0,-9.0],[13.09090909090909,-8.09090909090909],[12.857142857142858,-7.142857142857142],[12.333333333333332,-7.0],[12.0,-5.0],[11.741935483870968,-4.258064516129032],[11.0,-4.0],[10.753424657534246,-3.2465753424657535],[10.25,-3.0],[9.904761904761905,-2.0952380952380953],[9.5,-2.0],[9.4,-1.6],[9.0,-1.3333333333333335],[9.0,-0.5],[9.25,-0.25],[9.615384615384615,1.0],[9.821428571428571,1.1785714285714284],[9.714285714285714,1.7142857142857142],[9.973684210526315,2.973684210526316],[9.956521739130435,3.9565217391304346],[8.80952380952381,4.190476190476191],[8.066666666666666,4.066666666666666],[7.333333333333334,4.333333333333334],[6.0,4.5],[5.842105263157895,4.842105263157895],[5.25,5.0],[5.0,5.5],[4.761904761904762,6.761904761904762],[3.953488372093023,6.953488372093023],[2.0416666666666665,6.958333333333333],[1.16,6.84],[1.0,6.0],[-0.9111111111111111,5.911111111111111],[-1.0,5.0],[-3.0,5.0],[-3.347826086956522,5.6521739130434785],[-4.0,5.866666666666667],[-4.727272727272727,5.727272727272727],[-5.5,5.0],[-8.0,4.866666666666667],[-9.0,5.0],[-9.16326530612245,5.836734693877551],[-10.0,5.951219512195122],[-10.347826086956522,6.6521739130434785],[-11.049180327868852,6.950819672131147],[-11.75,7.0],[-12.0,7.333333333333334],[-12.045454545454545,7.954545454545455],[-14.0,8.0],[-14.0,10.0],[-15.0,10.0],[-15.0,12.0],[-17.0,12.0],[-17.0,15.166666666666666],[-16.444444444444443,15.444444444444443],[-16.045454545454547,16.045454545454547],[-16.02469135802469,17.02469135802469],[-16.142857142857142,19.857142857142858],[-17.0,20.0],[-16.77777777777778,20.77777777777778],[-17.0,22.0],[-16.846153846153847,22.846153846153847],[-16.142857142857142,23.142857142857146],[-15.75,24.75],[-15.0,25.0],[-14.428571428571429,26.0],[-14.061224489795919,26.06122448979592],[-13.444444444444445,26.444444444444443],[-13.09090909090909,27.090909090909093],[-13.0,28.0],[-12.170212765957448,28.170212765957448],[-12.0,28.5],[-11.0,28.75],[-10.875,29.0],[-10.31111111111111,29.31111111111111],[-9.942857142857143,29.942857142857143],[-9.875,31.875],[-9.2015503875969,32.201550387596896],[-9.0,32.86666666666667],[-8.121739130434783,33.12173913043478],[-8.0,33.63636363636364],[-6.363636363636363,34.36363636363636],[-6.0,35.142857142857146],[-5.49438202247191,35.49438202247191],[-5.0,35.55],[-3.387096774193548,35.38709677419355],[-3.0,35.75],[-2.764705882352941,35.23529411764706],[-1.0,35.223684210526315],[-0.3711340206185567,35.371134020618555],[0.08333333333333333,36.0],[3.0,36.28735632183908],[3.6031746031746037,36.3968253968254],[4.0,36.641025641025635],[5.0,36.36619718309859],[7.000000000000001,36.96296296296297],[11.1,37.1],[10.714285714285715,34.71428571428571],[11.0,34.0],[11.600000000000001,33.6],[12.0,33.0],[13.0,33.0],[13.761904761904763,32.76190476190476],[14.341463414634147,32.34146341463414],[15.25,32.0],[15.625,31.625],[16.0,31.5],[16.157894736842106,31.157894736842103],[18.0,31.0],[18.368421052631582,30.368421052631582],[19.0,30.052631578947366],[19.9,30.099999999999998],[19.980392156862745,32.01960784313725],[21.21212121212121,32.21212121212121],[21.82758620689655,32.172413793103445],[22.0,32.45454545454545],[23.0,32.45454545454545],[23.11764705882353,32.11764705882353],[24.8,32.0],[25.0,31.857142857142858],[25.26086956521739,31.26086956521739],[25.73913043478261,31.26086956521739],[26.096774193548384,31.096774193548388],[28.5,31.0],[28.6,30.6],[29.0,30.599999999999998],[29.666666666666668,31.0],[30.91304347826087,31.086956521739133],[31.0,31.333333333333332],[32.0,31.333333333333332],[32.10526315789474,31.105263157894736],[34.0,31.1],[34.56,31.439999999999998],[35.0,33.0],[35.49122807017544,33.50877192982456],[35.78,35.0],[35.54430379746836,36.45569620253165],[35.68421052631579,36.68421052631579],[35.0,36.96666666666667],[34.50847457627119,36.49152542372882],[34.0,36.30263157894737],[32.0,36.526315789473685],[31.0,36.985074626865675],[30.0,36.65217391304348],[28.0,37.0],[27.0,37.0],[27.142857142857142,37.857142857142854],[26.909090909090907,39.0],[26.619047619047617,39.61904761904762],[26.0,40.0],[25.0,40.0],[25.0,41.0],[24.25,40.75],[24.0,40.833333333333336],[22.88888888888889,40.111111111111114],[22.96551724137931,38.96551724137931],[23.571428571428573,38.57142857142857],[23.923076923076923,38.0],[23.0,37.45454545454545],[22.0,37.322580645161295],[21.691176470588232,37.69117647058823],[21.086956521739133,38.0],[21.0,39.0],[20.493975903614455,39.493975903614455],[19.694444444444446,40.0],[19.647058823529413,40.647058823529406],[19.125,41.125],[19.045454545454547,42.0],[18.46031746031746,42.46031746031746],[18.0,42.674418604651166],[16.81818181818182,42.81818181818182],[15.636363636363637,43.36363636363636],[15.363636363636363,43.36363636363636],[15.0,44.0],[14.08,44.08],[13.666666666666668,44.333333333333336],[13.0,44.0],[13.93939393939394,43.93939393939394],[14.0,43.0],[14.88235294117647,42.88235294117647],[15.142857142857142,42.0],[15.675675675675677,41.67567567567568],[17.4,41.0],[16.484848484848484,40.515151515151516],[16.314285714285713,40.0],[16.392857142857142,39.607142857142854],[16.0,39.214285714285715],[15.818181818181818,39.81818181818181],[15.576923076923077,40.0],[15.405405405405405,40.4054054054054],[14.7979797979798,40.7979797979798],[13.984848484848484,40.984848484848484],[13.0,41.0],[12.733333333333334,41.733333333333334],[12.0,42.0],[11.555555555555555,42.55555555555556],[10.181818181818182,43.18181818181818],[10.285714285714285,44.285714285714285],[9.923076923076923,44.92307692307692],[9.0,44.875],[8.522727272727272,44.47727272727273],[8.432432432432432,44.0],[8.17877094972067,43.82122905027933],[6.307692307692308,43.69230769230769],[6.0,43.57142857142857],[5.604395604395604,43.604395604395606],[5.0,43.88235294117647],[4.296296296296296,43.703703703703695],[3.857142857142857,43.14285714285714],[3.0,43.0],[3.0114285714285716,41.98857142857143],[1.514018691588785,41.48598130841122],[0.9130434782608696,41.08695652173913],[0.050000000000000044,40.0],[0.0,39.0],[-0.8888888888888888,38.0],[-1.6528925619834711,37.65289256198347],[-1.9545454545454546,36.95454545454545],[-2.576923076923077,36.57692307692307],[-3.0,36.083333333333336],[-3.5479452054794525,36.45205479452055],[-5.419354838709678,36.58064516129032],[-6.066666666666666,36.93333333333334],[-6.913043478260869,37.08695652173913],[-8.333333333333334,37.0],[-8.600000000000001,37.4],[-9.0,39.0],[-8.842105263157894,41.99999999999999],[-9.119205298013245,42.88079470198676],[-9.0,43.225],[-8.426666666666666,43.42666666666666],[-8.0,43.76190476190476],[-6.999999999999999,43.888888888888886],[-6.405594405594407,43.59440559440559],[-5.0,43.659574468085104],[-4.0,43.278481012658226],[-3.0,43.274193548387096],[-2.4489795918367347,43.44897959183673],[-2.0,43.84615384615385],[-1.4285714285714286,44.0],[-1.25,45.0],[-1.3333333333333333,45.66666666666667],[-1.5,46.0],[-2.8,47.2],[-4.0,47.400000000000006],[-5.0,48.0],[-4.5,48.5],[-4.0,48.75],[-3.0,49.0],[-2.0,49.0],[-1.6666666666666665,49.66666666666667],[-1.0,49.8],[0.0,49.66666666666667],[0.7142857142857142,49.71428571428571],[1.1818181818181817,49.81818181818181],[1.25,50.0],[1.2857142857142856,50.28571428571428],[1.0,51.0],[0.4,50.60000000000001],[-0.33333333333333337,50.333333333333336],[-1.2222222222222223,50.22222222222222],[-3.0,50.333333333333336],[-4.0,50.25],[-4.5,50.5],[-4.846153846153847,51.15384615384615],[-5.428571428571429,51.57142857142858],[-5.6,52.0],[-5.5,52.5],[-4.866666666666667,52.866666666666674],[-4.6,53.60000000000001],[-4.0,53.71428571428571],[-3.0,53.5],[-2.75,54.0],[-2.75,54.25],[-3.0,54.66666666666667],[-6.0,54.0],[-6.0,53.0],[-7.181818181818182,52.18181818181819],[-7.571428571428571,51.57142857142858],[-8.307692307692308,51.30769230769231],[-9.210526315789474,51.21052631578947],[-10.0,51.230769230769226],[-10.5,51.5],[-10.769230769230768,52.0],[-10.571428571428571,52.57142857142857],[-9.5,53.0],[-9.600000000000001,53.400000000000006],[-10.0,54.0],[-9.5,54.5],[-9.0,54.5],[-8.714285714285714,54.71428571428571],[-8.4,55.400000000000006],[-8.0,55.57142857142857],[-7.0,55.5],[-6.6000000000000005,55.60000000000001],[-6.0,56.0],[-5.931034482758621,57.931034482758626],[-5.7142857142857135,58.71428571428571],[-5.0,58.90909090909091],[-4.8,58.8],[-4.2,58.8],[-4.285714285714286,58.28571428571428],[-4.0,57.888888888888886],[-3.0,57.9375],[-2.2105263157894735,57.78947368421053],[-2.0,56.0],[-1.5384615384615383,55.46153846153847],[-1.5,55.0],[-1.2999999999999998,54.699999999999996]],[[169.75,69.25],[170.0,68.85714285714286],[170.5,69.0],[170.2,69.2],[170.0,70.0],[169.75,69.25]],[[55.18181818181819,26.181818181818183],[54.0,26.083333333333332],[53.166666666666664,26.166666666666664],[53.166666666666664,26.833333333333336],[52.99999999999999,27.049999999999997],[51.06896551724138,27.06896551724138],[51.0,28.5],[50.66666666666667,28.66666666666667],[50.5,29.0],[50.08,29.08],[50.08,30.0],[49.83333333333333,30.166666666666668],[49.0,30.0],[48.66666666666667,29.333333333333336],[48.8,28.799999999999997],[49.0,28.0],[49.6,27.6],[50.0,27.0],[50.0,26.0],[52.0,26.0],[52.0,25.0],[55.0,25.0],[55.11764705882353,25.88235294117647],[56.0,26.0],[55.18181818181819,26.181818181818183]],[[13.4,44.6],[13.0,45.5],[12.866666666666667,45.13333333333334],[12.333333333333334,45.0],[12.8,44.8],[13.0,44.0],[13.4,44.6]],[[22.0,59.0],[23.0,59.0],[23.0,60.0],[21.0,60.0],[21.0,64.0],[20.5,63.5],[18.72222222222222,63.27777777777778],[18.375,63.0],[18.352941176470587,62.647058823529406],[18.0,62.5],[17.5,62.0],[17.25,61.0],[17.571428571428573,60.57142857142858],[18.0,60.25],[18.25,60.25],[18.5,60.0],[18.400000000000002,59.6],[18.0,59.0],[17.4,58.60000000000001],[17.0,58.5],[16.81818181818182,58.18181818181818],[17.0,57.0],[16.6,56.400000000000006],[15.0,56.0],[14.0,55.0],[14.0,54.0],[14.5,54.5],[16.0,54.5],[17.0,55.0],[18.0,55.0],[19.0,54.5],[20.0,55.0],[20.8,54.8],[21.5,55.0],[21.22222222222222,55.22222222222222],[21.0,56.0],[21.714285714285715,58.28571428571428],[22.0,59.0]],[[23.0,64.0],[24.0,65.0],[23.5,65.5],[23.0,65.6],[22.5,65.5],[22.0,65.0],[22.0,64.0],[23.0,64.0]],[[72.66666666666667,68.66666666666667],[73.4,68.4],[74.0,68.0],[74.66666666666667,68.33333333333334],[75.5,68.5],[76.0,69.0],[75.0,69.66666666666667],[74.0,69.5],[73.60000000000001,69.6],[73.0,70.0],[72.6,69.4],[72.5,69.0],[72.66666666666667,68.66666666666667]],[[76.60000000000001,68.60000000000001],[77.0,68.5],[77.28571428571428,68.71428571428571],[77.33333333333334,69.0],[77.22222222222223,69.22222222222223],[77.0,69.33333333333334],[76.71428571428572,69.28571428571428],[76.0,69.0],[76.60000000000001,68.60000000000001]],[[136.32,54.68000000000001],[136.57142857142856,55.0],[136.13793103448276,55.13793103448276],[135.76470588235293,55.0],[136.0,54.75],[136.32,54.68000000000001]],[[136.76470588235293,54.23529411764706],[137.0,53.77777777777778],[138.11764705882354,53.88235294117647],[138.15384615384616,54.15384615384616],[137.0,54.4],[136.76470588235293,54.23529411764706]],[[164.0,61.5],[164.39999999999998,62.0],[164.13793103448276,62.137931034482754],[163.6,62.0],[163.63636363636363,61.63636363636363],[164.0,61.5]],[[28.333333333333336,30.333333333333336],[26.9,30.099999999999998],[26.8,29.8],[27.0,29.0],[27.333333333333336,29.666666666666668],[27.666666666666668,29.666666666666668],[28.133333333333333,29.866666666666667],[28.333333333333336,30.333333333333336]],[[33.06060606060606,29.06060606060606],[32.77777777777778,29.0],[32.888888888888886,28.88888888888889],[33.0,28.77777777777778],[33.06060606060606,29.06060606060606]],[[38.375,18.375],[39.0,17.0],[39.66666666666667,16.666666666666668],[40.0,16.0],[41.0,16.0],[40.66666666666667,15.333333333333334],[40.75,15.0],[41.53846153846154,14.538461538461538],[42.0,14.0],[43.0,14.0],[42.77777777777778,14.777777777777779],[42.857142857142854,15.0],[42.7,15.7],[42.25,16.0],[42.0,17.0],[41.0,18.0],[41.0,19.0],[39.53333333333333,20.53333333333333],[38.975,21.975],[38.8,23.0],[37.0,25.0],[36.79310344827586,26.0],[35.0,28.03846153846154],[33.58904109589041,27.410958904109584],[33.44444444444444,27.0],[33.57142857142857,26.571428571428573],[34.0,26.34782608695652],[34.513513513513516,25.513513513513512],[35.58333333333333,24.0],[35.5945945945946,23.594594594594593],[35.9,23.0],[37.0,21.4],[37.19047619047619,20.0],[38.375,18.375]],[[30.753246753246756,41.246753246753244],[32.0,41.29850746268657],[32.487046632124354,41.512953367875646],[33.0,41.970588235294116],[34.9646017699115,42.0353982300885],[35.586776859504134,41.58677685950413],[38.0,41.0],[39.0,41.21538461538462],[40.0,41.0],[41.0,41.42372881355932],[41.91891891891892,42.0],[41.0,43.0],[39.12903225806452,44.0],[39.18604651162791,44.18604651162791],[38.96491228070175,44.96491228070175],[37.666666666666664,45.0],[37.5,45.5],[37.0,46.0],[36.0,46.0],[35.94117647058823,45.0],[35.0,44.77142857142857],[33.333333333333336,45.0],[33.375,45.375],[33.0,46.0],[31.0,46.0],[29.666666666666668,45.333333333333336],[28.77777777777778,45.22222222222222],[28.5,45.0],[28.66666666666667,44.66666666666667],[28.666666666666668,44.0],[28.137931034482758,43.86206896551724],[27.89473684210526,43.10526315789473],[28.0,42.0],[27.714285714285715,41.28571428571428],[27.4,41.0],[27.79310344827586,40.79310344827586],[30.753246753246756,41.246753246753244]],[[40.5,66.0],[40.125,66.125],[38.00000000000001,66.14285714285715],[36.0,66.42857142857143],[34.64705882352941,66.35294117647058],[34.4,66.0],[34.5,65.5],[35.0,65.0],[36.0,64.5],[36.333333333333336,64.66666666666667],[36.25,65.0],[36.6,65.4],[37.0,65.6],[37.5,65.5],[38.0,65.0],[38.75,64.75],[39.22222222222222,64.77777777777777],[40.0,65.0],[40.25,65.75],[40.5,66.0]],[[49.0,38.0],[51.0,38.0],[51.0,37.0],[54.0,37.0],[54.0,38.0],[53.0,38.0],[53.0,42.0],[51.0,42.0],[51.0,43.0],[50.0,43.0],[50.0,45.0],[54.0,45.0],[54.0,47.0],[53.0,47.0],[53.0,48.0],[52.0,48.0],[52.0,47.0],[50.0,47.0],[50.0,48.0],[47.0,48.0],[47.0,46.0],[46.0,46.0],[46.0,45.0],[47.0,45.0],[47.0,44.0],[48.0,44.0],[48.0,43.0],[49.0,43.0],[49.0,42.0],[50.0,42.0],[50.0,39.0],[49.0,39.0],[49.0,38.0]],[[82.33333333333334,72.0],[81.83333333333334,72.16666666666667],[81.0,72.0],[82.0,71.5],[82.33333333333334,71.66666666666667],[82.33333333333334,72.0]],[[37.5,64.0],[37.285714285714285,64.28571428571428],[36.66666666666667,64.33333333333334],[36.5,64.0],[37.0,63.833333333333336],[37.5,64.0]]],[[[121.18018018018017,23.81981981981982],[121.20261437908496,23.0],[121.0,22.507936507936506],[120.5974025974026,22.597402597402596],[120.06060606060606,23.000000000000004],[120.0,25.0],[121.0,25.0],[121.29629629629629,24.296296296296294],[121.18018018018017,23.81981981981982]]],[[[82.5,75.5],[82.0,76.0],[82.6,76.4],[83.0,76.5],[83.33333333333334,76.33333333333334],[83.5,76.0],[83.33333333333334,75.66666666666667],[83.0,75.5],[82.5,75.5]]],[[[68.4,77.0],[68.0,76.71428571428571],[67.75,76.75],[67.5,77.0],[68.13793103448276,77.13793103448276],[68.4,77.0]]],[[[101.33333333333334,78.33333333333334],[101.10000000000001,79.00000000000001],[101.36363636363637,79.63636363636364],[102.0,79.75],[103.0,79.375],[104.0,79.5],[104.83333333333333,79.00000000000001],[104.4,78.60000000000001],[104.0,78.44444444444444],[103.0,78.5],[102.0,78.18181818181817],[101.33333333333334,78.33333333333334]]],[[[100.0,79.6],[100.42857142857144,79.42857142857144],[100.75,79.0],[100.33333333333333,78.0],[100.33333333333334,77.66666666666667],[100.0,77.5],[99.71428571428571,77.71428571428571],[99.66666666666666,78.0],[98.19354838709677,78.19354838709677],[98.0,78.42857142857142],[97.52941176470588,78.52941176470587],[97.0,79.0],[96.0,79.0],[94.5,79.5],[94.0,80.0],[93.5,79.5],[93.0,79.4],[91.60000000000001,79.6],[91.0,80.0],[91.55555555555554,80.44444444444444],[93.28571428571428,80.71428571428572],[93.5,81.0],[97.0,81.0],[97.76923076923077,80.76923076923077],[98.0,80.25],[99.0,80.5],[99.5,80.0],[99.87096774193547,79.87096774193549],[100.0,79.6]]],[[[80.33333333333333,81.0],[80.28571428571428,80.71428571428572],[80.0,80.5],[79.66666666666666,81.0],[79.91304347826086,81.08695652173914],[80.33333333333333,81.0]]],[[[139.66666666666669,-75.33333333333334],[139.0,-75.0],[139.30769230769232,-74.3076923076923],[139.25,-74.0],[139.61290322580646,-73.61290322580645],[140.48,-73.48],[141.0,-72.66666666666667],[141.22222222222223,-73.0],[141.21052631578948,-73.21052631578948],[141.0,-73.66666666666667],[140.60000000000002,-73.60000000000001],[140.85714285714286,-74.0],[140.77777777777777,-74.77777777777777],[140.1818181818182,-75.18181818181819],[140.1818181818182,-75.81818181818181],[140.06666666666666,-76.06666666666668],[139.9,-76.1],[139.66666666666669,-75.66666666666667],[139.66666666666669,-75.33333333333334]]],[[[156.27272727272725,-74.0],[156.35294117647058,-74.35294117647058],[156.0,-74.75],[155.0,-74.2],[154.77777777777777,-74.22222222222223],[154.66666666666666,-74.0],[154.875,-73.875],[156.0,-73.76923076923077],[156.27272727272725,-74.0]]],[[[134.86666666666667,-70.13333333333333],[135.11111111111111,-70.88888888888889],[137.0,-71.0],[136.53333333333333,-71.53333333333333],[136.6818181818182,-72.31818181818181],[138.28571428571428,-73.0],[138.23529411764707,-73.23529411764706],[138.0,-73.33333333333333],[137.72413793103448,-73.72413793103448],[137.71428571428572,-74.28571428571428],[138.0,-74.8],[139.0,-75.0],[138.25,-75.25],[137.8181818181818,-75.81818181818181],[137.0,-76.0],[136.5625,-75.4375],[136.0,-75.17647058823529],[135.37142857142857,-74.62857142857143],[134.56962025316454,-74.43037974683544],[133.91111111111113,-74.08888888888889],[133.8181818181818,-74.0],[134.0,-73.0],[133.27777777777777,-72.72222222222223],[132.67741935483872,-72.67741935483872],[132.0769230769231,-72.92307692307692],[131.0,-73.0952380952381],[130.0,-73.55172413793103],[128.83783783783784,-73.16216216216216],[128.71428571428572,-72.0],[128.4225352112676,-71.5774647887324],[128.0,-71.4],[126.62790697674419,-71.37209302325581],[125.85714285714286,-71.0],[126.5,-70.5],[127.75,-70.0],[128.0,-69.5],[128.22222222222223,-69.77777777777777],[129.0,-70.0],[130.0,-70.0],[130.55555555555554,-69.55555555555554],[131.35,-69.35],[131.63636363636363,-69.0],[131.7037037037037,-68.7037037037037],[132.0,-68.5],[132.36363636363637,-68.63636363636364],[132.26666666666668,-69.0],[132.47619047619048,-69.52380952380952],[133.0,-69.91666666666666],[133.41509433962264,-69.41509433962264],[133.57894736842104,-69.0],[133.4313725490196,-68.5686274509804],[133.0,-68.3125],[132.6153846153846,-68.38461538461539],[132.44444444444446,-68.0],[132.58333333333334,-67.58333333333333],[133.0,-67.0],[133.60000000000002,-66.60000000000001],[134.0,-66.0],[135.0,-65.83333333333333],[135.15384615384613,-66.15384615384616],[135.0,-66.5],[134.60000000000002,-66.60000000000001],[134.5,-67.0],[135.0,-67.5],[136.0,-67.57142857142857],[136.5,-68.0],[135.78571428571428,-68.21428571428571],[135.1,-68.10000000000001],[135.375,-68.625],[134.86666666666667,-70.13333333333333]],[[133.75,-71.0],[134.33333333333334,-71.0],[134.13333333333333,-70.86666666666667],[133.75,-71.0]]],[[[138.4090909090909,-70.0],[138.6060606060606,-69.60606060606061],[139.88888888888889,-69.0],[139.8181818181818,-68.81818181818181],[140.0,-68.0],[140.6923076923077,-68.3076923076923],[141.23529411764707,-68.23529411764706],[144.375,-68.625],[144.375,-69.0],[143.67567567567568,-69.67567567567568],[142.0,-70.52173913043478],[141.0,-70.4375],[139.0,-71.0],[138.4090909090909,-70.0]]],[[[145.0,-67.625],[145.42857142857144,-67.57142857142857],[145.75,-68.0],[145.0,-68.375],[144.625,-68.375],[144.625,-68.0],[145.0,-67.625]]],[[[125.375,-67.0],[125.66666666666667,-66.66666666666667],[126.0,-66.54545454545455],[126.41666666666666,-67.0],[126.0,-67.71428571428571],[125.63636363636364,-67.63636363636364],[125.6,-68.0],[125.3,-68.30000000000001],[125.0,-68.375],[124.66666666666669,-68.33333333333334],[124.25,-68.0],[125.0,-67.5],[125.4,-67.4],[125.375,-67.0]]],[[[146.0,-67.5],[145.66666666666669,-67.33333333333334],[146.0,-66.8],[146.33333333333334,-67.0],[146.0,-67.5]]],[[[142.0,-67.0],[140.7142857142857,-67.28571428571428],[140.0,-67.0],[140.8,-66.8],[141.11764705882354,-66.88235294117648],[142.0,-67.0]]],[[[168.71428571428572,-47.0],[168.0,-47.55555555555556],[167.7872340425532,-47.212765957446805],[167.83333333333331,-47.0],[167.4950495049505,-46.5049504950495],[167.0,-46.404761904761905],[166.22727272727275,-46.0],[167.46575342465752,-45.534246575342465],[167.6190476190476,-45.61904761904762],[167.53846153846155,-45.46153846153846],[167.73214285714286,-45.0],[168.48979591836732,-44.48979591836735],[168.71000000000004,-43.71000000000001],[169.0,-43.44230769230769],[170.23076923076923,-43.0],[170.66666666666669,-42.66666666666667],[171.11267605633805,-42.11267605633803],[171.38095238095238,-41.38095238095238],[172.11764705882354,-41.11764705882353],[174.0,-41.0],[173.93478260869568,-42.0],[173.0,-43.0],[172.91666666666669,-43.91666666666667],[171.96551724137933,-43.96551724137931],[170.125,-46.125],[169.6875,-46.3125],[169.28571428571428,-46.28571428571428],[168.71428571428572,-47.0]]],[[[145.71428571428572,-43.0],[145.14285714285714,-42.0],[145.2051282051282,-41.794871794871796],[144.94117647058823,-41.05882352941176],[144.7,-41.0],[144.6470588235294,-40.647058823529406],[145.0,-40.400000000000006],[145.5,-40.5],[146.0,-41.0],[146.28571428571428,-40.285714285714285],[147.14285714285714,-40.142857142857146],[147.6,-39.6],[148.0,-39.5],[148.05479452054794,-41.054794520547944],[147.92857142857142,-42.92857142857143],[147.05405405405403,-43.054054054054056],[147.0,-43.5],[146.83333333333334,-43.166666666666664],[146.375,-43.375],[146.0,-43.3],[145.71428571428572,-43.0]]],[[[176.86363636363637,-40.0],[176.36893203883494,-40.368932038834956],[176.0507614213198,-41.0507614213198],[174.80434782608697,-41.19565217391305],[174.0,-41.0],[174.26666666666665,-40.266666666666666],[175.0,-40.0],[174.4,-39.6],[174.16666666666666,-39.0],[174.27272727272728,-38.0],[174.71428571428572,-37.0],[174.63636363636363,-36.63636363636364],[175.0,-36.5],[175.66666666666669,-37.0],[176.0,-37.0625],[176.3488372093023,-37.651162790697676],[177.0,-37.916666666666664],[178.0,-37.69444444444444],[178.51162790697674,-38.0],[178.2543352601156,-38.2543352601156],[178.0,-39.0],[177.22950819672133,-39.22950819672131],[176.86363636363637,-40.0]]],[[[174.0,-35.0],[174.1818181818182,-35.81818181818182],[174.5,-36.0],[174.36363636363637,-36.36363636363636],[174.0,-36.285714285714285],[173.86666666666667,-35.86666666666667],[174.0,-35.0]]],[[[139.4,-16.6],[140.0,-17.0],[140.60000000000002,-16.6],[141.0,-16.666666666666664],[141.4,-16.400000000000002],[141.66666666666666,-16.0],[141.6,-12.6],[142.0,-12.0],[142.0,-11.0],[143.0,-11.0],[143.28571428571428,-11.714285714285714],[143.2,-12.0],[143.0625,-12.0625],[143.23076923076923,-12.76923076923077],[143.25,-13.75],[144.0,-14.0],[144.0754716981132,-14.924528301886792],[144.82608695652175,-14.826086956521738],[145.06060606060606,-14.93939393939394],[145.14,-15.86],[145.4375,-16.5625],[146.0,-17.0],[146.04651162790697,-17.953488372093023],[146.76923076923077,-18.23076923076923],[147.0,-19.0],[148.0,-19.0],[148.52380952380952,-19.476190476190474],[148.875,-20.0],[149.0,-21.0],[149.8181818181818,-21.18181818181818],[150.0,-22.0],[150.75,-22.25],[151.0,-23.0],[151.6,-23.400000000000002],[152.0,-24.0],[152.25,-24.75],[153.0,-25.0],[153.02499999999998,-27.0],[153.08849557522126,-27.911504424778762],[153.1851851851852,-28.0],[153.0,-31.25],[152.8181818181818,-31.81818181818182],[152.625,-32.0],[152.09803921568627,-32.09803921568627],[152.0,-32.625],[151.7,-33.0],[151.16091954022988,-33.160919540229884],[150.85714285714286,-34.857142857142854],[150.72727272727275,-35.0],[150.11111111111111,-35.11111111111111],[150.0,-36.5],[149.57142857142856,-37.57142857142858],[148.96226415094338,-37.9622641509434],[148.0,-38.0],[147.0,-38.5],[146.8181818181818,-38.81818181818181],[146.0,-39.0],[145.33333333333334,-38.66666666666667],[145.0,-37.800000000000004],[144.47058823529412,-38.470588235294116],[144.0,-38.66666666666667],[143.0,-38.800000000000004],[142.82608695652175,-38.173913043478265],[140.94736842105263,-38.0],[140.76,-37.24],[139.5,-37.0],[139.28571428571428,-36.714285714285715],[139.13333333333333,-35.86666666666667],[138.28571428571428,-35.71428571428571],[138.28571428571428,-35.285714285714285],[138.0,-34.8],[137.75,-34.75],[137.5,-35.0],[137.4,-35.400000000000006],[137.0,-36.0],[136.71428571428572,-35.285714285714285],[136.28571428571428,-34.71428571428571],[136.0,-34.75],[135.53846153846155,-34.46153846153846],[135.0,-33.66666666666667],[134.5,-33.5],[134.0,-33.0],[132.66666666666669,-32.333333333333336],[131.0,-31.666666666666668],[130.0,-32.0],[129.22222222222223,-31.77777777777778],[128.8181818181818,-31.81818181818182],[128.28571428571428,-32.285714285714285],[125.69230769230771,-32.69230769230769],[125.0,-33.0],[124.0,-34.0],[122.0,-34.0],[121.13333333333333,-33.86666666666667],[119.0695652173913,-34.06956521739131],[119.0,-34.19047619047619],[118.38709677419354,-34.387096774193544],[118.0,-35.0],[116.125,-34.875],[115.71428571428571,-34.285714285714285],[115.0,-34.04761904761905],[115.1111111111111,-33.0],[115.65217391304347,-32.652173913043484],[115.83870967741936,-32.0],[115.73684210526316,-31.736842105263158],[115.8,-31.2],[115.0,-31.0],[114.9753086419753,-30.024691358024693],[114.79310344827587,-29.20689655172414],[114.14285714285715,-29.0],[114.10526315789474,-27.89473684210526],[113.44444444444444,-27.0],[113.52380952380952,-26.523809523809522],[114.0,-26.0],[113.60000000000001,-25.400000000000002],[113.0,-25.0],[113.33333333333334,-24.333333333333336],[113.28571428571429,-24.0],[113.6969696969697,-23.696969696969695],[114.0,-21.95],[114.91304347826087,-21.91304347826087],[115.30769230769232,-21.307692307692307],[116.0,-21.0],[116.33333333333334,-20.333333333333336],[117.0,-20.0],[119.0,-20.0],[120.28571428571428,-19.285714285714285],[121.13333333333333,-19.133333333333333],[121.52941176470587,-18.52941176470588],[122.20000000000002,-18.0],[122.25,-17.25],[122.55555555555556,-16.555555555555554],[124.0,-15.0],[125.0,-15.0],[125.15384615384616,-14.153846153846153],[126.0,-14.0],[126.66666666666667,-13.666666666666668],[127.0,-13.666666666666666],[127.33333333333333,-14.0],[128.33333333333334,-14.333333333333334],[129.0,-14.0],[129.28571428571428,-13.285714285714285],[130.0,-13.0],[130.25,-12.25],[131.0,-12.0],[132.0,-12.0],[132.0,-11.0],[133.0,-11.0],[133.8,-11.2],[134.0,-11.5],[134.4,-11.600000000000001],[135.0,-12.0],[137.0,-12.0],[137.0,-14.0],[136.0,-14.0],[136.0,-15.0],[137.0,-15.0],[137.5,-16.0],[138.0,-16.333333333333336],[139.0,-16.666666666666664],[139.4,-16.6]]],[[[178.0,-17.5],[178.3181818181818,-17.681818181818183],[178.30434782608694,-18.0],[178.0,-18.51851851851852],[177.74774774774772,-17.747747747747745],[178.0,-17.5]]],[[[151.0,-9.0],[151.16666666666666,-9.833333333333332],[151.0,-11.0],[150.8082191780822,-10.19178082191781],[150.5,-10.0],[151.0,-9.0]]],[[[161.18478260869566,-9.184782608695652],[161.0,-9.320754716981131],[160.32,-9.0],[160.80790960451978,-8.807909604519775],[161.12830188679246,-8.871698113207547],[161.18478260869566,-9.184782608695652]]],[[[125.24193548387098,-9.241935483870968],[124.8159509202454,-9.184049079754601],[124.88679245283019,-8.88679245283019],[125.20833333333334,-8.791666666666666],[126.0,-8.90909090909091],[126.06818181818181,-9.068181818181818],[125.24193548387098,-9.241935483870968]]],[[[159.0,-9.0],[158.82608695652175,-8.0],[159.0,-7.870967741935484],[159.22535211267606,-8.225352112676056],[159.0,-9.0]]],[[[157.32142857142856,-8.0],[157.0,-8.155172413793103],[156.78048780487805,-7.780487804878049],[156.89655172413794,-7.103448275862069],[155.98639455782313,-6.986394557823129],[157.0,-6.914285714285714],[157.32142857142856,-8.0]]],[[[150.625,-5.375],[151.0,-6.0],[149.0,-6.0],[149.76666666666665,-5.7666666666666675],[150.0,-5.0],[150.625,-5.375]]],[[[136.0,-2.0],[138.989898989899,-1.9898989898989898],[139.2258064516129,-2.774193548387097],[142.0180995475113,-2.981900452488688],[142.11111111111111,-3.888888888888889],[145.0,-4.0],[145.05555555555554,-5.0],[146.0,-5.618181818181818],[147.0,-5.617021276595745],[147.24,-5.76],[147.4186046511628,-6.0],[147.0,-7.0],[148.0,-8.0],[148.17142857142858,-8.82857142857143],[149.0,-9.0],[149.6315789473684,-10.0],[149.0,-10.181818181818182],[148.0,-10.035087719298247],[147.73626373626374,-9.263736263736263],[146.97402597402598,-9.025974025974026],[146.0,-8.090909090909092],[145.0327868852459,-7.967213114754099],[145.0,-7.857142857142858],[144.0,-8.0],[143.5,-9.0],[143.5,-9.5],[143.0,-10.0],[141.0,-10.0],[140.0,-9.0],[139.0,-9.0],[138.4,-8.600000000000001],[137.6,-8.4],[137.0,-8.0],[137.0,-7.0],[138.0,-7.0],[138.0,-6.0],[137.0,-5.0],[135.90625,-4.90625],[135.0,-5.0],[134.93333333333334,-4.066666666666666],[134.5,-4.0],[134.27272727272725,-3.727272727272727],[133.84615384615387,-3.8461538461538463],[133.86363636363637,-4.0],[133.0,-4.4222222222222225],[132.696,-4.304],[132.55813953488374,-3.558139534883721],[132.85714285714286,-3.142857142857143],[132.0,-3.0],[131.89473684210526,-2.1052631578947367],[131.22222222222223,-1.7777777777777777],[130.875,-1.125],[131.0,0.0],[131.01709401709402,-0.982905982905983],[133.1872340425532,-0.8127659574468085],[134.1830985915493,-0.8169014084507042],[135.0,-1.0],[134.36842105263156,-2.0],[134.54716981132077,-2.452830188679245],[135.0,-3.0],[135.86666666666667,-2.8666666666666663],[136.0,-2.0]]],[[[129.83333333333331,-2.8333333333333335],[130.0,-2.0],[130.0625,-3.0],[128.89705882352942,-3.1029411764705883],[127.95454545454545,-3.0],[128.8962962962963,-2.8962962962962964],[129.0,-2.6956521739130435],[129.38888888888889,-2.611111111111111],[129.83333333333331,-2.8333333333333335]]],[[[128.0,0.08333333333333333],[127.77083333333334,0.7708333333333333],[128.0,1.9166666666666665],[128.24444444444444,1.0],[128.0,0.08333333333333333]]],[[[137.75182481751824,34.75182481751825],[137.0,34.96774193548387],[136.34146341463412,34.65853658536585],[136.23076923076923,34.0],[136.06949806949805,33.93050193050193],[135.1,34.0],[135.0,34.16666666666667],[134.91666666666666,34.0],[134.0,33.68571428571428],[133.5925925925926,33.592592592592595],[133.27272727272725,33.72727272727272],[133.0,33.0],[132.0,33.0],[131.13186813186815,31.86813186813187],[131.0,31.25],[129.0,33.0],[129.27272727272725,33.72727272727272],[130.05405405405406,33.945945945945944],[131.0,34.0],[131.53846153846155,34.46153846153846],[132.0,34.6],[132.125,35.0],[133.0,36.0],[134.0,35.42857142857143],[135.0,35.357142857142854],[135.35294117647058,35.647058823529406],[135.42857142857142,36.0],[136.30379746835445,36.69620253164557],[137.66315789473686,37.33684210526316],[138.0,37.266666666666666],[138.4808743169399,37.51912568306011],[139.1111111111111,38.0],[139.49056603773587,38.509433962264154],[139.8181818181818,39.18181818181818],[140.0,40.083333333333336],[141.0,40.916666666666664],[141.84615384615384,40.0],[141.0,38.0],[140.9,37.00000000000001],[140.6190476190476,36.38095238095238],[140.0392156862745,35.96078431372549],[139.8181818181818,35.0],[139.0,34.72727272727273],[137.75182481751824,34.75182481751825]]],[[[143.87878787878788,42.87878787878788],[143.16216216216216,42.83783783783784],[143.0,42.25],[142.78571428571428,42.785714285714285],[142.3,42.7],[142.0,42.8],[141.0,42.041666666666664],[140.53535353535352,42.535353535353536],[140.45238095238096,43.0],[140.6260162601626,43.3739837398374],[141.0,43.71875],[141.26470588235293,43.73529411764706],[141.42857142857142,44.0],[141.36363636363637,44.63636363636364],[141.5,45.0],[141.8,45.2],[142.0,46.0],[142.4,45.0],[144.0,44.63636363636364],[144.28571428571428,44.285714285714285],[144.59633027522938,44.403669724770644],[145.0,44.3235294117647],[145.70967741935485,44.0],[145.0,43.15384615384616],[143.87878787878788,42.87878787878788]]],[[[143.11111111111111,47.111111111111114],[143.0,46.625],[142.57142857142858,46.57142857142858],[142.0,47.0],[143.0,47.42857142857143],[143.11111111111111,47.111111111111114]]],[[[179.0,70.4],[178.0,71.0],[178.4,71.60000000000001],[179.0,71.75],[179.46153846153848,71.46153846153847],[179.60000000000002,71.0],[179.4,70.60000000000001],[179.0,70.4]]],[[[151.0,76.0],[151.0,74.0],[147.0,74.0],[147.0,76.0],[151.0,76.0]]],[[[179.56361149110808,90.0],[180.0,90.0],[179.99999999999997,89.25292740046838],[179.6213649851632,89.62136498516321],[179.56361149110808,90.0]]]]}}]}