{"type":"FeatureCollection","features":[{"type":"Feature","properties":{"ageMa":20},"geometry":{"type":"MultiPolygon","coordinates":[[[[-142.22222222222223,-83.0],[-142.09302325581396,-82.90697674418605],[-141.60000000000002,-83.0],[-141.6,-83.4],[-142.0,-83.66666666666667],[-142.22222222222223,-83.0]]],[[[-145.0,-83.58333333333333],[-146.0,-83.5],[-147.0,-83.25],[-149.0,-83.2],[-149.66666666666669,-83.0],[-145.0,-82.69565217391305],[-143.95,-82.95],[-143.88235294117646,-83.11764705882354],[-144.0,-83.33333333333333],[-144.44444444444443,-83.55555555555554],[-145.0,-83.58333333333333]]],[[[-158.35294117647058,-81.6470588235294],[-155.0,-81.72727272727273],[-154.77777777777777,-81.77777777777777],[-154.46153846153845,-82.46153846153847],[-154.0,-82.81818181818181],[-153.0,-82.65],[-152.29999999999998,-83.0],[-152.31578947368422,-83.3157894736842],[-152.0,-83.5],[-151.72727272727272,-84.0],[-151.71428571428572,-84.28571428571428],[-152.0,-84.6],[-153.0,-84.0],[-154.0,-84.66666666666667],[-155.0,-84.6],[-156.0,-84.75],[-157.0,-84.36363636363636],[-160.0,-84.27777777777777],[-161.0,-84.06666666666668],[-161.62790697674419,-83.62790697674419],[-162.4390243902439,-83.4390243902439],[-164.0,-83.36],[-165.0,-83.44444444444444],[-167.27272727272725,-83.27272727272727],[-168.2,-83.0],[-168.52941176470588,-82.52941176470587],[-169.14285714285714,-82.14285714285714],[-171.0,-82.0],[-168.0,-81.72727272727273],[-166.0,-81.33333333333334],[-165.0,-81.52631578947368],[-162.0,-81.46153846153845],[-160.0,-81.80000000000001],[-158.77777777777777,-81.77777777777777],[-158.35294117647058,-81.6470588235294]]],[[[-169.16216216216216,-79.83783783783784],[-168.31111111111113,-79.6888888888889],[-167.1818181818182,-79.81818181818181],[-166.72727272727272,-80.0],[-166.78571428571428,-80.21428571428571],[-168.0,-80.46666666666667],[-169.0,-80.27272727272728],[-169.27272727272725,-80.0],[-169.16216216216216,-79.83783783783784]]],[[[-111.82857142857142,-79.17142857142856],[-113.0,-79.04166666666667],[-113.11764705882354,-78.88235294117646],[-112.95,-78.95],[-112.2,-78.8],[-111.53846153846155,-79.0],[-111.82857142857142,-79.17142857142856]]],[[[-116.80327868852459,-74.19672131147541],[-116.0,-73.8],[-114.0,-73.63888888888889],[-112.88888888888889,-73.88888888888889],[-112.0,-74.25],[-110.0,-74.10810810810811],[-109.36363636363637,-74.36363636363636],[-109.1081081081081,-75.0],[-109.59090909090908,-76.4090909090909],[-112.0,-76.48214285714286],[-112.36477987421385,-76.63522012578616],[-113.32183908045977,-77.67816091954023],[-113.56701030927834,-78.43298969072166],[-115.0,-78.4],[-118.0,-78.69999999999999],[-119.0,-78.55555555555556],[-120.0,-79.13333333333333],[-123.0,-79.28125],[-124.46341463414635,-79.53658536585367],[-125.23529411764704,-79.76470588235294],[-126.0,-80.26666666666667],[-126.25806451612902,-80.25806451612902],[-126.86956521739131,-79.8695652173913],[-129.0,-79.65625],[-130.0,-79.33333333333334],[-133.0,-79.57777777777777],[-136.0,-79.6595744680851],[-137.0,-80.17241379310346],[-138.38709677419354,-79.38709677419355],[-138.90654205607478,-78.90654205607477],[-140.0,-78.51923076923077],[-141.22500000000002,-78.775],[-142.0,-79.64285714285714],[-143.0,-80.11111111111111],[-143.9310344827586,-79.93103448275862],[-146.03076923076924,-79.96923076923078],[-148.0,-79.77083333333334],[-150.0,-80.1],[-151.0,-79.6923076923077],[-151.32,-79.68],[-152.0,-80.0],[-154.0,-80.15384615384616],[-155.04878048780486,-80.04878048780489],[-156.0,-79.6896551724138],[-157.0,-79.95833333333334],[-159.46511627906978,-79.46511627906976],[-160.10526315789474,-79.10526315789474],[-160.5,-78.5],[-161.24242424242425,-78.24242424242425],[-161.5,-78.0],[-159.5,-78.0],[-159.1764705882353,-78.1764705882353],[-158.0,-78.36111111111111],[-157.0,-78.28125],[-154.0,-78.37254901960785],[-153.13636363636363,-78.0],[-153.1818181818182,-77.81818181818181],[-152.89473684210526,-77.0],[-150.81115879828326,-76.81115879828326],[-147.25899280575538,-76.7410071942446],[-146.58227848101265,-76.41772151898734],[-146.06164383561645,-75.93835616438356],[-144.0,-75.61702127659575],[-141.0,-75.53125],[-140.0,-75.26190476190476],[-139.0,-75.27906976744185],[-138.02459016393442,-74.97540983606558],[-137.0,-75.40425531914893],[-135.55882352941177,-75.44117647058823],[-134.0,-75.14634146341463],[-133.0,-74.62765957446808],[-132.0,-74.47435897435898],[-129.0,-74.46938775510205],[-128.0233918128655,-73.9766081871345],[-127.21105527638191,-73.78894472361809],[-122.79881656804733,-73.79881656804733],[-122.0,-74.20588235294119],[-120.89655172413794,-73.89655172413794],[-120.0,-74.08823529411765],[-117.78947368421053,-74.21052631578948],[-116.80327868852459,-74.19672131147541]]],[[[-107.5,-75.0],[-108.0,-75.42857142857143],[-108.42857142857142,-75.0],[-108.0,-74.7],[-107.5,-75.0]]],[[[-72.4,-70.60000000000001],[-73.0,-71.0],[-74.0,-70.5],[-74.0909090909091,-70.0],[-72.78571428571429,-69.78571428571429],[-72.25,-70.0],[-72.4,-70.60000000000001]]],[[[-59.00000000000001,-63.31818181818183],[-58.0,-63.52173913043478],[-57.57142857142858,-63.42857142857143],[-57.14285714285714,-63.0],[-57.15384615384615,-62.84615384615385],[-57.0,-62.800000000000004],[-56.8,-63.0],[-56.36363636363636,-64.0],[-56.702127659574465,-64.29787234042553],[-59.0,-64.88235294117646],[-59.625,-64.625],[-59.57142857142858,-64.42857142857143],[-59.71428571428572,-64.0],[-59.42253521126761,-63.57746478873239],[-59.00000000000001,-63.31818181818183]]],[[[-177.17333333333332,-48.0],[-177.0,-46.0],[-176.84615384615384,-47.84615384615384],[-176.40909090909088,-48.0],[-175.91666666666669,-48.91666666666667],[-175.0,-49.0],[-175.66666666666669,-49.33333333333334],[-176.33333333333334,-50.0],[-177.0,-50.15384615384615],[-177.4835164835165,-50.51648351648351],[-178.0,-51.31999999999999],[-178.54285714285714,-51.457142857142856],[-179.00000000000003,-51.800000000000004],[-180.0,-52.0],[-180.0,-45.666666666666664],[-179.56521739130434,-45.565217391304344],[-179.0,-46.0],[-179.10526315789474,-47.0],[-179.65656565656565,-47.34343434343434],[-179.8709677419355,-48.0],[-179.7910447761194,-48.791044776119406],[-179.0,-49.0],[-178.35106382978722,-48.648936170212764],[-177.5,-48.5],[-177.17333333333332,-48.0]]],[[[-179.0,-46.0],[-179.36363636363637,-45.36363636363637],[-179.16666666666669,-45.0],[-178.66666666666669,-45.0],[-179.0,-46.0]]],[[[-79.0093896713615,6.990610328638498],[-79.61904761904762,7.38095238095238],[-80.0,7.315789473684211],[-80.28260869565219,7.717391304347826],[-81.03205128205128,7.967948717948718],[-81.34013605442178,8.65986394557823],[-82.12154696132596,8.878453038674033],[-82.2603550295858,9.2603550295858],[-81.0,9.342465753424658],[-80.61538461538461,9.0],[-80.45454545454544,8.545454545454545],[-79.0,8.0],[-78.11180124223603,8.111801242236025],[-77.3076923076923,8.0],[-77.61538461538461,7.0],[-79.0093896713615,6.990610328638498]]],[[[-76.0,18.12],[-75.7,18.0],[-76.0,17.680851063829788],[-76.37037037037037,17.629629629629626],[-77.0,18.0],[-76.0,18.12]]],[[[-64.07142857142857,18.0],[-65.0,17.905797101449274],[-66.0,18.0],[-64.91362126245846,18.08637873754153],[-64.07142857142857,18.0]]],[[[-71.17582417582418,18.824175824175825],[-71.06808510638298,19.068085106382977],[-70.0,19.305084745762713],[-69.0233918128655,19.023391812865498],[-68.33333333333334,19.0],[-68.8974358974359,18.897435897435898],[-69.18181818181819,18.0],[-70.0,17.90909090909091],[-70.30000000000001,18.0],[-71.17582417582418,18.824175824175825]]],[[[-76.0,22.0],[-76.05263157894737,22.94736842105263],[-78.0,23.0],[-76.0625,23.0625],[-76.0,23.333333333333332],[-75.60000000000001,23.400000000000002],[-75.0,23.0],[-74.77777777777777,22.22222222222222],[-74.3076923076923,22.307692307692307],[-74.0,22.2],[-74.0,21.0],[-75.01129943502825,20.988700564971754],[-75.02380952380953,21.976190476190478],[-76.0,22.0]]],[[[-78.0,22.0],[-79.00682593856656,21.993174061433447],[-79.0,23.0],[-78.0,23.0],[-78.0,22.0]]],[[[-74.28571428571428,24.714285714285715],[-74.2,25.0],[-74.28571428571428,25.285714285714285],[-74.0,26.0],[-73.97260273972603,25.027397260273972],[-73.0,25.0],[-73.94444444444444,24.944444444444443],[-74.0,24.0],[-74.28571428571428,24.714285714285715]]],[[[-74.0,26.0],[-75.0,26.0],[-75.0,27.0],[-73.97894736842105,27.021052631578947],[-74.0,26.0]]],[[[-65.25,41.25],[-64.5,41.0],[-64.97014925373134,40.97014925373134],[-65.0,40.833333333333336],[-65.5,41.0],[-65.25,41.25]]],[[[-57.0,47.0],[-56.44444444444444,46.55555555555555],[-56.0,46.66666666666667],[-55.2,46.00000000000001],[-55.529411764705884,45.52941176470588],[-56.0,45.333333333333336],[-56.44444444444444,45.44444444444444],[-57.0,45.0],[-56.6,45.6],[-56.800000000000004,46.00000000000001],[-56.6,46.400000000000006],[-57.0,47.0]]],[[[-75.0,82.69999999999999],[-74.0,82.58333333333333],[-72.84615384615385,82.84615384615384],[-69.66197183098592,82.66197183098592],[-68.0,82.68965517241381],[-67.02380952380952,83.02380952380952],[-66.0,82.96551724137932],[-65.0,83.27272727272728],[-64.04040404040404,82.95959595959596],[-63.0,82.79166666666666],[-62.0,83.31914893617022],[-60.0,83.37037037037037],[-59.0,83.04347826086956],[-58.0,83.2962962962963],[-57.0,83.16666666666667],[-56.0,83.70833333333333],[-55.52777777777777,83.47222222222223],[-55.0,82.75],[-54.46153846153847,82.53846153846155],[-54.0,82.47058823529412],[-53.0,82.73684210526316],[-50.42857142857143,82.57142857142858],[-49.77777777777778,82.22222222222223],[-49.71428571428571,81.71428571428571],[-50.0,81.5],[-50.44444444444444,81.44444444444444],[-53.0,81.46153846153845],[-54.0,81.6],[-54.41379310344828,81.41379310344828],[-54.68627450980392,80.68627450980392],[-55.0,80.38461538461539],[-55.99999999999999,80.18181818181819],[-57.0,80.47826086956522],[-59.0,80.0],[-59.333333333333336,79.33333333333334],[-59.55555555555555,79.44444444444443],[-61.0,79.25],[-62.99999999999999,79.4090909090909],[-65.16842105263157,79.16842105263157],[-65.66666666666667,78.66666666666667],[-66.34146341463415,78.34146341463413],[-67.57142857142857,78.0],[-68.0,77.625],[-68.54545454545455,76.54545454545455],[-69.0,76.28571428571428],[-69.66666666666667,76.33333333333334],[-70.0,76.57142857142858],[-71.0,76.3076923076923],[-72.0,76.42105263157895],[-72.29090909090908,76.29090909090908],[-72.42105263157896,76.0],[-72.0,75.1111111111111],[-70.95348837209302,74.04651162790698],[-72.0,73.27272727272728],[-72.375,73.375],[-72.375,73.0],[-72.16216216216216,72.83783783783784],[-71.0,72.55555555555556],[-68.0,72.66666666666667],[-66.81538461538462,72.18461538461538],[-66.21428571428572,71.78571428571428],[-64.0,71.38709677419355],[-63.29629629629629,70.7037037037037],[-61.99999999999999,70.6470588235294],[-60.8974358974359,70.1025641025641],[-60.0,70.0],[-60.434782608695656,69.43478260869566],[-60.45454545454545,69.0],[-60.22222222222222,68.77777777777777],[-57.30508474576271,67.69491525423729],[-56.73584905660377,67.26415094339623],[-55.375,67.0],[-55.375,66.0],[-55.65517241379311,65.65517241379311],[-56.294117647058826,65.29411764705883],[-58.0,65.14814814814815],[-59.0,65.73076923076923],[-59.31818181818181,65.68181818181819],[-60.0,66.04166666666667],[-60.33333333333334,66.0],[-60.15384615384616,65.84615384615384],[-60.28571428571428,65.28571428571428],[-60.21428571428571,65.0],[-59.0,64.17391304347827],[-58.789473684210535,64.21052631578948],[-58.42857142857142,64.0],[-58.2,63.00000000000001],[-60.0,62.22222222222222],[-60.444444444444436,62.444444444444436],[-60.60000000000001,62.4],[-60.53846153846154,62.53846153846154],[-60.699999999999996,62.99999999999999],[-61.0,63.15],[-61.3,62.7],[-61.16666666666667,62.166666666666664],[-61.7,62.3],[-62.0,62.16666666666667],[-62.77142857142857,62.22857142857143],[-64.42424242424242,62.57575757575758],[-65.0,63.0],[-66.0,63.42857142857143],[-67.0,63.25],[-67.25,63.0],[-66.375,62.625],[-65.81818181818181,62.18181818181818],[-65.83333333333333,62.0],[-65.3225806451613,61.67741935483871],[-64.55555555555554,61.44444444444444],[-64.0,61.0],[-64.0,60.0],[-63.0,60.0],[-63.0,59.0],[-62.42857142857143,58.57142857142858],[-61.625,58.625],[-60.0,59.0],[-59.63636363636364,60.0],[-59.0,60.4375],[-58.68181818181819,60.31818181818182],[-58.3,60.0],[-58.38297872340426,59.38297872340426],[-58.26470588235294,58.73529411764706],[-58.0,58.5],[-57.0,58.625],[-56.642857142857146,58.357142857142854],[-56.0,57.0],[-56.0,56.0],[-55.28571428571428,55.71428571428571],[-54.8,55.2],[-54.285714285714285,55.28571428571428],[-53.857142857142854,55.14285714285714],[-53.29629629629629,54.7037037037037],[-52.0,54.0],[-50.88235294117647,53.11764705882353],[-50.81818181818181,51.81818181818182],[-51.0,51.0],[-53.0,51.30769230769231],[-53.5,51.0],[-53.66666666666667,50.66666666666667],[-55.0,50.11111111111111],[-57.0,50.0],[-56.53846153846154,49.46153846153846],[-56.57142857142857,49.0],[-56.90909090909091,48.0],[-57.0,47.0],[-57.333333333333336,46.333333333333336],[-57.0,45.0],[-57.42857142857143,44.42857142857143],[-58.0,44.22222222222222],[-59.14814814814815,44.148148148148145],[-59.4,44.0],[-60.0,43.25],[-61.375,43.625],[-61.875,44.125],[-62.583333333333336,44.41666666666667],[-63.476190476190474,44.476190476190474],[-64.0,44.333333333333336],[-64.125,44.125],[-65.66666666666667,43.0],[-65.83333333333333,42.0],[-65.75,41.75],[-66.22222222222223,41.22222222222222],[-68.0,40.66666666666667],[-69.0,40.5],[-69.55555555555554,39.55555555555555],[-70.25,39.25],[-70.5,39.0],[-70.60000000000001,38.6],[-71.0,38.0],[-71.0,36.0],[-71.96969696969697,35.96969696969697],[-72.0,35.0],[-72.875,34.875],[-73.0,34.0],[-74.0,34.0],[-74.75,33.75],[-75.0,33.0],[-75.875,32.875],[-76.0,32.0],[-77.0,32.0],[-77.0,30.0],[-76.66666666666666,28.0],[-77.0,25.666666666666664],[-77.4,25.6],[-78.0,26.0],[-79.0,26.0],[-79.0,29.0],[-80.0,29.0],[-80.0,30.0],[-82.0,30.0],[-82.28571428571428,30.71428571428571],[-83.0,30.92857142857143],[-83.86666666666666,30.866666666666667],[-84.0,30.0],[-85.87878787878788,29.87878787878788],[-86.97142857142858,28.97142857142857],[-91.90476190476191,28.904761904761905],[-92.78947368421052,28.789473684210527],[-93.0,28.0],[-93.0,26.5],[-93.28571428571428,26.285714285714285],[-93.33333333333334,26.0],[-93.87096774193549,25.87096774193548],[-94.0,23.0],[-93.90243902439023,22.097560975609753],[-93.61702127659575,21.382978723404257],[-93.0,21.0],[-92.7,19.7],[-92.875,19.125],[-92.0,18.4],[-91.65714285714286,18.34285714285714],[-91.0,17.77777777777778],[-90.6,18.0],[-90.0,18.6],[-89.06896551724138,19.068965517241377],[-89.0,19.25],[-88.33333333333334,19.333333333333336],[-87.0,20.0],[-87.0,22.0],[-85.0,22.0],[-84.4,22.4],[-84.0,22.5],[-83.81818181818181,22.18181818181818],[-83.0,22.0],[-83.71428571428571,21.714285714285715],[-83.71428571428571,21.285714285714285],[-83.83333333333333,21.0],[-83.97058823529412,20.97058823529412],[-84.0,19.923076923076923],[-84.73333333333332,19.733333333333334],[-84.96261682242991,17.962616822429904],[-84.97590361445783,16.02409638554217],[-82.0,16.0],[-82.0,13.0],[-82.5,12.5],[-82.66666666666666,12.0],[-82.95652173913044,11.956521739130434],[-82.95555555555556,11.0],[-82.60747663551402,10.392523364485982],[-82.52808988764045,10.0],[-82.66265060240963,9.662650602409638],[-84.03205128205128,9.967948717948719],[-84.20143884892087,10.798561151079136],[-84.82352941176471,11.0],[-85.11290322580645,11.887096774193548],[-85.875,12.0],[-86.04040404040404,12.95959595959596],[-87.0,13.0],[-87.65517241379311,13.344827586206897],[-88.0,13.357142857142856],[-88.21951219512195,13.78048780487805],[-89.0,14.020833333333332],[-89.51943462897526,14.480565371024735],[-91.76595744680851,15.23404255319149],[-92.03508771929825,15.964912280701753],[-92.96491228070175,15.964912280701753],[-94.17948717948718,16.82051282051282],[-95.47058823529412,17.0],[-96.0,17.310344827586206],[-96.25316455696203,17.746835443037977],[-97.4,18.0],[-98.0,18.413793103448278],[-98.2281879194631,18.77181208053691],[-99.08201892744479,18.917981072555204],[-99.35514018691589,19.644859813084114],[-100.56666666666666,20.0],[-101.0,20.25],[-101.76470588235294,21.0],[-102.1037037037037,21.896296296296295],[-102.69999999999999,22.0],[-103.0,22.5],[-103.05825242718446,22.941747572815537],[-104.02816901408451,22.971830985915492],[-104.0,23.307692307692307],[-103.59090909090908,23.59090909090909],[-103.52631578947368,24.0],[-104.0,24.6],[-104.47368421052632,24.47368421052632],[-104.64285714285714,24.0],[-105.0,23.93975903614458],[-105.09433962264151,24.09433962264151],[-105.0,25.0],[-106.0,25.1],[-106.23529411764706,25.764705882352942],[-107.01333333333334,25.986666666666668],[-107.21212121212122,27.21212121212121],[-107.08695652173914,27.913043478260867],[-107.22222222222223,28.22222222222222],[-107.22222222222223,28.77777777777778],[-107.85714285714285,29.142857142857146],[-108.0,29.5],[-108.07692307692308,29.0],[-108.83892617449663,28.838926174496645],[-109.07250755287009,28.92749244712991],[-109.33526011560693,29.664739884393065],[-110.00655737704918,29.99344262295082],[-110.23529411764706,30.764705882352942],[-110.625,31.0],[-110.61290322580645,31.387096774193548],[-111.0,31.75],[-111.0952380952381,32.095238095238095],[-111.1304347826087,32.869565217391305],[-111.81481481481481,32.81481481481482],[-112.09009009009009,32.90990990990991],[-112.3921568627451,33.3921568627451],[-112.38297872340425,33.61702127659575],[-112.58730158730157,33.58730158730158],[-113.12380952380951,33.87619047619048],[-113.38,34.62],[-114.03191489361703,34.96808510638298],[-114.4,35.6],[-114.92592592592592,36.0],[-115.50537634408603,37.494623655913976],[-116.03278688524591,38.032786885245905],[-116.12987012987013,38.87012987012987],[-116.83333333333333,39.0],[-117.0,39.142857142857146],[-117.0810810810811,39.91891891891892],[-117.5,40.0],[-118.0,40.400000000000006],[-118.28828828828829,42.0],[-118.0,43.81481481481482],[-116.96551724137932,44.03448275862069],[-117.12578616352201,44.874213836477985],[-117.00806451612904,46.0],[-117.08805031446542,46.911949685534594],[-117.30434782608695,47.0],[-117.46666666666667,47.46666666666667],[-117.4,47.6],[-117.54545454545455,47.54545454545455],[-118.0,47.76190476190476],[-118.08130081300813,48.918699186991866],[-118.66666666666669,49.33333333333334],[-119.0,50.0],[-119.7942857142857,49.794285714285714],[-121.08,50.0],[-121.14814814814815,50.148148148148145],[-121.0,50.66666666666667],[-120.66666666666667,51.00000000000001],[-121.0701754385965,51.07017543859649],[-121.80645161290323,50.806451612903224],[-122.0,50.88461538461539],[-122.14285714285714,51.142857142857146],[-122.05882352941177,51.94117647058824],[-124.28125,52.0],[-124.36000000000001,52.36],[-124.11111111111111,52.888888888888886],[-124.88235294117646,53.11764705882353],[-125.28571428571429,54.0],[-126.41666666666667,54.41666666666667],[-126.75,54.25],[-126.75,54.75],[-126.91666666666666,55.0],[-126.69999999999999,55.7],[-126.25,56.0],[-126.80645161290323,56.19354838709677],[-127.1764705882353,56.17647058823529],[-127.375,56.0],[-127.33333333333334,55.0],[-128.0,54.96],[-128.0561797752809,55.9438202247191],[-128.18867924528303,56.18867924528302],[-128.05405405405406,56.94594594594595],[-129.0,56.93333333333334],[-129.10344827586206,57.10344827586207],[-129.0,58.0],[-129.8709677419355,57.87096774193548],[-130.90954773869345,57.90954773869347],[-131.19354838709677,58.19354838709677],[-131.3425414364641,58.65745856353591],[-132.98222222222222,58.98222222222222],[-134.0,59.0],[-134.27450980392157,59.72549019607844],[-135.6875,60.0],[-136.0,60.18518518518519],[-136.27329192546583,60.72670807453416],[-138.0,60.91111111111111],[-140.98360655737707,60.98360655737705],[-143.03361344537817,60.96638655462185],[-144.22093023255815,60.779069767441854],[-144.85294117647058,60.852941176470594],[-145.0,60.166666666666664],[-145.71428571428572,60.28571428571428],[-146.42105263157893,60.578947368421055],[-146.94117647058823,61.05882352941176],[-148.00000000000003,61.08695652173913],[-148.5,61.0],[-148.16666666666666,60.83333333333333],[-148.25,60.25],[-148.16,59.84],[-147.6923076923077,59.69230769230769],[-147.27272727272725,59.72727272727273],[-147.05263157894737,59.00000000000001],[-148.33333333333334,58.66666666666667],[-149.0,59.0],[-150.0,59.05882352941177],[-151.0,59.58333333333333],[-151.4375,59.4375],[-151.68,58.67999999999999],[-152.0,58.55555555555556],[-154.33333333333334,58.33333333333334],[-154.5,57.5],[-155.0,57.33333333333334],[-155.15384615384616,57.15384615384615],[-156.0,57.0],[-157.0,57.25],[-158.0,57.0],[-159.0,57.0],[-158.66666666666669,57.66666666666667],[-158.75,58.0],[-158.5,58.5],[-158.0,58.75],[-157.0,58.6],[-156.0,58.888888888888886],[-155.16666666666666,58.83333333333333],[-155.0,58.66666666666667],[-154.66666666666669,58.66666666666667],[-154.5,59.5],[-153.0,60.0],[-153.60000000000002,60.400000000000006],[-154.0,60.5],[-155.0,60.0],[-155.875,60.125],[-157.0,60.0],[-157.28571428571428,59.285714285714285],[-158.00000000000003,59.1],[-158.8181818181818,59.18181818181819],[-159.0,60.0],[-158.85714285714286,61.14285714285714],[-159.0,61.5],[-159.4,61.400000000000006],[-160.0,61.0],[-163.0,61.0],[-163.0,62.0],[-164.0,62.0],[-164.0,64.0],[-162.0,64.0],[-162.0,65.0],[-164.0,65.0],[-164.0,66.0],[-165.0,66.0],[-165.66666666666669,66.33333333333334],[-165.8,67.0],[-165.66666666666669,67.66666666666667],[-165.0,68.0],[-162.0,68.0],[-162.0,69.0],[-163.0,69.0],[-163.83333333333334,69.16666666666667],[-163.83333333333334,70.83333333333333],[-163.0,71.0],[-161.11764705882354,70.88235294117646],[-160.5,71.0],[-160.4,71.4],[-160.0,72.0],[-158.0,72.0],[-157.33333333333334,72.33333333333334],[-156.28571428571428,72.28571428571428],[-156.0,72.5],[-153.0,72.5],[-152.0,72.33333333333334],[-151.8,72.19999999999999],[-149.0,72.0],[-145.0,72.0],[-144.14285714285714,71.85714285714286],[-143.0,71.875],[-142.4,71.60000000000001],[-139.8235294117647,71.1764705882353],[-136.89473684210526,70.89473684210526],[-135.8709677419355,70.87096774193549],[-135.0,71.0],[-133.8,70.80000000000001],[-133.0909090909091,70.9090909090909],[-132.8181818181818,70.81818181818181],[-132.0,71.0],[-127.0,71.0],[-126.4,71.4],[-126.0,71.5],[-125.5,71.5],[-125.0,71.0],[-124.0,71.0],[-124.0,72.0],[-123.0,72.0],[-122.6,71.4],[-122.0,71.375],[-121.0,70.875],[-119.0,71.0],[-118.21428571428572,70.78571428571428],[-117.0,71.0],[-116.0,71.0],[-113.0,70.53846153846153],[-112.4,70.60000000000001],[-112.0,70.5],[-111.77777777777777,70.77777777777777],[-111.91666666666667,71.08333333333334],[-113.0,71.85714285714286],[-113.5,72.0],[-114.00000000000001,72.33333333333334],[-114.18181818181819,72.18181818181819],[-115.0,72.2],[-115.625,72.375],[-118.30303030303031,72.69696969696969],[-119.33333333333334,73.0],[-119.4,73.4],[-119.0,74.0],[-119.5,74.5],[-119.5,75.0],[-118.0,75.08333333333334],[-114.68421052631578,75.68421052631578],[-114.33333333333334,76.0],[-114.55555555555554,76.44444444444444],[-115.0,76.75],[-116.16666666666667,77.0],[-116.0,77.2],[-115.0,77.5],[-113.0,78.57142857142856],[-110.0,78.5],[-109.0,78.66666666666667],[-108.57894736842104,78.42105263157895],[-108.26086956521739,77.73913043478261],[-108.0,77.625],[-105.0,77.625],[-104.0,77.0],[-102.71428571428571,77.28571428571428],[-102.0,77.0],[-101.75,77.75],[-101.25,77.75],[-100.75,78.0],[-100.81818181818181,78.18181818181819],[-101.0,78.25],[-102.00000000000001,78.33333333333334],[-102.66666666666667,79.0],[-101.0,79.33333333333334],[-98.0,79.5],[-96.6923076923077,79.6923076923077],[-96.33333333333334,80.33333333333334],[-96.0,81.5],[-95.30769230769232,82.30769230769232],[-95.0,83.0],[-94.0,83.0],[-92.4,82.6],[-92.0,82.0],[-91.36363636363636,81.63636363636364],[-90.0,81.6],[-87.0,81.66666666666667],[-86.25,82.25],[-86.0,83.0],[-85.25,82.75],[-84.66666666666667,83.0],[-84.07142857142857,83.07142857142857],[-81.85294117647058,83.14705882352942],[-80.33333333333334,83.0],[-80.0,82.5],[-79.66666666666667,82.33333333333334],[-79.0,82.33333333333334],[-77.57894736842104,82.57894736842105],[-75.0,82.69999999999999]],[[-59.333333333333336,47.0],[-58.8,46.8],[-58.0,47.0],[-59.18181818181819,47.18181818181819],[-59.333333333333336,47.0]],[[-158.0,65.0],[-157.84615384615384,66.0],[-157.87878787878788,66.12121212121212],[-159.0,66.16666666666667],[-159.5,66.0],[-159.60000000000002,65.60000000000001],[-160.0,65.0],[-159.15384615384616,64.84615384615384],[-158.0,65.0]],[[-78.0,65.0],[-77.0,66.0],[-77.0,67.0],[-78.0,68.0],[-80.0,68.0],[-79.6,67.4],[-79.66666666666666,67.0],[-79.5,66.5],[-78.0,65.0]],[[-76.88888888888889,81.0],[-78.0,81.58333333333334],[-78.48275862068967,81.48275862068965],[-78.875,81.0],[-78.0,80.58823529411765],[-77.63157894736842,80.63157894736842],[-76.88888888888889,81.0]],[[-76.08333333333333,73.91666666666667],[-75.83333333333334,74.0],[-76.10526315789474,74.10526315789474],[-76.2,74.0],[-76.08333333333333,73.91666666666667]],[[-73.24489795918367,74.24489795918367],[-73.54545454545455,74.0],[-73.33333333333334,73.66666666666667],[-73.0,73.45454545454545],[-72.57142857142857,73.57142857142858],[-72.7,74.3],[-73.24489795918367,74.24489795918367]],[[-67.09677419354838,80.90322580645162],[-66.8,81.0],[-67.09836065573771,81.09836065573771],[-67.3,81.0],[-67.09677419354838,80.90322580645162]],[[-139.0,67.9090909090909],[-138.5,68.0],[-139.08333333333334,68.08333333333334],[-139.33333333333334,68.0],[-139.0,67.9090909090909]],[[-103.5,75.0],[-103.0,74.5],[-102.33333333333334,75.0],[-102.78947368421052,75.21052631578948],[-103.2,75.2],[-103.5,75.0]],[[-68.0,67.0],[-67.0,66.5],[-66.5,67.0],[-66.66666666666667,67.33333333333334],[-67.0,67.5],[-67.4,67.4],[-68.0,67.0]],[[-109.07142857142857,31.07142857142857],[-108.96078431372548,30.96078431372549],[-109.0,31.25],[-109.07142857142857,31.07142857142857]]],[[[-165.0,55.0],[-166.0,55.0],[-166.5,55.5],[-166.60000000000002,56.0],[-166.5,56.5],[-166.0,57.0],[-165.4,56.0],[-165.44444444444446,55.55555555555555],[-165.0,55.0]]],[[[-175.1818181818182,69.81818181818181],[-175.0,69.5],[-174.6,69.6],[-174.0,70.0],[-173.0,70.0],[-173.0,69.0],[-172.5,68.5],[-172.5,68.0],[-172.1,67.9],[-171.75,68.0],[-171.60000000000002,68.4],[-172.0,69.0],[-171.40000000000003,68.60000000000001],[-170.85714285714283,68.85714285714286],[-169.14285714285714,68.85714285714286],[-168.53846153846155,68.46153846153847],[-168.4,68.0],[-168.17391304347825,67.82608695652173],[-168.0,67.0],[-168.125,66.125],[-169.0,66.06666666666666],[-169.78947368421052,66.21052631578948],[-170.0,67.0],[-170.21052631578948,65.78947368421052],[-170.13333333333333,65.13333333333333],[-171.0,65.0625],[-171.82608695652175,65.17391304347825],[-172.0,65.4],[-172.46153846153845,65.53846153846155],[-173.0,66.0],[-176.00000000000003,66.16666666666667],[-176.33333333333334,66.33333333333334],[-176.66666666666669,66.33333333333334],[-176.66666666666669,66.66666666666667],[-176.83333333333334,67.0],[-177.0,67.10000000000001],[-177.5,67.0],[-177.66666666666669,66.66666666666667],[-178.25,66.25],[-179.0,66.0],[-179.0,65.0],[-178.25,64.75],[-178.14285714285717,64.0],[-178.22222222222223,63.77777777777778],[-178.0,63.0],[-180.0,63.09090909090909],[-180.0,70.78571428571428],[-179.8846153846154,70.88461538461539],[-179.0,70.9],[-178.1290322580645,70.87096774193549],[-177.73333333333335,70.73333333333333],[-177.1818181818182,70.81818181818181],[-177.0,70.5],[-176.66666666666669,70.33333333333334],[-176.5,70.0],[-175.8181818181818,69.81818181818181],[-175.1818181818182,69.81818181818181]]],[[[-179.36724565756822,90.0],[-179.5482728077945,89.5482728077945],[-180.0,89.1296928327645],[-180.0,90.0],[-179.36724565756822,90.0]]],[[[-7.0,-90.0],[-9.0,-90.0],[-9.0,-89.0],[-8.636363636363637,-88.36363636363636],[-8.0,-88.25806451612904],[-7.444444444444444,-88.44444444444443],[-7.0,-89.0],[-7.0,-90.0]]],[[[-44.5,-78.5],[-44.0,-78.0],[-43.0,-77.7],[-42.37037037037037,-78.37037037037037],[-42.0,-78.5],[-41.76190476190476,-79.0],[-42.0,-79.17241379310344],[-42.80487804878049,-79.19512195121952],[-43.55555555555555,-79.44444444444443],[-44.0,-80.0],[-44.6,-79.6],[-44.66666666666667,-79.0],[-44.5,-78.5]]],[[[-63.075,-66.925],[-63.083333333333336,-68.0],[-61.851851851851855,-68.14814814814815],[-61.086956521739125,-68.08695652173913],[-61.0,-69.04166666666667],[-60.0,-69.0],[-60.0,-70.0],[-59.0,-70.0],[-58.333333333333336,-71.0],[-58.044444444444444,-71.04444444444444],[-57.714285714285715,-72.0],[-58.0,-72.18181818181819],[-58.25352112676056,-73.25352112676056],[-58.22222222222222,-73.77777777777777],[-58.73134328358209,-74.26865671641791],[-60.06896551724138,-74.93103448275862],[-60.61666666666667,-75.38333333333333],[-63.14736842105263,-75.85263157894737],[-64.0,-76.33333333333333],[-68.23529411764706,-76.76470588235294],[-68.93939393939394,-77.06060606060606],[-69.83098591549296,-77.16901408450704],[-71.0,-77.0],[-72.0,-77.3],[-73.0,-77.33333333333333],[-74.0,-77.2],[-75.0,-77.46666666666667],[-76.0,-78.14814814814815],[-76.88461538461539,-79.0],[-76.91666666666667,-80.08333333333334],[-77.21428571428572,-81.21428571428572],[-76.85714285714286,-81.85714285714286],[-76.90476190476191,-82.09523809523809],[-77.82857142857144,-82.17142857142858],[-79.0,-81.92592592592592],[-80.36363636363636,-82.63636363636363],[-81.0,-82.75999999999999],[-81.375,-83.0],[-81.0,-83.23076923076923],[-78.0,-83.44736842105263],[-76.0,-83.36842105263158],[-74.0,-83.54347826086956],[-72.0,-83.95454545454545],[-71.0,-83.73684210526315],[-70.0,-83.83333333333333],[-69.0,-83.63636363636364],[-68.46666666666667,-84.0],[-68.60975609756098,-84.39024390243902],[-69.0,-84.61538461538461],[-70.18181818181819,-84.18181818181819],[-71.37037037037037,-84.37037037037037],[-71.81818181818181,-84.18181818181819],[-71.81818181818181,-84.81818181818181],[-71.93333333333334,-85.0],[-71.0,-85.31111111111112],[-70.25925925925927,-85.25925925925927],[-69.38461538461539,-85.38461538461537],[-69.0,-85.71428571428572],[-68.54545454545455,-85.45454545454545],[-68.0,-85.33333333333334],[-66.0,-85.8],[-65.4,-85.60000000000001],[-65.0,-85.0],[-67.39344262295081,-84.39344262295081],[-67.63157894736841,-84.0],[-67.27586206896552,-83.72413793103448],[-66.0,-83.54545454545455],[-61.0,-83.63333333333333],[-60.0,-83.53571428571428],[-58.14285714285714,-83.0],[-58.0,-82.75],[-57.77777777777777,-82.77777777777777],[-57.4,-82.6],[-57.0,-82.61538461538461],[-55.0,-83.23404255319149],[-53.89565217391305,-83.10434782608696],[-53.0,-82.47222222222223],[-52.0,-82.52830188679245],[-51.0,-82.25531914893617],[-49.0,-82.11904761904762],[-48.0,-81.5609756097561],[-42.205128205128204,-81.2051282051282],[-41.400000000000006,-81.4],[-41.06666666666666,-82.0],[-41.56923076923077,-82.43076923076923],[-43.04347826086956,-83.0],[-43.0,-84.0],[-40.090909090909086,-84.0909090909091],[-39.0,-84.6470588235294],[-37.22222222222222,-85.22222222222223],[-33.0,-85.52],[-31.137931034482758,-86.13793103448276],[-27.0,-86.51515151515152],[-26.0,-86.5],[-25.0,-86.22222222222221],[-24.833333333333336,-86.0],[-27.0,-85.19047619047619],[-29.0,-84.71428571428572],[-33.0,-84.35],[-35.0,-83.70588235294117],[-37.11764705882353,-83.88235294117648],[-38.62068965517241,-83.62068965517241],[-39.244897959183675,-83.24489795918367],[-39.66666666666667,-82.0],[-39.333333333333336,-81.66666666666667],[-38.0,-81.46153846153845],[-37.688311688311686,-81.31168831168831],[-37.24561403508772,-80.75438596491227],[-36.67272727272727,-80.32727272727273],[-35.0,-80.30909090909091],[-31.0,-79.57142857142857],[-27.682119205298015,-79.31788079470198],[-27.17241379310345,-79.0],[-27.38095238095238,-77.61904761904762],[-27.0,-77.27272727272727],[-26.0,-77.46875],[-23.875,-77.0],[-26.0,-76.6875],[-27.0,-76.92105263157895],[-28.065934065934066,-76.93406593406594],[-28.533333333333335,-77.46666666666667],[-30.0,-77.67999999999999],[-31.0,-77.52777777777777],[-32.11538461538461,-77.11538461538461],[-32.18181818181818,-77.0],[-32.0,-76.78571428571429],[-30.625,-76.375],[-30.0,-75.8125],[-29.0,-75.22727272727272],[-27.923809523809524,-75.07619047619048],[-27.75,-74.75],[-27.72222222222222,-74.27777777777777],[-27.444444444444443,-74.0],[-25.906542056074766,-73.90654205607477],[-25.0,-74.32142857142857],[-23.764705882352942,-74.23529411764706],[-22.31578947368421,-73.68421052631578],[-21.75,-73.0],[-21.09090909090909,-72.9090909090909],[-20.692307692307693,-72.30769230769232],[-20.7,-72.0],[-20.0,-71.88135593220339],[-18.081632653061224,-71.91836734693878],[-16.580645161290324,-71.41935483870968],[-16.071428571428573,-71.0],[-12.238095238095237,-70.76190476190476],[-11.400000000000002,-70.60000000000001],[-10.764705882352942,-70.23529411764707],[-9.666666666666668,-70.0],[-7.0,-69.94594594594594],[-6.153846153846153,-69.84615384615384],[-6.0,-69.63636363636364],[-5.0,-70.0],[-3.8,-69.8],[-3.1538461538461537,-69.84615384615384],[-3.0,-69.0],[-0.8518518518518519,-68.85185185185185],[1.9047619047619047,-69.0952380952381],[9.021978021978022,-68.97802197802197],[10.0,-69.10810810810811],[11.862068965517242,-68.86206896551724],[14.071428571428573,-68.92857142857143],[15.0,-68.73076923076923],[16.0,-69.0],[19.0,-68.88135593220339],[20.01492537313433,-68.98507462686567],[26.03333333333333,-68.96666666666667],[27.0,-69.07692307692308],[27.25,-69.0],[27.586206896551722,-68.58620689655173],[27.714285714285715,-68.0],[27.93684210526316,-67.93684210526315],[29.137931034482758,-67.86206896551724],[30.0,-68.06666666666666],[30.64705882352941,-67.6470588235294],[32.0,-67.42857142857143],[33.03030303030303,-67.96969696969697],[36.0,-68.25],[36.89010989010989,-67.8901098901099],[37.45569620253164,-67.45569620253164],[38.66666666666667,-67.0],[42.803278688524586,-66.19672131147541],[44.0,-66.1470588235294],[45.0,-66.34375],[46.14634146341463,-65.85365853658536],[46.96774193548387,-65.96774193548387],[48.375,-65.0],[51.0,-64.703125],[52.714285714285715,-65.0],[53.0,-65.33333333333334],[54.0,-65.53333333333333],[54.19444444444444,-65.80555555555556],[56.0,-66.17073170731707],[60.0,-66.18181818181817],[61.375,-66.375],[63.00000000000001,-66.31818181818183],[63.434782608695656,-66.56521739130434],[64.0,-66.6888888888889],[65.32727272727273,-66.67272727272727],[66.0,-67.0],[65.83333333333333,-68.0],[65.125,-69.0],[65.26666666666667,-69.73333333333332],[65.4,-70.0],[66.0,-70.13043478260869],[67.0,-70.0],[67.375,-69.375],[68.70588235294117,-68.70588235294117],[71.0,-68.70833333333333],[73.26168224299066,-68.26168224299066],[73.93333333333332,-68.0],[74.38461538461537,-67.38461538461539],[75.72972972972974,-67.27027027027027],[76.9090909090909,-67.0],[77.41379310344828,-66.41379310344828],[78.03076923076924,-66.03076923076924],[82.0,-65.93103448275862],[88.0,-66.2127659574468],[90.14583333333333,-66.14583333333333],[91.0,-66.0],[92.0,-66.0],[94.0,-66.0],[94.55555555555556,-65.55555555555556],[95.27027027027027,-65.27027027027027],[96.125,-65.125],[98.95652173913044,-65.04347826086956],[99.75757575757575,-65.24242424242425],[100.24242424242425,-65.75757575757575],[100.3076923076923,-66.0],[100.81052631578947,-66.18947368421053],[102.56,-66.44],[105.00000000000001,-66.33333333333334],[106.0,-66.0],[108.0,-65.74137931034483],[109.06451612903226,-65.93548387096774],[110.0,-66.61111111111111],[111.15789473684211,-66.84210526315789],[116.0,-66.73076923076923],[118.87234042553192,-66.87234042553192],[122.0,-66.72727272727272],[123.0,-66.94444444444444],[123.93333333333334,-66.93333333333334],[124.75,-66.75],[126.0,-66.72727272727272],[127.0,-66.39393939393939],[128.0,-66.32],[129.0,-66.47826086956522],[130.33333333333334,-66.33333333333334],[132.0,-66.5],[133.0,-67.0],[133.7826086956522,-67.21739130434783],[135.0,-67.23076923076923],[137.0,-66.97435897435898],[138.0,-67.11538461538461],[139.38461538461536,-67.61538461538461],[140.0,-68.0],[140.0,-69.0],[138.9375,-69.9375],[138.0,-70.33333333333333],[137.28571428571428,-72.28571428571428],[135.55555555555554,-73.55555555555554],[135.375,-74.0],[135.51999999999998,-75.0],[135.4126984126984,-75.4126984126984],[134.64000000000001,-76.64],[133.8,-77.0],[133.3404255319149,-77.34042553191489],[132.5744680851064,-77.57446808510639],[129.71428571428572,-78.0],[129.69230769230768,-78.30769230769232],[130.16666666666666,-78.83333333333333],[130.5,-79.0],[130.5,-79.5],[130.0,-80.0],[129.33333333333334,-81.0],[130.0,-81.14285714285714],[133.20000000000002,-81.0],[133.25,-80.75],[133.0,-80.0],[133.8,-79.8],[135.0,-79.84615384615385],[136.0,-79.68421052631578],[136.51515151515153,-79.51515151515152],[138.0,-78.55],[140.0,-78.38888888888889],[142.0,-78.9090909090909],[142.37037037037035,-78.37037037037037],[143.125,-78.0],[142.56862745098042,-77.43137254901961],[142.35294117647058,-77.0],[142.68421052631578,-76.0],[144.0,-75.0],[146.0,-74.0],[147.34285714285713,-72.34285714285714],[147.42857142857142,-70.0],[147.65217391304347,-69.65217391304348],[149.0,-69.07692307692308],[150.0,-69.0],[150.8846153846154,-69.11538461538461],[153.0,-70.0],[154.0,-70.02631578947368],[155.60000000000002,-70.4],[156.27083333333334,-70.72916666666667],[157.0,-71.42857142857142],[158.0,-71.6923076923077],[158.3050847457627,-71.30508474576271],[158.99999999999997,-71.11111111111111],[159.8148148148148,-71.18518518518519],[160.0,-71.3125],[161.00000000000003,-71.16666666666667],[164.82608695652175,-72.17391304347827],[166.0,-72.17241379310344],[167.0,-72.70909090909092],[168.05882352941177,-72.94117647058823],[168.22857142857143,-73.22857142857143],[166.85185185185185,-73.85185185185185],[166.0,-73.9795918367347],[164.85714285714286,-73.85714285714286],[164.66666666666669,-74.0],[164.54166666666666,-74.45833333333333],[165.08333333333331,-74.91666666666666],[165.0,-75.125],[164.44444444444443,-74.55555555555554],[163.77777777777777,-74.77777777777777],[162.8269230769231,-74.82692307692308],[161.0,-75.40625],[160.0,-75.44999999999999],[159.7027027027027,-75.70270270270271],[158.91525423728814,-75.91525423728814],[158.53846153846155,-76.53846153846153],[157.9090909090909,-77.0],[158.53846153846155,-77.46153846153847],[159.0,-78.09302325581396],[160.0,-77.76470588235294],[160.4,-78.0],[161.125,-78.125],[161.6875,-77.6875],[163.0,-77.66666666666667],[163.22727272727272,-78.0],[162.72222222222223,-78.72222222222223],[162.72972972972974,-79.0],[162.39705882352942,-79.39705882352942],[161.0,-79.73214285714286],[160.0,-79.65],[157.73611111111111,-79.73611111111111],[157.0,-80.38888888888889],[156.0,-80.7027027027027],[155.65625,-80.65625],[155.15384615384616,-81.0],[154.75,-82.0],[155.31111111111113,-82.31111111111112],[155.72972972972974,-82.27027027027027],[156.1764705882353,-82.82352941176471],[156.83673469387753,-83.16326530612244],[157.0,-83.66666666666667],[157.17021276595744,-83.17021276595744],[158.0,-83.05405405405406],[158.9,-83.1],[159.94736842105266,-84.0],[161.0,-84.15555555555557],[162.06,-84.06],[162.72043010752685,-83.72043010752688],[164.0,-83.38297872340425],[164.42335766423358,-83.57664233576642],[165.0,-84.17647058823529],[167.0,-84.41818181818181],[169.7910447761194,-85.2089552238806],[170.8507462686567,-86.14925373134328],[172.0,-86.05882352941177],[172.7684210526316,-86.23157894736842],[176.0,-86.5],[178.0,-86.27160493827161],[179.7216494845361,-86.27835051546393],[180.0,-86.39705882352942],[180.0,-90.0],[67.0,-90.0],[67.0,-89.0],[63.0,-89.0],[63.0,-90.0],[61.0,-90.0],[61.0,-89.0],[52.0,-89.0],[52.0,-90.0],[37.0,-90.0],[37.0,-89.0],[34.0,-89.0],[34.0,-90.0],[28.0,-90.0],[28.0,-89.0],[27.0,-89.0],[27.0,-90.0],[9.0,-90.0],[9.0,-89.0],[8.0,-89.0],[8.0,-90.0],[2.0,-90.0],[2.0,-89.0],[0.0,-89.0],[0.0,-90.0],[-4.0,-90.0],[-4.0,-89.0],[-4.470588235294118,-88.47058823529412],[-4.444444444444445,-88.0],[-5.0,-87.78260869565219],[-12.285714285714285,-88.0],[-12.363636363636363,-88.36363636363636],[-12.0,-89.0],[-13.0,-89.0],[-13.0,-90.0],[-15.0,-90.0],[-15.0,-89.0],[-23.0,-89.0],[-23.0,-90.0],[-180.0,-90.0],[-180.0,-86.39705882352942],[-178.0,-86.15094339622642],[-173.0,-86.25581395348837],[-172.5925925925926,-86.0],[-172.3855421686747,-85.61445783132531],[-171.70588235294116,-85.29411764705883],[-171.0,-85.23809523809524],[-169.63478260869564,-85.63478260869566],[-169.0,-86.03125],[-168.0,-86.34375],[-165.0,-86.41304347826087],[-164.0,-86.0344827586207],[-162.0,-86.2],[-159.0,-86.67567567567568],[-156.0,-86.20588235294117],[-155.6888888888889,-85.6888888888889],[-155.84,-85.16],[-155.0,-85.06666666666666],[-153.16666666666669,-85.16666666666667],[-152.5,-85.5],[-152.22222222222223,-86.0],[-149.3835616438356,-86.3835616438356],[-148.66265060240963,-86.33734939759036],[-148.00000000000003,-86.08695652173913],[-146.0,-86.31428571428572],[-144.9090909090909,-86.0909090909091],[-144.0,-86.05555555555554],[-141.0,-86.36734693877551],[-139.28571428571428,-86.0],[-138.46575342465752,-85.53424657534246],[-138.0,-85.43333333333334],[-136.0,-85.48484848484848],[-130.0,-84.94444444444444],[-128.94285714285715,-85.05714285714285],[-126.0,-85.0],[-125.42105263157893,-84.57894736842104],[-124.58620689655172,-84.41379310344827],[-122.34920634920636,-84.34920634920634],[-121.0,-85.0],[-119.0,-84.8],[-118.0,-84.8888888888889],[-117.22222222222223,-84.77777777777777],[-117.22222222222223,-84.22222222222223],[-117.04545454545455,-83.95454545454545],[-116.30555555555557,-83.69444444444444],[-115.0,-83.58974358974359],[-114.56190476190477,-83.43809523809524],[-113.0,-82.33333333333334],[-112.3859649122807,-81.61403508771929],[-112.00000000000001,-81.3888888888889],[-110.25,-82.0],[-111.0,-83.0],[-110.22727272727272,-83.22727272727272],[-109.0,-83.0],[-109.83333333333334,-82.00000000000001],[-109.37037037037035,-81.62962962962962],[-109.0,-81.54545454545455],[-107.81818181818181,-81.81818181818181],[-107.0,-81.72727272727273],[-106.25,-82.0],[-106.0,-83.0],[-105.5,-82.5],[-105.0,-82.42857142857142],[-104.66666666666669,-82.0],[-104.20338983050848,-81.79661016949152],[-103.0,-81.88235294117646],[-102.37837837837837,-81.62162162162163],[-101.99999999999999,-81.3],[-101.75,-81.25],[-101.40625,-81.40625],[-100.66233766233766,-81.33766233766234],[-100.0,-80.5],[-99.0,-80.53125],[-98.58024691358024,-80.41975308641975],[-98.0,-79.87096774193547],[-97.0,-79.70588235294117],[-96.0,-79.72972972972973],[-94.0,-80.08000000000001],[-92.3157894736842,-79.68421052631578],[-91.0,-79.6086956521739],[-89.0,-79.14285714285715],[-88.40983606557377,-78.59016393442624],[-87.62393162393161,-78.37606837606837],[-87.02985074626866,-77.97014925373134],[-85.0,-77.70588235294117],[-83.0,-76.92592592592592],[-81.60824742268042,-77.6082474226804],[-81.15652173913044,-78.15652173913043],[-79.89473684210526,-78.10526315789474],[-79.75,-78.0],[-79.72222222222223,-77.72222222222223],[-79.875,-77.0],[-79.5,-76.5],[-78.86666666666667,-76.13333333333333],[-78.0,-76.0],[-74.0,-76.78125],[-73.48387096774194,-76.51612903225806],[-72.65714285714286,-75.34285714285714],[-71.66666666666667,-75.0],[-73.0,-74.75999999999999],[-75.35714285714286,-74.64285714285714],[-78.0,-74.28125],[-79.68421052631578,-74.3157894736842],[-81.0,-74.64285714285714],[-81.34615384615384,-74.34615384615384],[-81.3913043478261,-74.0],[-82.0,-73.65853658536585],[-84.0,-74.375],[-87.0,-74.53333333333333],[-88.0,-74.9090909090909],[-89.0,-74.32432432432432],[-92.0,-74.68518518518519],[-93.0,-74.59420289855072],[-94.95121951219512,-74.95121951219512],[-96.1010101010101,-74.8989898989899],[-97.33898305084745,-75.66101694915254],[-98.0,-75.7560975609756],[-99.0,-75.58333333333333],[-100.0,-75.6],[-101.0,-75.15151515151516],[-103.10526315789473,-75.10526315789474],[-104.06060606060606,-74.93939393939394],[-106.0,-75.0],[-105.6470588235294,-74.35294117647058],[-105.72727272727272,-74.0],[-103.77777777777777,-73.22222222222223],[-103.19607843137254,-72.80392156862744],[-102.43835616438355,-72.56164383561644],[-100.0,-72.23404255319149],[-96.0,-72.16279069767441],[-94.0,-72.27083333333334],[-90.0,-72.17777777777778],[-85.0,-72.33333333333334],[-79.72043010752688,-72.27956989247312],[-76.9009900990099,-72.0990099009901],[-74.6,-71.60000000000001],[-74.3076923076923,-71.6923076923077],[-73.875,-71.125],[-71.5,-71.0],[-71.4,-70.60000000000001],[-70.51724137931035,-69.48275862068967],[-70.53333333333333,-69.0],[-70.32653061224491,-68.6734693877551],[-69.63265306122449,-68.36734693877551],[-69.0,-68.34782608695653],[-68.51612903225806,-68.51612903225806],[-68.0,-69.3125],[-67.0,-69.5],[-66.0,-69.0],[-65.70491803278688,-68.29508196721312],[-65.75,-67.75],[-66.0,-67.59090909090908],[-67.0,-67.57894736842105],[-67.33333333333334,-67.33333333333334],[-67.47826086956522,-67.0],[-67.36065573770492,-66.63934426229508],[-67.0,-66.45],[-66.0,-66.35],[-65.0,-66.65],[-64.67901234567901,-66.32098765432099],[-64.07142857142857,-66.0],[-63.85714285714286,-65.14285714285714],[-62.90243902439025,-65.09756097560975],[-62.494623655913976,-64.50537634408602],[-61.0,-64.0],[-60.46153846153846,-64.46153846153847],[-60.21428571428571,-65.0],[-60.3,-65.3],[-60.0,-66.0],[-61.0,-66.0],[-61.36363636363636,-66.63636363636364],[-61.55555555555555,-66.55555555555556],[-62.19354838709677,-66.80645161290323],[-63.075,-66.925]],[[-49.9,-84.1],[-49.0,-84.0],[-50.0,-83.89189189189189],[-50.57142857142857,-84.0],[-49.9,-84.1]],[[-46.32098765432099,-84.32098765432099],[-45.70454545454545,-84.29545454545453],[-45.07142857142857,-84.0],[-46.0,-83.73469387755102],[-49.0,-84.0],[-46.32098765432099,-84.32098765432099]],[[-18.57142857142857,-75.0],[-18.0,-75.34782608695652],[-16.795620437956202,-75.2043795620438],[-16.5625,-75.0],[-16.62162162162162,-74.62162162162163],[-17.0,-74.22222222222223],[-17.5,-74.5],[-18.32323232323232,-74.67676767676767],[-18.57142857142857,-75.0]],[[-16.8,-73.0],[-17.1,-73.0],[-17.0,-73.2],[-16.8,-73.0]],[[-14.0,-72.0],[-15.095238095238095,-71.9047619047619],[-15.0,-72.1],[-14.0,-72.0]],[[-8.285714285714285,-75.71428571428571],[-9.0,-75.80952380952381],[-9.266666666666667,-76.0],[-6.0,-76.2127659574468],[-5.333333333333333,-76.0],[-5.565217391304348,-75.56521739130434],[-6.0,-75.375],[-7.0,-75.21428571428572],[-8.285714285714285,-75.71428571428571]],[[-3.0,-75.75],[-3.2051282051282053,-75.7948717948718],[-3.2222222222222223,-76.0],[-3.2051282051282053,-76.2051282051282],[-3.0,-76.36363636363636],[-2.5999999999999996,-76.0],[-3.0,-75.75]],[[2.0,-77.0],[1.0,-76.84848484848484],[-1.0833333333333333,-77.0],[1.0,-77.3125],[2.0,-77.0]],[[9.706666666666667,-81.29333333333332],[11.206896551724139,-81.20689655172413],[11.352941176470587,-81.0],[11.0,-80.75],[10.0,-80.60714285714286],[8.818181818181818,-81.0],[9.706666666666667,-81.29333333333332]],[[13.0,-82.23809523809524],[13.227272727272727,-82.0],[13.0,-81.72222222222223],[12.6875,-82.0],[13.0,-82.23809523809524]],[[17.5,-81.0],[16.0,-80.76923076923076],[14.916666666666666,-81.0],[15.593220338983052,-81.40677966101696],[16.0,-81.52173913043478],[17.5,-81.0]],[[45.833333333333336,-77.0],[46.0,-77.02631578947368],[47.02061855670103,-77.02061855670102],[46.96153846153846,-76.96153846153847],[45.833333333333336,-77.0]],[[49.0,-87.03448275862068],[50.66666666666667,-87.0],[48.5,-87.0],[49.0,-87.03448275862068]],[[55.5,-87.0],[54.97701149425288,-86.97701149425288],[54.5,-87.0],[55.5,-87.0]],[[60.0,-86.88461538461537],[57.0,-87.0],[58.0,-87.14814814814815],[60.375,-87.0],[60.0,-86.88461538461537]],[[61.99999999999999,-71.76923076923077],[61.888888888888886,-71.88888888888889],[61.25,-72.0],[61.14285714285714,-72.14285714285714],[61.0,-72.08333333333334],[60.60000000000001,-72.6],[60.083333333333336,-73.0],[60.400000000000006,-73.60000000000001],[61.0,-73.6470588235294],[61.78571428571429,-73.0],[61.72727272727272,-72.72727272727272],[62.0,-72.5],[62.130434782608695,-71.8695652173913],[61.99999999999999,-71.76923076923077]],[[95.00000000000001,-76.21951219512195],[96.0,-76.0],[95.0,-75.78571428571428],[94.75675675675677,-76.0],[95.00000000000001,-76.21951219512195]],[[106.0,-75.57142857142857],[108.71428571428572,-76.0],[109.25,-77.0],[110.00000000000001,-77.3103448275862],[110.69230769230768,-77.0],[110.81395348837209,-76.81395348837209],[111.55555555555554,-76.55555555555556],[111.83050847457628,-75.83050847457626],[112.49122807017544,-75.49122807017542],[112.91780821917808,-74.91780821917808],[114.0,-74.6086956521739],[116.75999999999999,-74.24000000000001],[118.0,-74.85714285714285],[119.0,-74.625],[121.0,-74.67741935483872],[122.0,-74.42105263157895],[123.33333333333334,-74.33333333333334],[123.8235294117647,-74.17647058823529],[124.24000000000001,-74.24000000000001],[125.0,-74.0],[124.0,-73.84210526315789],[122.6,-73.0],[119.47619047619048,-72.52380952380952],[118.6,-72.0],[118.13333333333334,-71.86666666666667],[116.71830985915493,-71.71830985915493],[115.0,-71.76744186046511],[113.0,-71.38888888888889],[111.0,-71.55102040816325],[109.0,-71.46511627906978],[103.00000000000001,-71.6969696969697],[102.0909090909091,-72.0],[100.96,-72.96],[102.59493670886076,-73.40506329113924],[103.19444444444444,-73.80555555555556],[103.54666666666665,-74.45333333333333],[104.58823529411764,-75.41176470588235],[105.0,-75.6],[106.0,-75.57142857142857]],[[125.18181818181819,-74.81818181818181],[125.33333333333334,-75.0],[126.00000000000001,-75.2],[126.60000000000001,-74.6],[127.0,-74.5],[127.8,-74.0],[127.45714285714286,-73.54285714285714],[125.0,-74.0],[125.18181818181819,-74.81818181818181]],[[128.0,-73.6],[128.25,-73.25],[129.03636363636363,-73.03636363636363],[129.0,-72.83333333333334],[128.46153846153848,-72.53846153846153],[128.0,-72.0],[127.80000000000001,-73.0],[127.6,-73.4],[128.0,-73.6]],[[152.0,-75.1],[152.06666666666666,-74.93333333333334],[152.0,-74.0],[151.9,-75.0],[152.0,-75.1]],[[-91.12962962962963,-84.12962962962963],[-89.72727272727272,-84.27272727272727],[-88.76785714285714,-84.23214285714286],[-87.9375,-84.0],[-89.0,-83.55172413793103],[-91.0,-83.72],[-91.36842105263158,-84.0],[-91.12962962962963,-84.12962962962963]],[[-69.41379310344827,-71.58620689655172],[-69.6,-72.0],[-69.0,-72.2],[-68.69999999999999,-72.0],[-69.0,-71.4],[-69.41379310344827,-71.58620689655172]],[[-17.166666666666668,-78.0],[-16.142857142857142,-78.14285714285714],[-14.92,-78.08],[-13.0,-77.0],[-15.000000000000002,-76.73809523809524],[-17.25,-77.0],[-17.166666666666668,-78.0]],[[-12.066666666666666,-77.06666666666666],[-11.833333333333334,-77.0],[-13.0,-77.0],[-12.066666666666666,-77.06666666666666]],[[-1.909090909090909,-88.0],[-2.021978021978022,-87.97802197802197],[-2.111111111111111,-87.99999999999999],[-1.909090909090909,-88.0]],[[116.44444444444443,-76.55555555555556],[114.99999999999999,-76.88888888888889],[114.44,-76.56],[114.0,-76.47619047619048],[112.73913043478261,-76.73913043478261],[112.4,-77.0],[112.0,-78.0],[113.81818181818181,-78.18181818181819],[114.75,-78.0],[115.0,-77.5],[116.0,-77.5],[116.33333333333334,-77.33333333333334],[116.28571428571428,-77.0],[116.44444444444443,-76.55555555555556]],[[117.0,-75.53333333333333],[116.41666666666666,-76.0],[116.51724137931035,-76.48275862068965],[117.0,-76.58333333333334],[117.30434782608697,-76.30434782608697],[117.29787234042553,-75.70212765957447],[117.0,-75.53333333333333]],[[127.83333333333334,-78.0],[127.75,-78.25],[128.0,-79.0],[128.22222222222223,-78.22222222222223],[128.16666666666669,-78.0],[127.83333333333334,-78.0]],[[126.5,-79.5],[126.0,-79.33333333333334],[125.75510204081633,-79.75510204081633],[125.79310344827587,-80.20689655172414],[126.0,-80.6],[126.66666666666666,-80.0],[126.5,-79.5]],[[116.0,-84.35483870967742],[114.00000000000001,-84.66666666666667],[113.25,-85.0],[113.85714285714286,-85.14285714285714],[116.0,-85.33898305084746],[119.0,-85.24528301886794],[119.61904761904762,-85.0],[119.0,-84.65789473684211],[117.0,-84.33333333333334],[116.0,-84.35483870967742]],[[117.20000000000002,-78.0],[116.75,-77.75],[116.66666666666669,-78.0],[117.20000000000002,-78.0]]],[[[-37.857142857142854,-73.85714285714286],[-37.714285714285715,-74.0],[-38.0,-74.5],[-38.30769230769231,-74.6923076923077],[-38.5,-75.0],[-40.4,-75.60000000000001],[-41.0,-76.4],[-41.30769230769231,-76.30769230769232],[-41.57575757575758,-76.42424242424242],[-43.0,-76.36363636363636],[-44.0,-76.5],[-44.3,-76.7],[-44.51724137931034,-77.48275862068965],[-45.400000000000006,-78.0],[-45.333333333333336,-79.66666666666667],[-46.0,-80.0],[-48.0,-80.23333333333333],[-49.16216216216216,-80.16216216216216],[-49.168224299065415,-79.83177570093457],[-49.0,-79.72727272727273],[-48.333333333333336,-79.66666666666667],[-47.625,-79.375],[-47.25,-78.75],[-47.0,-78.0],[-47.27777777777778,-77.27777777777777],[-47.64102564102564,-76.64102564102564],[-48.0,-76.36363636363636],[-50.0,-76.3076923076923],[-51.166666666666664,-76.0],[-51.0,-75.85714285714286],[-49.519999999999996,-75.48],[-49.0,-75.2],[-48.0,-75.42857142857142],[-47.400000000000006,-75.0],[-46.5,-74.0],[-46.6,-73.60000000000001],[-48.0,-73.0],[-47.0,-72.33333333333334],[-45.41666666666667,-73.41666666666667],[-44.43478260869565,-73.43478260869566],[-43.0,-73.75],[-42.0,-73.58333333333334],[-41.0,-73.64285714285714],[-40.0,-73.41666666666666],[-39.0,-73.72727272727272],[-37.857142857142854,-73.85714285714286]]],[[[-52.599999999999994,-55.0],[-52.84210526315789,-55.15789473684211],[-54.0,-55.17708333333333],[-54.62962962962963,-55.0],[-54.0,-54.679245283018865],[-53.0,-54.69491525423729],[-52.75342465753425,-54.75342465753425],[-52.599999999999994,-55.0]]],[[[-49.80104712041884,-55.19895287958116],[-51.0,-55.265625],[-51.38636363636364,-55.0],[-51.26984126984127,-54.730158730158735],[-51.0,-54.58536585365854],[-50.0,-54.698412698412696],[-49.32142857142857,-55.00000000000001],[-49.80104712041884,-55.19895287958116]]],[[[-51.33333333333334,-52.0],[-52.800000000000004,-52.0],[-52.0,-51.2],[-51.57894736842105,-51.57894736842105],[-51.33333333333334,-52.0]]],[[[68.0,-47.89473684210526],[67.78947368421052,-47.78947368421053],[67.0,-48.0],[67.29629629629629,-47.29629629629629],[67.19047619047619,-47.0],[67.6822429906542,-46.6822429906542],[68.29310344827587,-46.70689655172414],[68.65384615384615,-47.0],[68.0,-47.89473684210526]]],[[[-64.0,9.38888888888889],[-63.51648351648352,9.516483516483516],[-63.04347826086956,10.0],[-63.07692307692308,10.923076923076923],[-63.333333333333336,11.0],[-62.75,11.0],[-62.916666666666664,10.916666666666668],[-62.949999999999996,10.0],[-62.54545454545454,9.454545454545455],[-62.0,9.173913043478262],[-61.0,9.157894736842106],[-60.400000000000006,9.4],[-60.15789473684211,10.157894736842104],[-60.0,10.272727272727273],[-59.0,10.09090909090909],[-58.0,10.266666666666667],[-57.794871794871796,9.794871794871796],[-57.925925925925924,9.074074074074074],[-57.5,9.0],[-57.4,8.600000000000001],[-57.0,8.0],[-56.0,8.0],[-55.66666666666667,7.333333333333334],[-55.33333333333334,7.333333333333334],[-54.91666666666667,7.083333333333334],[-54.33333333333334,7.0],[-54.285714285714285,6.7142857142857135],[-53.66666666666667,6.0],[-53.5,5.5],[-53.0,5.0],[-52.0,5.5],[-51.0,5.5],[-50.66666666666667,5.666666666666667],[-50.0,5.75],[-49.33333333333334,5.666666666666667],[-49.0,5.5],[-48.96153846153846,5.038461538461538],[-48.5,5.0],[-47.5,4.5],[-47.0,4.0],[-47.0,3.0],[-46.0,2.0],[-46.0,1.0],[-45.0,1.0],[-45.0,0.0],[-44.0,0.0],[-43.400000000000006,-0.4],[-42.5,-0.5],[-41.5,-1.5],[-41.0,-1.6666666666666665],[-40.6,-1.6],[-40.0,-2.0],[-36.0,-2.0],[-35.85454545454545,-2.8545454545454545],[-34.0,-3.0],[-33.943661971830984,-3.943661971830986],[-33.0,-4.0],[-32.92727272727273,-4.927272727272728],[-32.12698412698413,-4.8730158730158735],[-30.98802395209581,-5.0119760479041915],[-30.885714285714286,-7.0],[-31.0,-9.0],[-31.808,-9.192],[-31.99227799227799,-10.007722007722007],[-32.82795698924731,-10.172043010752688],[-33.0,-11.0],[-33.76190476190476,-11.238095238095237],[-33.90909090909091,-12.0],[-34.61702127659575,-12.382978723404257],[-34.92857142857143,-14.0],[-34.78666666666666,-14.786666666666665],[-34.27272727272727,-15.0],[-34.0,-16.0],[-34.0,-17.0],[-34.5,-18.0],[-34.5,-19.0],[-34.96551724137931,-19.03448275862069],[-35.16,-20.0],[-35.60747663551402,-20.39252336448598],[-36.0,-21.0],[-36.333333333333336,-22.0],[-36.91111111111111,-22.08888888888889],[-37.18181818181819,-22.81818181818182],[-39.0,-23.0],[-39.23529411764706,-23.764705882352942],[-40.0,-23.958333333333332],[-41.0,-24.0],[-41.16666666666667,-24.833333333333332],[-43.0,-25.0],[-43.142857142857146,-27.000000000000004],[-43.05555555555555,-28.0],[-43.25,-28.75],[-44.029411764705884,-28.970588235294116],[-44.125,-29.875],[-44.333333333333336,-30.000000000000004],[-45.0,-31.0],[-46.0,-31.0],[-46.0,-32.0],[-47.0,-33.0],[-47.0,-34.0],[-47.6,-34.400000000000006],[-48.0,-35.0],[-49.0,-35.0],[-49.400000000000006,-35.6],[-50.0,-36.0],[-51.0,-36.0],[-51.0,-38.0],[-52.0,-38.5],[-52.25,-38.75],[-53.0,-39.0],[-53.5,-39.5],[-55.0,-40.0],[-56.0,-40.0],[-56.0,-41.0],[-56.6,-41.400000000000006],[-57.0,-41.5],[-58.0,-41.333333333333336],[-59.0,-42.0],[-58.0,-42.666666666666664],[-57.71428571428571,-42.71428571428571],[-57.5,-43.0],[-57.66666666666667,-43.333333333333336],[-59.0,-44.0],[-59.0,-45.0],[-59.285714285714285,-45.71428571428571],[-60.0625,-45.9375],[-60.35294117647059,-46.647058823529406],[-60.647058823529406,-46.647058823529406],[-61.375,-47.0],[-61.0,-47.375],[-59.529411764705884,-47.52941176470588],[-59.0,-48.0],[-59.8,-49.2],[-61.00000000000001,-49.8],[-61.57142857142857,-50.42857142857143],[-62.0,-50.599999999999994],[-63.0,-50.5],[-64.0,-50.66666666666667],[-64.1,-51.0],[-64.0,-51.5],[-63.77777777777778,-51.77777777777778],[-63.8,-52.0],[-63.0,-53.0],[-62.470588235294116,-54.47058823529412],[-62.0,-54.57142857142857],[-61.400000000000006,-55.0],[-61.0,-56.0],[-61.74193548387097,-56.25806451612903],[-62.07843137254902,-56.07843137254902],[-62.800000000000004,-56.00000000000001],[-62.75,-55.0],[-62.6,-54.6],[-63.0,-54.75],[-63.400000000000006,-54.6],[-63.71428571428571,-55.28571428571428],[-64.0,-55.33333333333333],[-64.11764705882354,-55.11764705882353],[-64.76,-55.24],[-65.75,-55.0],[-65.83333333333334,-54.83333333333333],[-66.0,-54.85714285714286],[-67.0,-53.6],[-68.0,-53.4],[-68.16666666666666,-52.83333333333333],[-67.91304347826086,-51.086956521739125],[-67.93023255813954,-49.06976744186046],[-67.66666666666667,-49.0],[-67.81818181818181,-48.81818181818181],[-67.96,-46.96],[-67.91304347826086,-45.086956521739125],[-67.27906976744187,-45.27906976744186],[-66.83098591549296,-45.16901408450704],[-66.66666666666667,-43.0],[-67.0,-41.800000000000004],[-67.76923076923077,-43.0],[-67.5,-44.0],[-67.6,-44.400000000000006],[-68.0,-44.875],[-68.35,-44.349999999999994],[-68.0952380952381,-42.904761904761905],[-68.26168224299066,-42.26168224299066],[-68.0,-41.06666666666666],[-67.80000000000001,-41.00000000000001],[-67.5,-40.0],[-67.83333333333334,-38.0],[-67.30303030303031,-37.696969696969695],[-67.37735849056604,-37.37735849056604],[-67.13422818791946,-36.86577181208054],[-67.0,-36.0],[-66.13043478260869,-35.869565217391305],[-66.0,-34.0],[-66.16101694915254,-32.0],[-66.01,-31.0],[-66.08333333333333,-29.916666666666664],[-65.9026369168357,-29.0973630831643],[-65.29729729729729,-28.0],[-65.20202020202021,-27.0],[-65.32203389830508,-26.0],[-65.20408163265306,-21.795918367346935],[-65.34042553191489,-20.340425531914892],[-65.96666666666667,-19.0],[-66.52280701754385,-18.522807017543858],[-68.35643564356435,-17.356435643564353],[-69.17571059431525,-17.175710594315245],[-70.0,-16.34090909090909],[-70.9572192513369,-15.957219251336898],[-71.29411764705883,-15.294117647058822],[-71.92356687898089,-14.923566878980893],[-71.95784543325527,-13.957845433255269],[-72.57615894039735,-13.57615894039735],[-72.95031055900621,-12.950310559006212],[-73.14765100671141,-12.14765100671141],[-73.73856209150327,-11.738562091503267],[-74.0,-10.692307692307692],[-74.45569620253164,-10.455696202531644],[-74.93023255813952,-9.930232558139535],[-75.0,-8.8],[-75.36363636363637,-8.363636363636363],[-75.96774193548387,-7.967741935483871],[-76.08,-6.08],[-76.25,-6.0],[-76.23529411764706,-5.764705882352942],[-76.42105263157895,-5.421052631578948],[-76.38095238095238,-4.619047619047619],[-76.0,-4.0],[-76.03571428571429,-2.0],[-75.87301587301587,-1.126984126984127],[-75.19148936170214,-0.8085106382978724],[-74.9622641509434,-0.037735849056603765],[-74.60655737704917,0.6065573770491803],[-73.75,1.0],[-73.9090909090909,1.0909090909090908],[-73.9,2.0],[-73.0,3.0],[-73.14285714285714,7.0],[-72.25,7.25],[-72.04347826086958,8.0],[-72.0,9.0],[-71.13793103448276,9.137931034482758],[-70.74358974358975,9.743589743589743],[-70.80000000000001,10.0],[-70.22598870056497,10.225988700564972],[-70.0,10.571428571428571],[-68.62962962962963,10.62962962962963],[-68.44444444444444,11.0],[-67.78947368421052,11.210526315789473],[-67.07692307692308,11.076923076923078],[-67.0,11.333333333333332],[-66.97183098591549,11.028169014084506],[-64.66666666666666,11.0],[-64.9090909090909,10.909090909090908],[-64.73684210526316,10.263157894736842],[-64.81481481481481,10.0],[-64.45360824742268,9.54639175257732],[-64.0,9.38888888888889]],[[-69.22222222222223,8.777777777777779],[-68.0,8.333333333333334],[-67.78378378378379,9.216216216216218],[-68.0,10.0],[-68.42105263157895,9.421052631578947],[-69.33333333333334,9.0],[-69.22222222222223,8.777777777777779]],[[-63.55555555555556,-54.44444444444444],[-63.71428571428571,-53.71428571428571],[-65.0,-54.0],[-64.0,-54.66666666666667],[-63.55555555555556,-54.44444444444444]],[[-60.15384615384616,-0.15384615384615385],[-60.0,-1.0],[-59.6,-0.4],[-59.5,0.0],[-60.08333333333333,0.08333333333333331],[-60.15384615384616,-0.15384615384615385]],[[-58.333333333333336,6.0],[-58.0,5.75],[-57.25,6.0],[-57.68421052631578,6.31578947368421],[-58.22222222222222,6.222222222222222],[-58.333333333333336,6.0]],[[-70.97727272727273,4.0],[-71.14285714285714,4.0],[-71.0,3.75],[-70.97727272727273,4.0]]],[[[47.00816326530612,-20.00816326530612],[46.52662721893491,-20.526627218934912],[46.35483870967742,-21.0],[46.07142857142857,-22.0],[46.009661835748794,-23.009661835748794],[45.30656934306569,-24.30656934306569],[45.199261992619924,-25.199261992619924],[45.0,-25.6],[44.59550561797753,-25.59550561797753],[44.0,-26.0],[43.0,-26.090909090909093],[42.72500000000001,-25.275],[42.2,-25.200000000000003],[41.921052631578945,-25.0],[41.77777777777777,-23.0],[42.0,-21.8],[42.36363636363636,-21.363636363636363],[42.470588235294116,-21.0],[42.36363636363636,-19.636363636363637],[42.0,-19.0],[42.0,-18.0],[42.55555555555556,-17.555555555555557],[42.92857142857143,-17.0],[43.96261682242991,-16.962616822429904],[44.72222222222223,-16.72222222222222],[45.0,-16.0],[45.84905660377358,-15.849056603773585],[46.0,-14.428571428571427],[46.101694915254235,-14.101694915254239],[46.5,-14.0],[46.69230769230769,-13.0],[47.0,-12.942028985507246],[47.09411764705882,-13.094117647058823],[47.074074074074076,-13.925925925925926],[47.92857142857143,-14.071428571428573],[48.108333333333334,-16.108333333333334],[48.0,-16.433333333333334],[47.7094017094017,-16.70940170940171],[47.32352941176471,-18.0],[47.17054263565892,-18.170542635658915],[47.00816326530612,-20.00816326530612]]],[[[24.205128205128204,34.205128205128204],[25.0,34.0],[24.105960264900663,33.89403973509934],[23.822222222222223,34.0],[23.878787878787875,34.121212121212125],[24.205128205128204,34.205128205128204]]],[[[33.0,35.26086956521739],[34.0,35.0],[33.21052631578947,34.78947368421053],[33.0,34.6],[32.75,35.0],[33.0,35.26086956521739]]],[[[28.0,36.0],[26.973684210526315,35.973684210526315],[26.666666666666668,36.0],[26.77777777777778,36.22222222222222],[28.0,36.0]]],[[[13.302325581395348,36.302325581395344],[12.666666666666668,36.333333333333336],[12.19047619047619,36.19047619047619],[11.470588235294116,37.0],[13.402366863905325,37.40236686390533],[13.753846153846155,37.246153846153845],[14.0,37.72727272727273],[14.5,37.5],[15.0,37.0],[14.16842105263158,36.83157894736842],[14.0,35.285714285714285],[13.722222222222221,36.0],[13.302325581395348,36.302325581395344]]],[[[-48.565217391304344,46.565217391304344],[-49.0,46.375],[-49.45454545454545,46.54545454545455],[-49.78947368421053,47.21052631578948],[-51.0,47.54545454545455],[-52.0,47.5],[-53.0,47.16666666666667],[-54.25,48.0],[-53.77777777777777,48.77777777777778],[-53.0,49.0],[-52.5,50.5],[-52.0,50.888888888888886],[-51.75,50.75],[-51.0,51.0],[-51.375,50.375],[-51.230769230769226,49.769230769230774],[-50.0,49.142857142857146],[-49.21052631578947,49.21052631578947],[-48.875,49.125],[-48.666666666666664,48.0],[-48.166666666666664,47.00000000000001],[-48.565217391304344,46.565217391304344]]],[[[-21.0,63.61290322580645],[-21.289156626506024,63.71084337349398],[-21.57142857142857,64.0],[-21.369230769230768,64.36923076923077],[-20.150943396226417,65.15094339622641],[-19.23076923076923,65.23076923076923],[-19.0,66.0],[-16.0,66.0],[-16.0,65.0],[-16.3,64.3],[-17.0,64.0],[-18.0,64.0],[-19.0,63.5],[-21.0,63.61290322580645]]],[[[56.0,71.0],[57.0,71.27272727272728],[57.193548387096776,71.19354838709677],[57.315789473684205,70.68421052631578],[57.0,70.25],[56.5,70.5],[56.0,71.0]]],[[[-11.17142857142857,80.82857142857142],[-10.8,80.80000000000001],[-10.142857142857142,81.14285714285714],[-9.846153846153847,81.15384615384615],[-9.5,81.0],[-7.214285714285714,80.78571428571428],[-7.0,80.625],[-6.0,80.6],[-5.52,80.48],[-5.0,80.0],[-5.4,79.4],[-6.0,79.25],[-7.111111111111111,79.11111111111111],[-7.666666666666668,79.33333333333334],[-9.192307692307692,79.1923076923077],[-9.384615384615385,79.0],[-9.515151515151516,78.51515151515152],[-10.0,78.0],[-11.0,78.25],[-12.333333333333332,78.0],[-12.363636363636363,77.63636363636364],[-12.0,77.0],[-11.315789473684209,76.68421052631578],[-11.142857142857142,76.00000000000001],[-11.347826086956522,75.34782608695653],[-11.8,75.0],[-12.0,74.0],[-12.2,74.8],[-12.88888888888889,75.11111111111111],[-13.0,75.33333333333334],[-13.666666666666666,74.0],[-13.666666666666668,73.66666666666667],[-14.0,73.0],[-14.444444444444443,72.44444444444444],[-15.000000000000002,72.33333333333334],[-15.545454545454545,72.0],[-16.09090909090909,71.0],[-15.6875,70.0],[-15.782608695652174,69.78260869565217],[-16.409090909090907,69.4090909090909],[-16.642857142857142,69.0],[-18.0,68.47826086956522],[-19.0,68.36666666666666],[-19.782608695652172,67.78260869565217],[-20.45977011494253,67.45977011494253],[-22.555555555555557,67.0],[-23.0,66.63636363636363],[-23.800000000000004,67.0],[-26.0,67.52],[-26.999999999999996,67.29166666666666],[-27.333333333333336,67.0],[-26.539823008849556,66.46017699115043],[-26.365853658536587,66.0],[-26.559322033898304,65.55932203389831],[-27.000000000000004,65.33333333333334],[-28.30769230769231,65.3076923076923],[-28.34285714285714,65.0],[-28.622950819672127,64.62295081967213],[-29.0,64.4390243902439],[-29.400000000000002,64.6],[-29.65714285714286,65.0],[-29.630769230769232,65.36923076923077],[-30.0,65.63157894736842],[-33.044444444444444,65.04444444444445],[-34.0,64.33333333333334],[-36.81578947368421,60.81578947368421],[-37.17910447761194,60.179104477611936],[-38.0,59.5],[-39.0,59.5],[-40.140845070422536,59.859154929577464],[-41.36363636363636,60.0],[-43.578947368421055,61.0],[-44.15384615384615,61.84615384615384],[-44.72727272727273,62.0],[-45.21875,62.78125],[-45.875,63.0],[-46.05128205128205,63.94871794871795],[-46.64285714285714,64.35714285714286],[-47.0,65.0],[-47.71428571428571,65.28571428571428],[-47.857142857142854,66.85714285714286],[-47.75,67.0],[-46.7,67.7],[-45.5,68.0],[-46.75,68.25],[-47.400000000000006,69.0],[-47.42857142857143,70.0],[-47.79310344827586,71.20689655172414],[-48.19047619047619,71.80952380952381],[-49.0,74.0],[-49.75,74.25],[-50.33333333333333,75.0],[-55.0,76.22222222222223],[-56.31818181818181,76.31818181818181],[-57.0,75.8],[-57.75,76.25],[-59.0,76.06896551724138],[-61.0,76.48148148148148],[-61.41791044776119,76.58208955223881],[-62.04545454545455,76.95454545454545],[-62.40816326530613,77.59183673469389],[-62.90909090909091,78.0],[-62.434782608695656,78.43478260869566],[-61.72093023255813,78.72093023255815],[-61.00000000000001,78.80000000000001],[-60.0,78.70370370370371],[-58.714285714285715,79.0],[-58.434782608695656,79.43478260869564],[-58.0,79.45454545454545],[-57.5,79.0],[-56.0,78.71052631578948],[-54.769230769230774,78.76923076923077],[-54.0,79.0],[-52.92727272727273,78.92727272727272],[-52.66666666666667,79.0],[-52.34782608695652,79.34782608695652],[-51.0,79.375],[-49.66666666666667,79.66666666666667],[-49.0,80.0],[-48.84615384615384,80.84615384615384],[-48.28571428571428,81.28571428571428],[-46.0,81.75],[-44.0,81.7],[-43.0,81.85714285714286],[-41.66666666666667,81.66666666666667],[-40.0,82.125],[-39.0,82.25],[-38.0,82.1],[-37.0,82.2],[-36.0,82.11111111111111],[-35.0,82.22222222222223],[-34.0,82.5],[-33.0,82.38461538461539],[-29.0,82.5],[-28.0,82.6470588235294],[-24.42105263157895,82.57894736842105],[-22.0,83.0],[-18.924050632911392,83.07594936708861],[-17.238095238095237,82.76190476190476],[-14.511111111111111,82.48888888888888],[-12.266666666666666,81.73333333333333],[-11.647058823529411,81.35294117647058],[-11.5,81.0],[-11.17142857142857,80.82857142857142]],[[-14.88235294117647,76.11764705882352],[-15.25,76.0],[-14.875,76.0],[-14.88235294117647,76.11764705882352]],[[-28.941176470588232,65.94117647058823],[-29.125,66.0],[-29.095238095238095,65.90476190476191],[-28.941176470588232,65.94117647058823]]],[[[55.63636363636364,74.36363636363636],[54.79591836734694,74.20408163265306],[54.349999999999994,73.64999999999999],[53.25,73.0],[53.57142857142857,72.0],[53.333333333333336,71.66666666666667],[53.0,71.55555555555556],[51.0,71.57142857142857],[50.625,71.625],[50.0,72.0],[49.75,72.75],[49.5,73.0],[50.0,73.33333333333333],[50.23529411764706,73.76470588235294],[52.0,74.0],[52.27272727272727,75.0],[52.542857142857144,75.45714285714286],[53.22222222222222,75.77777777777777],[55.0,76.0],[55.22222222222222,76.77777777777777],[55.647058823529406,76.6470588235294],[56.166666666666664,76.83333333333333],[59.0,77.0],[59.6,76.60000000000001],[59.875,76.0],[59.378378378378386,75.62162162162163],[56.8974358974359,75.1025641025641],[55.63636363636364,74.36363636363636]]],[[[64.0,77.91666666666667],[64.83333333333333,77.83333333333334],[66.75,77.0],[66.4,76.60000000000001],[64.0,76.26666666666667],[62.647058823529406,76.6470588235294],[62.0,77.0],[62.444444444444436,77.55555555555556],[64.0,77.91666666666667]]],[[[28.400000000000002,80.60000000000001],[27.0,80.0],[26.66666666666667,79.0],[26.666666666666668,78.66666666666667],[27.0,78.0],[26.0,77.66666666666667],[25.5,77.0],[25.0,76.6],[24.0,76.33333333333334],[23.0,75.66666666666667],[21.0,75.2],[19.166666666666668,74.83333333333334],[18.0,74.9],[16.0,74.5],[15.578947368421051,74.57894736842105],[14.0,75.6],[13.666666666666668,75.66666666666667],[13.11764705882353,76.11764705882352],[12.0,76.3076923076923],[11.7,76.7],[11.71875,77.0],[11.438095238095238,77.43809523809523],[11.0,77.67647058823529],[10.4375,77.5625],[10.0,76.94444444444444],[9.0,77.71428571428572],[8.911111111111111,77.91111111111111],[7.9,78.0],[7.473684210526316,78.47368421052633],[7.0,78.6923076923077],[6.906976744186046,78.90697674418605],[5.571428571428571,79.0],[6.0,80.0],[8.854545454545455,80.14545454545454],[9.0,80.28571428571429],[9.166666666666668,80.16666666666666],[10.761194029850746,80.23880597014926],[11.977272727272727,81.02272727272728],[17.923076923076923,80.92307692307692],[20.0,81.07462686567165],[24.0,81.0],[25.0,80.66666666666667],[25.333333333333336,81.0],[28.75,81.0],[28.400000000000002,80.60000000000001]]],[[[27.714285714285715,78.28571428571428],[28.200000000000003,78.2],[28.5,78.0],[27.77777777777778,77.77777777777777],[27.0,78.0],[27.714285714285715,78.28571428571428]]],[[[53.89473684210527,80.10526315789474],[53.66666666666667,80.0],[53.60000000000001,79.6],[54.0,79.0],[53.0,79.0],[52.25,79.25],[51.0,79.25],[50.0,79.5],[49.69230769230769,79.6923076923077],[49.400000000000006,80.4],[48.64705882352941,80.6470588235294],[48.4,81.0],[49.0,81.75],[49.22222222222223,81.77777777777777],[50.0,83.0],[54.0,83.0],[54.55555555555556,82.55555555555554],[55.0,82.6],[55.400000000000006,82.4],[55.75,82.0],[55.888888888888886,81.0],[55.55555555555555,80.44444444444444],[55.0,80.11111111111111],[53.89473684210527,80.10526315789474]]],[[[45.0,80.5],[44.6,80.60000000000001],[44.125,81.0],[44.5,81.5],[45.0,81.58333333333333],[45.4375,81.4375],[45.875,81.0],[45.4,80.60000000000001],[45.0,80.5]]],[[[71.6,81.0],[72.33333333333334,82.0],[72.91304347826086,82.08695652173913],[74.5,82.0],[74.6,81.60000000000001],[75.0,81.0],[74.4,80.60000000000001],[73.66666666666667,80.33333333333334],[73.0,80.25],[71.73333333333333,80.73333333333332],[71.6,81.0]]],[[[132.0,-79.0],[132.4,-79.6],[133.0,-80.0],[132.0,-81.0],[131.66666666666669,-80.33333333333334],[131.0,-80.0],[132.0,-79.0]]],[[[174.14285714285714,-75.14285714285714],[173.875,-75.0],[174.0,-74.8],[176.06666666666666,-74.93333333333334],[176.06060606060606,-75.06060606060606],[175.125,-75.125],[175.0,-75.25],[174.85714285714286,-75.14285714285714],[174.14285714285714,-75.14285714285714]]],[[[169.66666666666669,-74.0],[169.0,-74.25],[168.8095238095238,-74.19047619047619],[168.85185185185185,-73.85185185185185],[169.66666666666669,-74.0]]],[[[116.0,-73.5],[114.33333333333334,-73.0],[116.0,-72.66666666666667],[116.45454545454545,-73.0],[116.3448275862069,-73.34482758620689],[116.0,-73.5]]],[[[112.0,-72.70967741935485],[113.66666666666669,-73.0],[112.0,-73.26470588235294],[111.10000000000001,-73.0],[112.0,-72.70967741935485]]],[[[91.83333333333333,-65.0],[92.0,-64.93333333333334],[92.5,-65.0],[92.5,-65.5],[92.0,-66.0],[91.75,-65.25],[91.83333333333333,-65.0]]],[[[144.05555555555554,-54.0],[143.84466019417476,-53.15533980582524],[143.52941176470588,-53.0],[143.51515151515153,-52.51515151515152],[144.0,-52.0],[144.8421052631579,-52.15789473684211],[147.0,-52.0],[147.63636363636363,-52.36363636363636],[147.85714285714286,-53.0],[147.0,-54.0],[146.7,-54.699999999999996],[146.0,-54.8235294117647],[145.5820895522388,-54.417910447761194],[144.05555555555554,-54.0]]],[[[177.34482758620692,-50.65517241379311],[176.68085106382978,-50.68085106382979],[176.1167883211679,-51.11678832116788],[175.1111111111111,-50.99999999999999],[175.1764705882353,-50.0],[175.60000000000002,-48.60000000000001],[176.0,-48.285714285714285],[176.40000000000003,-48.400000000000006],[176.66666666666669,-48.333333333333336],[177.0,-49.0],[178.0,-49.0],[178.66666666666669,-48.0],[178.10810810810813,-47.89189189189189],[177.5,-47.5],[177.29999999999998,-47.0],[177.46153846153848,-46.46153846153847],[178.0,-46.0],[177.42857142857144,-45.57142857142857],[177.14285714285714,-45.00000000000001],[177.0,-44.0],[178.0,-43.95454545454545],[178.17391304347825,-44.82608695652174],[178.85714285714286,-45.00000000000001],[178.88235294117646,-45.11764705882353],[180.0,-45.66666666666667],[180.0,-52.0],[179.0,-51.85714285714286],[178.72727272727272,-51.272727272727266],[177.91044776119404,-51.08955223880597],[177.34482758620692,-50.65517241379311]]],[[[144.0,-30.0],[145.0,-30.0],[145.0,-31.0],[147.0,-31.0],[147.0,-33.0],[148.0,-33.0],[148.77777777777777,-33.22222222222222],[149.28571428571428,-34.71428571428571],[150.0,-35.0],[151.0,-35.0],[151.125,-36.875],[151.42857142857144,-37.0],[151.63636363636363,-38.0],[152.0,-38.8],[151.95348837209303,-41.04651162790698],[151.78571428571428,-42.0],[151.03921568627453,-43.03921568627451],[150.84210526315792,-43.84210526315789],[150.0879120879121,-44.08791208791209],[150.0,-45.0],[149.6595744680851,-45.65957446808511],[149.65217391304347,-46.0],[149.1840490797546,-46.1840490797546],[149.0,-48.0],[148.72413793103448,-48.72413793103448],[148.0,-48.94736842105264],[146.75,-49.0],[146.5,-49.5],[146.0,-49.75],[145.91666666666666,-49.91666666666667],[144.0,-50.0],[143.07692307692307,-49.92307692307692],[143.0,-49.8],[142.89473684210526,-49.89473684210526],[142.10526315789474,-49.89473684210526],[141.75,-50.0],[141.4,-50.400000000000006],[141.0,-50.375],[140.91549295774647,-50.08450704225352],[139.0,-50.0],[138.6470588235294,-49.35294117647059],[137.95604395604397,-49.043956043956044],[137.0,-49.0],[136.88888888888889,-48.111111111111114],[136.5,-48.0],[135.66666666666669,-47.333333333333336],[135.5,-47.0],[135.0,-46.66666666666667],[134.60000000000002,-46.6],[134.0,-47.0],[134.0,-46.0],[133.0,-46.0],[132.6,-46.6],[132.0,-46.66666666666667],[130.57142857142858,-45.42857142857143],[130.0,-44.66666666666667],[129.0,-44.0],[126.33333333333334,-43.66666666666667],[126.0,-43.5],[125.66666666666667,-43.66666666666667],[124.0,-43.75],[123.0,-44.0],[122.0,-44.0],[121.0,-44.16666666666667],[120.46153846153847,-44.46153846153847],[120.0,-45.0],[118.0,-45.0],[117.75,-45.75],[117.0,-45.916666666666664],[116.0,-45.9],[115.0,-45.5],[114.0,-46.0],[111.99999999999999,-45.888888888888886],[111.0,-46.122807017543856],[108.0,-46.0],[107.5,-45.0],[107.82608695652175,-44.82608695652174],[108.125,-43.0],[107.81818181818181,-41.81818181818182],[107.85,-41.15],[107.5,-41.0],[106.80952380952381,-39.19047619047619],[106.5,-39.0],[106.44444444444443,-37.55555555555555],[106.0,-37.0],[107.0,-37.0],[106.5,-36.5],[106.60000000000001,-35.0],[106.86666666666666,-34.86666666666667],[106.88888888888889,-34.0],[107.1875,-33.8125],[107.85714285714285,-33.857142857142854],[108.0,-33.0],[108.88235294117646,-32.88235294117647],[109.0,-32.0],[111.0,-32.0],[113.0,-31.0],[113.77777777777777,-31.22222222222222],[114.84615384615384,-31.153846153846153],[115.33333333333334,-31.0],[116.25,-30.0],[116.16666666666667,-29.0],[116.5,-28.5],[117.0,-28.285714285714285],[117.36363636363636,-28.363636363636363],[118.0,-28.0],[118.0,-27.0],[119.0,-27.0],[119.28571428571428,-26.285714285714285],[120.0,-26.0],[121.0,-26.0],[121.0,-25.0],[121.55555555555556,-25.444444444444443],[122.0,-25.4],[122.4,-25.6],[122.6,-26.0],[123.0,-26.4],[123.36363636363637,-26.363636363636363],[124.0,-26.0],[124.33333333333334,-25.333333333333336],[125.0,-25.0],[125.0,-24.0],[127.0,-24.0],[127.0,-23.0],[129.0,-23.0],[129.75,-23.25],[130.0,-23.5],[131.0,-23.5],[131.4,-23.400000000000002],[132.0,-23.0],[133.0,-23.0],[133.0,-25.0],[132.0,-25.0],[132.0,-27.0],[133.0,-27.0],[134.0,-28.0],[137.0,-28.0],[137.4,-27.4],[137.5,-27.0],[137.75,-26.75],[137.83333333333331,-26.0],[137.5,-25.0],[137.5,-22.5],[138.0,-22.0],[139.0,-22.0],[139.0,-23.0],[139.5,-23.5],[139.5,-24.0],[140.0,-25.0],[142.0,-25.0],[142.0,-27.0],[143.0,-27.0],[143.0,-29.0],[144.0,-29.0],[144.0,-30.0]]],[[[130.4,-18.400000000000002],[130.0,-19.0],[129.8,-18.2],[129.85714285714286,-18.0],[129.98425196850394,-17.984251968503937],[130.0,-17.0],[130.4,-17.6],[131.0,-18.0],[130.4,-18.400000000000002]]],[[[139.37209302325581,-15.627906976744185],[140.0,-15.88888888888889],[141.0,-15.722222222222221],[141.3,-16.0],[141.34615384615384,-16.653846153846153],[141.64285714285714,-17.0],[143.0,-17.5625],[143.5762711864407,-19.0],[143.61832061068702,-19.38167938931298],[144.16666666666669,-19.833333333333332],[144.99999999999997,-20.047619047619047],[145.3960396039604,-20.603960396039604],[146.2926829268293,-21.0],[144.82062780269058,-21.17937219730942],[142.0,-21.0],[142.0,-20.0],[139.0,-20.0],[139.0,-21.0],[136.0,-21.0],[135.0,-20.0],[134.4,-20.400000000000002],[134.0,-20.5],[133.60000000000002,-20.400000000000002],[133.0,-20.0],[133.0,-19.0],[134.0,-19.0],[133.5,-18.5],[133.4,-17.6],[133.0,-17.0],[132.0,-16.0],[132.5,-15.5],[133.0,-15.5],[133.16666666666666,-15.833333333333332],[133.58333333333334,-15.583333333333334],[134.0,-15.642857142857142],[134.52380952380952,-15.523809523809522],[134.9,-15.0],[134.82608695652175,-14.826086956521738],[135.0,-14.0],[133.94444444444443,-14.055555555555555],[134.0,-13.0],[134.62025316455697,-12.620253164556964],[135.0,-12.594594594594595],[135.2127659574468,-12.787234042553191],[136.0,-12.793650793650793],[136.2512077294686,-13.251207729468598],[136.10687022900763,-13.893129770992367],[136.3181818181818,-14.0],[137.0,-15.0],[138.9506172839506,-14.950617283950617],[139.21052631578948,-15.210526315789473],[139.37209302325581,-15.627906976744185]]],[[[130.5,-14.5],[130.52380952380952,-14.0],[131.22727272727275,-13.772727272727273],[131.3846153846154,-14.0],[131.43478260869566,-14.43478260869565],[131.0,-15.0],[131.0,-16.0],[130.0,-16.0],[130.0,-14.916666666666668],[130.5,-14.5]]],[[[127.0,0.0],[128.0,0.22535211267605637],[128.16842105263157,0.16842105263157897],[128.183908045977,0.0],[128.14678899082568,-0.14678899082568808],[127.73553719008264,-0.2644628099173554],[127.0,0.0]]],[[[77.0,1.0],[77.04347826086956,-0.9565217391304348],[76.953216374269,-1.0467836257309941],[75.92857142857143,-1.0],[75.94202898550725,0.9420289855072463],[75.81818181818181,1.1818181818181817],[76.0,2.0],[76.11111111111111,1.1111111111111112],[77.0,1.0]]],[[[129.0,8.383333333333333],[130.02307692307693,7.976923076923077],[130.21468926553672,7.0],[130.0,6.049999999999999],[129.07894736842104,5.921052631578947],[129.0,5.25],[128.69934640522877,7.699346405228758],[128.08,8.0],[129.0,8.383333333333333]]],[[[127.29885057471265,9.298850574712642],[127.22033898305085,9.0],[127.44859813084112,8.448598130841122],[127.92307692307693,8.0],[126.89090909090909,7.890909090909091],[126.72571428571428,8.274285714285714],[126.80152671755725,8.801526717557252],[126.0,9.0],[127.0,10.0],[127.29885057471265,9.298850574712642]]],[[[128.04790419161677,12.047904191616766],[129.0,12.0],[129.0,10.444444444444443],[127.5,10.5],[127.0,11.0],[127.0,12.0],[127.6,12.4],[128.0,12.210526315789473],[128.04790419161677,12.047904191616766]]],[[[124.56363636363636,12.436363636363637],[124.99999999999999,12.545454545454543],[125.4,12.4],[125.51724137931035,11.517241379310345],[126.0,11.222222222222221],[126.30769230769232,11.307692307692308],[127.0,11.0],[126.30769230769232,10.692307692307693],[125.7037037037037,10.703703703703702],[125.0,11.0],[124.57142857142858,11.571428571428571],[124.0,12.0],[124.56363636363636,12.436363636363637]]],[[[126.0,13.0],[126.53333333333333,13.466666666666667],[127.0,13.466666666666667],[127.31818181818181,13.0],[127.4375,12.5625],[127.0,12.0],[126.60000000000001,12.6],[126.0,13.0]]],[[[123.96969696969698,14.030303030303031],[123.98187311178248,17.018126888217523],[124.86956521739131,17.130434782608695],[125.00000000000001,17.857142857142858],[125.21818181818182,14.781818181818181],[125.1219512195122,14.121951219512196],[125.83333333333333,14.0],[125.38461538461539,13.615384615384613],[124.0,13.818181818181818],[123.75,14.0],[123.96969696969698,14.030303030303031]]],[[[97.0,81.6],[98.0909090909091,81.0909090909091],[101.5,81.0],[101.71428571428572,80.71428571428572],[102.0,80.75],[103.0,80.4],[103.19047619047619,80.19047619047619],[104.66666666666669,80.0],[106.0,79.33333333333334],[108.0,79.44444444444446],[109.08163265306123,79.08163265306123],[110.5,79.0],[111.19999999999999,78.2],[112.0,78.0],[112.6,77.6],[113.0,77.0],[114.0,77.0],[114.0,75.0],[119.0,75.0],[119.0,74.0],[123.0,74.0],[123.0,75.0],[129.0,75.0],[129.0,74.0],[130.0,74.0],[130.0,73.0],[129.71428571428572,72.28571428571428],[129.75,72.0],[130.0,71.85714285714286],[131.23529411764707,71.76470588235294],[131.84615384615387,71.84615384615384],[132.0,71.75],[132.1818181818182,71.81818181818181],[132.25,72.0],[132.25,72.25],[132.0,72.5],[131.0,73.0],[131.0,75.0],[137.0,75.0],[137.0,76.0],[139.0,76.0],[139.0,75.0],[140.0,74.0],[140.0,73.0],[143.0,73.0],[142.6,72.4],[142.75,71.75],[143.0,71.5],[144.0,72.0],[145.0,71.66666666666667],[146.0,71.75],[147.57142857142858,71.57142857142858],[151.4,71.60000000000001],[152.28571428571428,71.71428571428571],[153.0,72.0],[154.0,71.8],[154.33333333333334,72.0],[154.55555555555554,72.44444444444444],[155.0,72.66666666666667],[155.5,72.5],[155.66666666666669,72.0],[156.0,71.75],[157.0,72.0],[158.0,72.0],[159.0,71.5],[160.33333333333334,71.33333333333334],[161.0,71.0],[162.0,71.0],[162.66666666666669,70.66666666666667],[163.21052631578948,70.78947368421052],[165.0,70.75],[166.09302325581396,70.90697674418604],[168.26086956521738,70.73913043478261],[170.0,70.85714285714286],[170.25,70.75],[171.0,71.0],[171.0,72.0],[171.8,71.8],[173.0,72.0],[174.0,72.0],[175.0,71.5],[175.28571428571428,71.71428571428571],[176.0,71.8],[176.55555555555554,71.55555555555554],[177.0,71.0],[180.0,70.78571428571429],[180.0,63.09090909090909],[179.68253968253967,63.682539682539684],[179.0,63.86363636363636],[178.0,63.470588235294116],[176.8095238095238,63.19047619047619],[176.66666666666669,63.00000000000001],[175.1904761904762,62.80952380952381],[173.0,61.71428571428571],[172.64912280701753,61.64912280701754],[172.1851851851852,61.81481481481481],[172.0,61.64285714285714],[171.83050847457628,61.83050847457627],[171.0,61.857142857142854],[170.25,61.75],[170.0,61.599999999999994],[169.0,61.6875],[168.51111111111112,61.48888888888889],[168.3529411764706,61.0],[168.0759493670886,60.924050632911396],[167.57142857142858,61.0],[167.38095238095235,61.38095238095238],[166.57894736842107,61.421052631578945],[166.0,61.0],[166.07692307692307,60.0],[165.0,60.0],[164.84615384615384,59.15384615384616],[164.0,59.0],[164.1651376146789,58.1651376146789],[164.0,57.25],[163.76923076923077,57.230769230769226],[163.5,57.0],[163.86046511627907,56.86046511627907],[164.0119760479042,55.98802395209581],[162.42276422764226,55.57723577235772],[162.0,55.0],[161.0,54.71428571428571],[160.26993865030676,53.73006134969325],[160.0,52.848484848484844],[159.33333333333334,52.66666666666667],[159.1818181818182,52.18181818181819],[158.94366197183098,51.943661971830984],[158.77777777777777,52.0],[158.0,53.8],[157.66666666666666,54.0],[157.66666666666666,55.0],[157.28571428571428,56.0],[157.36363636363637,56.63636363636364],[157.5,57.0],[159.0,59.0],[160.0,59.25],[160.42857142857144,59.57142857142858],[161.0,59.75],[161.68421052631578,60.315789473684205],[162.0,60.300000000000004],[162.66666666666666,61.0],[162.45901639344262,61.459016393442624],[161.5438596491228,61.5438596491228],[161.0,62.0],[157.9298245614035,62.07017543859649],[157.66666666666669,62.0],[157.38095238095238,61.61904761904761],[157.0,61.55555555555556],[156.72222222222223,61.277777777777786],[156.00000000000003,61.05263157894737],[155.53846153846155,60.46153846153846],[154.11111111111111,60.0],[154.11764705882354,59.882352941176464],[153.60000000000002,59.400000000000006],[153.0,59.0],[152.0,59.25],[151.0,59.0],[150.0,59.0],[149.0,59.0],[148.0,59.07692307692308],[147.21052631578948,59.21052631578948],[147.0,59.5],[146.6923076923077,59.307692307692314],[146.4,59.400000000000006],[144.14814814814815,59.14814814814815],[143.41666666666669,59.41666666666667],[143.0,59.83333333333333],[142.6551724137931,59.3448275862069],[141.75,59.0],[141.625,58.625],[142.0,58.0],[141.33333333333334,58.33333333333334],[140.88888888888889,58.111111111111114],[140.0,58.0],[139.47826086956522,57.52173913043478],[138.0,57.0],[137.92307692307693,56.07692307692308],[137.13333333333333,56.13333333333333],[136.0,56.0],[135.9,55.0],[136.0,54.9],[136.33333333333334,55.0],[136.55555555555554,55.44444444444444],[137.0,55.5],[137.36363636363637,55.36363636363637],[137.63636363636363,54.63636363636364],[138.14285714285714,54.14285714285714],[140.16666666666666,54.16666666666667],[140.5,54.0],[140.60000000000002,53.60000000000001],[141.88235294117646,51.88235294117648],[141.63636363636363,50.36363636363636],[141.0,50.0],[140.4,50.400000000000006],[140.4255319148936,51.42553191489362],[140.1818181818182,51.81818181818182],[140.22222222222223,52.22222222222222],[140.0,52.333333333333336],[139.8181818181818,52.18181818181819],[139.37037037037038,52.37037037037037],[138.67741935483872,52.32258064516129],[138.44444444444446,52.0],[138.46153846153845,51.0],[138.2258064516129,50.0],[137.55102040816325,49.44897959183673],[137.0,48.166666666666664],[136.36111111111111,47.63888888888889],[136.08247422680412,46.91752577319588],[135.32608695652175,46.67391304347826],[134.8095238095238,46.19047619047619],[134.0,45.0],[133.16666666666666,44.833333333333336],[132.84615384615384,44.0],[131.77777777777777,43.77777777777778],[130.0,44.0],[129.32142857142856,43.67857142857143],[129.0,43.1],[128.0,43.0],[127.32000000000001,42.68],[127.34482758620692,42.344827586206904],[127.0,41.0],[126.0,40.0625],[125.5,40.0],[125.33333333333334,38.66666666666667],[125.44117647058823,38.44117647058823],[125.40540540540539,38.0],[125.56435643564356,37.56435643564356],[126.0,37.4054054054054],[126.44117647058823,37.44117647058823],[126.83333333333333,37.166666666666664],[127.23529411764706,37.76470588235294],[128.0,38.0],[128.2,38.8],[128.66666666666669,38.66666666666667],[129.22222222222223,38.77777777777778],[129.27272727272728,39.0],[129.74193548387098,39.25806451612903],[130.0,39.88888888888889],[130.55172413793105,39.55172413793104],[131.0,39.480000000000004],[132.0,39.625],[133.0,39.46153846153847],[133.24137931034483,39.758620689655174],[133.18421052631578,40.0],[133.4578313253012,40.5421686746988],[133.95348837209303,41.04651162790698],[134.0,41.5],[134.26666666666665,41.266666666666666],[134.52592592592595,41.474074074074075],[135.4670658682635,41.532934131736525],[136.10666666666668,41.89333333333333],[136.3050847457627,42.69491525423729],[136.71830985915494,43.28169014084507],[137.21052631578948,45.0],[137.46666666666667,45.53333333333333],[138.0,45.88235294117647],[138.5263157894737,45.526315789473685],[139.36842105263156,44.0],[138.71428571428572,42.0],[138.11111111111111,40.888888888888886],[138.0,40.0],[137.04819277108433,39.95180722891566],[136.59139784946237,39.40860215053763],[136.0,39.19642857142857],[134.0,39.0],[133.41379310344828,38.58620689655172],[133.39215686274508,38.0],[133.0,37.62962962962963],[132.64601769911505,37.64601769911505],[132.0,38.0],[131.0,37.900000000000006],[130.69230769230768,37.69230769230769],[130.0,38.0],[130.44897959183675,37.44897959183674],[130.3793103448276,37.0],[130.0,36.7027027027027],[129.6140350877193,36.614035087719294],[129.27586206896552,36.724137931034484],[128.05555555555554,34.94444444444444],[128.0,34.5],[127.0,35.0],[125.0,35.0],[124.63636363636363,34.36363636363636],[124.0,34.0],[123.0,34.0],[123.36363636363637,34.63636363636363],[123.33333333333334,35.333333333333336],[123.0,36.0],[123.0,38.0],[122.5,38.5],[122.5,39.0],[122.0,39.5],[121.0,39.5],[120.8,39.2],[120.0,39.0],[119.0,39.0],[119.0,40.0],[118.4,40.4],[118.0,40.400000000000006],[117.78947368421053,40.21052631578947],[117.0,40.0],[116.60000000000001,39.400000000000006],[116.0,39.0],[116.0,38.0],[118.0,38.0],[119.4,37.6],[120.0,38.0],[120.0,37.0],[119.5,36.5],[118.0,36.0],[118.4,35.400000000000006],[118.60000000000001,34.6],[119.0,34.0],[119.0,33.0],[120.0,33.0],[120.0,32.0],[121.0,32.0],[121.0,30.0],[120.0,30.0],[120.5,29.5],[120.25,27.75],[119.55555555555554,27.444444444444443],[119.28571428571428,26.714285714285715],[119.0,26.666666666666668],[118.75,26.25],[118.18181818181819,25.81818181818182],[118.0,25.857142857142858],[117.0,25.0],[117.0,24.0],[116.0,24.0],[115.55555555555554,23.444444444444443],[115.0,23.200000000000003],[114.0,23.0],[113.5,22.5],[113.28571428571428,21.714285714285715],[112.0,21.0],[111.66666666666667,20.0],[111.26666666666668,19.733333333333334],[111.10000000000001,19.0],[110.38095238095238,18.61904761904762],[110.08695652173913,18.0],[110.0,15.0],[110.28571428571428,14.285714285714285],[110.37575757575756,13.375757575757575],[110.28125,12.0],[110.3956043956044,11.395604395604396],[110.66666666666669,11.0],[110.30952380952381,10.0],[110.42622950819673,9.573770491803279],[110.3448275862069,9.344827586206897],[110.76470588235294,9.235294117647058],[111.02409638554217,9.024096385542169],[111.0,8.0],[111.27272727272728,6.0],[111.50769230769231,5.507692307692308],[112.4,5.0],[112.6470588235294,4.647058823529411],[113.21052631578947,4.2105263157894735],[114.75,4.25],[115.0,5.0],[116.88405797101449,5.115942028985507],[117.56756756756758,5.4324324324324325],[117.8695652173913,6.0],[118.54285714285714,6.457142857142857],[118.96296296296296,7.037037037037037],[119.0,7.666666666666667],[119.5,8.0],[119.94871794871794,8.051282051282051],[119.79661016949153,8.796610169491526],[119.90551181102362,9.094488188976378],[120.15384615384616,9.153846153846153],[120.03773584905662,8.037735849056604],[120.30303030303031,7.303030303030303],[121.0909090909091,7.0],[121.45454545454545,6.454545454545455],[122.0,6.166666666666666],[122.04166666666667,6.0],[121.93103448275862,5.931034482758621],[121.14285714285714,5.857142857142857],[121.0,4.0],[121.13186813186812,3.131868131868132],[122.02409638554217,3.0],[122.06976744186046,2.0697674418604652],[127.0,2.0],[123.1,1.9],[123.00000000000001,1.3333333333333335],[122.42857142857144,0.5714285714285714],[122.3,0.0],[122.53333333333333,-0.4666666666666667],[123.0,-0.7777777777777778],[124.0,-0.7777777777777778],[124.48275862068967,-0.4827586206896552],[124.41176470588235,0.0],[124.83050847457626,0.1694915254237288],[127.0,0.0],[126.0,-0.16666666666666663],[125.0,-0.7142857142857143],[124.52941176470588,-0.5294117647058824],[124.33333333333333,-1.0],[124.4,-1.4000000000000001],[124.0,-2.0],[123.00000000000001,-1.6666666666666667],[122.9,-2.0],[122.25714285714285,-2.257142857142857],[122.18867924528303,-3.811320754716981],[122.83673469387756,-3.836734693877551],[123.03738317757009,-4.037383177570094],[123.0,-4.2],[122.4,-4.4],[122.11111111111111,-5.0],[121.96923076923076,-5.030769230769231],[121.87654320987654,-4.123456790123457],[121.49230769230769,-3.5076923076923077],[121.0,-3.0588235294117645],[120.42857142857143,-3.4285714285714284],[120.1219512195122,-4.121951219512195],[120.0,-5.071428571428571],[119.4,-5.4],[119.0,-6.181818181818182],[118.42857142857144,-6.428571428571429],[118.18181818181817,-7.0],[117.2,-7.2],[117.06976744186046,-8.0],[117.37777777777777,-9.0],[117.11409395973155,-9.114093959731544],[116.63829787234042,-9.0],[116.54666666666667,-8.546666666666667],[116.68421052631578,-8.31578947368421],[116.31578947368422,-8.31578947368421],[115.18181818181819,-7.818181818181818],[113.69999999999999,-7.7],[113.0,-8.0],[112.40336134453781,-7.5966386554621845],[111.0,-7.571428571428571],[110.6923076923077,-7.307692307692308],[109.78571428571429,-7.0],[109.36666666666667,-6.633333333333335],[109.0,-6.65625],[108.78571428571428,-6.214285714285714],[108.44736842105263,-6.0],[108.33009708737865,-5.6699029126213585],[107.0,-5.380952380952381],[106.41818181818181,-5.0],[106.29299363057325,-4.707006369426752],[106.0,-4.671428571428572],[105.30882352941177,-4.0],[105.34710743801654,-3.652892561983471],[104.53846153846155,-2.4615384615384617],[103.90625,-2.09375],[102.95454545454545,-2.0],[102.70731707317074,-1.2926829268292683],[102.0,-0.8571428571428572],[101.66355140186917,-0.33644859813084116],[100.57961783439491,0.5796178343949044],[100.26984126984128,1.26984126984127],[99.0,1.6666666666666665],[98.88235294117648,2.1176470588235294],[99.0,2.5555555555555554],[99.25,2.75],[100.21538461538461,2.7846153846153845],[100.90243902439025,3.097560975609756],[101.0,4.5],[101.16666666666667,5.0],[100.375,6.375],[99.8,7.0],[99.42857142857142,8.0],[99.58333333333333,9.0],[99.48275862068965,9.482758620689655],[98.9047619047619,10.904761904761905],[97.82978723404256,10.829787234042554],[97.0,11.0],[97.13953488372094,10.13953488372093],[97.0,7.0],[94.0,7.0],[94.0,9.0],[92.0,9.0],[92.0,10.0],[91.0,10.0],[91.0,11.0],[90.5,11.5],[90.5,12.0],[90.33333333333334,12.333333333333334],[90.0,12.5],[89.5,12.5],[89.0,13.0],[88.0,13.0],[88.0,12.0],[86.0,12.0],[85.75,12.75],[85.0,12.857142857142858],[84.73333333333332,12.266666666666666],[84.03846153846155,11.96153846153846],[84.0,11.0],[83.36363636363636,11.363636363636363],[83.0,11.333333333333334],[82.86206896551724,11.137931034482758],[82.5,11.0],[82.04494382022473,10.95505617977528],[81.44736842105263,10.55263157894737],[81.0344827586207,10.0],[80.36241610738256,9.63758389261745],[80.0,9.181818181818182],[79.77358490566039,9.226415094339622],[78.85714285714286,8.857142857142858],[78.1875,8.8125],[78.0,8.0],[77.03225806451613,7.967741935483871],[77.0,6.0],[76.5,5.0],[76.10126582278481,4.898734177215189],[76.0,2.0],[75.0,2.0],[74.17391304347825,1.8260869565217392],[74.0,1.3333333333333335],[73.0,1.1666666666666667],[72.82142857142857,1.8214285714285714],[72.5,2.0],[72.625,3.0],[72.3030303030303,3.3030303030303028],[72.0,4.0],[71.86363636363637,5.863636363636363],[71.37837837837839,6.378378378378379],[71.06666666666666,7.0],[71.1025641025641,8.102564102564102],[70.80000000000001,9.8],[70.55555555555556,10.0],[70.14285714285715,11.0],[70.33333333333334,11.666666666666668],[70.66666666666666,12.0],[70.33333333333334,13.0],[70.5,13.5],[71.0,14.0],[70.4,14.400000000000002],[69.8,14.200000000000001],[69.0,14.142857142857142],[68.4,14.400000000000002],[68.0,15.5],[67.96825396825398,15.968253968253968],[67.66666666666666,16.0],[67.0,17.0],[67.0,18.0],[66.60000000000001,18.6],[66.0,19.0],[65.94117647058823,19.94117647058824],[65.15384615384616,20.153846153846153],[65.0,20.5],[64.9047619047619,20.095238095238095],[64.0,19.823529411764703],[63.388489208633096,20.388489208633093],[63.0,20.529411764705884],[62.515151515151516,20.515151515151516],[62.0,21.0],[58.0,21.0],[57.432432432432435,21.432432432432435],[56.60629921259842,21.606299212598422],[56.074074074074076,22.0],[56.0,22.5],[55.5,22.5],[55.0,23.0],[54.0,23.0],[54.0,22.0],[53.32142857142857,21.678571428571427],[53.16279069767442,21.0],[53.47422680412371,20.47422680412371],[54.0,20.027027027027025],[55.0,19.739130434782606],[55.20987654320987,19.209876543209877],[55.425,19.0],[55.505376344086024,18.50537634408602],[56.02127659574468,17.97872340425532],[55.18518518518519,17.814814814814817],[55.0,16.88888888888889],[54.400000000000006,16.6],[54.27272727272727,16.0],[54.06666666666667,15.933333333333334],[54.0,15.4],[53.5,15.0],[53.10526315789474,14.894736842105264],[53.0,14.333333333333334],[52.8,14.200000000000001],[52.2,14.200000000000001],[51.92857142857143,14.0],[51.0,13.717391304347826],[50.0,13.770833333333334],[49.41025641025641,13.58974358974359],[49.0,13.200000000000001],[48.225352112676056,12.774647887323944],[47.4,11.600000000000001],[45.63636363636364,11.363636363636363],[44.833333333333336,11.000000000000002],[46.0,10.485714285714286],[47.0,10.214285714285714],[47.644444444444446,10.355555555555554],[48.0,10.615384615384617],[48.432432432432435,10.432432432432432],[48.800000000000004,10.0],[48.0,8.642857142857142],[47.128205128205124,7.871794871794872],[47.0,7.0],[45.0,6.0],[44.444444444444436,5.555555555555555],[44.125,4.875],[43.66666666666667,4.333333333333334],[43.33333333333333,3.0],[42.647058823529406,2.3529411764705883],[41.93103448275862,2.0689655172413794],[41.833333333333336,1.1666666666666665],[41.04081632653061,0.9591836734693877],[41.02127659574468,0.0],[40.03508771929825,-0.03508771929824561],[40.0,-1.0606060606060606],[39.11764705882353,-1.1176470588235294],[39.0,-2.25],[38.53846153846154,-2.5384615384615388],[38.25,-3.0],[38.03174603174603,-3.0317460317460316],[38.0,-3.142857142857143],[37.857142857142854,-3.142857142857143],[37.5,-2.5],[37.0,-2.2],[36.2,-3.0],[36.285714285714285,-3.7142857142857144],[36.66666666666667,-4.333333333333334],[36.66666666666667,-5.0],[36.22857142857143,-5.228571428571429],[36.0,-6.0],[36.074074074074076,-6.925925925925926],[36.25,-7.0],[36.333333333333336,-7.666666666666668],[36.6,-8.4],[37.0,-9.0],[37.046875,-10.0],[37.27722772277228,-10.722772277227723],[37.93333333333334,-11.0],[38.0,-11.5],[38.12844036697248,-13.871559633027523],[38.0,-17.0],[37.170212765957444,-17.170212765957444],[36.125,-18.0],[35.2,-18.2],[35.0,-18.75],[34.84615384615385,-18.846153846153847],[34.0,-19.0],[32.888888888888886,-18.88888888888889],[32.77777777777778,-19.22222222222222],[33.0,-19.5],[33.4,-19.6],[33.5,-20.0],[33.0,-20.333333333333332],[32.35294117647059,-19.647058823529413],[31.8125,-19.8125],[31.57142857142857,-21.0],[31.625,-21.375],[32.0,-22.0],[33.0,-22.666666666666664],[33.0,-25.666666666666668],[32.66666666666667,-26.0],[32.0,-26.153846153846153],[31.0,-26.0],[30.11764705882353,-26.11764705882353],[29.66666666666667,-28.0],[29.833333333333336,-28.166666666666664],[29.956521739130434,-29.0],[28.66666666666667,-30.666666666666668],[28.535714285714285,-31.0],[28.227272727272727,-31.227272727272727],[27.903225806451612,-32.0],[26.68918918918919,-32.68918918918919],[26.0,-33.535714285714285],[25.38095238095238,-34.0],[24.728813559322035,-34.271186440677965],[24.298507462686565,-34.298507462686565],[24.0,-34.714285714285715],[22.83783783783784,-34.83783783783784],[22.699999999999996,-35.0],[22.11111111111111,-35.11111111111111],[22.0,-35.233333333333334],[21.266666666666666,-35.266666666666666],[20.0,-35.625],[19.523809523809522,-35.476190476190474],[19.0,-34.9],[18.0,-35.333333333333336],[17.724137931034484,-35.72413793103448],[17.0,-35.85714285714286],[16.38888888888889,-35.611111111111114],[16.0,-35.0],[15.666666666666668,-34.0],[16.324324324324326,-32.32432432432432],[16.193548387096776,-31.806451612903224],[15.577464788732394,-31.422535211267608],[15.297297297297298,-30.7027027027027],[14.569620253164558,-30.430379746835445],[14.32,-30.0],[14.296296296296294,-29.703703703703702],[13.7,-29.3],[13.600000000000001,-29.0],[12.428571428571429,-27.571428571428573],[12.237288135593221,-26.237288135593218],[12.38888888888889,-24.0],[12.285714285714285,-23.0],[11.5,-22.0],[10.529411764705882,-21.470588235294116],[10.058823529411764,-21.0],[9.676470588235293,-20.323529411764707],[9.59375,-18.0],[9.98,-17.0],[10.0,-15.928571428571429],[10.27659574468085,-15.27659574468085],[10.711340206185568,-14.711340206185564],[10.88607594936709,-13.88607594936709],[11.424242424242424,-13.424242424242426],[11.622047244094489,-12.622047244094487],[11.935483870967742,-12.0],[11.891891891891891,-11.108108108108109],[11.666666666666668,-11.0],[11.600000000000001,-10.4],[11.0,-10.0],[11.370370370370368,-9.37037037037037],[11.3125,-9.0],[10.903225806451614,-8.096774193548388],[10.666666666666668,-8.0],[10.0,-7.0],[9.851851851851851,-5.148148148148148],[9.0,-4.857142857142858],[8.75257731958763,-4.247422680412371],[8.200000000000001,-4.0],[7.959183673469388,-3.0408163265306123],[7.75,-3.0],[7.0,-2.25],[7.0,-1.6666666666666665],[7.875,0.125],[7.6875,0.6875],[8.0,2.0],[7.958333333333333,2.9583333333333335],[7.25,3.25],[7.0,3.75],[6.833333333333333,3.833333333333333],[6.357142857142858,3.642857142857143],[6.0,3.6875],[5.0,3.2941176470588234],[4.0,3.736842105263158],[3.6666666666666665,4.0],[3.5652173913043477,4.565217391304348],[2.9607843137254903,5.96078431372549],[2.0,6.625],[0.5675675675675675,6.4324324324324325],[0.0,6.0],[-0.9325842696629214,5.932584269662922],[-1.0,5.76923076923077],[-1.5384615384615383,5.538461538461539],[-1.7692307692307692,5.0],[-2.909090909090909,4.909090909090908],[-3.0,4.166666666666667],[-4.0,4.6],[-4.078431372549019,4.921568627450981],[-7.0,4.9714285714285715],[-8.891891891891893,4.891891891891892],[-9.0,4.0],[-10.0,4.071428571428571],[-10.433333333333334,4.566666666666667],[-11.0,4.884615384615385],[-11.246153846153845,5.753846153846154],[-12.09375,6.0],[-12.450704225352114,6.549295774647888],[-13.048,6.952],[-13.75,7.0],[-14.173913043478262,7.826086956521739],[-15.0,8.0],[-15.0,9.0],[-16.0,9.0],[-16.0,10.0],[-16.6,10.4],[-17.0,11.0],[-18.0,11.0],[-18.181818181818183,12.81818181818182],[-18.333333333333336,13.0],[-18.333333333333336,14.0],[-18.074074074074076,14.074074074074073],[-18.0,16.0],[-17.5,16.5],[-17.333333333333332,17.0],[-17.133333333333333,17.133333333333333],[-17.083333333333332,18.0],[-17.142857142857142,18.857142857142858],[-17.5,19.0],[-17.25,19.25],[-17.333333333333336,19.666666666666668],[-17.25,20.0],[-18.142857142857142,21.0],[-18.0,22.666666666666668],[-17.75,23.0],[-17.272727272727273,23.272727272727273],[-16.666666666666668,25.0],[-16.125,25.125],[-16.0,25.57142857142857],[-15.73913043478261,25.73913043478261],[-15.625,26.0],[-14.244897959183675,26.244897959183675],[-14.0,27.333333333333336],[-12.833333333333332,27.833333333333332],[-11.954545454545455,29.0],[-11.35897435897436,29.358974358974358],[-11.0,29.84],[-10.555555555555557,30.0],[-10.757575757575758,30.242424242424242],[-11.0,31.0],[-10.395061728395062,31.395061728395056],[-10.0,32.266666666666666],[-8.421052631578947,33.421052631578945],[-8.0,33.470588235294116],[-7.1,34.0],[-7.166666666666666,34.166666666666664],[-7.0,35.0],[-8.0,35.0],[-7.866666666666667,35.86666666666667],[-8.074074074074074,36.925925925925924],[-9.181818181818182,37.18181818181819],[-9.5,37.0],[-10.0,36.98148148148148],[-10.235294117647058,38.76470588235294],[-11.032258064516128,39.0],[-10.703703703703702,40.7037037037037],[-10.5,41.0],[-10.888888888888888,41.99999999999999],[-11.0,43.0],[-10.17094017094017,43.17094017094017],[-10.0,43.588235294117645],[-9.0,43.82608695652174],[-8.683333333333334,43.31666666666666],[-6.297142857142857,43.29714285714286],[-6.0,43.5],[-5.688622754491018,43.31137724550898],[-5.0,43.19417475728156],[-4.225806451612903,43.225806451612904],[-3.05,44.0],[-3.166666666666667,44.833333333333336],[-4.0,45.0],[-4.022988505747127,45.97701149425288],[-4.5,46.0],[-5.0,47.0],[-6.666666666666667,47.333333333333336],[-7.0,48.0],[-6.75,49.0],[-7.133333333333333,49.13333333333333],[-7.866666666666667,49.13333333333333],[-8.470588235294118,49.52941176470588],[-8.600000000000001,51.400000000000006],[-11.0,51.25],[-11.53846153846154,51.46153846153847],[-12.0,52.0],[-11.6,53.0],[-12.0,54.0],[-10.265060240963855,54.26506024096385],[-10.19047619047619,54.80952380952381],[-10.0,55.17142857142858],[-9.415094339622641,55.41509433962264],[-9.077922077922079,56.077922077922075],[-9.065040650406505,58.0650406504065],[-8.126984126984127,58.12698412698413],[-7.522388059701493,58.52238805970149],[-7.0,59.13333333333333],[-6.214285714285714,59.21428571428572],[-5.5,59.5],[-5.0,60.0],[-4.2,60.2],[-4.0,60.5],[-3.571428571428571,60.57142857142858],[-3.4,61.0],[-3.0625,61.0625],[-2.666666666666667,61.0],[-2.666666666666667,60.66666666666667],[-3.0,60.0],[-3.75,59.0],[-3.1428571428571432,57.0],[-2.3636363636363638,56.63636363636364],[-2.0,55.833333333333336],[-1.25,55.75],[-0.6666666666666667,55.33333333333334],[-0.2857142857142857,54.71428571428571],[-0.2857142857142857,54.285714285714285],[-0.125,53.875],[0.6000000000000001,53.60000000000001],[1.0,53.0],[1.6,53.400000000000006],[2.0,53.5],[2.2857142857142856,53.71428571428571],[2.5,54.5],[3.0,55.0],[3.0,57.0],[3.666666666666667,57.333333333333336],[6.0,57.5],[6.75,58.0],[6.24,58.239999999999995],[4.196078431372549,58.19607843137255],[3.642857142857143,58.357142857142854],[3.166666666666667,58.16666666666667],[3.3000000000000003,58.7],[3.0,59.333333333333336],[2.6470588235294117,59.647058823529406],[2.5384615384615383,60.0],[2.6153846153846154,61.0],[2.25,62.0],[3.0,62.92307692307693],[3.833333333333333,63.16666666666667],[4.2727272727272725,63.72727272727272],[5.0,64.0],[5.235294117647059,64.76470588235294],[5.647058823529411,65.35294117647058],[6.307692307692308,65.6923076923077],[6.777777777777779,66.22222222222223],[8.0,66.66666666666667],[8.142857142857142,66.85714285714286],[9.0,67.0],[9.0,68.0],[9.909090909090908,68.0909090909091],[10.0,68.5],[10.333333333333334,68.33333333333334],[10.428571428571427,68.0],[10.771428571428572,67.77142857142857],[11.666666666666668,68.0],[11.363636363636363,68.36363636363636],[11.166666666666668,69.0],[12.0,69.16949152542372],[12.975903614457831,69.02409638554217],[13.857142857142858,69.14285714285714],[14.0,69.5],[14.571428571428571,70.0],[16.0,70.9],[17.0,71.0],[18.0,70.89473684210526],[19.692307692307693,71.3076923076923],[22.0,71.6470588235294],[22.46808510638298,71.46808510638297],[23.0,70.85714285714286],[23.866666666666667,70.86666666666667],[26.0,71.53333333333333],[27.0,71.46666666666667],[27.36842105263158,71.36842105263159],[27.846153846153847,70.84615384615384],[29.387096774193548,70.38709677419355],[29.888888888888886,69.88888888888889],[33.0,69.58333333333333],[35.0,69.625],[35.45454545454545,69.45454545454545],[36.0,68.75],[37.0,68.80000000000001],[38.0,68.6],[38.42857142857143,68.42857142857143],[38.75,68.0],[38.75,67.0],[39.0,66.8],[39.5,67.0],[40.0,67.5],[40.4,67.4],[41.0,67.0],[41.400000000000006,67.6],[41.6,68.4],[41.6,69.0],[41.733333333333334,69.26666666666667],[42.0,69.4],[43.0,69.5],[43.400000000000006,69.4],[43.66666666666667,69.0],[43.44444444444444,68.55555555555556],[42.75,68.25],[42.5,68.0],[42.71428571428571,67.71428571428571],[43.0,67.66666666666667],[45.0,67.66666666666667],[45.22222222222222,67.77777777777777],[45.25,68.0],[45.57142857142857,68.42857142857143],[46.0,68.6],[47.285714285714285,68.71428571428571],[48.0,69.0],[47.4,69.4],[47.0,69.33333333333334],[46.6,69.6],[46.333333333333336,70.0],[47.0,70.5],[47.44444444444444,70.44444444444444],[48.0,70.0],[49.0,70.0],[49.400000000000006,69.4],[49.5,69.0],[50.0,68.5],[50.28571428571428,68.71428571428571],[50.55555555555555,69.44444444444444],[51.00000000000001,69.66666666666667],[51.400000000000006,69.6],[52.0,70.0],[53.0,70.0],[53.77777777777777,69.77777777777777],[54.0,69.83333333333334],[54.63636363636364,69.63636363636364],[55.0,69.33333333333334],[55.44444444444444,69.55555555555554],[56.71428571428571,69.71428571428572],[58.0,69.5],[58.25,70.0],[58.78571428571429,70.21428571428572],[60.0,70.4],[62.444444444444436,70.44444444444444],[63.0,70.0],[63.81818181818181,69.81818181818181],[65.0,69.9090909090909],[66.22222222222223,69.77777777777777],[66.5,70.0],[66.33333333333334,70.33333333333334],[65.60000000000001,70.60000000000001],[65.0,71.0],[64.0,71.0],[64.0,72.0],[64.71428571428571,72.28571428571428],[66.0,72.5],[66.33333333333334,72.66666666666667],[66.5,73.0],[66.5,73.5],[67.0,74.0],[68.0,74.0],[68.0,75.0],[69.0,75.0],[68.60000000000001,75.60000000000001],[68.71428571428571,76.28571428571428],[70.0,77.0],[70.0,78.0],[72.0,78.0],[73.0,77.0],[76.0,77.0],[77.0,76.0],[77.0,75.0],[76.0,75.0],[76.0,74.0],[79.0,74.0],[79.25,74.75],[80.0,75.0],[85.0,75.0],[85.5,75.5],[86.0,75.5],[87.6,76.4],[88.0,76.5],[88.25,76.75],[89.0,77.0],[90.0,77.0],[90.0,78.0],[89.5,78.5],[89.5,79.0],[90.0,79.5],[91.0,79.5],[91.5,80.0],[90.55555555555556,80.55555555555556],[90.33333333333334,81.0],[90.33333333333334,81.33333333333334],[90.0,81.33333333333334],[89.33333333333334,82.0],[90.66666666666667,82.0],[90.66666666666667,81.66666666666667],[91.0,81.66666666666667],[91.5,82.0],[93.33333333333334,82.0],[93.86666666666666,81.86666666666666],[94.92857142857143,82.07142857142857],[96.5,82.0],[96.84,81.84],[97.0,81.6]],[[170.75,70.25],[171.0,69.88888888888889],[172.0,70.0],[171.2,70.2],[171.0,71.0],[170.75,70.25]],[[150.375,59.625],[150.3,60.0],[150.0,60.1],[149.57142857142856,60.0],[149.53846153846155,59.53846153846154],[150.0,59.0],[150.375,59.625]],[[127.23529411764706,35.76470588235294],[127.14814814814815,36.14814814814815],[127.0,36.666666666666664],[126.84,36.16],[126.60000000000001,36.0],[126.55555555555556,35.55555555555556],[127.0,35.0],[127.23529411764706,35.76470588235294]],[[52.75,23.0],[52.85714285714286,22.857142857142858],[53.166666666666664,22.833333333333332],[54.0,23.0],[52.75,23.0]],[[2.0,36.067796610169495],[4.0,36.01020408163265],[5.0,36.18390804597701],[7.0,36.01075268817204],[8.273504273504274,36.27350427350427],[8.907692307692308,36.09230769230769],[9.0,37.0],[10.0,37.0],[10.173913043478262,35.82608695652174],[10.0,35.0],[10.0,33.0],[11.0,32.5],[11.181818181818182,32.18181818181818],[11.818181818181818,32.18181818181818],[12.789473684210527,31.789473684210527],[13.285714285714285,31.285714285714285],[14.166666666666668,31.0],[14.523809523809522,30.523809523809522],[15.0,30.285714285714285],[15.097560975609756,30.097560975609756],[15.902439024390244,30.097560975609756],[17.0,29.875],[17.358974358974358,29.358974358974358],[18.0,29.0],[18.894736842105264,29.105263157894736],[19.0,31.0],[20.0,31.0],[20.6,30.6],[21.0,30.0],[21.6,29.6],[22.333333333333336,29.333333333333336],[22.5,29.0],[22.799999999999997,28.799999999999997],[23.25,28.75],[24.0,29.0],[24.666666666666664,30.0],[26.333333333333336,30.0],[26.42857142857143,29.571428571428573],[26.0,29.0],[26.666666666666668,29.333333333333336],[27.0,29.142857142857142],[28.400000000000002,29.400000000000002],[28.71428571428571,29.285714285714285],[28.71428571428571,29.714285714285715],[29.04878048780488,30.048780487804876],[32.0,30.0],[33.0,30.2],[33.37037037037037,30.629629629629626],[33.950819672131146,32.049180327868854],[34.53846153846154,32.46153846153846],[34.79245283018868,33.0],[34.6231884057971,34.3768115942029],[35.0,35.0],[36.0,35.0],[36.0,36.0],[35.0,36.048780487804876],[34.0,36.51162790697674],[33.0,36.369565217391305],[32.59154929577465,36.59154929577465],[31.0,36.90769230769231],[30.375,36.625],[29.999999999999996,36.111111111111114],[29.0,36.0],[28.5,36.5],[28.5,37.0],[27.999999999999996,37.11764705882353],[27.516129032258064,37.516129032258064],[27.448979591836732,38.44897959183673],[27.0,39.0],[26.22222222222222,38.77777777777778],[26.0,38.333333333333336],[25.6,38.6],[25.333333333333336,39.0],[24.296296296296294,39.29629629629629],[24.146341463414636,40.14634146341463],[24.0,40.27272727272727],[22.88235294117647,40.11764705882353],[22.6,39.400000000000006],[22.363636363636363,39.36363636363636],[21.857142857142858,39.0],[22.0,37.0],[21.444444444444443,36.0],[21.15286624203822,35.847133757961785],[20.8125,36.0],[20.630434782608695,36.630434782608695],[20.055555555555557,37.0],[20.09090909090909,38.0],[18.625,39.0],[18.583333333333336,39.41666666666667],[18.75,39.75],[18.625,40.0],[18.256410256410255,40.25641025641025],[18.06896551724138,41.06896551724138],[17.0,41.707317073170735],[16.671232876712327,41.671232876712324],[16.06896551724138,41.93103448275862],[15.0,42.0],[13.0,44.0],[12.0,44.333333333333336],[11.925925925925926,44.074074074074076],[11.5,44.0],[11.923076923076923,43.92307692307693],[12.0,43.66666666666667],[12.5,43.5],[12.666666666666668,43.0],[12.894736842105264,42.89473684210526],[13.0,42.5],[13.25,42.25],[13.2,42.0],[13.836734693877553,41.83673469387755],[14.0,41.55555555555556],[14.416666666666668,41.41666666666667],[14.5,41.0],[14.767441860465116,40.76744186046511],[16.0,40.357142857142854],[16.625,40.0],[16.256410256410255,39.74358974358974],[16.0,39.80769230769231],[15.511627906976745,39.48837209302325],[15.275862068965518,39.0],[15.347826086956522,38.65217391304348],[15.0,38.38461538461539],[14.619047619047619,38.61904761904762],[14.555555555555555,39.0],[14.327868852459016,39.32786885245902],[14.0,39.434782608695656],[13.78688524590164,39.786885245901644],[12.181818181818183,40.18181818181818],[12.0,40.333333333333336],[11.831932773109244,40.831932773109244],[11.0,41.142857142857146],[10.789473684210526,41.78947368421053],[10.25,42.0],[9.917525773195877,42.91752577319588],[9.692307692307693,43.0],[9.382978723404255,43.38297872340426],[9.0,43.375],[8.0,43.879999999999995],[6.655172413793104,43.65517241379311],[6.153846153846153,43.84615384615385],[5.777777777777778,43.77777777777778],[5.7142857142857135,44.0],[5.0,44.29411764705882],[4.642857142857142,44.0],[4.486486486486487,43.513513513513516],[3.7894736842105265,43.21052631578947],[3.666666666666667,43.0],[2.0,42.69230769230769],[1.6516129032258065,42.34838709677419],[1.6823529411764706,42.0],[1.0,41.283950617283956],[0.2558139534883721,41.25581395348837],[0.0,41.37931034482759],[-0.2716049382716049,41.27160493827161],[-0.7567567567567568,40.75675675675676],[-1.4109589041095891,40.41095890410959],[-1.6818181818181817,40.0],[-1.4500000000000002,39.0],[-1.5686274509803924,38.568627450980394],[-2.4444444444444446,38.0],[-2.615384615384615,37.61538461538461],[-3.5342465753424657,36.534246575342465],[-4.310344827586206,36.310344827586206],[-4.577464788732394,36.42253521126761],[-5.413793103448276,36.41379310344828],[-6.246153846153846,36.246153846153845],[-6.4,36.0],[-6.444444444444445,35.55555555555556],[-6.0,35.0],[-5.0,34.96296296296296],[-4.235294117647059,34.76470588235294],[-3.753846153846154,34.246153846153845],[-3.3366336633663365,34.336633663366335],[-3.0,34.2463768115942],[-2.5023923444976077,34.50239234449761],[-2.094488188976378,35.09448818897638],[-1.0,35.01923076923077],[-0.2857142857142857,35.285714285714285],[0.0,35.599999999999994],[1.3653846153846154,35.63461538461539],[2.0,36.067796610169495]],[[25.333333333333332,28.0],[25.75,27.75],[26.0,27.714285714285715],[26.333333333333336,28.0],[26.363636363636363,28.363636363636363],[26.0,29.0],[25.333333333333332,28.0]],[[98.60000000000001,78.4],[99.0,79.0],[98.21052631578948,79.21052631578948],[97.00000000000001,79.14285714285715],[96.5,79.0],[96.71428571428571,78.71428571428571],[97.44444444444443,78.44444444444444],[98.0,78.0],[98.60000000000001,78.4]],[[108.33333333333334,17.333333333333336],[108.0,17.5],[107.6,17.0],[107.875,16.875],[108.0,16.5],[108.5,16.5],[108.66666666666666,17.0],[108.33333333333334,17.333333333333336]],[[108.66666666666667,16.0],[109.25,15.75],[109.5,16.0],[109.33333333333334,16.333333333333336],[109.0,16.5],[108.5,16.5],[108.66666666666667,16.0]],[[164.0,62.0],[162.94285714285715,62.05714285714286],[162.77777777777777,61.77777777777777],[164.0,62.0]],[[121.0,-0.5555555555555556],[120.55555555555556,-1.0],[120.69230769230771,-1.3076923076923077],[121.0,-1.5714285714285714],[121.5,-1.0],[121.33333333333334,-0.6666666666666667],[121.0,-0.5555555555555556]],[[15.846153846153847,-5.153846153846154],[16.0,-5.25],[17.0,-5.0],[16.666666666666668,-4.333333333333334],[16.666666666666664,-4.0],[16.30769230769231,-3.6923076923076925],[15.333333333333334,-4.0],[15.600000000000001,-4.4],[15.846153846153847,-5.153846153846154]],[[26.076923076923077,-17.923076923076923],[25.93103448275862,-18.06896551724138],[26.0,-18.125],[26.076923076923077,-17.923076923076923]],[[27.4,-17.0],[27.22222222222222,-16.77777777777778],[27.0,-16.75],[26.866666666666667,-17.133333333333333],[27.4,-17.0]],[[29.166666666666664,28.166666666666664],[29.0,28.5],[28.857142857142858,28.142857142857142],[29.0,27.833333333333336],[29.166666666666664,28.166666666666664]],[[32.66315789473684,25.33684210526316],[32.483870967741936,25.0],[32.58441558441559,24.584415584415584],[33.0,24.238095238095237],[33.47761194029851,24.52238805970149],[33.266666666666666,25.266666666666666],[32.66315789473684,25.33684210526316]],[[35.84375,17.84375],[36.69565217391305,16.695652173913047],[37.3030303030303,16.303030303030305],[37.21739130434783,16.0],[37.43589743589744,15.0],[37.983193277310924,13.983193277310924],[38.89473684210526,13.894736842105264],[39.0,13.625],[39.13559322033898,15.135593220338983],[38.534591194968556,15.534591194968554],[38.285714285714285,16.285714285714285],[38.0,16.72],[37.65853658536585,16.65853658536585],[37.291666666666664,17.291666666666664],[37.35294117647059,17.64705882352941],[37.19512195121951,18.195121951219512],[36.52459016393443,18.524590163934427],[36.38297872340426,19.0],[36.38461538461538,20.384615384615383],[36.074999999999996,21.075],[35.51162790697674,21.511627906976745],[35.41379310344828,22.413793103448274],[35.0,22.75],[34.733333333333334,22.733333333333334],[34.19417475728155,24.19417475728155],[33.53488372093023,24.46511627906977],[33.333333333333336,24.0],[33.61290322580645,22.61290322580645],[34.0,22.0],[35.0,21.142857142857146],[35.44444444444444,21.444444444444443],[35.57142857142857,21.0],[35.38095238095238,20.61904761904762],[35.43181818181818,20.0],[35.84375,17.84375]],[[-8.148148148148149,52.14814814814815],[-8.333333333333334,52.0],[-8.363636363636363,51.63636363636363],[-8.0,51.66666666666667],[-7.882352941176471,51.88235294117648],[-7.902439024390244,52.09756097560976],[-8.148148148148149,52.14814814814815]],[[19.352941176470587,46.35294117647059],[17.75,46.25],[16.0,45.0],[16.6,44.6],[18.0,44.333333333333336],[19.363636363636363,44.63636363636364],[20.0,45.333333333333336],[20.285714285714285,46.0],[20.266666666666666,46.266666666666666],[19.352941176470587,46.35294117647059]],[[21.0,65.6],[20.6,65.4],[20.25,65.0],[20.6,64.6],[21.0,64.5],[21.75,65.0],[21.461538461538463,65.46153846153847],[21.0,65.6]],[[29.583333333333336,40.416666666666664],[30.125,41.0],[31.0,41.114754098360656],[31.6046511627907,41.395348837209305],[31.87878787878788,42.12121212121212],[32.0,42.18181818181818],[33.0,42.184615384615384],[33.800000000000004,42.0],[33.785714285714285,41.0],[33.83333333333333,40.833333333333336],[34.0,40.800000000000004],[34.56363636363637,41.43636363636364],[37.0,41.31428571428572],[39.0,41.3768115942029],[39.48863636363636,41.51136363636363],[40.18181818181818,42.0],[40.550000000000004,42.45],[41.0,42.529411764705884],[41.25,42.75],[41.13223140495868,43.132231404958674],[40.0,43.04838709677419],[38.68093385214007,43.68093385214007],[38.44670050761422,44.44670050761422],[38.0,44.89795918367347],[36.96,44.959999999999994],[36.86666666666667,45.13333333333334],[36.945945945945944,45.945945945945944],[36.0,46.0],[36.0,47.0],[34.0,47.0],[34.0,46.0],[32.07692307692308,45.92307692307692],[32.0,45.333333333333336],[31.0,45.666666666666664],[30.952380952380953,45.952380952380956],[30.5,46.0],[30.400000000000002,46.400000000000006],[30.0,47.0],[29.0,46.0],[28.0,46.0],[28.0,45.0],[27.4,44.6],[27.0,44.66666666666667],[26.692307692307693,44.30769230769231],[26.71428571428571,44.0],[26.25,43.75],[26.075,42.925],[26.231884057971016,41.231884057971016],[27.0,41.0],[27.53658536585366,40.53658536585366],[28.674418604651166,40.325581395348834],[29.583333333333336,40.416666666666664]],[[30.666666666666668,67.0],[31.0,66.66666666666667],[31.333333333333336,66.66666666666667],[32.0,67.0],[30.866666666666667,67.13333333333334],[30.666666666666668,67.0]],[[35.0,66.2],[34.0,66.625],[33.52380952380952,66.47619047619047],[33.0,66.0],[33.0,65.0],[34.0,64.8],[35.0,65.75],[37.0,65.33333333333333],[37.333333333333336,65.66666666666667],[37.333333333333336,66.0],[37.21052631578947,66.21052631578948],[36.0,66.375],[35.0,66.2]],[[43.5,41.0],[43.25,41.25],[43.0,42.0],[43.0,40.95454545454546],[43.5,41.0]],[[48.0,42.0],[50.0,42.0],[50.0,39.0],[49.0,39.0],[49.0,37.0],[50.0,37.0],[50.0,36.0],[52.0,36.0],[52.0,37.0],[53.0,37.0],[53.0,38.0],[51.0,38.0],[51.0,43.0],[50.0,43.0],[50.0,44.0],[48.0,44.0],[48.0,46.0],[53.0,46.0],[53.0,47.0],[52.0,47.0],[52.0,48.0],[46.0,48.0],[46.0,47.0],[44.0,47.0],[44.0,46.0],[45.0,46.0],[45.0,45.0],[46.0,45.0],[46.0,44.0],[47.0,44.0],[47.0,43.0],[48.0,43.0],[48.0,42.0]],[[53.333333333333336,40.0],[53.0,40.25],[52.0,40.0],[53.0,39.66666666666667],[53.333333333333336,40.0]],[[73.0,74.0],[72.0,74.0],[72.0,73.0],[73.0,73.0],[73.0,74.0]],[[74.5,72.0],[75.0,71.5],[76.0,72.0],[75.0,73.0],[74.6,72.4],[74.5,72.0]],[[80.60000000000001,72.4],[80.5,72.0],[81.0,71.5],[81.28571428571428,71.71428571428571],[81.25,72.25],[81.0,72.5],[80.60000000000001,72.4]],[[93.0,14.0],[92.0,14.0],[92.0,13.0],[92.5,12.5],[93.0,12.333333333333334],[93.4,12.6],[93.66666666666667,13.0],[93.33333333333334,13.333333333333336],[93.0,14.0]],[[28.757575757575758,-16.757575757575758],[28.42857142857143,-17.0],[29.258064516129032,-17.258064516129032],[29.82608695652174,-17.17391304347826],[30.0,-17.4],[30.42857142857143,-17.571428571428573],[30.599999999999998,-18.0],[31.0,-18.22222222222222],[31.5,-18.0],[31.22222222222222,-17.77777777777778],[31.142857142857142,-17.142857142857142],[30.999999999999996,-16.916666666666664],[28.757575757575758,-16.757575757575758]],[[44.266666666666666,27.266666666666666],[44.629629629629626,26.62962962962963],[45.18181818181819,26.181818181818183],[45.57142857142857,25.571428571428573],[46.111111111111114,25.111111111111114],[46.733333333333334,23.733333333333334],[47.266666666666666,23.266666666666666],[48.0,22.333333333333336],[49.0,22.0],[49.400000000000006,21.4],[50.0,21.0],[52.0,21.75],[52.142857142857146,22.142857142857142],[52.0,22.25],[51.0,22.5],[50.69230769230769,22.692307692307693],[50.599999999999994,23.0],[49.400000000000006,23.400000000000002],[49.0,24.4],[48.14285714285714,25.142857142857142],[48.0,25.666666666666664],[47.75,26.0],[47.285714285714285,26.285714285714285],[47.0,27.0],[46.38461538461539,27.384615384615383],[45.54545454545454,28.545454545454543],[45.0,29.0],[44.279069767441854,29.27906976744186],[43.7,30.0],[43.22950819672131,30.229508196721312],[43.0,30.700000000000003],[42.76,30.759999999999998],[42.0,32.0],[40.57142857142857,32.57142857142857],[40.0,33.09090909090909],[38.85714285714286,33.0],[39.44444444444444,32.44444444444444],[39.5,32.0],[39.74193548387097,31.741935483870968],[40.4,31.400000000000002],[40.79310344827586,30.793103448275865],[42.0,29.6],[42.629629629629626,28.62962962962963],[43.230769230769226,28.230769230769234],[43.625,27.625],[44.266666666666666,27.266666666666666]],[[44.77777777777777,41.77777777777778],[45.0,41.5],[44.981651376146786,42.01834862385321],[44.8,42.0],[44.77777777777777,41.77777777777778]],[[46.28571428571429,40.0],[46.21052631578947,40.21052631578947],[45.75,40.25],[45.5,40.0],[46.28571428571429,40.0]],[[43.9,9.899999999999999],[44.10126582278481,9.89873417721519],[44.16326530612245,10.16326530612245],[44.0,10.444444444444443],[43.86206896551724,10.137931034482758],[43.9,9.899999999999999]]],[[[120.72448979591836,23.724489795918366],[120.03571428571429,24.0],[120.0,25.0],[121.0,25.0],[121.36734693877551,24.367346938775512],[121.17880794701986,23.82119205298013],[120.72448979591836,23.724489795918366]]],[[[140.84,45.0],[140.77142857142854,45.22857142857143],[141.0,45.57142857142857],[141.12698412698413,45.12698412698413],[141.36363636363637,45.0],[141.1290322580645,44.87096774193549],[140.84,45.0]]],[[[141.0,48.272727272727266],[141.16666666666669,48.16666666666667],[141.0,47.625],[140.62962962962962,47.37037037037037],[140.25,46.0],[139.94285714285715,45.94285714285714],[139.70588235294116,47.0],[140.0,48.5],[141.0,48.272727272727266]]],[[[179.50437317784258,89.50437317784257],[179.14715719063545,90.0],[180.0,90.0],[180.0,89.12969283276455],[179.50437317784258,89.50437317784257]]]]}}]}