{"type":"FeatureCollection","features":[{"type":"Feature","properties":{"ageMa":150},"geometry":{"type":"MultiPolygon","coordinates":[[[[-26.22222222222222,-70.77777777777777],[-25.0,-71.0],[-25.75,-71.25],[-26.0,-71.5],[-27.0,-71.0],[-26.22222222222222,-70.77777777777777]]],[[[-21.0,-70.75],[-22.470588235294116,-70.47058823529412],[-22.57142857142857,-70.0],[-22.5,-69.5],[-22.0,-69.2],[-21.37037037037037,-69.37037037037037],[-20.0,-69.47826086956522],[-18.82,-69.82000000000001],[-18.64,-70.0],[-18.653846153846153,-70.34615384615384],[-19.0,-70.6],[-20.0,-70.80000000000001],[-21.0,-70.75]]],[[[-2.2142857142857144,-67.21428571428572],[-1.6296296296296298,-67.62962962962963],[-1.375,-68.0],[-2.625,-68.375],[-4.0,-68.47727272727272],[-5.0,-68.09677419354838],[-6.144927536231884,-68.14492753623189],[-8.614457831325302,-67.6144578313253],[-11.0,-67.82608695652173],[-13.0,-67.6],[-13.44776119402985,-67.44776119402985],[-13.909090909090908,-67.0],[-13.586206896551724,-66.41379310344828],[-12.0,-66.15217391304348],[-11.0,-66.44927536231884],[-9.674418604651162,-66.32558139534885],[-9.322580645161292,-66.0],[-9.363636363636363,-65.63636363636364],[-8.833333333333334,-65.16666666666666],[-8.0,-65.06666666666666],[-7.153846153846153,-65.15384615384616],[-6.6521739130434785,-65.34782608695652],[-6.0,-65.0],[-3.0,-65.0],[-3.4705882352941173,-65.52941176470588],[-3.3076923076923075,-67.0],[-2.75,-67.25],[-2.2142857142857144,-67.21428571428572]],[[-6.31578947368421,-65.68421052631578],[-6.0,-66.15],[-5.785714285714286,-66.0],[-5.7,-65.7],[-6.0,-65.0],[-6.31578947368421,-65.68421052631578]]],[[[-1.411764705882353,-65.58823529411765],[-1.35,-66.0],[-1.5272727272727273,-66.47272727272727],[-2.0,-66.8125],[-2.4814814814814814,-66.48148148148148],[-2.619047619047619,-66.0],[-2.5675675675675675,-65.56756756756758],[-3.0,-65.0],[-1.0,-65.0],[-1.411764705882353,-65.58823529411765]]],[[[-23.285714285714285,-63.71428571428571],[-23.0,-63.75],[-22.894736842105264,-64.10526315789474],[-23.25,-64.25],[-24.0,-64.0],[-23.285714285714285,-63.71428571428571]]],[[[-0.5675675675675675,-60.56756756756757],[-0.4666666666666667,-61.0],[-0.709090909090909,-61.29090909090909],[-2.0,-61.4054054054054],[-2.32258064516129,-61.322580645161295],[-2.625,-61.0],[-2.4838709677419355,-60.516129032258064],[-2.0,-60.21052631578948],[-0.5675675675675675,-60.56756756756757]]],[[[-30.272727272727273,-59.0],[-30.375,-59.375],[-29.6,-59.400000000000006],[-29.0,-59.25],[-28.94871794871795,-59.05128205128205],[-28.0,-58.57142857142857],[-26.999999999999996,-59.130434782608695],[-26.0,-58.8125],[-23.0,-59.47826086956522],[-22.0,-59.407407407407405],[-21.50769230769231,-59.50769230769231],[-19.0,-60.41666666666666],[-18.60377358490566,-60.60377358490567],[-18.15841584158416,-61.15841584158416],[-16.645161290322584,-61.645161290322584],[-16.05,-62.99999999999999],[-17.0,-63.86363636363636],[-18.0,-63.416666666666664],[-19.0,-63.904761904761905],[-20.285714285714285,-63.71428571428571],[-20.677419354838708,-64.32258064516128],[-20.83783783783784,-65.16216216216216],[-21.0,-65.33333333333333],[-21.375,-65.0],[-21.416666666666664,-64.0],[-21.303030303030305,-63.696969696969695],[-20.666666666666668,-63.333333333333336],[-20.73913043478261,-63.0],[-21.0,-62.66666666666667],[-21.489795918367346,-62.48979591836734],[-22.0,-61.88235294117647],[-23.57894736842105,-61.57894736842105],[-24.0,-61.111111111111114],[-25.0,-61.875],[-25.153846153846153,-61.84615384615384],[-25.555555555555554,-62.444444444444436],[-26.444444444444443,-62.444444444444436],[-27.0,-62.25],[-27.25,-62.0],[-27.4,-61.400000000000006],[-28.636363636363633,-60.63636363636364],[-29.0,-60.199999999999996],[-30.0,-60.333333333333336],[-30.242424242424242,-60.24242424242424],[-30.583333333333336,-59.583333333333336],[-32.0,-59.64285714285714],[-32.75,-60.25],[-33.25714285714285,-60.25714285714285],[-34.0,-59.44444444444444],[-34.333333333333336,-59.333333333333336],[-34.86363636363637,-58.86363636363637],[-35.333333333333336,-58.0],[-35.66666666666667,-57.66666666666667],[-36.0,-56.5],[-36.2,-56.2],[-36.22222222222222,-56.0],[-36.05555555555556,-55.94444444444444],[-35.91304347826087,-55.0],[-35.57142857142857,-54.42857142857143],[-35.0,-53.94444444444444],[-34.24242424242424,-54.24242424242424],[-34.03636363636364,-55.03636363636364],[-34.0,-56.0],[-33.45454545454545,-56.45454545454545],[-33.0,-57.55555555555556],[-32.6,-58.0],[-30.673469387755105,-58.673469387755105],[-30.272727272727273,-59.0]],[[-26.5,-61.0],[-26.22222222222222,-61.22222222222223],[-25.846153846153847,-61.153846153846146],[-26.0327868852459,-60.967213114754095],[-26.5,-61.0]]],[[[-3.2285714285714286,-55.22857142857143],[-3.428571428571429,-55.0],[-3.3287671232876708,-54.671232876712324],[-3.0,-54.519999999999996],[-2.586206896551724,-54.58620689655173],[-2.3333333333333335,-55.0],[-2.6129032258064515,-55.38709677419355],[-3.2285714285714286,-55.22857142857143]]],[[[-160.37234042553192,-41.0],[-160.0,-40.67289719626168],[-159.70833333333331,-40.70833333333333],[-159.52702702702703,-41.0],[-159.65853658536585,-41.34146341463415],[-160.0,-41.380434782608695],[-160.25454545454545,-41.25454545454545],[-160.37234042553192,-41.0]]],[[[-163.0,-39.23684210526316],[-163.33962264150944,-39.0],[-163.0,-38.75675675675676],[-162.53846153846155,-39.0],[-163.0,-39.23684210526316]]],[[[-51.858823529411765,2.0],[-52.0,1.8378378378378377],[-52.22222222222222,3.2222222222222223],[-52.1063829787234,4.1063829787234045],[-51.91379310344828,4.0],[-51.858823529411765,2.0]]],[[[-29.34375,17.65625],[-29.34375,18.0],[-29.195555555555554,18.195555555555558],[-28.84982935153584,18.15017064846416],[-28.77889447236181,17.77889447236181],[-29.0,17.42105263157895],[-29.34375,17.65625]]],[[[-10.0,26.428571428571427],[-11.03125,27.03125],[-9.733333333333334,27.266666666666666],[-9.36,27.0],[-9.529411764705882,26.529411764705884],[-10.0,26.428571428571427]]],[[[-8.466165413533835,27.533834586466163],[-8.63265306122449,28.0],[-8.397435897435898,28.3974358974359],[-8.0,28.574074074074076],[-7.6125,28.387500000000003],[-7.326086956521739,28.0],[-7.553956834532374,27.55395683453237],[-8.0,27.295454545454547],[-8.466165413533835,27.533834586466163]]],[[[-13.630434782608695,29.0],[-13.0,29.42028985507246],[-12.697916666666668,29.302083333333336],[-12.546875,29.0],[-12.602739726027398,28.6027397260274],[-13.0,28.524590163934427],[-13.349397590361447,28.650602409638555],[-13.630434782608695,29.0]]],[[[-78.0,27.513513513513512],[-78.825,28.174999999999997],[-79.26415094339623,28.264150943396224],[-79.5,28.0],[-79.91566265060241,27.91566265060241],[-80.16666666666667,28.0],[-80.3111111111111,28.31111111111111],[-79.8048780487805,28.804878048780488],[-80.0,29.129032258064516],[-80.61038961038962,28.61038961038961],[-81.625,29.0],[-81.86666666666666,31.866666666666667],[-81.0,32.0],[-80.0,31.958333333333336],[-79.0,31.0],[-78.35294117647058,30.64705882352941],[-77.96774193548387,30.032258064516128],[-77.8,30.0],[-77.0,29.0],[-77.1,28.0],[-77.76774193548388,27.76774193548387],[-78.0,27.513513513513512]]],[[[-85.27586206896552,33.275862068965516],[-85.0,33.57142857142857],[-84.2,33.0],[-84.78947368421052,32.78947368421053],[-85.19047619047619,33.0],[-85.27586206896552,33.275862068965516]]],[[[-18.0,33.75],[-17.964497041420117,32.96449704142012],[-18.75,33.0],[-18.46153846153846,33.46153846153846],[-18.0,33.75]]],[[[-86.81679389312977,41.18320610687023],[-86.58381502890174,40.58381502890173],[-86.65591397849462,40.344086021505376],[-85.98795180722892,40.01204819277108],[-85.64397905759162,38.35602094240838],[-85.3061224489796,38.0],[-85.0,37.285714285714285],[-84.92307692307692,36.07692307692307],[-84.77272727272728,36.0],[-84.74358974358974,35.74358974358974],[-85.13953488372093,35.13953488372093],[-85.6,35.0],[-85.5,34.0],[-85.75999999999999,33.76],[-86.0,33.85],[-86.03703703703704,34.0],[-86.04545454545455,35.0],[-86.65853658536585,36.0],[-87.60377358490567,37.0],[-87.70833333333333,37.291666666666664],[-88.60975609756098,38.0],[-88.68316831683168,38.31683168316832],[-89.14012738853503,38.859872611464965],[-90.78947368421052,39.21052631578948],[-92.0,39.65789473684211],[-93.29268292682929,39.707317073170735],[-93.8974358974359,40.1025641025641],[-94.84210526315789,40.1578947368421],[-95.0,40.333333333333336],[-95.26086956521739,40.26086956521739],[-95.33333333333334,39.333333333333336],[-95.5,39.0],[-97.0,38.90625],[-97.75,39.0],[-98.0,39.666666666666664],[-98.26666666666667,39.733333333333334],[-99.0,39.77777777777778],[-100.0,39.47826086956522],[-101.02631578947368,39.973684210526315],[-103.9,39.9],[-104.45833333333334,40.0],[-103.79439252336448,40.205607476635514],[-101.0,40.02564102564102],[-100.0,40.5],[-99.51020408163265,40.51020408163265],[-98.75,40.75],[-98.5,41.0],[-98.06896551724138,41.06896551724138],[-98.1951219512195,41.80487804878049],[-98.12121212121212,42.0],[-97.10084033613444,42.10084033613445],[-96.33962264150944,42.339622641509436],[-96.02941176470588,43.0],[-92.0,43.382716049382715],[-89.84615384615384,43.0],[-89.0,42.73170731707317],[-88.65317919075144,42.346820809248555],[-87.97902097902099,42.02097902097903],[-87.5593220338983,41.440677966101696],[-86.81679389312977,41.18320610687023]]],[[[10.777777777777779,83.77777777777777],[11.0,83.66666666666667],[11.065573770491804,83.0655737704918],[16.333333333333332,83.0],[16.529411764705884,82.52941176470587],[17.0,82.33333333333334],[18.0,82.3],[19.041666666666664,82.04166666666666],[21.023255813953487,82.0],[21.12,81.12],[23.072727272727274,81.0],[23.04,80.04],[24.0,80.0],[24.0,79.0],[26.25,79.0],[26.714285714285715,78.71428571428571],[27.0,78.72727272727272],[27.285714285714285,78.28571428571428],[28.0,78.0],[29.0,78.0],[29.0,77.0],[27.484848484848484,76.51515151515152],[25.555555555555554,76.44444444444444],[24.857142857142858,76.14285714285714],[24.333333333333336,75.66666666666667],[23.629629629629626,75.37037037037037],[23.28571428571429,75.0],[23.22222222222222,74.22222222222223],[23.25,74.0],[23.6,73.60000000000001],[24.25,73.25],[24.333333333333336,73.0],[24.0,72.33333333333334],[23.31578947368421,71.68421052631578],[22.555555555555557,71.44444444444444],[21.4,69.6],[19.75,69.25],[19.5,69.0],[19.400000000000002,68.60000000000001],[18.77777777777778,68.22222222222223],[18.0,67.0],[16.0,66.33333333333334],[15.000000000000002,66.33333333333334],[14.0,67.0],[12.714285714285714,66.28571428571428],[12.333333333333334,66.33333333333334],[11.837837837837839,66.16216216216216],[11.578947368421053,65.42105263157895],[11.133333333333333,64.86666666666667],[11.0,64.0],[11.428571428571429,63.0],[10.857142857142858,62.0],[10.923076923076923,60.92307692307692],[11.166666666666668,60.0],[10.450000000000001,59.550000000000004],[9.125,59.0],[9.0,58.0],[9.125,56.875],[8.727272727272727,56.272727272727266],[8.222222222222221,56.22222222222223],[7.857142857142858,56.0],[8.0,55.6],[9.0,55.0],[9.333333333333334,55.66666666666667],[10.24390243902439,55.75609756097561],[10.515151515151516,57.484848484848484],[11.0,58.0],[11.400000000000002,57.4],[11.571428571428571,57.0],[11.529411764705884,56.0],[11.272727272727273,54.72727272727273],[10.75,54.0],[9.722222222222221,53.27777777777778],[9.42857142857143,52.57142857142857],[8.793103448275861,52.206896551724135],[7.333333333333333,52.0],[7.0,51.66666666666667],[6.0,51.66666666666667],[4.7142857142857135,51.285714285714285],[4.0,51.25],[3.7333333333333334,51.00000000000001],[3.6363636363636362,50.63636363636363],[3.8,50.2],[3.0,50.0],[2.846153846153846,49.15384615384615],[1.8888888888888888,49.111111111111114],[1.0,48.666666666666664],[0.8888888888888888,48.88888888888889],[0.29411764705882354,48.705882352941174],[0.0,48.78260869565217],[-0.7192982456140351,47.71929824561403],[-1.4859813084112148,47.48598130841122],[-1.7723577235772359,46.77235772357724],[-2.634408602150538,46.634408602150536],[-3.0,46.291666666666664],[-3.318181818181818,46.31818181818181],[-3.35,46.0],[-3.783333333333333,45.78333333333333],[-4.156626506024097,45.8433734939759],[-4.288888888888889,46.288888888888884],[-4.0,46.65],[-3.6818181818181817,46.68181818181818],[-3.708333333333333,47.0],[-3.3617021276595738,47.36170212765957],[-2.5416666666666665,47.541666666666664],[-2.0,47.93333333333333],[-1.7142857142857142,47.71428571428571],[-1.9411764705882353,47.99999999999999],[-1.542372881355932,48.54237288135593],[-1.3577235772357725,49.357723577235774],[-1.0,49.628571428571426],[0.0,49.147058823529406],[0.25,49.25],[0.9166666666666667,49.083333333333336],[0.8125,49.8125],[0.90625,50.0],[0.3333333333333333,51.00000000000001],[0.32558139534883723,51.325581395348834],[0.0,51.4375],[-0.2641509433962264,51.26415094339623],[-0.654320987654321,51.34567901234568],[-1.2222222222222223,51.22222222222223],[-2.4096385542168672,50.40963855421687],[-3.1176470588235294,50.11764705882353],[-3.515151515151515,49.515151515151516],[-4.10752688172043,49.10752688172043],[-4.678571428571428,47.67857142857142],[-5.0,47.470588235294116],[-5.216216216216216,47.0],[-5.660818713450292,46.66081871345029],[-6.484848484848484,46.484848484848484],[-6.975609756097561,46.0],[-6.894736842105263,44.89473684210526],[-7.0,44.0],[-8.0,43.0],[-7.52,42.48],[-7.4,42.0],[-7.666666666666666,41.0],[-7.342857142857143,40.65714285714286],[-7.0,40.45454545454545],[-6.545454545454546,40.45454545454545],[-6.0,40.0],[-6.4,38.6],[-6.0,38.6],[-5.647058823529411,38.35294117647059],[-5.4,38.0],[-5.625,37.625],[-6.0,37.4],[-6.352941176470588,37.64705882352941],[-6.555555555555555,38.44444444444444],[-8.0,38.6],[-9.0,38.2],[-9.76,39.24],[-10.6,40.0],[-9.923076923076923,40.92307692307693],[-9.846153846153847,41.84615384615385],[-9.0,42.0],[-10.0,42.166666666666664],[-10.692307692307693,41.69230769230769],[-11.0,41.714285714285715],[-11.370370370370368,41.37037037037037],[-11.636363636363637,40.63636363636364],[-12.5,40.0],[-12.600000000000001,39.0],[-12.5,38.5],[-12.0,38.400000000000006],[-11.75,38.0],[-11.764705882352942,37.76470588235294],[-12.428571428571429,37.42857142857143],[-12.428571428571427,37.0],[-12.636363636363637,36.63636363636364],[-13.0,36.5],[-15.0,36.5],[-15.333333333333334,36.333333333333336],[-15.714285714285712,35.71428571428571],[-17.0,35.5],[-17.266666666666666,35.733333333333334],[-17.538461538461537,36.46153846153846],[-19.0,36.42857142857142],[-19.3,36.3],[-20.0,35.5],[-21.0,35.333333333333336],[-21.4,35.0],[-21.363636363636363,34.63636363636363],[-21.0,34.0],[-21.0,33.0],[-21.6,33.4],[-23.125,33.125],[-23.5,33.0],[-24.0,32.5],[-24.400000000000002,32.4],[-25.0,32.0],[-25.0,31.0],[-25.925925925925927,30.925925925925927],[-26.0,30.5],[-26.5,30.5],[-27.0,31.0],[-26.96875,27.0],[-29.0,27.0],[-29.666666666666668,26.666666666666668],[-30.0,26.0],[-31.0,26.0],[-32.0,25.0],[-32.0,24.0],[-32.4,23.400000000000002],[-32.5,23.0],[-32.5,20.0],[-32.875,19.875],[-33.0,18.5],[-33.5,18.5],[-34.0,19.0],[-34.0,20.0],[-35.0,21.0],[-35.0,23.0],[-36.0,23.0],[-36.400000000000006,23.6],[-37.0,24.0],[-38.0,24.4],[-38.4,24.400000000000002],[-39.0,24.0],[-40.900000000000006,23.900000000000002],[-41.0,23.666666666666668],[-41.5,23.5],[-42.0,23.0],[-43.0,23.0],[-43.0,24.0],[-46.0,24.0],[-46.6,23.6],[-47.333333333333336,23.333333333333336],[-47.5,23.0],[-48.2,22.799999999999997],[-49.0,23.0],[-51.0,21.0],[-51.6,20.6],[-52.4,20.400000000000002],[-53.0,20.0],[-52.25,19.75],[-51.71428571428571,19.285714285714285],[-51.6,18.6],[-52.0,18.0],[-51.71428571428571,17.285714285714285],[-51.8,17.0],[-51.714285714285715,16.0],[-51.3125,15.6875],[-51.0,14.714285714285715],[-50.6875,14.3125],[-50.035714285714285,13.964285714285714],[-49.0,13.153846153846153],[-48.3,13.3],[-48.0,13.600000000000001],[-47.8,14.200000000000001],[-48.0,14.333333333333334],[-48.15686274509804,14.843137254901961],[-48.0,15.16],[-47.0,15.0],[-46.1,15.1],[-46.0,15.5],[-45.6,15.600000000000001],[-45.0,16.0],[-44.333333333333336,15.666666666666668],[-44.0,15.666666666666668],[-43.66666666666667,16.0],[-43.60000000000001,16.400000000000002],[-44.0,17.0],[-41.0,17.0],[-40.71428571428571,16.285714285714285],[-40.75,16.0],[-41.18181818181818,15.818181818181818],[-41.81818181818182,15.818181818181818],[-41.97142857142857,14.0],[-42.77777777777778,13.777777777777779],[-43.0,12.0],[-43.57575757575758,11.575757575757576],[-44.0,11.0],[-44.25,10.0],[-44.68421052631579,9.68421052631579],[-45.0,9.799999999999999],[-45.146341463414636,10.146341463414634],[-45.108108108108105,10.891891891891891],[-45.6283185840708,10.628318584070797],[-47.16260162601626,10.83739837398374],[-48.0,11.125],[-48.86046511627907,10.86046511627907],[-49.0,10.5],[-49.375,10.625],[-49.42857142857143,11.0],[-51.15,11.15],[-51.26086956521739,10.73913043478261],[-51.0,10.25],[-50.0,10.0],[-51.0,9.0],[-51.0,8.0],[-51.955555555555556,7.955555555555556],[-52.5,7.5],[-52.714285714285715,7.0],[-53.0,6.92],[-54.0,7.0],[-54.14388489208633,8.85611510791367],[-54.47368421052632,9.526315789473685],[-55.0,9.944444444444445],[-55.07272727272728,11.0],[-55.34782608695652,11.652173913043478],[-56.032786885245905,11.967213114754099],[-56.50697674418605,13.493023255813954],[-57.0,14.052631578947368],[-57.19354838709677,15.0],[-57.13333333333333,16.866666666666667],[-58.0,17.0],[-58.34285714285714,17.65714285714286],[-59.0,18.0],[-59.13846153846154,20.138461538461538],[-58.99999999999999,20.818181818181817],[-58.85185185185185,20.85185185185185],[-59.0,22.21428571428571],[-59.1875,22.1875],[-59.22222222222223,21.0],[-59.88524590163935,20.885245901639344],[-60.46666666666667,21.0],[-61.0,21.88888888888889],[-61.073170731707314,22.926829268292682],[-61.87234042553192,22.872340425531913],[-62.03488372093023,22.96511627906977],[-62.032,24.0],[-62.272727272727266,24.727272727272727],[-63.0,25.0],[-62.72549019607844,25.725490196078432],[-62.3,26.0],[-63.0,26.411764705882355],[-63.12658227848101,26.873417721518987],[-63.90909090909091,26.999999999999996],[-63.69230769230769,27.692307692307693],[-63.307692307692314,27.692307692307693],[-62.89473684210526,27.89473684210526],[-62.83333333333333,28.0],[-63.0,28.400000000000002],[-63.173913043478265,28.173913043478258],[-64.0,28.111111111111107],[-65.0,28.454545454545453],[-65.14201183431953,28.857988165680474],[-66.0,29.0],[-66.15625,29.84375],[-67.0,30.0],[-68.05925925925926,29.94074074074074],[-68.0,30.8],[-67.85365853658536,30.853658536585364],[-67.97916666666667,32.020833333333336],[-69.0,32.0],[-68.85714285714286,32.85714285714286],[-69.0,33.25],[-69.28571428571428,33.285714285714285],[-69.33333333333334,33.0],[-69.8840579710145,32.88405797101449],[-70.10457516339869,33.10457516339869],[-70.0,33.66666666666667],[-69.71428571428572,33.714285714285715],[-69.875,34.125],[-69.875,34.875],[-70.0,35.21052631578947],[-70.21052631578948,35.0],[-70.38095238095238,34.38095238095238],[-71.0,34.11764705882353],[-71.28169014084507,35.71830985915493],[-72.04878048780488,36.0],[-72.10628019323671,39.106280193236714],[-72.0,39.733333333333334],[-71.6923076923077,40.0],[-72.0,40.11764705882353],[-72.2390438247012,40.7609561752988],[-72.26548672566372,41.26548672566371],[-72.0,42.0],[-72.375,42.625],[-73.0,43.13636363636364],[-73.28205128205128,44.717948717948715],[-73.7741935483871,44.774193548387096],[-74.10218978102189,45.0],[-74.2919708029197,46.70802919708029],[-75.06169665809769,46.93830334190231],[-75.12413793103448,47.87586206896552],[-75.5,48.0],[-75.61764705882354,51.0],[-76.0,51.92857142857142],[-76.00806451612904,53.0],[-76.35428571428572,54.64571428571429],[-77.0,56.75],[-77.07692307692307,58.92307692307692],[-77.62962962962962,59.37037037037037],[-78.0,59.5],[-78.15957446808511,59.840425531914896],[-78.75,60.0],[-79.0,60.2],[-79.26845637583892,60.73154362416108],[-79.67164179104478,60.67164179104478],[-81.04953560371517,60.95046439628483],[-81.24242424242425,61.24242424242424],[-81.18518518518519,61.81481481481481],[-81.79310344827586,61.793103448275865],[-82.06382978723404,61.93617021276595],[-90.0,62.0],[-91.6896551724138,61.689655172413794],[-92.0,61.0],[-97.66666666666667,61.0],[-97.5,61.5],[-96.75,61.75],[-96.5,62.0],[-96.5,62.5],[-96.0,63.0],[-96.0,64.0],[-100.0,64.0],[-100.0,66.0],[-97.0,66.0],[-97.0,67.0],[-95.0,67.0],[-94.88235294117646,66.11764705882354],[-94.0,66.0625],[-92.125,66.125],[-92.0,67.0],[-91.97297297297298,66.02702702702703],[-89.33333333333334,66.0],[-89.0,65.75],[-88.71428571428571,65.71428571428571],[-88.0,66.0],[-87.0,67.0],[-81.0,67.09565217391304],[-80.25766871165644,67.25766871165644],[-80.0,67.75],[-79.0,68.0],[-70.0,68.0],[-70.0,69.0],[-67.0,69.0],[-66.0,68.0],[-65.4,67.6],[-65.0,67.5],[-63.285714285714285,68.28571428571428],[-62.714285714285715,68.28571428571428],[-62.0,68.0],[-61.0,68.0],[-60.400000000000006,68.4],[-60.0,68.5],[-59.0,68.33333333333333],[-58.8,68.2],[-58.75,68.0],[-58.0,67.66666666666667],[-56.66666666666667,68.0],[-56.400000000000006,68.4],[-56.0,68.66666666666667],[-54.857142857142854,68.85714285714286],[-54.0,70.0],[-53.36363636363637,70.36363636363636],[-52.0,71.0],[-51.0,71.0],[-50.0,72.0],[-50.0,73.0],[-47.0,73.0],[-46.44444444444444,72.55555555555556],[-45.5,72.5],[-45.0,72.0],[-45.0,71.0],[-42.0,71.0],[-42.0,70.0],[-41.0,70.0],[-41.0,69.0],[-40.0,69.0],[-40.0,70.0],[-37.0,70.0],[-37.0,71.0],[-39.0,71.0],[-39.0,73.0],[-37.0,73.0],[-33.4,73.4],[-29.619047619047617,73.38095238095238],[-28.666666666666664,73.0],[-28.400000000000002,72.6],[-28.18181818181818,71.81818181818181],[-27.6,71.60000000000001],[-27.0,72.0],[-27.333333333333336,72.66666666666667],[-27.333333333333336,73.0],[-27.0,73.11111111111111],[-26.666666666666668,73.0],[-26.444444444444443,72.55555555555556],[-24.714285714285715,72.28571428571428],[-24.400000000000002,71.60000000000001],[-23.6,71.4],[-23.0,71.0],[-22.0,71.0],[-21.470588235294116,71.47058823529412],[-21.0,71.5],[-20.666666666666668,71.66666666666667],[-20.16,72.16],[-19.0,72.45454545454545],[-17.904761904761905,72.09523809523809],[-17.0,72.0],[-14.90909090909091,72.0909090909091],[-14.285714285714285,71.71428571428571],[-12.000000000000002,71.8],[-11.5,71.5],[-11.181818181818182,70.81818181818181],[-10.0,70.625],[-9.675675675675675,70.67567567567568],[-9.0,71.0],[-5.555555555555555,71.55555555555554],[-4.781818181818181,71.78181818181818],[-4.586206896551724,72.41379310344828],[-4.6923076923076925,72.69230769230771],[-4.333333333333334,73.0],[-3.75,74.75],[-3.25,74.75],[-2.9000000000000004,74.89999999999999],[-2.714285714285714,75.28571428571428],[-2.714285714285714,75.71428571428571],[-2.2857142857142856,75.71428571428571],[-1.9,75.9],[-1.75,76.25],[-1.75,76.75],[-1.3333333333333333,77.33333333333334],[-1.0,77.5],[0.0,77.5],[1.2222222222222223,77.77777777777777],[1.5,78.0],[1.6,78.4],[2.0,79.0],[1.0869565217391304,79.08695652173913],[0.0,79.5],[-1.2222222222222223,79.77777777777777],[-1.5,80.0],[-1.5,80.5],[-1.0,81.0],[-2.0,81.0],[-2.1538461538461537,80.15384615384616],[-2.764705882352941,80.23529411764706],[-4.0,80.0],[-5.0,80.66666666666667],[-6.0,81.0],[-9.0,81.0],[-10.0,82.0],[-11.0,81.0],[-12.0,82.0],[-14.0,82.0],[-14.0,83.0],[-17.0,83.0],[-17.0,82.0],[-18.0,82.0],[-19.0,82.5],[-19.5,82.5],[-20.0,83.0],[-20.0,82.0],[-22.0,82.0],[-22.6,81.60000000000001],[-23.0,81.5],[-23.71428571428571,82.28571428571428],[-24.285714285714285,82.28571428571428],[-25.0,82.0],[-26.0,82.0],[-26.0,83.0],[-27.0,83.0],[-27.0,84.0],[-26.086956521739133,84.08695652173914],[-26.0,85.0],[-25.18181818181818,84.81818181818181],[-25.0,84.66666666666667],[-24.0,85.0],[-22.0,85.00806451612902],[-13.0,85.0],[-12.0,84.5],[-11.666666666666668,84.66666666666667],[-11.666666666666666,85.0],[-11.0,85.016],[-10.333333333333334,85.0],[-10.25,84.75],[-9.714285714285714,84.71428571428571],[-9.0,85.0],[-8.0,84.0],[-3.90625,84.0],[-3.8125,83.1875],[-2.0,83.0],[8.911764705882353,83.08823529411764],[9.030075187969924,84.03007518796993],[10.0,84.0],[10.777777777777779,83.77777777777777]],[[-13.285714285714285,38.285714285714285],[-13.5,38.0],[-12.666666666666668,37.66666666666667],[-12.5,38.5],[-13.285714285714285,38.285714285714285]],[[-17.285714285714285,71.28571428571428],[-17.2,70.80000000000001],[-17.0,70.5],[-16.666666666666668,71.0],[-16.666666666666668,71.33333333333334],[-17.0,72.0],[-17.285714285714285,71.28571428571428]],[[-23.333333333333336,84.0],[-23.0,83.0],[-22.75,83.75],[-22.75,84.25],[-23.0,85.0],[-23.400000000000002,84.4],[-23.333333333333336,84.0]],[[11.400000000000002,75.4],[12.0,75.0],[12.0,74.0],[11.0,74.0],[11.0,73.0],[10.0,73.0],[9.5,72.5],[8.600000000000001,72.4],[8.0,72.0],[8.0,71.0],[9.0,71.0],[10.0,72.0],[10.600000000000001,71.60000000000001],[11.0,71.5],[11.400000000000002,71.60000000000001],[12.0,72.0],[12.0,73.0],[14.0,73.0],[14.600000000000001,72.6],[16.0,72.66666666666667],[16.125,72.875],[16.5,73.0],[16.666666666666668,73.33333333333334],[17.333333333333336,73.66666666666667],[17.5,74.0],[17.5,74.5],[18.0,75.0],[19.0,75.0],[19.0,74.0],[19.6,73.60000000000001],[20.0,73.5],[21.0,74.0],[21.0,76.0],[19.5,76.5],[19.333333333333336,77.0],[19.400000000000002,77.4],[19.0,78.0],[18.6,77.4],[18.400000000000002,76.60000000000001],[16.5,76.5],[16.0,77.0],[16.0,78.0],[14.0,78.0],[13.600000000000001,77.4],[13.0,77.25],[12.666666666666668,77.33333333333334],[12.0,77.0],[12.0,78.0],[11.0,78.0],[10.0,79.0],[9.0,78.0],[7.0,78.0],[6.5,78.5],[6.5,79.0],[5.363636363636363,79.36363636363636],[5.0,79.66666666666666],[4.733333333333333,79.26666666666667],[3.0,79.0],[3.5,78.5],[5.0,78.0],[5.0,77.0],[5.7142857142857135,76.71428571428572],[7.0,76.5],[7.4,76.60000000000001],[8.0,77.0],[10.0,77.0],[10.0,76.0],[10.600000000000001,75.60000000000001],[11.400000000000002,75.4]],[[7.285714285714286,70.71428571428571],[6.857142857142857,70.85714285714286],[6.0,70.875],[5.666666666666667,70.66666666666667],[5.4,71.4],[5.0,71.5],[4.0,71.5],[3.0,71.0],[3.8666666666666667,70.86666666666667],[4.0,70.75],[5.0,70.83333333333334],[5.454545454545455,70.45454545454545],[5.416666666666667,70.0],[5.735849056603773,69.73584905660377],[6.378378378378379,69.62162162162163],[7.333333333333334,69.66666666666667],[7.833333333333334,70.0],[7.7142857142857135,70.28571428571428],[8.0,71.0],[7.285714285714286,70.71428571428571]],[[-61.0,24.875],[-60.89473684210526,24.894736842105264],[-61.00000000000001,25.2],[-61.0,24.875]],[[-60.25,23.0],[-59.916666666666664,22.916666666666668],[-60.0,24.0],[-60.25,23.0]],[[-57.72727272727272,18.727272727272727],[-57.76923076923077,19.0],[-57.909090909090914,19.09090909090909],[-57.96551724137931,19.96551724137931],[-58.086956521739125,20.08695652173913],[-58.315789473684205,19.315789473684212],[-58.6,19.0],[-58.35294117647058,18.64705882352941],[-57.72727272727272,18.727272727272727]],[[-57.0,17.625],[-56.91176470588235,18.0],[-56.99999999999999,18.23076923076923],[-57.272727272727266,18.272727272727273],[-57.3,17.7],[-57.0,17.625]],[[-25.5,59.0],[-26.1,59.1],[-26.25,59.0],[-26.285714285714285,57.71428571428571],[-26.0,57.5],[-25.5,57.5],[-25.5,59.0]],[[-25.5,57.0],[-25.66666666666667,56.66666666666667],[-26.0,56.66666666666667],[-26.444444444444443,56.44444444444444],[-26.5,56.0],[-26.285714285714285,55.71428571428571],[-25.692307692307693,55.69230769230769],[-24.333333333333336,56.333333333333336],[-24.0,56.33333333333333],[-23.6,56.6],[-23.5,57.0],[-23.692307692307693,57.30769230769231],[-25.0,57.5],[-25.5,57.5],[-25.5,57.0]],[[-21.235294117647058,64.76470588235294],[-21.0,64.63636363636363],[-20.6,65.0],[-20.666666666666668,65.33333333333334],[-21.0,65.5],[-21.22222222222222,65.22222222222223],[-21.235294117647058,64.76470588235294]],[[-17.4,68.60000000000001],[-17.0,68.25],[-16.0,68.44444444444444],[-15.166666666666668,68.83333333333334],[-14.9375,69.0625],[-16.0,69.71428571428571],[-16.77777777777778,69.77777777777777],[-17.0,69.75],[-17.375,69.375],[-17.5,69.0],[-17.4,68.60000000000001]],[[-12.266666666666667,67.0],[-12.235294117647058,66.76470588235294],[-11.0,66.63157894736841],[-10.095238095238095,66.90476190476191],[-9.0,66.78571428571428],[-8.25,67.0],[-8.777777777777779,67.22222222222223],[-10.035714285714286,67.03571428571428],[-10.825,67.17500000000001],[-12.0,67.13793103448275],[-12.266666666666667,67.0]],[[-6.232558139534884,68.23255813953489],[-8.0,68.04166666666667],[-8.105263157894736,67.89473684210526],[-8.0,67.5],[-7.0,67.5],[-6.0,67.16666666666667],[-5.352941176470588,66.6470588235294],[-5.0,66.625],[-4.796610169491526,66.79661016949153],[-4.565217391304348,67.56521739130434],[-4.230769230769231,68.0],[-4.782608695652174,68.21739130434783],[-6.232558139534884,68.23255813953489]],[[-0.34782608695652173,69.34782608695653],[-1.0,69.0],[-0.6666666666666667,68.33333333333334],[-0.45454545454545453,68.45454545454545],[0.0,68.38461538461539],[0.7142857142857143,68.0],[1.0,67.33333333333333],[1.2222222222222223,68.0],[2.0,68.53846153846155],[4.0,68.78571428571429],[4.193548387096774,69.19354838709677],[4.0,69.5],[2.741935483870968,69.25806451612902],[0.5918367346938775,69.40816326530613],[-0.34782608695652173,69.34782608695653]],[[-22.5,56.0],[-22.153846153846153,55.84615384615384],[-22.0,55.0],[-21.666666666666668,55.66666666666667],[-21.0,56.0],[-22.166666666666668,56.166666666666664],[-22.5,56.0]],[[-13.363636363636363,61.63636363636363],[-13.3,61.0],[-13.0,60.5],[-12.0,59.94736842105264],[-11.0,59.0],[-10.0,58.41666666666667],[-9.655172413793103,58.3448275862069],[-9.545454545454547,58.0],[-9.615384615384615,57.61538461538461],[-11.070175438596491,57.07017543859649],[-11.581395348837209,56.581395348837205],[-12.0,56.400000000000006],[-12.409090909090908,56.59090909090909],[-12.40909090909091,57.0],[-12.707865168539325,57.29213483146067],[-13.0,57.43333333333333],[-13.419354838709676,57.41935483870968],[-13.68421052631579,57.0],[-13.0,56.133333333333326],[-12.75,56.25],[-12.75,55.75],[-13.333333333333336,54.333333333333336],[-13.666666666666666,54.0],[-15.378378378378379,53.378378378378386],[-15.7,53.0],[-15.0,51.75],[-14.833333333333332,52.0],[-14.3125,52.3125],[-14.0,52.35714285714286],[-13.333333333333336,51.66666666666667],[-12.65,51.349999999999994],[-12.17142857142857,50.82857142857142],[-11.75,50.75],[-11.0,51.0],[-10.545454545454545,51.54545454545455],[-9.882352941176471,51.88235294117648],[-9.891891891891891,52.10810810810811],[-10.32,52.68],[-10.4,53.0],[-9.686274509803923,53.68627450980392],[-9.42857142857143,54.42857142857143],[-9.0,54.9],[-8.0,54.625],[-7.5,55.0],[-7.684210526315789,55.31578947368421],[-9.0,55.1],[-9.42857142857143,55.57142857142858],[-9.529411764705882,56.0],[-9.450000000000001,56.45],[-9.142857142857142,57.0],[-9.2,57.199999999999996],[-9.0,57.14285714285714],[-8.727272727272727,57.72727272727272],[-8.9375,59.0],[-8.777777777777779,60.0],[-8.72972972972973,62.270270270270274],[-9.166666666666666,63.0],[-9.67741935483871,63.322580645161295],[-12.58974358974359,63.41025641025641],[-13.352941176470589,63.647058823529406],[-13.5,64.0],[-13.367346938775508,64.36734693877551],[-12.399999999999999,65.0],[-12.636363636363637,65.36363636363637],[-12.8,66.2],[-15.070175438596491,66.0701754385965],[-15.464285714285715,65.46428571428572],[-16.06779661016949,65.0677966101695],[-17.0,64.0],[-15.615384615384613,63.38461538461538],[-15.215384615384615,62.78461538461538],[-14.466666666666667,62.53333333333334],[-14.0,62.125],[-13.666666666666666,62.0],[-13.363636363636363,61.63636363636363]],[[0.9,52.00000000000001],[0.8947368421052632,51.89473684210526],[1.0833333333333333,52.0],[0.9,52.00000000000001]],[[2.914285714285714,52.91428571428571],[3.3,52.99999999999999],[3.0,53.230769230769226],[2.914285714285714,52.91428571428571]],[[-38.0,54.0],[-36.66666666666667,53.333333333333336],[-36.5,53.0],[-36.5,52.5],[-37.0,52.0],[-36.0,52.0],[-35.6,52.6],[-35.0,53.0],[-31.0,53.0],[-29.6,53.60000000000001],[-29.0,54.0],[-28.0,55.0],[-28.0,56.0],[-28.636363636363633,56.36363636363637],[-30.0,56.25],[-30.42857142857143,56.57142857142857],[-30.799999999999997,57.199999999999996],[-31.529411764705884,57.470588235294116],[-33.0,57.66666666666667],[-33.333333333333336,57.333333333333336],[-33.6,56.6],[-35.0,56.333333333333336],[-36.0,56.5],[-36.285714285714285,56.285714285714285],[-36.66666666666667,55.66666666666667],[-37.285714285714285,55.28571428571428],[-37.5,55.0],[-37.6,54.6],[-38.0,54.0]],[[-17.210526315789473,37.21052631578947],[-17.444444444444443,36.55555555555556],[-17.0,36.5],[-16.666666666666668,36.66666666666667],[-16.5,37.0],[-16.733333333333334,37.266666666666666],[-17.0,37.4],[-17.210526315789473,37.21052631578947]]],[[[-33.0,56.0],[-32.0,55.0],[-32.6,54.6],[-34.0,54.5],[-34.333333333333336,54.66666666666667],[-34.5,55.0],[-34.285714285714285,55.28571428571428],[-33.5,55.5],[-33.0,56.0]]],[[[-109.2,63.0],[-109.28571428571428,63.285714285714285],[-109.0,64.0],[-108.5,63.5],[-108.5,63.0],[-108.81818181818181,62.81818181818182],[-109.2,63.0]]],[[[-104.0,67.33333333333334],[-104.4,67.6],[-104.66666666666669,68.0],[-104.4,68.4],[-104.0,68.66666666666667],[-103.55555555555556,68.44444444444444],[-103.33333333333334,68.0],[-103.55555555555556,67.55555555555556],[-104.0,67.33333333333334]]],[[[-152.88235294117646,79.11764705882354],[-151.0,79.0],[-149.7835051546392,78.21649484536083],[-146.032,78.03200000000001],[-141.71428571428572,78.0],[-141.73333333333335,77.73333333333333],[-142.23529411764707,77.23529411764706],[-143.0,77.0],[-142.22222222222223,76.77777777777777],[-136.81132075471697,76.81132075471697],[-135.33333333333334,77.0],[-135.0,77.33333333333333],[-134.7142857142857,77.28571428571428],[-134.5,77.0],[-133.8181818181818,76.81818181818181],[-133.0,77.0],[-133.0,78.0],[-132.0,78.02380952380952],[-130.0,78.0],[-130.0,77.0],[-129.0,77.0],[-129.0,78.0],[-121.0,78.0],[-121.0,77.0],[-119.0909090909091,76.9090909090909],[-118.92857142857143,76.92857142857143],[-118.8,77.19999999999999],[-119.0,78.0],[-116.0,78.0],[-115.78378378378379,77.21621621621622],[-115.0,77.0],[-106.0,77.0],[-105.0,76.75],[-104.0,77.0],[-102.0,77.0],[-101.42857142857143,76.57142857142857],[-101.0,76.5],[-100.93478260869566,76.06521739130434],[-98.0,76.0],[-97.65853658536585,75.34146341463415],[-97.36734693877551,75.36734693877551],[-96.89714285714285,75.10285714285715],[-96.0,75.0],[-96.0,74.0],[-98.0,74.0],[-98.4,73.4],[-100.33333333333334,73.33333333333334],[-101.0,73.0],[-101.5,73.5],[-102.0,73.66666666666666],[-103.0,73.0],[-103.66666666666669,72.66666666666667],[-104.0,72.66666666666667],[-104.33333333333334,72.33333333333334],[-105.0,72.14285714285715],[-107.0,72.0],[-108.4,72.4],[-109.0,72.0],[-109.0,73.0],[-109.66666666666669,72.66666666666667],[-110.18181818181819,72.81818181818181],[-110.16666666666667,73.0],[-110.71428571428571,73.28571428571428],[-112.0,73.53333333333333],[-113.0,73.33333333333334],[-113.24742268041237,73.75257731958763],[-113.71681415929203,73.71681415929203],[-114.1576354679803,73.8423645320197],[-119.06545454545454,73.93454545454546],[-120.1142857142857,74.11428571428571],[-120.96923076923076,73.96923076923078],[-122.55555555555557,74.0],[-123.0,74.28571428571429],[-123.28985507246378,74.71014492753623],[-125.33333333333334,75.0],[-126.0,75.375],[-128.0,75.47058823529412],[-129.0,75.85714285714286],[-130.0,75.21428571428572],[-131.0,75.0],[-136.0,75.0],[-137.0,75.25925925925925],[-138.1904761904762,75.19047619047619],[-139.73913043478262,74.73913043478261],[-140.1904761904762,74.19047619047619],[-140.2,74.0],[-140.8993710691824,73.8993710691824],[-142.0,73.0],[-144.0,73.66666666666666],[-144.42857142857144,73.57142857142858],[-144.8,73.8],[-144.71428571428572,73.28571428571428],[-144.94520547945206,72.94520547945206],[-145.0,72.5],[-145.21052631578948,72.78947368421052],[-145.64102564102564,72.64102564102564],[-146.0,72.72],[-148.0,72.0],[-149.0,72.0],[-150.20833333333331,72.20833333333333],[-151.92170818505338,71.92170818505338],[-156.09929078014184,71.90070921985816],[-157.85714285714286,72.0],[-158.00000000000003,72.16666666666667],[-158.11764705882354,72.88235294117646],[-159.75,73.0],[-159.89473684210526,73.10526315789474],[-162.27272727272728,73.0],[-163.0,73.28571428571429],[-163.25641025641025,73.74358974358974],[-165.0,73.87857142857143],[-165.26153846153846,74.26153846153846],[-165.2987012987013,74.7012987012987],[-165.73134328358208,74.73134328358209],[-166.28125,75.0],[-166.40000000000003,75.60000000000001],[-167.08695652173913,75.91304347826087],[-170.0,76.0],[-170.0,77.0],[-171.0,77.0],[-171.0,79.0],[-169.0,79.0],[-169.0,80.0],[-165.0,80.0],[-165.0,81.0],[-158.0,81.0],[-157.85185185185185,80.14814814814815],[-157.33898305084745,80.33898305084746],[-156.88571428571427,80.11428571428571],[-156.0,80.0],[-154.0,80.0],[-153.34482758620692,79.65517241379311],[-153.0,79.64285714285714],[-152.88235294117646,79.11764705882354]],[[-143.9090909090909,77.0909090909091],[-144.14285714285717,77.0],[-144.0,76.75],[-143.0,77.0],[-143.9090909090909,77.0909090909091]],[[-132.1818181818182,76.81818181818181],[-131.5,77.0],[-132.33333333333334,77.33333333333334],[-133.0,77.0],[-132.1818181818182,76.81818181818181]]],[[[-55.45962732919254,78.45962732919254],[-55.0,79.0],[-53.68586387434555,79.31413612565444],[-53.27672955974843,79.27672955974843],[-53.0,80.0],[-49.032786885245905,80.03278688524591],[-49.0,81.0],[-37.0,81.0],[-37.166666666666664,80.16666666666666],[-37.0,79.5],[-36.0,79.0],[-38.6,77.6],[-40.0,77.0],[-41.0,77.0],[-42.0,76.75],[-43.0,76.66666666666666],[-44.0,76.75],[-45.0,76.66666666666666],[-45.4,76.4],[-45.666666666666664,76.0],[-45.66666666666667,75.66666666666667],[-46.0,75.0],[-46.2,75.80000000000001],[-47.0,76.0],[-48.0,76.0],[-49.6,75.60000000000001],[-50.22222222222222,75.22222222222223],[-51.0,75.0],[-51.0,74.0],[-52.0,74.0],[-52.33333333333334,74.66666666666667],[-52.6,74.6],[-53.0,74.71428571428571],[-55.2,74.0],[-56.214285714285715,73.21428571428572],[-56.7,73.30000000000001],[-57.0,73.22222222222223],[-57.35294117647058,73.0],[-57.5,72.5],[-58.12121212121212,72.12121212121212],[-59.0,72.0],[-65.0,72.0],[-65.0,74.0],[-66.0,74.0],[-66.00542005420054,75.00542005420054],[-65.0,75.0],[-65.0,76.0],[-62.0,76.0],[-62.0,77.0],[-60.0,77.0],[-59.13793103448276,77.13793103448276],[-59.0,78.0],[-58.0,78.0],[-56.0,78.25490196078431],[-55.45962732919254,78.45962732919254]]],[[[-29.015748031496063,83.01574803149606],[-29.0,83.5],[-28.6,83.4],[-28.400000000000002,82.6],[-27.5,82.5],[-27.0,82.0],[-27.6,81.60000000000001],[-28.0,81.5],[-28.400000000000002,81.60000000000001],[-29.0,82.0],[-30.0,83.0],[-29.015748031496063,83.01574803149606]]],[[[-179.31906614785993,90.0],[-179.5460440985733,89.54604409857329],[-180.0,89.31906614785993],[-180.0,90.0],[-179.31906614785993,90.0]]],[[[27.666666666666664,-77.0],[29.0,-76.9090909090909],[30.0,-76.64285714285714],[31.0,-77.0],[30.5,-77.5],[30.0,-77.625],[29.0,-77.2],[28.0,-77.2],[27.666666666666664,-77.0]]],[[[48.25,-59.0],[48.19047619047619,-59.19047619047619],[48.0,-59.2],[47.66666666666667,-59.0],[47.733333333333334,-58.733333333333334],[48.25,-59.0]]],[[[47.38709677419355,-58.387096774193544],[46.0,-59.0],[45.84,-58.0],[46.275862068965516,-57.724137931034484],[46.67567567567568,-57.67567567567568],[47.0,-57.0],[47.44444444444444,-57.55555555555555],[47.38709677419355,-58.387096774193544]]],[[[48.114285714285714,-56.885714285714286],[48.22222222222222,-57.0],[47.63636363636364,-57.36363636363637],[47.0,-57.0],[48.114285714285714,-56.885714285714286]]],[[[2.8000000000000003,-53.00000000000001],[2.4210526315789473,-53.421052631578945],[1.0,-53.45454545454545],[0.6774193548387097,-52.677419354838705],[1.0,-52.5],[2.0,-52.599999999999994],[2.8000000000000003,-53.00000000000001]]],[[[14.761904761904763,-42.23809523809524],[15.0,-41.827586206896555],[15.192307692307693,-41.80769230769231],[15.416666666666666,-42.0],[15.434782608695652,-42.434782608695656],[15.0,-42.55555555555556],[14.761904761904763,-42.23809523809524]]],[[[18.5,-40.0],[17.17142857142857,-40.17142857142857],[17.0,-40.42857142857143],[16.884615384615387,-40.11538461538461],[17.0,-39.85714285714286],[17.90909090909091,-39.90909090909091],[18.333333333333336,-39.66666666666667],[18.5,-40.0]]],[[[-28.0,-82.0],[-27.0,-82.0],[-26.6,-81.4],[-25.77777777777778,-81.22222222222223],[-25.5,-81.0],[-26.0,-80.5],[-26.400000000000002,-80.4],[-27.0,-80.0],[-26.0,-79.0],[-26.0,-78.0],[-26.75,-77.75],[-27.0,-77.5],[-28.25,-77.25],[-28.5,-77.0],[-28.333333333333336,-76.66666666666667],[-28.333333333333332,-76.0],[-28.153846153846153,-75.84615384615384],[-27.315789473684212,-75.68421052631578],[-27.347826086956523,-75.34782608695653],[-27.123076923076923,-74.87692307692308],[-26.244897959183675,-74.75510204081633],[-26.0,-73.66666666666666],[-25.666666666666668,-73.0],[-25.333333333333336,-72.66666666666667],[-25.0,-72.66666666666667],[-24.56756756756757,-72.43243243243244],[-23.0,-70.6],[-22.555555555555557,-70.55555555555556],[-22.666666666666664,-71.0],[-22.444444444444443,-71.44444444444444],[-22.0,-71.8],[-21.0,-71.375],[-20.0,-71.375],[-18.0,-71.75],[-17.46153846153846,-72.46153846153845],[-17.0,-72.75],[-15.285714285714285,-73.28571428571428],[-15.0,-73.5],[-14.833333333333334,-73.83333333333333],[-14.0,-74.0],[-13.0,-74.0],[-12.0,-73.4],[-11.0,-73.55555555555556],[-10.285714285714286,-73.0],[-9.0,-72.81818181818181],[-8.75,-73.0],[-8.600000000000001,-73.60000000000001],[-8.0,-74.4],[-7.0,-74.5],[-6.6000000000000005,-74.0],[-6.157894736842105,-73.84210526315789],[-4.758620689655173,-73.75862068965517],[-3.0869565217391304,-74.08695652173913],[1.5555555555555554,-74.44444444444443],[4.828571428571428,-75.17142857142858],[10.0,-76.0],[11.0,-76.29411764705881],[13.0,-76.52631578947368],[18.0,-76.66666666666666],[19.11764705882353,-76.88235294117646],[19.5,-77.0],[19.5,-78.5],[19.0,-79.0],[20.0,-79.0],[20.6,-78.60000000000001],[21.0,-78.5],[21.333333333333336,-78.66666666666667],[22.0,-78.75],[24.25,-78.75],[26.0,-79.25],[30.000000000000004,-78.33333333333334],[34.0,-78.0],[35.0,-78.10000000000001],[36.0,-77.875],[37.0,-78.1111111111111],[38.0,-78.125],[39.6,-79.0],[40.0,-79.4],[42.0,-79.66666666666666],[43.400000000000006,-79.4],[44.78947368421053,-78.78947368421052],[48.0,-78.5],[50.0,-78.125],[54.0,-78.0],[56.0,-78.375],[56.26086956521739,-78.26086956521739],[56.0,-77.0],[55.0,-77.5],[54.63636363636364,-77.36363636363637],[54.6,-77.0],[54.272727272727266,-76.72727272727272],[52.7037037037037,-76.29629629629629],[52.4,-75.60000000000001],[52.0,-75.33333333333334],[51.8,-75.0],[52.13636363636364,-74.13636363636364],[52.082191780821915,-73.91780821917808],[51.0,-73.8780487804878],[50.5,-73.5],[50.19736842105263,-72.80263157894737],[50.0,-72.6590909090909],[47.78666666666667,-72.21333333333334],[47.141414141414145,-71.85858585858585],[46.30985915492958,-71.69014084507043],[44.0,-70.69999999999999],[43.78571428571429,-70.78571428571428],[42.0,-70.61538461538461],[40.30952380952381,-70.69047619047619],[39.0,-70.52631578947368],[38.0,-70.6842105263158],[37.57142857142857,-71.0],[37.34782608695652,-71.34782608695653],[37.0,-71.5],[36.670103092783506,-71.3298969072165],[36.0,-70.5],[35.0,-70.28571428571428],[34.40449438202247,-69.59550561797752],[33.421052631578945,-69.0],[32.33707865168539,-68.6629213483146],[32.0,-68.4],[31.620253164556964,-68.62025316455697],[31.0,-68.70689655172413],[29.535353535353536,-68.46464646464646],[29.0,-68.26086956521739],[28.000000000000004,-68.61538461538463],[27.0,-68.58333333333333],[26.0,-68.41176470588235],[24.611940298507463,-68.38805970149254],[22.16,-67.84],[21.080808080808083,-67.91919191919192],[20.185185185185187,-67.81481481481481],[18.884892086330936,-67.88489208633094],[18.272727272727273,-68.0],[18.0,-68.1764705882353],[16.92,-68.08],[16.0,-68.27272727272727],[14.0,-67.70491803278688],[12.0,-67.5],[9.0,-67.65789473684211],[8.0,-67.31578947368422],[7.6,-67.4],[7.285714285714286,-67.28571428571428],[7.0,-67.66666666666667],[6.6000000000000005,-67.6],[6.0,-68.0],[5.0,-68.0],[2.0,-68.6875],[1.0,-68.2962962962963],[0.0,-68.29166666666667],[-0.7,-68.0],[-0.6,-67.0],[-0.3157894736842105,-66.68421052631578],[0.36,-66.64],[1.0,-66.8],[1.372093023255814,-66.37209302325581],[1.150943396226415,-65.84905660377359],[0.5051546391752577,-65.49484536082474],[0.0,-65.0],[0.5102040816326531,-64.51020408163265],[1.2954545454545454,-64.29545454545455],[2.242424242424242,-64.24242424242425],[2.8571428571428568,-64.0],[2.3478260869565215,-63.65217391304348],[1.5942028985507246,-63.40579710144928],[1.125,-63.0],[1.1904761904761905,-62.80952380952381],[0.7419354838709677,-62.25806451612903],[0.7142857142857143,-62.0],[1.0,-61.599999999999994],[1.2758620689655173,-61.72413793103448],[1.76,-62.24],[2.8,-62.199999999999996],[4.153846153846153,-61.84615384615384],[5.0,-62.0],[6.0,-61.400000000000006],[6.285714285714285,-61.71428571428571],[6.230769230769231,-62.0],[7.0,-62.476190476190474],[9.0,-62.5],[11.0,-63.09090909090909],[11.200000000000001,-63.00000000000001],[11.529411764705882,-62.52941176470588],[12.0,-62.42857142857142],[12.206896551724139,-62.20689655172414],[12.222222222222221,-61.77777777777777],[12.0,-61.57142857142857],[11.0,-61.75],[10.571428571428571,-61.42857142857143],[10.0,-61.25],[9.0,-61.33333333333333],[7.0,-61.0],[4.826086956521739,-60.173913043478265],[3.0,-60.19047619047619],[2.0,-60.6],[1.0,-60.625],[-0.5932203389830508,-59.59322033898306],[-1.4363636363636363,-59.56363636363636],[-2.0,-59.69230769230769],[-2.3333333333333335,-59.333333333333336],[-2.342857142857143,-58.34285714285714],[-2.4615384615384617,-58.0],[-2.5,-57.0],[-2.25,-56.0],[-2.3703703703703702,-55.629629629629626],[-1.707317073170732,-55.29268292682927],[-1.4000000000000001,-55.400000000000006],[-0.6263736263736264,-55.37362637362638],[0.0,-55.0],[0.8,-55.2],[0.6666666666666667,-55.66666666666667],[0.7931034482758621,-56.20689655172414],[1.0,-56.599999999999994],[1.3333333333333333,-56.66666666666667],[1.6666666666666667,-57.00000000000001],[1.25,-58.0],[2.0,-58.5],[3.2857142857142856,-58.28571428571428],[4.0,-57.66666666666667],[7.0,-57.0],[8.0,-56.333333333333336],[8.5,-56.5],[9.0,-57.0],[9.25,-57.75],[9.181818181818182,-58.0],[9.5,-58.5],[10.0,-58.75],[10.486486486486488,-58.486486486486484],[10.586206896551724,-57.58620689655172],[11.0,-57.142857142857146],[11.777777777777779,-57.22222222222222],[12.0,-57.5],[12.086956521739129,-57.08695652173913],[12.0,-56.66666666666667],[11.692307692307693,-56.307692307692314],[11.714285714285714,-56.0],[11.363636363636363,-55.0],[11.166666666666668,-54.83333333333333],[10.000000000000002,-54.866666666666674],[9.448275862068966,-54.55172413793104],[8.133333333333333,-54.13333333333333],[7.0,-54.25],[6.0,-54.0],[5.6000000000000005,-53.400000000000006],[5.5,-53.0],[5.764705882352942,-52.76470588235294],[5.800000000000001,-52.0],[5.4799999999999995,-51.519999999999996],[5.0,-51.25],[1.7837837837837838,-50.21621621621622],[1.2222222222222223,-49.77777777777778],[1.0,-49.75],[0.2777777777777778,-50.27777777777778],[-0.4827586206896552,-50.51724137931035],[-1.0,-51.0],[0.3,-51.7],[0.5454545454545454,-52.0],[0.34285714285714286,-52.34285714285714],[0.0,-52.26086956521739],[-2.76,-53.24],[-3.0,-53.1875],[-4.0,-53.66666666666667],[-4.32,-53.68],[-5.307692307692308,-54.30769230769231],[-5.647058823529411,-54.35294117647059],[-5.647058823529411,-54.647058823529406],[-6.0,-55.300000000000004],[-6.333333333333334,-55.0],[-6.3,-54.0],[-5.588235294117647,-53.41176470588235],[-5.340425531914894,-52.659574468085104],[-4.0,-52.2],[-3.296296296296296,-52.29629629629629],[-3.0,-52.57142857142857],[-2.741935483870968,-52.25806451612904],[-2.7857142857142856,-51.0],[-2.967741935483871,-50.0],[-2.701492537313433,-49.298507462686565],[-2.4444444444444446,-49.0],[-2.5999999999999996,-48.0],[-2.583333333333333,-47.0],[-2.3181818181818183,-46.68181818181818],[-1.6533333333333333,-46.346666666666664],[-1.1875,-46.0],[-1.1538461538461537,-45.84615384615385],[0.0,-45.29411764705882],[0.25,-45.75],[1.0,-45.92307692307693],[2.0,-45.51315789473684],[3.297297297297297,-45.29729729729729],[3.96875,-45.03125],[4.964285714285714,-44.96428571428571],[5.52,-44.519999999999996],[6.0,-44.31428571428572],[7.666666666666666,-44.0],[8.0,-43.969696969696976],[9.0,-44.31111111111111],[10.0,-43.84],[13.35135135135135,-44.35135135135135],[13.73913043478261,-44.26086956521739],[13.823529411764707,-44.82352941176471],[13.999999999999998,-45.130434782608695],[14.133333333333333,-45.13333333333334],[14.375,-45.0],[14.666666666666668,-44.0],[14.461538461538462,-43.53846153846154],[14.0,-43.599999999999994],[13.704918032786885,-43.295081967213115],[13.625,-43.0],[14.0,-42.78048780487805],[14.310344827586206,-42.689655172413794],[14.692307692307693,-43.0],[14.555555555555554,-43.44444444444444],[15.0,-43.57142857142857],[15.571428571428571,-43.0],[15.600000000000001,-42.6],[16.0,-42.7],[17.0,-42.5625],[18.0,-43.5],[19.0,-43.5],[19.19047619047619,-43.19047619047619],[19.285714285714285,-42.0],[20.784615384615385,-41.784615384615385],[21.0,-41.36363636363636],[21.57894736842105,-41.421052631578945],[22.4,-41.6],[22.84,-42.16],[23.0,-42.666666666666664],[23.19047619047619,-41.19047619047619],[23.724137931034484,-41.27586206896552],[24.0,-41.16],[25.0,-41.17391304347826],[25.50515463917526,-40.50515463917526],[26.0,-40.294117647058826],[27.40909090909091,-40.40909090909091],[27.9,-40.0],[27.571428571428573,-39.42857142857143],[26.759999999999998,-39.24],[26.0,-39.230769230769226],[25.45614035087719,-39.45614035087719],[24.363636363636367,-39.63636363636363],[21.77777777777778,-39.77777777777777],[21.0,-40.199999999999996],[20.962264150943394,-40.0377358490566],[20.5,-40.0],[20.0,-39.75],[19.0,-39.66666666666667],[18.6,-39.400000000000006],[18.666666666666668,-39.0],[18.210526315789473,-38.78947368421053],[17.72972972972973,-38.270270270270274],[17.0,-38.0],[17.0,-37.0],[17.75,-37.25],[18.25,-37.0],[18.285714285714285,-36.714285714285715],[18.0,-36.0],[16.0,-36.0],[16.0,-35.0],[16.266666666666666,-34.266666666666666],[16.0,-33.5],[15.818181818181817,-34.0],[15.450000000000001,-34.45],[15.0,-34.45],[13.5,-35.0],[11.759036144578314,-35.24096385542168],[11.17910447761194,-35.17910447761194],[9.5625,-35.5625],[9.125,-36.0],[8.24390243902439,-36.24390243902439],[8.0,-36.55555555555556],[7.0,-36.333333333333336],[6.25,-38.0],[6.111111111111111,-39.0],[5.307692307692308,-39.30769230769231],[5.222222222222221,-39.77777777777777],[5.033057851239669,-40.03305785123967],[2.9000000000000004,-40.099999999999994],[2.5,-40.0],[2.25,-39.75],[2.0,-39.75],[0.5555555555555556,-40.55555555555556],[0.0,-40.625],[-0.14634146341463417,-40.85365853658537],[-1.0,-41.333333333333336],[-1.326530612244898,-41.673469387755105],[-3.0,-42.463414634146346],[-4.0,-42.61904761904762],[-4.950413223140496,-43.049586776859506],[-7.7023809523809526,-43.29761904761905],[-9.936708860759495,-44.063291139240505],[-12.046875,-44.046875],[-12.552238805970148,-43.55223880597015],[-13.231884057971016,-43.231884057971016],[-14.5,-43.0],[-15.459999999999999,-42.46],[-16.26160337552743,-42.26160337552743],[-16.685393258426966,-41.68539325842697],[-18.140703517587937,-41.14070351758794],[-19.0,-40.40350877192982],[-19.72093023255814,-39.0],[-19.736263736263737,-38.73626373626374],[-20.0,-38.46666666666667],[-20.340425531914892,-38.65957446808511],[-21.0,-40.239999999999995],[-21.404255319148938,-40.59574468085107],[-21.558823529411764,-41.0],[-21.62857142857143,-42.0],[-21.46315789473684,-42.46315789473684],[-21.0,-42.916666666666664],[-20.782608695652172,-43.78260869565217],[-20.400000000000002,-44.400000000000006],[-19.0,-45.125],[-17.0,-45.714285714285715],[-16.6,-46.0],[-16.785714285714285,-48.0],[-17.42857142857143,-48.57142857142858],[-17.642857142857142,-49.0],[-17.895833333333336,-49.104166666666664],[-18.0,-49.55555555555556],[-18.4,-50.0],[-19.68888888888889,-50.31111111111112],[-20.285714285714285,-51.0],[-22.735294117647058,-51.26470588235294],[-23.0,-52.015151515151516],[-24.82781456953642,-52.17218543046357],[-25.510204081632654,-52.48979591836735],[-26.0,-52.959999999999994],[-26.89189189189189,-52.891891891891895],[-28.0,-52.5],[-28.285714285714285,-52.285714285714285],[-28.695652173913047,-52.30434782608696],[-29.100719424460433,-52.10071942446043],[-31.0,-52.0],[-31.017241379310345,-51.01724137931035],[-31.875,-50.875],[-32.054794520547944,-50.054794520547944],[-33.0,-50.0],[-32.5,-49.0],[-32.971014492753625,-48.971014492753625],[-33.3013698630137,-48.30136986301369],[-34.01365187713311,-48.01365187713311],[-34.0,-46.0],[-34.17857142857143,-43.17857142857143],[-34.41666666666667,-43.0],[-34.53333333333334,-42.53333333333333],[-35.0,-42.0],[-34.875,-41.0],[-34.4,-40.0],[-35.0,-39.25],[-35.0,-38.5],[-34.833333333333336,-38.0],[-35.0,-37.875],[-35.11570247933884,-36.88429752066116],[-35.055299539170505,-34.055299539170505],[-34.77142857142857,-31.228571428571428],[-35.13380281690141,-30.0],[-35.18543046357616,-27.0],[-35.095588235294116,-26.0],[-35.25766871165644,-22.0],[-35.193548387096776,-21.0],[-35.30833333333334,-20.308333333333334],[-35.92207792207792,-19.0],[-36.14563106796116,-18.145631067961165],[-38.383458646616546,-16.383458646616543],[-39.71739130434783,-16.0],[-41.10495626822157,-15.104956268221574],[-42.14110429447853,-14.141104294478527],[-43.0,-13.027397260273972],[-43.56164383561644,-12.561643835616438],[-44.88461538461539,-11.0],[-45.269230769230774,-10.26923076923077],[-45.93333333333333,-9.933333333333334],[-46.0,-9.0],[-46.717948717948715,-8.717948717948719],[-47.20289855072464,-7.202898550724638],[-47.96363636363636,-6.963636363636363],[-48.13636363636363,-2.1363636363636362],[-49.0,-2.0],[-49.07142857142857,-1.0],[-48.0,-0.847457627118644],[-46.64848484848485,0.6484848484848484],[-46.21428571428571,2.0],[-46.0735294117647,3.0],[-46.130434782608695,4.869565217391305],[-46.26086956521739,5.0],[-46.11650485436893,5.116504854368932],[-46.04597701149425,5.954022988505747],[-45.91489361702128,6.085106382978724],[-45.04651162790698,6.046511627906977],[-45.0,7.090909090909091],[-44.09090909090909,8.0],[-44.315789473684205,9.31578947368421],[-43.92307692307693,10.000000000000002],[-43.39344262295082,10.39344262295082],[-42.391304347826086,10.391304347826086],[-41.588235294117645,10.588235294117647],[-41.3,11.0],[-41.0,11.08108108108108],[-40.400000000000006,11.0],[-40.15384615384615,10.846153846153847],[-36.0,11.730769230769232],[-35.68181818181818,11.681818181818182],[-35.1,11.9],[-34.0,11.75],[-33.92857142857143,11.928571428571429],[-33.0,12.11111111111111],[-31.5,12.0],[-31.333333333333336,11.666666666666668],[-30.6,11.400000000000002],[-29.5,10.5],[-29.0,10.333333333333332],[-28.5,10.5],[-28.333333333333332,11.0],[-28.666666666666668,12.0],[-27.0,12.309090909090909],[-26.560693641618496,12.560693641618496],[-26.17391304347826,13.0],[-26.640625,14.0],[-26.570093457943926,14.429906542056074],[-27.0,14.365079365079366],[-27.5,14.5],[-28.09090909090909,15.0],[-29.40764331210191,15.59235668789809],[-29.842105263157894,16.0],[-29.6,16.400000000000002],[-29.63636363636364,16.636363636363637],[-29.457142857142856,16.54285714285714],[-29.0,16.666666666666668],[-28.0,16.541666666666668],[-27.683890577507597,16.316109422492403],[-27.412955465587046,15.587044534412955],[-26.727891156462583,15.272108843537413],[-26.518072289156628,15.0],[-26.459893048128343,14.540106951871659],[-24.0,14.5],[-23.758793969849243,14.241206030150753],[-23.701863354037265,13.701863354037268],[-25.11111111111111,13.0],[-24.568627450980394,12.431372549019608],[-24.445714285714285,11.554285714285715],[-24.0,11.338983050847457],[-23.42857142857143,11.428571428571429],[-23.000000000000004,11.923076923076923],[-21.799999999999997,11.8],[-21.5,12.0],[-21.4,13.0],[-21.14814814814815,13.148148148148149],[-21.05,14.0],[-21.166666666666664,15.0],[-21.0,15.222222222222221],[-20.692307692307693,15.307692307692307],[-20.0,15.0],[-20.0,17.0],[-19.0,17.0],[-19.0,18.0],[-18.0,18.0],[-17.22222222222222,18.22222222222222],[-17.22222222222222,18.77777777777778],[-17.0,19.5],[-16.714285714285715,19.714285714285715],[-16.666666666666668,20.0],[-16.666666666666668,20.333333333333336],[-17.0,21.0],[-17.0,22.0],[-15.894736842105264,22.894736842105264],[-15.0,24.0],[-14.400000000000002,24.400000000000002],[-14.0,25.0],[-10.177777777777777,25.177777777777777],[-9.479999999999999,25.48],[-9.076923076923077,26.0],[-9.25,26.25],[-8.916666666666666,26.083333333333336],[-7.931034482758621,26.06896551724138],[-7.0,26.217391304347828],[-5.771428571428572,26.771428571428572],[-5.0,28.0],[-3.2790697674418605,28.27906976744186],[-2.894736842105263,28.894736842105264],[0.11764705882352944,29.11764705882353],[0.5,28.5],[1.0,28.299999999999997],[1.3428571428571427,28.342857142857145],[1.8421052631578947,27.842105263157897],[3.0,27.26086956521739],[6.777777777777778,27.0],[7.0,26.77777777777778],[7.175,26.175],[9.454545454545453,26.0],[9.666666666666668,25.66666666666667],[10.0,25.57142857142857],[10.19047619047619,25.19047619047619],[12.5,25.0],[13.0,24.77777777777778],[13.18918918918919,24.18918918918919],[13.424242424242424,24.0],[13.383561643835614,23.61643835616438],[13.0,23.176470588235293],[12.625,23.0],[12.125,22.0],[12.476190476190474,21.476190476190474],[13.0,21.0],[13.0,20.0],[15.0,20.0],[15.046511627906977,17.046511627906977],[15.26086956521739,16.26086956521739],[16.0,16.058823529411764],[16.27450980392157,15.274509803921568],[16.7,15.0],[17.0,14.571428571428571],[17.333333333333336,14.333333333333334],[18.0,14.153846153846155],[18.53846153846154,14.461538461538462],[18.6875,15.0],[19.0,15.25],[19.121951219512194,15.121951219512194],[21.0,15.112676056338028],[21.172043010752688,14.827956989247312],[21.123456790123456,14.123456790123457],[21.833333333333336,14.0],[22.000000000000004,13.833333333333334],[22.119047619047617,13.11904761904762],[22.714285714285715,13.0],[23.0,12.75],[23.123711340206185,12.123711340206185],[24.051724137931036,12.0],[24.101694915254235,11.101694915254239],[25.666666666666668,11.0],[26.0,10.666666666666668],[27.0,11.0],[27.307692307692307,10.307692307692308],[27.77777777777778,10.222222222222221],[28.71428571428571,9.714285714285714],[29.242424242424242,9.757575757575758],[29.57142857142857,10.0],[30.13636363636364,10.136363636363637],[31.0,10.0],[30.833333333333332,10.833333333333334],[30.952662721893493,11.04733727810651],[31.868852459016395,11.131147540983607],[32.0,12.0],[32.9,12.100000000000001],[33.0,13.0],[34.0,13.0],[34.5,12.5],[34.400000000000006,11.600000000000001],[34.0,11.0],[33.4,11.400000000000002],[33.0,11.5],[32.75,11.25],[32.8,10.8],[33.0,10.5],[33.5,10.5],[34.0,10.0],[35.0,9.5],[35.5,9.5],[36.0,9.0],[36.0,10.0],[37.0,10.0],[37.333333333333336,10.666666666666668],[38.0,11.0],[38.053763440860216,9.053763440860214],[38.17857142857143,8.821428571428571],[38.2,8.2],[38.84615384615385,8.153846153846153],[39.0655737704918,8.0],[39.125,7.125],[40.00655737704918,7.00655737704918],[40.06779661016949,6.067796610169491],[40.25,5.75],[40.22727272727273,5.227272727272727],[41.0,5.073170731707317],[41.0,4.0],[41.38095238095238,3.3809523809523805],[42.0,3.0],[42.05357142857142,0.05357142857142855],[42.387096774193544,-0.6129032258064516],[43.0,-1.0],[43.06060606060606,-1.9393939393939394],[43.66666666666667,-2.0],[43.76470588235294,-2.235294117647059],[44.0,-2.3333333333333335],[44.12307692307692,-3.123076923076923],[44.07017543859649,-3.9298245614035086],[45.0,-4.0],[45.0,-5.0],[44.0,-5.0],[43.60000000000001,-5.6000000000000005],[42.66666666666667,-6.0],[43.0,-7.0],[43.433121019108285,-7.56687898089172],[44.06896551724138,-7.931034482758621],[44.27692307692308,-9.276923076923076],[44.0,-9.692307692307693],[43.733333333333334,-9.733333333333334],[43.2,-10.2],[43.0,-10.142857142857142],[42.38095238095238,-10.380952380952381],[42.0,-11.1],[41.0,-11.357142857142858],[40.6,-11.600000000000001],[40.4,-12.4],[40.0,-12.875],[38.275862068965516,-13.275862068965516],[37.57142857142857,-14.0],[36.35897435897436,-14.35897435897436],[35.71428571428571,-14.714285714285712],[35.69230769230769,-15.307692307692307],[36.18181818181819,-15.818181818181818],[36.6,-16.0],[34.45,-16.45],[32.833333333333336,-18.0],[31.567567567567572,-18.56756756756757],[31.384615384615383,-19.0],[31.166666666666664,-19.166666666666668],[30.655172413793103,-19.344827586206897],[30.32,-19.32],[29.73913043478261,-19.73913043478261],[29.57142857142857,-20.0],[28.833333333333336,-20.166666666666664],[27.166666666666668,-20.166666666666664],[26.400000000000002,-20.400000000000002],[26.0,-21.0],[25.0,-20.5],[24.81818181818182,-20.18181818181818],[24.833333333333332,-19.833333333333332],[25.30769230769231,-19.307692307692307],[25.333333333333336,-19.0],[25.25,-18.0],[25.0,-17.5],[24.666666666666668,-17.666666666666668],[24.22222222222222,-18.22222222222222],[23.400000000000002,-18.400000000000002],[23.0,-19.0],[22.666666666666668,-18.333333333333336],[22.0,-18.2],[20.444444444444443,-18.444444444444443],[20.0,-18.666666666666668],[19.75,-19.0],[19.5,-21.0],[19.5,-22.0],[19.2,-23.0],[20.0,-23.8],[21.0,-24.0],[21.217391304347828,-24.782608695652172],[21.1123595505618,-25.1123595505618],[19.666666666666668,-26.0],[19.823529411764707,-26.176470588235293],[19.952380952380953,-26.999999999999996],[19.93103448275862,-27.931034482758623],[19.714285714285715,-28.285714285714285],[20.0,-28.200000000000003],[21.0,-28.6],[21.42857142857143,-28.0],[21.352941176470587,-27.647058823529413],[21.0,-27.75],[20.625,-27.625],[20.25,-27.75],[20.25,-27.25],[20.1,-27.0],[20.684210526315788,-26.684210526315788],[21.642857142857142,-26.999999999999996],[21.6,-27.4],[22.0,-27.555555555555557],[23.0,-27.36363636363636],[23.341463414634145,-27.65853658536585],[26.0,-28.8],[28.0,-28.5],[28.5,-29.0],[28.363636363636363,-29.363636363636367],[27.73913043478261,-29.73913043478261],[27.5,-30.5],[26.0,-31.0],[26.5,-32.0],[27.333333333333336,-32.0],[27.6,-31.6],[28.25,-31.25],[31.0,-31.0],[30.000000000000004,-30.666666666666668],[29.63636363636364,-30.363636363636367],[29.6,-30.0],[29.733333333333334,-29.733333333333334],[30.666666666666664,-29.0],[30.666666666666668,-28.66666666666667],[31.0,-28.0],[32.0,-28.0],[32.5,-27.0],[33.333333333333336,-26.333333333333336],[33.5,-26.0],[33.5,-25.0],[34.0,-24.90909090909091],[34.55555555555555,-24.555555555555554],[34.806451612903224,-23.806451612903224],[35.68421052631579,-23.684210526315788],[37.0,-23.81578947368421],[37.53623188405797,-23.536231884057973],[37.90769230769231,-22.907692307692308],[38.26086956521739,-22.73913043478261],[39.0,-23.0],[40.0,-23.0],[40.63636363636364,-23.363636363636363],[43.0,-24.299999999999997],[45.041666666666664,-24.0],[45.44444444444444,-24.555555555555554],[46.0,-24.696969696969695],[46.18055555555556,-25.819444444444443],[47.00561797752809,-25.99438202247191],[47.07299270072993,-26.927007299270073],[47.357142857142854,-27.0],[47.57142857142857,-27.42857142857143],[48.0,-27.692307692307693],[48.16,-29.84],[49.014388489208635,-29.985611510791365],[49.08130081300813,-30.918699186991873],[50.019672131147544,-30.98032786885246],[50.151515151515156,-31.848484848484848],[50.82857142857142,-31.82857142857143],[51.239999999999995,-32.0],[51.48,-32.519999999999996],[52.0,-32.760000000000005],[52.08108108108108,-32.91891891891892],[53.38461538461539,-33.0],[53.609756097560975,-33.390243902439025],[54.0,-33.57142857142857],[54.1578947368421,-33.84210526315789],[57.0,-34.0],[57.52173913043478,-34.47826086956522],[58.21212121212122,-34.78787878787879],[59.063291139240505,-34.936708860759495],[61.214285714285715,-35.0],[61.53191489361702,-35.46808510638298],[62.0,-35.64705882352941],[62.15189873417722,-35.848101265822784],[65.16666666666667,-36.0],[65.5,-36.5],[66.0,-36.65217391304348],[66.16161616161617,-36.83838383838384],[69.25,-37.0],[70.37735849056605,-37.62264150943396],[71.175,-37.825],[74.76811594202898,-37.768115942028984],[75.52941176470588,-37.529411764705884],[76.0,-37.2],[77.23333333333332,-37.766666666666666],[81.11111111111111,-38.0],[81.50769230769231,-38.49230769230769],[82.0,-38.69565217391305],[82.09459459459458,-38.9054054054054],[83.02144772117963,-38.97855227882038],[83.06060606060606,-39.93939393939394],[83.80000000000001,-40.0],[83.0,-40.800000000000004],[82.42105263157895,-40.57894736842105],[81.0,-40.375],[80.44444444444444,-40.44444444444444],[79.8,-40.8],[79.66666666666667,-41.0],[81.0,-41.714285714285715],[83.0,-42.3],[83.41176470588235,-42.588235294117645],[83.72413793103448,-43.275862068965516],[84.0,-43.400000000000006],[84.28571428571428,-43.28571428571428],[85.0,-43.333333333333336],[85.17241379310346,-43.17241379310345],[86.0,-41.825],[86.43421052631578,-41.43421052631579],[86.77142857142857,-40.77142857142857],[87.0,-38.567567567567565],[88.0,-38.42222222222222],[88.25490196078431,-38.745098039215684],[89.03733333333334,-38.962666666666664],[89.33035714285714,-39.66964285714286],[89.925,-40.0],[90.29166666666666,-40.70833333333333],[91.18367346938776,-41.0],[91.46666666666667,-41.53333333333333],[92.13197969543147,-41.868020304568525],[93.00607902735561,-41.993920972644375],[93.23076923076923,-42.769230769230774],[93.73333333333333,-42.733333333333334],[94.42105263157896,-43.0],[94.57692307692308,-43.42307692307692],[95.0,-43.64705882352941],[96.27450980392157,-43.72549019607843],[96.69999999999999,-44.0],[96.0,-45.75],[95.30769230769232,-46.30769230769231],[95.0,-47.0],[94.25,-46.75],[93.19999999999999,-46.8],[92.66666666666667,-47.0],[93.5,-49.0],[94.18181818181819,-49.18181818181818],[95.0,-49.0],[96.0,-49.0],[96.66666666666667,-49.33333333333334],[97.0,-50.0],[98.0,-50.0],[99.0,-51.0],[99.0,-53.0],[96.0,-53.0],[96.0,-54.0],[96.5,-54.5],[96.5,-55.0],[97.0,-55.5],[97.4,-55.60000000000001],[98.0,-56.0],[98.0,-57.0],[98.5,-57.5],[98.5,-58.0],[99.0,-58.5],[99.4,-58.400000000000006],[100.5,-57.5],[102.0,-57.66666666666667],[102.5,-57.5],[103.0,-57.0],[103.77777777777777,-56.77777777777778],[104.28571428571428,-56.285714285714285],[105.0,-55.0],[106.0,-55.0],[105.5,-54.5],[105.5,-54.0],[105.66666666666667,-53.66666666666667],[107.0,-53.0],[107.0,-50.0],[106.0,-50.0],[105.0,-49.0],[105.0,-47.0],[106.0,-47.0],[107.0,-46.0],[106.4,-45.6],[106.0,-45.66666666666667],[105.5,-45.5],[105.33333333333334,-45.0],[106.0,-44.81818181818182],[107.77777777777777,-45.22222222222222],[108.00000000000001,-45.142857142857146],[108.34285714285716,-45.65714285714286],[108.56756756756756,-46.432432432432435],[109.0,-46.53333333333333],[109.10071942446042,-46.899280575539564],[110.0,-47.0],[110.41666666666667,-47.583333333333336],[111.0,-47.645161290322584],[111.13253012048193,-47.86746987951807],[112.0593471810089,-47.9406528189911],[112.27027027027027,-48.270270270270274],[112.25714285714285,-48.74285714285714],[114.04102564102564,-48.95897435897436],[114.13740458015266,-49.862595419847324],[115.04833836858006,-49.951661631419945],[115.24242424242425,-50.24242424242424],[115.30232558139534,-50.69767441860465],[115.74285714285713,-50.74285714285714],[116.05357142857143,-50.94642857142857],[116.06106870229009,-52.0],[115.88888888888889,-52.11111111111111],[115.03333333333333,-52.03333333333333],[115.0,-53.00806451612903],[114.0,-53.0],[113.4,-52.6],[113.0,-52.66666666666667],[112.80000000000001,-53.00000000000001],[112.05882352941175,-53.05882352941177],[112.0,-54.0],[111.0,-54.0],[110.28571428571428,-54.285714285714285],[110.0,-55.0],[109.07407407407408,-55.074074074074076],[109.0,-56.285714285714285],[108.0,-57.0],[108.28571428571428,-58.0],[108.07692307692308,-58.07692307692307],[108.1764705882353,-58.82352941176471],[108.0,-60.0],[108.0,-61.0],[107.71428571428571,-61.71428571428571],[107.0,-62.0],[108.0,-63.0],[109.0,-63.0],[109.0,-64.0],[111.0,-64.0],[111.0,-65.0],[112.00000000000001,-65.2],[112.53846153846155,-64.53846153846155],[113.0,-64.5],[113.3,-64.3],[117.0,-64.125],[118.0,-64.42857142857142],[119.0,-64.0],[119.60000000000001,-64.4],[120.0,-64.45454545454545],[120.25,-64.75],[123.05555555555554,-65.0],[123.23529411764707,-65.76470588235294],[123.6923076923077,-66.30769230769232],[124.4,-66.4],[124.75,-66.0],[125.5,-66.0],[125.25,-67.0],[125.71428571428571,-67.28571428571428],[126.0,-67.75],[127.0,-67.5],[127.23529411764706,-67.76470588235294],[128.0,-68.0],[128.0,-69.0],[128.5,-69.5],[128.77777777777777,-70.22222222222223],[128.8,-71.0],[128.42105263157893,-71.42105263157895],[127.75,-71.75],[126.33333333333334,-73.0],[125.92857142857143,-73.07142857142857],[125.32558139534885,-72.67441860465117],[125.0,-72.63157894736841],[124.75,-72.75],[124.61111111111111,-73.0],[124.33333333333333,-74.0],[123.0752688172043,-74.0752688172043],[122.27184466019418,-74.27184466019418],[121.17647058823529,-75.0],[120.08,-75.08],[118.01526717557252,-76.01526717557252],[118.03870967741936,-77.96129032258065],[118.15384615384616,-78.15384615384616],[118.0,-78.75],[115.73333333333333,-78.26666666666667],[115.6,-78.0],[115.63636363636363,-77.63636363636364],[117.0,-77.0],[116.21052631578948,-76.78947368421052],[115.0,-77.0],[112.75,-77.75],[112.25,-77.75],[111.5,-78.0],[110.75,-78.75],[110.0,-79.0],[109.0,-80.0],[108.0,-80.0],[107.33333333333334,-80.33333333333334],[106.0,-80.66666666666667],[104.0,-80.83333333333333],[103.0,-80.75],[102.0,-81.0],[99.0,-81.19999999999999],[97.0,-81.83333333333334],[93.0,-82.0],[91.0,-81.77777777777777],[73.0,-81.71428571428571],[72.0,-82.0],[71.52941176470588,-81.47058823529412],[71.85714285714286,-79.85714285714286],[71.78260869565217,-78.0],[71.0,-77.25],[68.65333333333334,-77.65333333333334],[68.0,-78.27272727272727],[67.0,-78.4],[66.6470588235294,-78.6470588235294],[66.375,-79.375],[66.0,-79.6],[65.0,-79.6],[64.0,-79.76923076923077],[63.0,-79.58823529411765],[61.72222222222223,-79.72222222222223],[61.28571428571428,-80.0],[61.25,-80.25],[61.0,-80.5],[59.846153846153854,-80.84615384615384],[59.3,-81.3],[58.0,-81.75],[53.36363636363637,-81.63636363636364],[51.0,-81.19999999999999],[48.75,-81.25],[48.0,-81.0],[44.0,-81.0],[43.0,-81.5],[42.0,-81.0],[41.0,-81.33333333333334],[40.6,-81.60000000000001],[40.33333333333333,-82.0],[40.5,-82.5],[41.0,-83.0],[40.4,-83.4],[39.0,-84.0],[38.5,-84.5],[38.0,-84.66666666666667],[37.0,-84.5],[36.75,-84.75],[36.0,-85.0],[35.400000000000006,-85.4],[34.6,-85.60000000000001],[34.0,-86.0],[28.0,-86.0],[27.0,-85.83333333333334],[26.0,-86.0],[24.016064257028113,-86.01606425702812],[-10.0,-86.10218978102189],[-10.222222222222221,-85.77777777777777],[-10.246376811594203,-85.2463768115942],[-10.746478873239436,-85.25352112676056],[-11.0,-85.13138686131387],[-22.0,-85.11510791366906],[-24.0,-85.0],[-28.0,-85.0],[-28.0,-84.0],[-30.0,-84.0],[-30.0,-83.0],[-29.22222222222222,-82.77777777777777],[-28.71428571428571,-82.28571428571428],[-28.0,-82.0]],[[18.714285714285715,-35.71428571428571],[19.0,-35.92307692307693],[19.75,-35.0],[19.0,-34.55555555555556],[18.684210526315788,-34.68421052631579],[18.4,-35.0],[18.45714285714286,-35.457142857142856],[18.0,-36.0],[18.714285714285715,-35.71428571428571]],[[106.94736842105263,-59.94736842105263],[107.00000000000001,-60.2],[107.28571428571428,-60.28571428571428],[108.0,-60.0],[106.94736842105263,-59.94736842105263]],[[-26.999999999999996,-84.0909090909091],[-26.0,-84.0],[-27.0,-83.75],[-28.0,-84.0],[-26.999999999999996,-84.0909090909091]],[[-13.0,-76.0],[-12.0,-76.33333333333334],[-10.777777777777779,-76.22222222222223],[-10.5,-76.0],[-12.333333333333334,-75.66666666666667],[-13.0,-76.0]],[[6.5,-23.0],[6.25,-22.75],[5.857142857142858,-23.0],[6.0,-23.06666666666667],[6.5,-23.0]],[[7.555555555555555,-20.555555555555554],[7.0,-22.0],[7.333333333333333,-23.0],[8.0,-23.4],[8.4,-23.0],[8.8,-21.799999999999997],[9.25,-21.25],[9.25,-21.0],[9.0,-20.5],[8.0,-20.0],[7.555555555555555,-20.555555555555554]],[[9.789473684210527,-23.210526315789473],[10.0,-24.333333333333332],[10.5,-23.5],[11.0,-23.0],[10.5,-22.5],[10.0,-22.333333333333336],[9.636363636363637,-22.636363636363637],[9.6,-23.0],[9.789473684210527,-23.210526315789473]],[[16.625,-31.0],[17.0,-31.428571428571423],[17.17142857142857,-31.17142857142857],[17.75,-31.0],[17.4,-30.6],[16.8125,-30.8125],[16.625,-31.0]],[[17.799999999999997,-26.200000000000003],[18.0,-26.5],[18.25,-26.0],[18.129032258064516,-25.87096774193548],[17.77777777777778,-26.0],[17.799999999999997,-26.200000000000003]],[[19.0,-25.4],[19.210526315789473,-25.210526315789473],[19.195121951219512,-24.804878048780488],[19.0,-24.555555555555557],[18.794871794871796,-25.205128205128204],[19.0,-25.4]],[[21.5,-14.0],[20.866666666666667,-13.866666666666667],[20.8,-14.200000000000001],[21.0,-14.333333333333334],[21.5,-14.0]],[[22.866666666666667,9.866666666666667],[23.0,9.833333333333334],[23.200000000000003,10.0],[23.0,10.333333333333334],[22.75,10.0],[22.866666666666667,9.866666666666667]],[[20.14814814814815,-30.148148148148145],[20.285714285714285,-30.0],[20.235294117647058,-29.764705882352942],[19.555555555555554,-29.555555555555554],[19.846153846153847,-30.153846153846153],[20.14814814814815,-30.148148148148145]],[[23.0,-34.0],[23.105263157894736,-33.10526315789474],[24.0,-33.0],[22.959183673469386,-32.95918367346939],[22.75,-33.25],[23.0,-34.0]],[[31.240000000000002,-45.24],[31.0,-45.333333333333336],[30.65714285714286,-46.65714285714286],[30.24175824175824,-47.24175824175824],[29.666666666666668,-47.333333333333336],[29.133333333333333,-47.13333333333333],[29.0,-47.285714285714285],[28.636363636363633,-47.36363636363636],[28.5,-47.0],[27.92452830188679,-46.924528301886795],[28.0,-47.5],[28.363636363636363,-47.63636363636364],[28.22222222222222,-48.22222222222222],[28.400000000000002,-49.400000000000006],[28.0,-49.625],[27.714285714285715,-50.71428571428571],[27.375,-51.0],[27.814814814814817,-51.18518518518519],[28.615384615384617,-52.0],[28.84,-53.0],[29.0,-53.23529411764705],[29.57142857142857,-53.0],[29.833333333333332,-52.0],[29.543859649122805,-51.45614035087719],[29.41791044776119,-50.5820895522388],[28.375,-50.0],[28.6,-49.6],[29.0,-49.705882352941174],[29.421052631578945,-49.421052631578945],[29.756756756756758,-48.75675675675676],[30.236842105263158,-48.76315789473684],[30.88235294117647,-49.11764705882353],[31.088235294117645,-49.08823529411765],[32.0,-48.4375],[32.34146341463414,-48.34146341463414],[33.43478260869565,-47.43478260869565],[33.714285714285715,-47.0],[34.0,-46.86666666666667],[34.52631578947369,-47.473684210526315],[35.0,-47.642857142857146],[36.0,-47.0],[36.77777777777778,-47.22222222222222],[36.61904761904761,-47.61904761904762],[36.714285714285715,-48.0],[37.0,-48.266666666666666],[38.14285714285714,-48.14285714285714],[39.0,-47.66666666666667],[39.347826086956516,-48.652173913043484],[40.0,-48.875],[40.647058823529406,-48.64705882352941],[40.61904761904761,-48.38095238095238],[40.83673469387755,-47.836734693877546],[41.0,-47.77777777777778],[41.36363636363636,-48.0],[41.54838709677419,-48.45161290322581],[42.0,-48.7],[43.0,-48.833333333333336],[43.47619047619047,-48.476190476190474],[43.55555555555556,-48.0],[44.0,-47.63636363636364],[44.526315789473685,-48.47368421052632],[45.0,-48.6],[46.0,-48.5],[47.173913043478265,-48.826086956521735],[47.66666666666667,-49.33333333333334],[48.45161290322581,-49.54838709677419],[48.58333333333333,-50.0],[49.0,-50.416666666666664],[49.416666666666664,-50.0],[49.5625,-49.5625],[50.0,-49.46153846153846],[51.0,-50.12],[51.536842105263155,-49.536842105263155],[52.30252100840336,-49.30252100840336],[52.473684210526315,-49.0],[52.241379310344826,-47.758620689655174],[52.0,-47.53333333333333],[50.99999999999999,-47.699999999999996],[50.0,-47.5],[48.0,-47.900000000000006],[47.67272727272727,-47.32727272727273],[47.438356164383556,-46.56164383561644],[47.0,-46.33333333333333],[44.20689655172414,-46.20689655172414],[44.0,-46.3],[43.54838709677419,-45.4516129032258],[43.0,-45.24],[42.0,-45.46153846153847],[41.733333333333334,-45.266666666666666],[41.76923076923077,-45.0],[41.48192771084337,-44.51807228915663],[41.0,-44.25925925925925],[38.0,-44.4],[37.0,-44.18181818181818],[36.48780487804878,-43.512195121951216],[36.0,-43.285714285714285],[34.77777777777778,-43.22222222222222],[34.23529411764706,-42.76470588235294],[33.52173913043478,-42.47826086956522],[32.614035087719294,-42.3859649122807],[31.0,-41.72727272727273],[30.614457831325304,-41.3855421686747],[29.799999999999997,-41.0],[29.0,-40.33333333333333],[28.0,-40.25],[27.700000000000003,-40.7],[28.125,-42.0],[29.20689655172414,-42.79310344827586],[30.150943396226417,-42.84905660377359],[30.696969696969695,-43.3030303030303],[31.0,-43.3125],[31.458333333333332,-43.541666666666664],[31.6875,-44.0],[31.61904761904762,-44.61904761904762],[31.240000000000002,-45.24]],[[57.793103448275865,-60.20689655172414],[58.0,-60.375],[58.33333333333334,-60.333333333333336],[58.5,-60.0],[58.0,-59.0],[57.647058823529406,-59.647058823529406],[57.793103448275865,-60.20689655172414]],[[59.285714285714285,-64.28571428571428],[59.55555555555556,-64.0],[59.44444444444444,-63.0],[59.0,-62.33333333333333],[58.74193548387097,-62.74193548387097],[58.33333333333333,-63.0],[58.0,-64.0],[58.74358974358974,-64.25641025641025],[59.285714285714285,-64.28571428571428]],[[64.71428571428572,-40.0],[65.0,-41.0],[65.5,-40.5],[65.57142857142857,-40.0],[65.0,-39.55555555555556],[64.76470588235294,-39.76470588235294],[64.71428571428572,-40.0]],[[71.60000000000001,-39.400000000000006],[70.0,-39.5],[69.0,-39.41176470588235],[68.0,-39.63636363636363],[67.0,-39.63636363636363],[66.42857142857143,-40.0],[66.2,-41.0],[66.60000000000001,-41.400000000000006],[70.0,-42.0],[72.625,-41.625],[73.0,-41.5],[73.6,-41.0],[73.25,-40.0],[72.44444444444444,-39.55555555555555],[71.60000000000001,-39.400000000000006]],[[74.81818181818181,-40.81818181818182],[74.66666666666667,-41.0],[75.0,-41.142857142857146],[76.6923076923077,-41.30769230769231],[78.23076923076923,-41.230769230769226],[78.6,-41.0],[78.4,-40.6],[78.0,-40.25],[77.0,-40.199999999999996],[76.0,-40.33333333333333],[74.81818181818181,-40.81818181818182]],[[88.0,-69.66666666666667],[89.0,-69.75],[90.63636363636363,-68.63636363636364],[93.0,-67.66666666666666],[94.0,-68.0],[94.60000000000001,-67.6],[95.0,-67.0],[95.28571428571428,-67.71428571428571],[95.2,-68.2],[95.0,-68.5],[94.66666666666667,-68.66666666666667],[94.66666666666667,-69.0],[95.4,-69.6],[95.66666666666666,-70.0],[95.53846153846155,-70.53846153846155],[95.53846153846155,-71.46153846153847],[95.66666666666666,-72.0],[96.28571428571428,-72.71428571428571],[97.0,-72.71428571428572],[98.0,-72.0],[98.0,-71.0],[97.66666666666669,-70.33333333333334],[97.0,-70.0],[97.0,-69.0],[98.0,-68.33333333333334],[98.5,-68.5],[99.0,-69.0],[99.0,-71.0],[101.0,-71.66666666666667],[101.4,-71.60000000000001],[101.66666666666669,-72.0],[101.5,-73.0],[102.00000000000001,-73.2],[103.0,-73.0],[104.46153846153847,-72.46153846153845],[104.75,-72.0],[104.71428571428571,-71.71428571428571],[105.0,-71.0],[104.25,-70.75],[104.0,-70.5],[103.5,-70.5],[103.75,-70.0],[103.0,-68.0],[102.00000000000001,-67.80000000000001],[101.0,-67.33333333333333],[100.5,-67.5],[100.0,-68.0],[99.75,-67.25],[99.8,-67.0],[99.47058823529412,-66.52941176470588],[99.0,-66.33333333333334],[96.55555555555554,-66.55555555555556],[96.0,-67.0],[95.5,-66.5],[95.5,-66.0],[95.22222222222223,-65.77777777777779],[95.0,-65.75],[94.5,-66.0],[94.33333333333334,-66.33333333333334],[94.0,-66.33333333333334],[93.0,-65.75],[92.0,-66.0],[91.0,-65.71428571428572],[88.81818181818181,-66.81818181818181],[88.4,-67.4],[88.0,-67.6],[87.0,-67.75],[86.81818181818181,-67.81818181818181],[86.75,-68.0],[87.0,-69.0],[88.0,-69.66666666666667]],[[108.0,-73.71428571428572],[107.80952380952381,-73.80952380952381],[107.75,-74.0],[108.5,-74.0],[108.0,-73.71428571428572]],[[-18.0,-75.0],[-17.0,-75.66666666666667],[-15.5,-75.0],[-15.75,-74.75],[-17.0,-74.6],[-18.0,-75.0]],[[5.0,-79.0],[6.999999999999999,-79.1111111111111],[7.5,-79.0],[7.0,-78.85714285714286],[5.882352941176471,-78.88235294117646],[5.0,-79.0]],[[8.5,-79.0],[10.760000000000002,-79.24],[13.0,-79.0],[11.0,-78.625],[8.5,-79.0]],[[15.0,-79.2],[16.0,-79.0],[15.000000000000002,-78.66666666666667],[13.0,-79.0],[15.0,-79.2]],[[1.7575757575757576,-67.24242424242425],[2.2666666666666666,-67.26666666666667],[2.666666666666667,-67.0],[1.7037037037037037,-66.7037037037037],[1.3333333333333335,-67.0],[1.7575757575757576,-67.24242424242425]],[[5.188679245283019,-63.81132075471698],[4.0,-63.77272727272727],[3.2857142857142856,-64.0],[4.0,-64.17241379310344],[5.0,-64.17857142857143],[5.555555555555555,-64.0],[5.188679245283019,-63.81132075471698]],[[19.0,-63.55555555555556],[20.0,-63.625],[21.375,-63.375],[21.75,-63.0],[22.0,-62.0],[21.333333333333336,-61.0],[21.080000000000002,-60.919999999999995],[19.923076923076923,-60.92307692307692],[19.22222222222222,-61.22222222222223],[18.714285714285715,-61.28571428571428],[18.6,-61.0],[18.193548387096776,-60.80645161290323],[16.0,-60.42857142857143],[15.0,-60.57142857142857],[14.727272727272727,-60.72727272727273],[14.4375,-61.4375],[13.8,-61.8],[13.793103448275861,-62.20689655172414],[14.0,-62.42857142857142],[15.235294117647058,-62.23529411764706],[15.333333333333336,-62.0],[15.75,-61.75],[18.0,-62.0],[17.6,-62.6],[17.5,-63.0],[19.0,-63.55555555555556]],[[20.4,-45.0],[20.769230769230766,-45.230769230769226],[21.0,-45.27272727272727],[21.6,-45.0],[21.0,-44.45454545454545],[20.6,-44.6],[20.4,-45.0]],[[24.583333333333336,-62.583333333333336],[24.0,-63.0],[23.18181818181818,-63.18181818181819],[23.0,-64.0],[24.0,-64.8],[25.05,-65.05],[25.593220338983052,-64.59322033898306],[26.271186440677965,-64.27118644067797],[26.666666666666668,-63.0],[26.457142857142856,-62.54285714285714],[26.0,-62.42857142857143],[25.0,-62.5],[24.583333333333336,-62.583333333333336]],[[26.75,-51.0],[26.0,-50.55],[25.526315789473685,-51.0],[25.783132530120483,-51.21686746987952],[26.75,-51.0]],[[-23.0,8.0],[-21.6,8.600000000000001],[-21.5,9.0],[-20.75,9.75],[-20.81818181818182,11.181818181818182],[-21.0,11.5],[-21.2,11.2],[-21.125,11.0],[-21.333333333333336,10.666666666666668],[-21.333333333333336,10.333333333333334],[-21.571428571428573,10.428571428571429],[-22.16216216216216,10.162162162162161],[-22.42857142857143,9.571428571428573],[-22.333333333333336,9.333333333333334],[-22.571428571428573,9.42857142857143],[-23.866666666666667,9.133333333333333],[-24.6,9.4],[-24.53846153846154,9.53846153846154],[-24.79310344827586,10.206896551724139],[-24.72093023255814,11.279069767441861],[-25.0,11.12],[-26.159999999999997,11.16],[-26.5,11.0],[-26.299999999999997,10.7],[-25.541666666666668,10.458333333333334],[-25.214285714285715,10.0],[-25.333333333333336,9.666666666666668],[-25.200000000000003,9.2],[-25.8,9.2],[-26.0,9.083333333333334],[-27.153846153846153,9.153846153846153],[-27.166666666666668,8.833333333333334],[-27.000000000000004,8.666666666666668],[-26.0,8.5],[-24.0,8.5],[-23.0,8.0]],[[-19.0,-37.372093023255815],[-18.567567567567565,-37.0],[-18.584415584415588,-36.58441558441559],[-19.20125786163522,-36.79874213836478],[-19.231884057971016,-37.231884057971016],[-19.0,-37.372093023255815]],[[-18.2874251497006,-35.712574850299404],[-18.440366972477065,-36.440366972477065],[-18.0,-36.53333333333333],[-17.727272727272727,-36.272727272727266],[-17.636363636363637,-36.0],[-17.719298245614034,-35.719298245614034],[-18.0,-35.45454545454545],[-18.2874251497006,-35.712574850299404]],[[-17.0,-34.19565217391305],[-16.884615384615387,-34.11538461538461],[-16.893491124260354,-33.89349112426036],[-17.130434782608695,-33.869565217391305],[-17.14876033057851,-34.14876033057851],[-17.0,-34.19565217391305]],[[-15.5,7.0],[-16.0,7.333333333333334],[-16.333333333333336,7.0],[-16.142857142857142,6.857142857142857],[-15.5,7.0]],[[-13.210526315789474,-24.0],[-13.000000000000002,-24.102564102564102],[-13.0,-23.714285714285715],[-13.210526315789474,-24.0]],[[18.0,-28.058823529411764],[17.3,-28.299999999999997],[17.333333333333336,-28.66666666666667],[17.2,-29.0],[17.4,-29.6],[17.77777777777778,-30.0],[17.636363636363637,-30.363636363636367],[18.0,-30.666666666666664],[18.25,-30.0],[19.0,-29.53846153846154],[19.482758620689655,-29.482758620689655],[19.636363636363637,-29.0],[19.451612903225808,-28.548387096774192],[19.0,-28.5],[18.0,-28.058823529411764]],[[28.0,-60.13636363636364],[29.055555555555557,-60.0],[28.0,-59.8235294117647],[27.8695652173913,-60.0],[28.0,-60.13636363636364]],[[29.999999999999996,-58.76470588235294],[29.862068965517242,-58.86206896551724],[29.833333333333336,-59.166666666666664],[30.133333333333333,-59.13333333333333],[29.999999999999996,-58.76470588235294]],[[34.0,-60.44444444444444],[34.25806451612903,-60.25806451612903],[34.266666666666666,-59.733333333333334],[34.0,-59.66666666666667],[33.23076923076923,-59.769230769230774],[32.76923076923077,-59.99999999999999],[32.769230769230774,-60.230769230769226],[33.0,-60.375],[34.0,-60.44444444444444]],[[35.66666666666667,-59.0],[35.18181818181819,-58.81818181818182],[34.8,-59.0],[34.81818181818182,-59.18181818181819],[35.66666666666667,-59.0]],[[37.0,-56.368421052631575],[36.65217391304348,-56.65217391304348],[36.37288135593221,-57.37288135593221],[35.888888888888886,-58.111111111111114],[36.0,-58.5],[36.25,-58.75],[36.550000000000004,-58.55],[37.0,-58.59090909090909],[37.440677966101696,-58.440677966101696],[37.76470588235294,-58.0],[38.0,-57.0],[37.48979591836734,-56.51020408163265],[37.0,-56.368421052631575]],[[38.733333333333334,-57.266666666666666],[39.266666666666666,-57.266666666666666],[39.285714285714285,-57.0],[39.0,-56.77777777777778],[38.0,-57.0],[38.733333333333334,-57.266666666666666]],[[41.62264150943396,-52.377358490566046],[42.0,-52.625],[44.32,-52.32],[44.66666666666667,-52.0],[44.205128205128204,-51.794871794871796],[42.0,-51.44444444444444],[41.62264150943396,-51.62264150943397],[41.44444444444444,-52.0],[41.62264150943396,-52.377358490566046]],[[46.38461538461539,-50.38461538461538],[46.0,-50.714285714285715],[45.65217391304348,-51.65217391304348],[45.333333333333336,-52.0],[45.52941176470588,-52.470588235294116],[46.0,-52.800000000000004],[47.0,-52.800000000000004],[47.29629629629629,-52.29629629629629],[47.25,-52.0],[47.53571428571429,-51.0],[47.42253521126761,-50.57746478873239],[47.0,-50.285714285714285],[46.38461538461539,-50.38461538461538]],[[49.0,-52.05555555555555],[48.48,-52.48],[48.10526315789473,-53.0],[48.23076923076923,-53.769230769230774],[48.6,-54.0],[48.66666666666667,-54.333333333333336],[49.0,-54.66666666666667],[50.42857142857143,-54.57142857142857],[51.0,-55.0],[51.0,-54.0],[50.25,-53.75],[49.68888888888889,-53.31111111111112],[49.708333333333336,-53.0],[49.0,-52.05555555555555]],[[49.68421052631578,-55.31578947368421],[49.18181818181818,-55.18181818181819],[49.0,-55.5],[48.913043478260875,-55.08695652173913],[46.0,-55.03846153846154],[45.52941176470588,-54.47058823529412],[44.84615384615385,-54.15384615384616],[44.375,-53.625],[43.71428571428571,-53.71428571428571],[42.625,-55.0],[42.18181818181818,-56.18181818181818],[42.125,-57.0],[41.87096774193548,-57.12903225806451],[41.0,-57.090909090909086],[40.4,-57.4],[40.0,-57.833333333333336],[39.81818181818181,-57.81818181818181],[39.55555555555556,-59.0],[39.0,-59.83333333333333],[37.15384615384615,-60.15384615384616],[36.69230769230769,-60.69230769230769],[35.0,-61.5],[34.400000000000006,-62.4],[33.0,-62.75],[32.800000000000004,-63.00000000000001],[33.0,-63.25],[33.529411764705884,-63.470588235294116],[35.0,-63.57142857142857],[35.44444444444444,-63.44444444444444],[35.66666666666667,-62.66666666666667],[37.0,-62.25],[38.18181818181818,-62.81818181818182],[39.0,-62.82352941176471],[40.0,-62.599999999999994],[40.99999999999999,-62.08333333333333],[42.0,-61.833333333333336],[42.55555555555556,-61.0],[42.81395348837209,-60.81395348837209],[44.17777777777778,-60.82222222222222],[44.57142857142857,-61.0],[45.13333333333334,-61.86666666666666],[45.5,-62.0],[45.5,-63.0],[45.2,-63.2],[44.0,-63.111111111111114],[43.36,-63.36],[42.75,-64.0],[42.69230769230769,-64.3076923076923],[43.0,-64.4],[43.15789473684211,-64.84210526315789],[43.5,-65.0],[42.8421052631579,-65.15789473684211],[42.4,-65.0],[42.30769230769231,-64.6923076923077],[42.0,-64.75],[40.75,-64.25],[40.0,-64.0909090909091],[39.48648648648649,-63.513513513513516],[39.0,-63.25],[37.0,-63.375],[36.52380952380952,-63.52380952380952],[36.0,-64.0],[35.1875,-64.1875],[32.71428571428571,-64.28571428571428],[30.583333333333336,-64.58333333333333],[30.0,-65.0],[30.583333333333336,-65.41666666666667],[32.0,-66.88888888888889],[32.964285714285715,-67.03571428571428],[33.333333333333336,-67.0],[34.0,-66.66666666666667],[35.0,-66.88888888888889],[36.0,-66.72727272727272],[38.0,-67.57142857142857],[40.0,-68.19047619047619],[41.00000000000001,-68.16666666666667],[42.0,-68.36842105263158],[44.0,-68.11538461538461],[45.67567567567568,-68.32432432432432],[46.30769230769231,-68.6923076923077],[46.44444444444444,-69.0],[47.0,-69.35714285714286],[47.35714285714286,-69.35714285714286],[48.0,-68.5],[48.266666666666666,-68.73333333333333],[49.0,-69.0],[49.53846153846154,-69.46153846153847],[49.833333333333336,-70.0],[52.00000000000001,-70.13157894736842],[52.63934426229508,-70.36065573770492],[53.0,-71.0],[54.0,-71.2],[55.13559322033898,-71.13559322033899],[55.70093457943925,-71.29906542056075],[57.0,-71.17241379310346],[58.0,-71.47619047619048],[58.29850746268656,-71.29850746268656],[59.30434782608695,-70.0],[59.0,-69.0],[59.19047619047619,-68.19047619047619],[59.4,-68.0],[59.28571428571429,-67.0],[59.36363636363636,-66.63636363636364],[59.0,-66.0],[58.0,-65.76470588235294],[57.62318840579711,-65.3768115942029],[57.40740740740741,-64.5925925925926],[56.0,-64.0],[56.65217391304348,-63.65217391304348],[57.0,-63.27272727272727],[57.315789473684205,-63.315789473684205],[57.599999999999994,-63.0],[57.0,-62.82352941176471],[56.0,-62.0],[54.9,-61.9],[54.8,-62.0],[55.0,-63.0],[54.476190476190474,-63.476190476190474],[54.0,-64.25],[53.846153846153854,-64.15384615384616],[53.583333333333336,-63.41666666666667],[53.0,-63.07692307692308],[52.07692307692307,-64.0],[52.833333333333336,-65.0],[52.0,-65.4],[51.66666666666667,-65.33333333333334],[51.0,-64.85714285714286],[49.88235294117647,-64.88235294117646],[49.0,-65.14285714285714],[48.7,-65.0],[48.41176470588235,-64.58823529411765],[47.51724137931035,-64.51724137931035],[47.0,-64.66666666666667],[46.71428571428571,-64.28571428571428],[46.833333333333336,-63.83333333333333],[48.0,-63.611111111111114],[49.0,-63.84210526315789],[51.08333333333333,-63.08333333333333],[51.0,-62.900000000000006],[50.29268292682927,-62.70731707317074],[48.0,-62.45],[47.71875,-62.28125],[47.64,-62.0],[47.74647887323944,-61.74647887323944],[48.0,-61.60869565217391],[49.0,-61.48275862068965],[51.0,-61.625],[51.48387096774194,-61.483870967741936],[52.07142857142857,-61.07142857142857],[52.400000000000006,-60.0],[53.0,-59.45454545454545],[53.46153846153847,-59.53846153846154],[54.0,-60.0],[54.78947368421053,-60.21052631578947],[55.2,-60.2],[55.333333333333336,-60.00000000000001],[55.2,-59.8],[54.5,-59.5],[54.35294117647059,-58.647058823529406],[53.89473684210527,-58.10526315789474],[53.875,-57.875],[54.25,-57.25],[54.18181818181818,-56.81818181818182],[53.57894736842105,-56.421052631578945],[53.266666666666666,-55.733333333333334],[52.66666666666667,-55.66666666666667],[52.142857142857146,-56.14285714285714],[52.0,-56.142857142857146],[51.75,-55.75],[51.75,-55.25],[51.0,-55.0],[49.68421052631578,-55.31578947368421]],[[29.25,-64.75],[28.75,-65.0],[29.129032258064516,-65.12903225806451],[30.0,-65.0],[29.25,-64.75]],[[19.655172413793103,-52.344827586206904],[21.0,-52.625],[21.5,-52.5],[21.833333333333336,-52.0],[21.0,-50.83333333333333],[20.0,-51.166666666666664],[19.285714285714285,-52.0],[19.655172413793103,-52.344827586206904]],[[-29.20689655172414,-51.20689655172414],[-28.0,-51.4],[-27.0,-51.11111111111111],[-26.8,-50.8],[-27.0,-50.0],[-27.5,-50.5],[-29.17142857142857,-50.82857142857142],[-29.20689655172414,-51.20689655172414]],[[-19.8,7.8],[-19.5,8.0],[-20.0,8.5],[-20.400000000000002,8.4],[-21.0,8.0],[-20.25,7.75],[-19.8,7.8]],[[29.000000000000004,-63.2],[29.2,-63.2],[29.333333333333336,-63.00000000000001],[29.0,-62.81818181818181],[28.75,-63.0],[29.000000000000004,-63.2]],[[56.55555555555556,-79.0],[56.724137931034484,-79.27586206896552],[57.0,-79.44444444444446],[57.333333333333336,-79.33333333333334],[57.4,-79.0],[56.7037037037037,-78.7037037037037],[56.55555555555556,-79.0]],[[86.0,-78.71428571428572],[83.0,-78.9],[79.0,-78.77777777777777],[78.0,-79.0],[79.0,-79.15384615384615],[82.9047619047619,-79.0952380952381],[84.2608695652174,-79.26086956521739],[89.0,-79.3],[91.5,-79.0],[89.25,-78.75],[87.81818181818181,-78.81818181818181],[86.0,-78.71428571428572]]],[[[39.5,-22.5],[39.0,-23.0],[38.9375,-22.0],[39.5,-22.0],[39.5,-22.5]]],[[[41.08620689655172,-21.913793103448278],[41.833333333333336,-22.000000000000004],[41.0,-22.555555555555557],[40.5,-22.5],[40.16666666666667,-22.000000000000004],[41.08620689655172,-21.913793103448278]]],[[[42.0,-16.666666666666668],[41.6,-16.6],[41.6,-17.0],[41.130434782608695,-17.130434782608695],[40.0,-17.039473684210524],[38.84313725490196,-17.15686274509804],[37.7,-17.0],[37.8,-16.8],[39.0,-16.5],[40.0,-16.875],[41.42857142857143,-16.42857142857143],[41.42857142857143,-16.0],[41.272727272727266,-15.727272727272727],[40.0,-15.363636363636363],[39.0,-15.52],[38.68674698795181,-15.313253012048193],[38.67088607594936,-14.670886075949365],[41.0,-14.4375],[42.0,-14.470588235294118],[43.0,-14.222222222222221],[43.14285714285714,-14.142857142857142],[44.0,-12.5],[44.42857142857143,-12.571428571428573],[44.6,-13.0],[45.0,-13.25],[45.11764705882353,-14.0],[45.0,-15.148148148148149],[44.36363636363637,-15.363636363636363],[44.32,-15.68],[44.0,-16.08],[42.4,-16.400000000000002],[42.0,-16.666666666666668]]],[[[44.0,-10.666666666666668],[45.0,-11.0],[44.444444444444436,-11.444444444444443],[44.0,-11.4],[43.8,-10.8],[44.0,-10.666666666666668]]],[[[24.0,18.666666666666668],[25.0,18.833333333333336],[25.227272727272727,18.0],[25.153846153846153,17.846153846153847],[24.6,17.6],[24.30769230769231,17.692307692307693],[24.424242424242426,17.424242424242426],[24.197183098591548,16.802816901408452],[24.0,16.74074074074074],[23.82051282051282,17.17948717948718],[24.0,18.666666666666668]]],[[[20.846153846153847,23.846153846153843],[21.0,23.0],[20.583333333333336,22.416666666666668],[20.0,22.09090909090909],[19.607843137254903,22.607843137254903],[19.090909090909093,23.0],[19.266666666666666,23.733333333333334],[20.0,24.0],[20.846153846153847,23.846153846153843]]],[[[24.0,25.0],[24.533333333333335,25.46666666666667],[25.0,25.583333333333332],[25.46666666666667,25.46666666666667],[25.77777777777778,25.0],[25.11764705882353,24.88235294117647],[25.206451612903226,24.206451612903226],[25.0,23.0],[24.536231884057973,23.536231884057973],[23.22222222222222,24.0],[23.333333333333336,24.333333333333336],[23.25,24.75],[24.0,25.0]]],[[[18.75,26.0],[18.8,26.200000000000003],[19.0,26.5],[19.200000000000003,26.200000000000003],[19.18181818181818,25.81818181818182],[19.0,25.8],[18.75,26.0]]],[[[38.0,29.4],[38.66666666666667,29.0],[38.0,28.9375],[38.0,29.4]]],[[[37.25,30.0],[36.0,30.0],[36.8,30.200000000000003],[37.15384615384615,30.153846153846153],[37.25,30.0]]],[[[35.368421052631575,30.631578947368425],[34.0,30.9375],[34.0,31.4],[35.0,31.636363636363637],[35.4375,31.4375],[35.7,31.0],[35.368421052631575,30.631578947368425]]],[[[8.54954954954955,34.549549549549546],[9.0,34.32432432432432],[9.32,34.32],[9.76923076923077,33.76923076923077],[10.440677966101696,33.440677966101696],[10.866666666666667,33.0],[10.714285714285715,32.0],[10.0,31.166666666666668],[9.145454545454545,30.854545454545452],[9.0,30.666666666666664],[7.962962962962963,31.037037037037035],[7.0,29.90909090909091],[6.390243902439025,30.390243902439025],[4.8,31.0],[4.4,31.400000000000002],[4.0,31.5],[3.0,31.444444444444443],[2.0,31.166666666666668],[1.0,31.4],[0.8333333333333333,31.833333333333336],[-0.02941176470588236,32.0],[-0.033333333333333326,34.03333333333333],[0.12345679012345678,34.123456790123456],[0.9178082191780822,34.082191780821915],[1.0,34.5],[1.3333333333333335,35.0],[1.375,35.375],[1.0,35.599999999999994],[1.0,36.044444444444444],[1.6666666666666667,36.0],[1.75,35.75],[2.0,35.85714285714286],[2.0625,36.9375],[2.8315789473684214,37.16842105263158],[3.0,37.470588235294116],[3.2909090909090906,37.29090909090909],[4.0,37.25],[4.720000000000001,37.28],[5.0,37.5],[5.079545454545454,37.0],[5.382978723404255,36.38297872340426],[6.354166666666666,36.354166666666664],[7.0,35.84210526315789],[8.340425531914892,35.340425531914896],[8.54954954954955,34.549549549549546]]],[[[29.400000000000002,36.400000000000006],[30.0,36.25],[30.400000000000002,36.400000000000006],[31.0,36.0],[29.333333333333336,35.66666666666667],[29.0,35.0],[28.985611510791365,35.985611510791365],[28.875,36.125],[29.0,37.0],[29.400000000000002,36.400000000000006]]],[[[30.77777777777778,37.22222222222222],[31.0,37.25],[31.5,37.0],[31.5,36.5],[31.0,36.0],[30.6,36.6],[30.77777777777778,37.22222222222222]]],[[[41.5,62.5],[41.6,63.400000000000006],[42.0,63.66666666666667],[42.4,63.400000000000006],[42.5,63.0],[42.4,62.6],[42.0,62.333333333333336],[41.5,62.5]]],[[[46.625,68.0],[47.24,67.24000000000001],[47.46153846153846,66.53846153846155],[47.0,66.0],[46.0,66.0],[44.400000000000006,66.4],[43.66666666666667,67.0],[43.22222222222222,68.22222222222223],[43.5,70.5],[44.0,71.0],[44.272727272727266,71.72727272727272],[44.75,72.0],[45.0,72.33333333333334],[46.166666666666664,72.83333333333333],[47.0,73.0],[48.08333333333333,72.91666666666667],[48.54545454545454,73.45454545454545],[49.0,73.65217391304347],[50.0,73.57142857142857],[50.400000000000006,73.4],[50.66666666666667,73.0],[50.400000000000006,72.6],[49.78260869565217,72.21739130434783],[49.432432432432435,71.56756756756756],[47.791666666666664,71.20833333333334],[46.900000000000006,70.0],[46.63636363636364,69.0],[46.625,68.0]]],[[[31.0,74.33333333333333],[31.4,74.0],[31.285714285714285,73.71428571428571],[31.0,73.6],[30.799999999999997,74.0],[31.0,74.33333333333333]]],[[[37.0,75.33333333333334],[37.30769230769231,75.30769230769232],[37.4,75.0],[37.0,74.75],[36.0,75.0],[37.0,75.33333333333334]]],[[[39.0,76.21052631578948],[39.44444444444444,76.0],[39.29629629629629,75.7037037037037],[38.61904761904762,75.61904761904762],[38.0,76.0],[39.0,76.21052631578948]]],[[[60.0,-85.33333333333334],[59.66666666666667,-85.0],[60.0,-84.5],[61.0,-84.5],[61.400000000000006,-84.60000000000001],[62.0,-85.0],[60.0,-85.33333333333334]]],[[[63.0,-85.0],[63.0,-84.0],[64.0,-84.0],[65.0,-85.0],[64.22222222222223,-85.22222222222223],[63.0,-85.0]]],[[[69.33333333333334,-84.33333333333334],[69.0,-85.0],[67.0,-85.0],[67.0,-84.0],[69.0,-83.83333333333333],[69.25,-84.0],[69.33333333333334,-84.33333333333334]]],[[[117.33333333333334,-82.0],[118.0,-81.6],[120.0,-82.0],[117.97368421052632,-82.02631578947368],[117.33333333333334,-82.0]]],[[[103.5,-70.5],[103.75,-71.0],[103.33333333333334,-71.33333333333334],[102.57142857142857,-71.42857142857143],[102.33333333333334,-71.33333333333334],[102.0,-71.5],[101.66666666666667,-71.33333333333334],[101.88888888888889,-70.88888888888889],[103.0,-70.5],[103.5,-70.5]]],[[[105.0,-49.0],[104.4,-49.400000000000006],[103.0,-49.66666666666667],[102.5,-49.5],[102.0,-49.0],[102.6,-48.60000000000001],[103.0,-48.5],[104.5,-48.5],[105.0,-49.0]]],[[[103.6,-46.0],[104.25,-45.75],[105.0,-46.0],[105.0,-47.0],[104.0,-47.0],[103.60000000000001,-46.400000000000006],[103.6,-46.0]]],[[[177.76699029126212,-39.76699029126213],[178.0,-39.72093023255814],[178.25806451612902,-40.0],[178.0,-40.72727272727273],[177.72413793103448,-40.0],[177.76699029126212,-39.76699029126213]]],[[[126.21428571428572,1.7857142857142856],[125.52173913043478,1.4782608695652175],[125.42105263157893,1.0],[123.0,1.0],[124.0,2.0],[124.99999999999999,1.8888888888888888],[125.33333333333334,1.6666666666666665],[125.14285714285715,2.0],[125.22222222222221,2.2222222222222223],[125.0,3.0],[126.0,3.0],[126.4,3.6000000000000005],[127.25,3.75],[128.73333333333335,4.266666666666667],[129.25,4.25],[129.69230769230768,3.6923076923076925],[129.85714285714286,3.0],[128.82608695652175,2.8260869565217392],[128.0754716981132,2.9245283018867925],[127.57894736842104,2.4210526315789473],[127.52941176470588,2.0],[126.73529411764706,1.7352941176470589],[126.21428571428572,1.7857142857142856]]],[[[132.2,3.0],[131.66666666666669,3.0],[131.71428571428572,3.2857142857142856],[132.0,4.0],[132.2,3.0]]],[[[138.16666666666669,3.833333333333333],[137.43037974683546,3.569620253164557],[136.95999999999998,3.0],[136.15047021943573,2.849529780564263],[133.44444444444443,3.0],[133.62962962962962,3.3703703703703702],[135.66197183098592,4.338028169014084],[138.48000000000002,4.48],[139.0,4.333333333333334],[140.0,5.0],[140.45454545454544,4.454545454545454],[140.5263157894737,4.0],[139.0,3.975609756097561],[138.16666666666669,3.833333333333333]]],[[[105.75,5.25],[106.0,6.0],[106.5,5.5],[106.5,5.0],[106.0,4.75],[105.75,5.25]]],[[[147.0,5.913043478260869],[146.9099099099099,6.0],[147.0,6.140845070422535],[148.0,6.070422535211267],[148.03333333333333,5.966666666666666],[147.0,5.913043478260869]]],[[[129.0,6.0],[130.0,7.0],[130.4,6.4],[130.5,6.0],[130.0,5.5],[129.8181818181818,5.818181818181818],[129.0,6.0]]],[[[72.75,16.0],[73.13333333333334,15.866666666666667],[73.86666666666667,15.866666666666667],[74.33333333333333,15.0],[75.86666666666666,14.866666666666667],[76.66666666666667,14.666666666666668],[77.5,14.0],[79.82978723404256,13.829787234042554],[80.32,13.68],[80.76470588235294,13.764705882352942],[81.3076923076923,13.307692307692308],[81.33333333333334,13.0],[82.13793103448276,12.862068965517242],[84.0,13.0],[84.0,12.0],[88.0,12.0],[89.66666666666667,11.666666666666668],[90.28571428571428,11.285714285714285],[90.5,11.0],[91.95348837209303,10.953488372093023],[92.75999999999999,10.760000000000002],[93.28571428571428,10.285714285714285],[94.0,9.0],[94.68,8.68],[97.0,8.5],[97.4,8.4],[98.0,8.0],[99.78947368421052,7.7894736842105265],[100.0,7.6],[101.0,7.428571428571429],[101.30000000000001,7.300000000000001],[102.0,6.25],[103.0,6.0],[104.0,6.2],[105.0,6.0],[104.0,5.833333333333333],[103.54545454545455,5.454545454545455],[103.44444444444444,4.555555555555555],[103.0,4.0],[102.41666666666667,3.5833333333333335],[102.0,3.5],[101.88095238095238,3.880952380952381],[100.0,4.114285714285714],[99.47674418604652,4.4767441860465125],[98.07692307692308,5.076923076923077],[97.0,5.128205128205129],[96.68518518518519,5.685185185185185],[93.86549707602339,6.8654970760233915],[93.60344827586208,7.3965517241379315],[93.75,7.75],[93.19999999999999,7.8],[92.83333333333333,8.0],[92.43478260869566,8.434782608695652],[89.0,9.102564102564102],[85.15686274509804,9.156862745098039],[84.0,9.461538461538462],[82.30769230769232,9.692307692307693],[82.0,9.764705882352942],[81.9090909090909,9.909090909090908],[80.66666666666667,10.0],[78.84615384615385,10.846153846153847],[77.0,11.0],[75.86842105263159,11.868421052631579],[74.0,12.0625],[73.53846153846155,12.538461538461538],[72.8896551724138,12.889655172413793],[71.93333333333334,13.0],[71.0,13.466666666666667],[70.76119402985074,13.761194029850746],[69.0,14.09090909090909],[68.54887218045113,14.548872180451127],[66.96153846153845,14.961538461538462],[66.4896265560166,15.489626556016598],[65.42,16.0],[65.28,16.28],[65.0,16.403846153846153],[64.5974025974026,17.0],[64.52307692307693,17.476923076923075],[64.66666666666667,17.666666666666668],[64.4,17.6],[63.72727272727273,18.0],[63.67567567567568,18.324324324324323],[64.0,18.666666666666668],[65.35294117647058,18.352941176470587],[65.75,18.0],[66.86666666666667,17.866666666666667],[67.57894736842104,17.57894736842105],[68.0,17.0],[69.2,16.8],[71.0,16.666666666666668],[72.0,17.0],[72.75,16.0]]],[[[62.0,19.285714285714285],[63.0,19.0],[62.029411764705884,18.97058823529412],[62.0,19.285714285714285]]],[[[54.71428571428571,28.0],[55.36363636363637,27.636363636363637],[55.71428571428571,27.714285714285715],[55.63636363636364,27.363636363636363],[55.90243902439025,26.902439024390244],[56.68421052631579,26.684210526315788],[57.0,26.0],[57.75,25.75],[58.3448275862069,25.344827586206897],[58.794871794871796,24.794871794871796],[59.432432432432435,24.43243243243243],[59.833333333333336,23.833333333333336],[60.400000000000006,23.400000000000002],[60.77142857142857,22.771428571428572],[61.42857142857143,22.42857142857143],[62.15384615384615,21.153846153846153],[62.125,20.875],[61.64285714285714,20.357142857142854],[61.0,20.0],[60.444444444444436,20.444444444444443],[60.0,20.608695652173914],[59.886792452830186,20.88679245283019],[58.98757763975155,20.987577639751553],[58.858823529411765,21.858823529411765],[57.882352941176464,22.0],[57.68421052631578,22.684210526315788],[57.315789473684205,22.684210526315788],[56.93023255813954,22.930232558139533],[56.45454545454545,23.0],[56.294117647058826,23.294117647058826],[56.0,23.454545454545453],[55.87755102040816,23.877551020408166],[55.15094339622642,23.849056603773583],[54.944250871080136,23.94425087108014],[54.753846153846155,24.246153846153845],[54.78947368421053,24.789473684210527],[54.27397260273972,24.72602739726027],[54.0,24.850746268656717],[53.71428571428571,25.285714285714285],[53.74193548387097,25.741935483870968],[53.25806451612903,25.741935483870968],[52.599999999999994,26.0],[52.32,26.32],[52.0,26.444444444444443],[51.82857142857143,26.82857142857143],[50.97076023391813,26.97076023391813],[50.69911504424779,27.69911504424779],[50.27722772277228,27.722772277227726],[49.68181818181818,28.0],[49.45112781954887,28.45112781954887],[49.0,28.638297872340424],[48.838862559241704,28.838862559241704],[48.32,29.0],[48.470588235294116,29.529411764705884],[49.0,29.80952380952381],[50.22857142857143,29.771428571428572],[51.0,30.0],[54.0,30.0],[54.0,29.0],[54.66666666666667,28.66666666666667],[54.6,28.400000000000002],[54.71428571428571,28.0]]],[[[53.0,37.0],[53.0,38.0],[53.5,38.5],[54.0,38.5],[54.333333333333336,38.333333333333336],[54.5,38.0],[54.0,37.0],[53.0,37.0]]],[[[49.0,63.66666666666667],[49.400000000000006,64.6],[51.0,65.0],[50.28571428571428,65.28571428571428],[50.16666666666667,66.0],[50.677419354838705,66.32258064516128],[51.41666666666667,66.41666666666667],[54.0,66.25],[55.5,66.5],[56.0,67.0],[56.0,70.0],[57.0,70.0],[57.0,71.0],[60.0,71.0],[60.0,72.0],[62.0,72.0],[62.0,71.0],[63.0,71.0],[63.0,72.0],[64.0,72.0],[64.4,72.6],[66.0,73.0],[66.0,75.0],[68.0,75.0],[68.5,75.5],[69.18181818181819,75.81818181818181],[70.0,76.0],[70.28571428571428,76.71428571428572],[72.0,77.0],[73.0,77.0],[72.5,77.5],[72.5,78.0],[72.69230769230771,78.30769230769232],[73.54545454545455,78.45454545454545],[75.63636363636364,78.36363636363636],[78.0,78.71428571428572],[79.0,78.375],[79.42857142857144,78.42857142857143],[79.66666666666667,78.33333333333334],[80.0,78.5],[81.0,78.5],[81.33333333333334,78.66666666666667],[83.0,79.0],[85.1,78.9],[86.0,79.0],[87.0,78.77777777777777],[88.77777777777777,78.77777777777777],[90.0,78.5],[94.0,78.5],[94.4,78.4],[95.0,78.0],[96.0,79.0],[97.0,79.0],[98.0,78.0],[98.60000000000001,78.4],[99.0,78.5],[100.5,78.5],[101.0,78.0],[103.0,78.0],[103.0,79.0],[103.4,79.6],[104.0,80.0],[111.0,80.0],[111.4,79.4],[111.66666666666667,78.66666666666667],[113.75,77.75],[114.25,77.75],[115.0,78.0],[115.0,79.0],[116.0,79.0],[116.5,78.5],[117.0,77.0],[118.0,77.0],[119.4,76.4],[119.5,76.0],[121.33333333333334,76.0],[121.4,76.4],[121.0,77.0],[127.0,77.0],[127.0,79.0],[126.0,79.0],[126.0,82.0],[123.0,82.0],[123.0,84.0],[127.0,84.0],[127.0,83.0],[139.0,83.0],[139.0,82.0],[140.0,82.0],[140.0,81.0],[151.0,81.0],[151.0,82.0],[148.0,82.0],[148.0,84.0],[152.0,84.0],[152.0,83.0],[153.0,83.0],[153.0,81.0],[154.0,81.0],[155.0,80.5],[155.4,80.60000000000001],[156.0,81.0],[157.0,80.0],[158.0,81.0],[160.0,81.0],[160.0,80.0],[161.0,80.0],[161.40000000000003,79.4],[162.0,79.0],[163.0,79.0],[163.0,80.0],[164.0,80.0],[164.6,79.6],[165.0,79.5],[166.0,79.66666666666667],[167.0,79.5],[168.0,79.5],[168.4,79.6],[169.0,80.0],[169.6,79.6],[170.0,79.5],[170.4,79.6],[171.0,80.0],[171.60000000000002,79.6],[172.0,79.5],[172.4,79.6],[173.0,80.0],[173.5,79.5],[174.0,79.33333333333334],[175.5,79.5],[176.0,79.0],[177.0,79.0],[177.0,78.0],[180.0,78.0],[180.0,77.0],[179.01739130434783,76.98260869565217],[179.14193548387095,76.14193548387097],[179.12582781456953,70.87417218543047],[179.0,69.75],[178.47058823529412,69.52941176470588],[176.8,69.2],[176.28571428571428,69.28571428571428],[175.0,69.21428571428572],[174.0,69.36363636363636],[173.0,68.57142857142857],[172.0,68.8],[170.0,68.33333333333334],[169.7,68.0],[169.0,67.86274509803921],[168.0,67.96078431372548],[167.1891891891892,67.8108108108108],[167.0,67.46153846153845],[166.39999999999998,67.0],[163.92207792207793,66.92207792207793],[163.0,67.1111111111111],[162.0,67.0],[158.0,67.03571428571429],[157.75,67.0],[157.66666666666669,66.66666666666667],[158.0,66.0],[154.0,66.0],[152.0,66.13333333333334],[151.41379310344828,65.58620689655172],[151.0,65.4],[150.5,65.5],[150.0,66.04761904761905],[149.66666666666669,66.0],[149.36363636363637,65.63636363636364],[147.0,65.57142857142857],[146.0,65.14285714285714],[145.8181818181818,64.18181818181819],[145.0,64.0],[144.88235294117646,63.11764705882353],[144.27586206896552,63.27586206896552],[144.0,63.18181818181817],[143.49056603773587,62.509433962264154],[143.0,62.1875],[142.8125,61.8125],[142.91666666666666,61.083333333333336],[142.1875,61.1875],[141.92105263157893,61.078947368421055],[140.78571428571428,59.99999999999999],[133.14388489208633,59.856115107913666],[132.0,59.44827586206897],[131.0,59.542857142857144],[130.0,59.42424242424242],[129.0,59.529411764705884],[125.50427350427351,59.4957264957265],[125.0,59.0],[123.01388888888889,58.98611111111111],[122.39024390243902,58.60975609756098],[122.0,58.0],[121.12738853503184,57.87261146496816],[120.84,57.0],[119.20487804878049,56.795121951219514],[118.54497354497354,56.455026455026456],[118.36764705882352,56.0],[118.13736263736263,55.86263736263736],[117.16949152542372,55.83050847457627],[116.39175257731958,55.608247422680414],[116.1875,55.0],[116.45945945945945,54.45945945945946],[117.27715355805245,54.27715355805243],[119.78571428571428,54.21428571428571],[125.73469387755102,54.265306122448976],[126.0,55.0],[126.36111111111111,54.36111111111111],[127.11494252873564,54.11494252873563],[132.04761904761904,54.047619047619044],[137.0,54.347368421052636],[139.0,54.29411764705882],[140.44680851063828,54.5531914893617],[141.41666666666666,55.0],[141.94833948339485,55.05166051660517],[146.0,55.0],[146.31428571428572,53.0],[147.02380952380952,52.0],[147.0,50.44444444444444],[146.84313725490196,49.84313725490196],[146.9,48.0],[146.71428571428572,47.0],[146.1304347826087,45.869565217391305],[146.14285714285714,45.0],[145.43835616438355,44.56164383561644],[145.1875,44.0],[144.5762711864407,43.42372881355932],[144.35897435897436,43.0],[143.3030303030303,42.696969696969695],[143.27586206896552,42.275862068965516],[143.08101265822785,41.91898734177215],[142.24761904761903,41.75238095238095],[141.38095238095238,41.0],[140.75193798449612,40.751937984496124],[140.26950354609932,40.73049645390071],[140.01136363636363,39.98863636363637],[139.1530612244898,39.8469387755102],[138.05901639344262,38.940983606557374],[136.0,38.82857142857143],[134.0,38.94615384615385],[132.80645161290323,38.806451612903224],[132.08695652173913,38.913043478260875],[131.0,38.0],[130.06666666666666,37.93333333333334],[130.0,36.98305084745763],[129.83333333333334,37.0],[129.55555555555554,37.55555555555555],[129.0,37.833333333333336],[128.4,37.6],[127.82608695652175,37.17391304347826],[127.375,36.625],[127.14285714285714,36.0],[127.0,35.0],[127.4,34.400000000000006],[128.0,34.0],[127.4,33.6],[127.25,33.0],[127.5,32.0],[127.42857142857143,31.0],[128.0,29.5],[128.0,28.0],[127.83333333333334,27.0],[127.35714285714286,26.642857142857146],[127.11764705882354,25.88235294117647],[127.0,22.5],[126.73913043478261,22.26086956521739],[126.11764705882354,20.88235294117647],[126.03999999999999,16.96],[125.62962962962962,16.37037037037037],[125.5,15.0],[126.0,14.4],[126.30769230769232,14.307692307692308],[127.0,13.75],[127.05882352941177,12.058823529411764],[127.25,12.0],[127.875,10.0],[127.81818181818181,9.181818181818182],[127.6,8.600000000000001],[128.0,8.0],[127.0,8.0],[127.0,6.0],[126.0,6.0],[125.4,5.6000000000000005],[124.0,5.0],[123.0,5.0],[123.0,6.0],[121.0,6.0],[120.0,7.0],[119.0,7.0],[118.60000000000001,7.6],[118.5,8.0],[118.0,8.333333333333334],[116.55555555555554,8.555555555555555],[116.0,9.0],[114.0,9.0],[114.0,10.0],[111.0,10.0],[110.66666666666667,9.333333333333334],[110.0,9.0],[109.0,9.0],[108.9,8.1],[109.0,7.833333333333334],[109.25,7.75],[110.0,8.0],[110.0,7.0],[111.0,7.0],[111.83333333333333,6.833333333333333],[112.0,6.0],[113.0,5.800000000000001],[113.5,6.0],[113.66666666666667,6.333333333333334],[114.22222222222223,6.777777777777779],[115.8,6.800000000000001],[116.5,6.5],[117.0,6.0],[118.60000000000001,5.6000000000000005],[119.0,5.0],[120.0,4.0],[122.0,4.0],[122.0,2.0],[122.4,1.4000000000000001],[123.0,1.0],[122.5,0.5],[122.46153846153847,0.0],[122.04428044280444,-0.044280442804428055],[117.93939393939394,-0.06060606060606061],[115.7915309446254,-0.20846905537459282],[112.4,0.0],[111.0,0.23333333333333334],[110.5,0.5],[110.11538461538461,1.0],[110.1875,1.1875],[110.0,2.0],[112.0,2.0],[112.6,2.4],[113.0,2.5],[113.4,2.4],[114.0,2.0],[114.60000000000001,2.4],[116.33333333333334,2.666666666666667],[117.0,3.0],[116.0,3.333333333333333],[115.0,3.2],[114.33333333333334,3.3333333333333335],[114.0,4.0],[112.75,4.25],[112.0,4.333333333333334],[111.77777777777777,4.222222222222222],[111.0,4.25],[110.63636363636363,4.363636363636363],[110.28571428571428,4.285714285714286],[109.5,6.0],[109.22222222222223,6.222222222222222],[108.75,6.25],[108.0,6.0],[108.0,7.0],[107.0,7.0],[106.16666666666666,7.166666666666666],[106.0,8.0],[105.28571428571428,7.7142857142857135],[105.0,7.75],[104.33333333333334,8.333333333333334],[104.0,9.0],[103.0,9.11111111111111],[102.0,9.0],[101.2051282051282,9.205128205128204],[101.0,9.571428571428571],[100.68421052631578,9.68421052631579],[100.4,10.0],[99.33333333333334,10.333333333333334],[99.0,10.8],[98.0,10.666666666666668],[96.85714285714286,10.857142857142858],[96.0,12.0],[93.0,12.0],[92.66666666666667,12.666666666666668],[92.0,13.0],[90.0,13.0],[89.4,13.4],[88.6,13.600000000000001],[88.0,14.0],[86.44444444444444,15.444444444444443],[86.0,15.666666666666668],[84.0,16.0],[83.0,16.666666666666664],[82.0,16.75],[81.5,17.0],[81.33333333333334,17.333333333333336],[81.0,17.5],[79.71428571428571,17.714285714285715],[78.28571428571428,18.285714285714285],[77.0,18.5],[76.0,18.5],[75.4,19.400000000000002],[75.0,19.666666666666664],[74.0,19.666666666666664],[73.5,20.0],[73.33333333333334,20.333333333333336],[72.0,21.0],[71.0,22.0],[69.81818181818181,22.81818181818182],[69.5,23.5],[68.60000000000001,24.6],[68.5,26.0],[70.0,27.0],[70.33333333333334,27.666666666666668],[71.71428571428571,28.285714285714285],[72.0,28.25],[74.0,29.0],[75.36363636363637,29.63636363636364],[75.83333333333333,30.166666666666668],[76.5,30.5],[77.0,31.0],[77.5,32.0],[77.5,33.0],[77.0,33.333333333333336],[76.0,33.666666666666664],[74.0,33.0],[70.0,33.0],[70.0,34.0],[68.0,34.0],[68.0,36.0],[67.0,36.0],[67.0,37.0],[66.0,37.0],[65.0,37.25],[64.5,37.5],[64.2,38.2],[64.0,38.333333333333336],[62.0,38.25],[61.53846153846154,38.53846153846154],[61.133333333333326,39.13333333333333],[60.53846153846154,39.53846153846155],[59.8,40.8],[59.6,42.0],[59.111111111111114,43.11111111111111],[58.44444444444444,43.44444444444444],[58.0,44.25],[57.66666666666667,44.333333333333336],[57.0,44.0],[57.0,45.0],[56.0,45.0],[56.0,46.0],[55.22222222222222,46.22222222222222],[54.5,47.0],[54.0,47.25],[53.35294117647058,46.647058823529406],[52.529411764705884,46.470588235294116],[52.11111111111111,45.888888888888886],[51.44444444444444,45.55555555555556],[51.0,44.66666666666667],[50.55555555555555,44.444444444444436],[50.0,43.0],[50.0,40.0],[49.0,40.0],[49.0,39.0],[48.0,39.0],[48.0,38.0],[46.0,38.0],[46.0,37.0],[44.0,37.0],[44.0,38.0],[41.0,38.0],[38.81818181818181,38.81818181818181],[38.5,39.5],[37.0,40.0],[36.0,39.0],[36.0,37.0],[35.0,37.0],[34.5,37.5],[34.5,38.0],[34.307692307692314,38.30769230769231],[34.0,38.333333333333336],[33.0,38.0],[32.333333333333336,38.333333333333336],[32.0,38.66666666666667],[31.0,39.0],[31.0,40.0],[30.0,40.0],[30.0,41.0],[27.0,41.0],[27.0,40.0],[25.0,40.0],[25.0,39.0],[21.0,39.0],[21.0,38.0],[18.0,38.0],[18.0,37.0],[16.0,37.0],[16.0,36.0],[15.0,36.0],[14.916666666666666,34.0],[14.140127388535031,33.859872611464965],[12.363636363636363,34.0],[12.307692307692307,35.0],[11.741935483870968,35.25806451612903],[11.173913043478262,35.17391304347826],[10.0,36.666666666666664],[9.0,37.2],[8.578947368421051,37.578947368421055],[8.333333333333334,38.0],[8.307692307692308,38.30769230769231],[8.0,38.66666666666667],[6.266666666666667,39.266666666666666],[5.428571428571429,39.42857142857143],[5.0,39.75],[4.75,39.75],[4.666666666666666,40.0],[4.777777777777778,40.22222222222222],[5.333333333333334,40.66666666666667],[7.0,41.0],[7.5,41.5],[9.0,41.5],[9.333333333333334,41.66666666666667],[10.0,41.75],[10.153846153846153,41.84615384615385],[10.25,42.25],[10.0,42.5],[9.666666666666668,42.333333333333336],[9.0,42.25],[8.0,42.333333333333336],[7.0,42.0],[6.0,42.0],[5.5,41.5],[5.0,41.4],[4.571428571428572,41.57142857142858],[4.25,42.0],[4.538461538461539,42.46153846153847],[5.0,42.75],[5.25,42.75],[5.352941176470588,44.35294117647059],[5.0,44.75],[4.7142857142857135,44.71428571428571],[4.0,45.0],[3.8000000000000003,44.0],[3.4705882352941173,43.52941176470588],[3.0,43.333333333333336],[1.6666666666666665,43.333333333333336],[1.2000000000000002,42.8],[1.0,42.75],[0.6666666666666666,43.0],[0.5,44.0],[0.2857142857142857,44.285714285714285],[-1.0,44.45454545454545],[-1.3125,44.3125],[-1.5,44.0],[-1.87012987012987,43.870129870129865],[-3.0,43.85714285714286],[-3.0,44.09090909090909],[-2.3703703703703702,44.37037037037037],[-2.3870967741935485,44.61290322580645],[-2.127659574468085,45.12765957446808],[-1.1791044776119404,45.17910447761194],[-1.0,45.5],[-0.6129032258064516,45.61290322580645],[-0.33333333333333337,46.0],[0.2222222222222222,46.22222222222222],[1.0,46.0],[0.7419354838709677,46.74193548387097],[1.0,47.666666666666664],[1.4444444444444444,47.44444444444444],[1.8,47.0],[1.8,46.8],[2.0,46.75],[3.0,47.0],[3.2222222222222223,47.77777777777778],[3.1666666666666665,49.0],[3.2857142857142856,49.285714285714285],[3.0,50.0],[3.7142857142857144,49.71428571428571],[4.117647058823529,49.88235294117647],[4.6,50.400000000000006],[5.0,50.57142857142857],[6.0,50.5],[6.363636363636363,50.36363636363636],[6.857142857142857,49.85714285714286],[7.333333333333333,49.0],[7.285714285714286,48.71428571428571],[7.0,48.5],[6.800000000000001,48.00000000000001],[7.285714285714286,47.71428571428571],[7.7142857142857135,47.71428571428571],[7.636363636363637,47.36363636363636],[8.0,46.75],[8.363636363636363,46.63636363636364],[8.714285714285714,46.71428571428571],[9.0,46.0],[10.0,46.0],[10.0,45.0],[10.5,44.5],[10.600000000000001,43.60000000000001],[11.0,43.0],[12.0,44.0],[13.0,44.0],[13.0,46.0],[15.0,46.0],[15.0,47.0],[14.600000000000001,47.6],[14.5,48.0],[14.400000000000002,49.400000000000006],[14.0,49.5],[13.8,49.8],[13.833333333333334,50.0],[12.80952380952381,50.80952380952381],[12.5,51.5],[12.0,53.0],[12.242424242424242,53.75757575757576],[12.588235294117647,54.411764705882355],[13.121212121212121,54.878787878787875],[14.083333333333332,55.0],[14.484848484848484,55.515151515151516],[15.555555555555554,56.44444444444444],[16.2,56.8],[16.666666666666668,57.333333333333336],[17.413793103448278,58.58620689655173],[17.857142857142858,59.0],[18.565217391304348,60.434782608695656],[19.555555555555554,61.44444444444444],[21.0,62.44444444444444],[22.176470588235293,62.8235294117647],[23.083333333333332,62.916666666666664],[24.0,63.42857142857143],[25.0,63.526315789473685],[26.0,63.84615384615385],[27.0,64.0],[30.0,63.0],[31.0,63.375],[31.26086956521739,63.26086956521739],[31.66666666666667,62.66666666666667],[32.0,62.5],[33.0,62.599999999999994],[34.0,62.46153846153846],[36.44444444444444,62.444444444444436],[39.476190476190474,61.476190476190474],[39.833333333333336,61.0],[39.77777777777777,60.77777777777778],[40.0,60.66666666666667],[41.0,61.0],[40.66666666666667,61.66666666666667],[40.66666666666667,62.0],[41.0,62.33333333333333],[41.5,62.5],[41.6,61.6],[43.0,61.5],[44.0,61.66666666666667],[44.36363636363637,62.63636363636363],[45.0,63.0],[44.444444444444436,63.44444444444444],[44.0,63.4],[43.57142857142858,63.57142857142857],[43.25,64.0],[43.53846153846154,64.46153846153847],[44.0,64.6],[45.0,64.0],[48.0,64.0],[49.0,63.66666666666667]],[[127.0,76.0],[130.0,76.0],[130.0,78.0],[132.0,78.0],[132.0,79.0],[131.6,79.6],[131.6,80.4],[132.0,81.0],[129.0,81.0],[129.0,77.0],[127.0,77.0],[127.0,76.0]],[[130.0,75.0],[132.0,75.0],[132.0,76.0],[130.0,76.0],[130.0,75.0]],[[109.0,10.0],[108.0,10.0],[108.0,9.0],[109.0,9.0],[109.0,10.0]],[[135.0,81.0],[133.0,81.0],[133.0,79.0],[134.0,79.0],[134.60000000000002,78.60000000000001],[135.0,78.5],[136.5,78.5],[136.5,79.0],[136.33333333333334,79.33333333333334],[135.60000000000002,79.6],[135.0,80.0],[135.0,81.0]],[[136.5,78.0],[137.0,77.80000000000001],[137.5,78.0],[137.4,78.4],[137.0,78.5],[136.5,78.5],[136.5,78.0]],[[61.0,70.0],[60.0,70.0],[60.0,69.0],[61.0,69.0],[61.0,70.0]],[[136.6,81.4],[136.0,81.0],[136.6,80.60000000000001],[137.0,80.5],[137.4,80.60000000000001],[137.5,81.0],[137.33333333333334,81.33333333333334],[137.0,81.5],[136.6,81.4]],[[16.5,50.5],[17.0,51.0],[16.0,51.0],[15.75,50.25],[15.0,50.0],[15.600000000000001,49.6],[16.0,49.5],[16.5,50.0],[16.5,50.5]],[[24.8,47.2],[24.846153846153847,46.84615384615385],[25.0,46.75],[25.333333333333336,47.0],[25.285714285714285,47.285714285714285],[25.0,47.5],[24.8,47.2]],[[34.285714285714285,59.71428571428571],[34.333333333333336,60.00000000000001],[34.0,60.142857142857146],[33.0,60.0],[33.714285714285715,59.71428571428571],[34.285714285714285,59.71428571428571]],[[36.0,60.2],[35.66666666666667,60.00000000000001],[35.6,59.6],[36.0,59.0],[36.333333333333336,59.66666666666667],[36.25,60.0],[36.0,60.2]],[[39.333333333333336,60.00000000000001],[39.22222222222222,60.22222222222222],[37.888888888888886,60.11111111111111],[37.0,59.0],[37.55555555555555,58.55555555555556],[38.30769230769231,58.69230769230769],[39.0,59.0],[39.333333333333336,60.00000000000001]],[[60.0,66.0],[59.5,66.5],[59.0,66.66666666666667],[57.55555555555555,66.44444444444444],[57.333333333333336,66.0],[59.25,65.75],[60.0,66.0]],[[63.285714285714285,67.28571428571428],[63.0,67.5],[62.6,67.4],[62.5,67.0],[62.714285714285715,66.71428571428571],[63.0,66.5],[63.333333333333336,66.66666666666667],[63.5,67.0],[63.285714285714285,67.28571428571428]],[[69.0,70.5],[68.77777777777777,70.22222222222223],[68.77777777777777,69.77777777777777],[69.0,69.5],[69.33333333333334,69.66666666666667],[69.5,70.0],[69.33333333333334,70.33333333333334],[69.0,70.5]],[[83.71428571428571,45.285714285714285],[84.0,44.0],[83.57142857142858,43.42857142857143],[83.0,43.413793103448285],[82.75,43.25],[81.28571428571429,43.0],[82.77570093457945,42.77570093457943],[84.0,42.950819672131146],[85.11320754716981,42.88679245283019],[85.5,43.0],[85.6470588235294,43.35294117647059],[86.0,43.5],[86.13953488372093,43.86046511627907],[88.0,44.0],[88.26086956521739,44.73913043478261],[88.75,45.0],[89.0,46.0],[90.0,46.33333333333333],[90.36363636363636,46.63636363636364],[90.5,47.0],[90.0625,47.0625],[89.71428571428571,47.285714285714285],[89.28571428571428,47.285714285714285],[89.33333333333334,47.66666666666667],[89.1875,48.0],[89.04580152671755,48.04580152671756],[84.10526315789473,48.10526315789473],[84.32558139534885,48.674418604651166],[84.16470588235295,49.16470588235295],[84.0,49.23333333333333],[83.77049180327869,49.22950819672131],[83.41666666666667,49.0],[83.35714285714286,48.642857142857146],[82.61538461538461,48.38461538461539],[82.44444444444444,48.0],[83.0,47.375],[84.0,47.833333333333336],[84.77777777777777,47.77777777777778],[85.4,47.4],[85.66666666666667,47.0],[84.0,46.0],[83.71428571428571,45.285714285714285]],[[83.0,46.4],[81.0,46.25],[80.76923076923076,46.0],[80.77777777777777,45.77777777777778],[81.0,45.25],[81.5,45.0],[82.02222222222221,44.977777777777774],[82.21428571428572,45.785714285714285],[84.0,46.0],[83.0,46.4]],[[94.0,42.73913043478261],[94.85714285714286,43.0],[94.0,43.31578947368421],[93.0,43.4375],[92.80000000000001,43.0],[93.0,42.74074074074074],[93.26923076923077,42.730769230769226],[94.0,42.73913043478261]],[[97.0,36.0],[96.9047619047619,34.904761904761905],[97.28571428571428,34.285714285714285],[99.00000000000001,33.66666666666667],[99.08333333333333,33.91666666666667],[100.0,35.0],[100.28571428571428,35.71428571428571],[100.55555555555556,36.0],[100.0,36.3125],[98.0,36.416666666666664],[97.0,36.0]],[[100.22222222222223,45.22222222222222],[100.0,46.0],[99.60000000000001,45.4],[99.00000000000001,45.333333333333336],[98.80000000000001,44.2],[98.5,44.0],[99.0,43.625],[99.4,43.60000000000001],[99.75,44.0],[99.77777777777777,44.22222222222222],[100.5,45.0],[100.22222222222223,45.22222222222222]],[[101.625,46.0],[101.625,45.625],[102.0,45.25],[102.5,45.5],[102.5,46.0],[101.625,46.0]],[[102.5,45.0],[103.0,44.5],[103.5,44.5],[104.0,44.0],[104.0,45.0],[103.15384615384616,45.15384615384615],[102.5,45.5],[102.5,45.0]],[[110.33333333333334,38.0],[110.5,39.0],[110.33333333333334,40.0],[110.5,41.0],[110.0,41.333333333333336],[108.71428571428571,41.71428571428571],[108.0,42.5],[107.6,42.6],[107.5,43.0],[107.0,43.333333333333336],[106.66666666666669,43.333333333333336],[106.0,43.0],[106.0,42.0],[105.0,41.0],[105.0,40.0],[105.60000000000001,39.6],[106.0,39.66666666666667],[107.28571428571428,39.28571428571428],[108.66666666666667,38.66666666666667],[109.0,37.0],[110.13953488372093,36.86046511627907],[110.25,37.25],[110.125,37.875],[110.33333333333334,38.0]],[[104.0,39.0],[104.0,38.0],[105.0,37.833333333333336],[105.5,38.0],[105.4,38.4],[105.0,39.0],[104.0,39.0]],[[65.33333333333334,67.33333333333334],[65.0,67.5],[64.5,67.0],[64.6,66.60000000000001],[65.0,66.0],[65.4,66.60000000000001],[65.5,67.0],[65.33333333333334,67.33333333333334]],[[64.4,64.6],[64.0,64.75],[63.333333333333336,64.66666666666667],[62.0,64.0],[62.6,63.60000000000001],[63.00000000000001,63.66666666666667],[64.0,63.5],[64.4,63.60000000000001],[64.75,64.0],[64.6,64.4],[65.0,65.0],[64.4,64.6]],[[67.0,67.5],[66.66666666666667,67.33333333333334],[66.5,67.0],[66.66666666666667,66.66666666666667],[67.0,66.5],[67.28571428571428,66.71428571428571],[67.28571428571428,67.28571428571428],[67.0,67.5]],[[101.75,40.75],[101.42105263157895,41.421052631578945],[101.0,41.8],[100.60000000000001,41.6],[100.0,43.0],[99.94285714285715,41.94285714285714],[100.0,41.75],[100.46153846153847,41.46153846153846],[100.42857142857143,41.0],[100.69999999999999,40.0],[101.00000000000001,39.8],[102.00000000000001,39.66666666666667],[102.33333333333334,39.66666666666667],[102.75,40.0],[102.42857142857143,40.42857142857143],[101.75,40.75]],[[109.83333333333334,18.0],[109.86666666666666,17.866666666666667],[110.0,17.75],[110.18181818181819,17.81818181818182],[110.2,18.0],[109.83333333333334,18.0]]],[[[47.55555555555556,66.44444444444444],[49.0,66.0],[48.60000000000001,65.4],[48.0,65.0],[47.0,65.0],[47.0,66.0],[47.55555555555556,66.44444444444444]]],[[[60.5,74.0],[60.66666666666667,74.33333333333334],[61.0,74.5],[61.5,74.5],[61.5,73.5],[61.0,73.0],[60.5,73.5],[60.5,74.0]]],[[[61.5,74.5],[61.5,75.0],[62.0,75.5],[62.4,75.4],[62.5,75.0],[62.333333333333336,74.66666666666667],[62.0,74.5],[61.5,74.5]]],[[[68.5,77.0],[69.0,77.5],[69.5,77.0],[69.4,76.60000000000001],[69.0,76.5],[68.66666666666667,76.66666666666667],[68.5,77.0]]],[[[119.5,77.5],[118.60000000000001,77.4],[118.0,77.0],[117.5,77.5],[117.6,78.4],[118.0,79.0],[120.0,79.0],[120.0,78.0],[119.5,77.5]]],[[[61.9,78.1],[61.0,78.0],[56.0,78.0],[54.3,78.30000000000001],[54.0,79.0],[54.0,80.0],[59.0,80.0],[60.00000000000001,79.66666666666667],[61.0,80.0],[63.0,80.0],[62.8,79.2],[62.875,79.0],[62.63636363636363,78.36363636363636],[61.9,78.1]]],[[[71.47058823529412,78.52941176470587],[71.0,78.33333333333334],[70.0,78.5],[69.73333333333332,78.26666666666667],[68.91304347826087,78.08695652173914],[66.68,78.32],[65.66666666666667,78.33333333333334],[65.0,78.2],[64.52941176470588,78.52941176470587],[64.33333333333334,79.0],[64.4,79.4],[64.0,80.0],[68.92,79.92],[69.73333333333332,79.73333333333333],[70.0,79.5],[71.0,79.8],[71.60000000000001,79.6],[71.8,79.0],[71.47058823529412,78.52941176470587]]],[[[179.5460440985733,89.54604409857329],[179.31906614785993,90.0],[180.0,90.0],[180.0,89.31906614785993],[179.5460440985733,89.54604409857329]]]]}}]}