{"type":"FeatureCollection","features":[{"type":"Feature","properties":{"ageMa":100},"geometry":{"type":"MultiPolygon","coordinates":[[[[-48.0,-84.0],[-45.282051282051285,-83.71794871794872],[-43.6875,-83.6875],[-41.6,-84.0],[-42.0,-84.14285714285715],[-44.592592592592595,-84.40740740740742],[-46.3448275862069,-84.3448275862069],[-48.0,-84.0]]],[[[-115.59090909090908,-81.0],[-115.0,-80.675],[-114.47999999999999,-81.0],[-114.61194029850748,-81.38805970149254],[-115.0,-81.61904761904762],[-115.38805970149255,-81.38805970149254],[-115.59090909090908,-81.0]]],[[[-126.0,-79.93065693430657],[-126.492277992278,-79.49227799227799],[-126.53125,-79.0],[-126.40930979133228,-78.59069020866774],[-126.0,-78.33420365535248],[-125.59069020866775,-78.59069020866774],[-125.46875,-79.0],[-125.50772200772202,-79.49227799227799],[-126.0,-79.93065693430657]]],[[[-127.51750236518448,-79.48249763481552],[-128.0,-79.86440677966101],[-128.48617731172544,-79.48617731172546],[-128.56043956043956,-79.0],[-128.41769041769044,-78.58230958230958],[-128.0,-78.33420365535248],[-127.59069020866774,-78.59069020866774],[-127.46875,-79.0],[-127.51750236518448,-79.48249763481552]]],[[[-119.0,-79.90425531914893],[-119.49466537342387,-79.49466537342387],[-119.53125,-79.0],[-119.40930979133228,-78.59069020866774],[-119.0,-78.33420365535248],[-116.99999999999999,-78.29166666666666],[-116.54986760812004,-78.54986760812004],[-116.37037037037037,-79.0],[-116.4,-79.6],[-116.60000000000001,-79.6],[-117.0,-79.87931034482759],[-119.0,-79.90425531914893]]],[[[-144.0,-79.84158415841584],[-148.0,-79.78703703703704],[-148.4815864022663,-79.48158640226629],[-148.62962962962962,-79.0],[-148.43552519214347,-78.56447480785654],[-148.0,-78.33420365535248],[-143.0,-78.33420365535248],[-142.59069020866775,-78.59069020866774],[-142.46875,-79.0],[-142.54136690647482,-79.45863309352517],[-143.0,-79.81993569131834],[-144.0,-79.84158415841584]]],[[[-80.50340798442063,-76.49659201557935],[-81.0,-76.90425531914893],[-81.4847908745247,-76.48479087452472],[-81.53125,-76.0],[-81.40930979133226,-75.59069020866774],[-81.0,-75.33420365535248],[-80.58230958230959,-75.58230958230959],[-80.43956043956044,-76.0],[-80.50340798442063,-76.49659201557935]]],[[[-48.23076923076923,-67.76923076923077],[-47.57142857142857,-68.0],[-47.73913043478261,-68.26086956521739],[-48.0,-68.375],[-49.0,-68.0],[-48.23076923076923,-67.76923076923077]]],[[[-32.916666666666664,0.08333333333333331],[-32.5,0.0],[-32.4,-0.4],[-31.6,-1.6],[-31.0,-1.75],[-30.333333333333336,-1.6666666666666665],[-30.0,-1.5],[-29.0,-1.5],[-28.0,-1.6666666666666665],[-27.0,-2.0],[-26.0,-3.0],[-25.333333333333336,-3.3333333333333335],[-25.0,-5.0],[-24.0,-6.0],[-24.0,-7.0],[-22.0,-7.0],[-22.0,-8.0],[-21.333333333333336,-8.333333333333334],[-20.666666666666668,-8.333333333333334],[-20.0,-8.0],[-19.973684210526315,-7.0],[-19.545454545454547,-6.454545454545455],[-19.0,-6.372881355932203],[-18.59340659340659,-6.593406593406593],[-18.52258064516129,-7.47741935483871],[-19.0,-8.0],[-18.0,-9.0],[-17.833333333333336,-9.833333333333332],[-16.0,-9.947368421052632],[-15.777777777777779,-9.777777777777779],[-15.222222222222221,-9.777777777777779],[-15.448979591836736,-9.448979591836736],[-15.379310344827585,-9.0],[-15.0,-8.82258064516129],[-14.725000000000001,-9.275],[-14.95,-9.95],[-13.8,-10.0],[-13.38095238095238,-10.380952380952381],[-12.0,-11.0],[-11.511111111111111,-10.488888888888887],[-11.0,-10.409090909090908],[-10.0,-10.482142857142858],[-9.675977653631286,-10.675977653631286],[-9.528455284552845,-11.471544715447155],[-9.818181818181818,-11.818181818181818],[-9.0,-12.5],[-8.964285714285715,-14.0],[-8.851851851851851,-14.851851851851851],[-8.72972972972973,-15.0],[-8.876543209876543,-15.123456790123456],[-8.992727272727272,-16.007272727272728],[-9.789473684210527,-16.210526315789473],[-10.0,-17.066666666666666],[-10.82089552238806,-17.17910447761194],[-11.0,-19.0],[-11.813953488372093,-19.186046511627907],[-12.0,-19.727272727272727],[-12.696969696969697,-20.303030303030305],[-12.81081081081081,-22.0],[-12.659574468085108,-22.659574468085104],[-12.0,-23.0],[-12.0,-25.0],[-12.4,-25.6],[-12.5,-26.0],[-12.96078431372549,-26.03921568627451],[-13.0,-27.0],[-13.685714285714287,-27.314285714285713],[-13.930232558139535,-28.0],[-14.18181818181818,-29.81818181818182],[-15.793103448275861,-30.206896551724135],[-16.285714285714285,-30.71428571428571],[-18.03174603174603,-30.96825396825397],[-18.31578947368421,-31.684210526315788],[-19.0,-31.923076923076923],[-20.5,-32.0],[-21.0,-33.0],[-21.173913043478258,-33.82608695652174],[-22.0,-34.0],[-21.363636363636363,-34.36363636363636],[-21.142857142857142,-35.0],[-21.5,-35.5],[-22.0,-35.75],[-22.12903225806452,-36.12903225806452],[-22.12903225806452,-36.87096774193549],[-23.0,-37.0],[-23.11111111111111,-38.0],[-23.424242424242426,-38.57575757575757],[-24.0,-38.888888888888886],[-25.0,-39.0],[-25.22222222222222,-39.77777777777777],[-25.5,-40.0],[-25.25,-40.25],[-25.166666666666668,-41.00000000000001],[-25.736842105263158,-41.26315789473684],[-26.0,-41.833333333333336],[-26.200000000000003,-41.8],[-26.5,-42.0],[-27.285714285714285,-42.71428571428571],[-28.0,-43.0],[-30.0,-43.0],[-30.5,-43.5],[-30.666666666666664,-44.0],[-30.444444444444443,-44.444444444444436],[-30.0,-44.66666666666667],[-30.0,-46.0],[-30.6,-45.6],[-31.0,-45.5],[-32.0,-46.0],[-31.0,-46.16666666666667],[-30.523809523809522,-46.523809523809526],[-30.5,-47.0],[-31.0,-47.5],[-32.0,-47.666666666666664],[-33.0,-47.57142857142857],[-33.239999999999995,-47.760000000000005],[-33.333333333333336,-48.0],[-33.285714285714285,-49.0],[-32.964285714285715,-50.0],[-33.6078431372549,-50.3921568627451],[-34.0,-51.84615384615385],[-34.46875,-52.53125],[-34.6,-53.0],[-34.61538461538461,-54.0],[-34.484848484848484,-54.484848484848484],[-33.74285714285714,-55.74285714285714],[-33.475,-56.474999999999994],[-33.0,-56.79166666666667],[-32.0,-56.75],[-30.916666666666664,-57.0],[-30.439999999999998,-57.44],[-29.1,-58.0],[-28.666666666666664,-59.0],[-28.77777777777778,-59.22222222222222],[-29.0,-59.28571428571429],[-29.344827586206897,-59.6551724137931],[-29.714285714285715,-60.28571428571428],[-30.0,-60.42857142857143],[-30.53846153846154,-61.46153846153847],[-31.0,-61.69230769230769],[-34.0,-61.785714285714285],[-35.0,-61.71428571428571],[-35.476190476190474,-61.476190476190474],[-35.78378378378378,-60.78378378378379],[-36.0,-60.5],[-36.34782608695652,-60.34782608695652],[-36.5,-60.0],[-36.87096774193549,-57.87096774193548],[-37.41379310344828,-57.41379310344827],[-38.0,-56.33333333333333],[-39.0,-55.33333333333333],[-39.5,-55.5],[-39.714285714285715,-57.0],[-39.714285714285715,-58.0],[-40.270270270270274,-58.72972972972973],[-40.57575757575758,-59.42424242424242],[-41.22222222222222,-59.77777777777778],[-41.6,-60.400000000000006],[-42.0,-60.625],[-42.434782608695656,-60.434782608695656],[-42.714285714285715,-60.0],[-43.55555555555555,-59.55555555555555],[-43.84210526315789,-58.8421052631579],[-44.411764705882355,-58.41176470588235],[-44.58333333333333,-58.0],[-44.733333333333334,-54.0],[-44.6,-53.0],[-45.0,-52.0],[-45.303030303030305,-54.696969696969695],[-45.625,-56.0],[-45.76923076923077,-56.230769230769226],[-46.0,-56.3],[-46.15909090909091,-56.84090909090909],[-46.22222222222222,-59.77777777777778],[-46.6,-60.400000000000006],[-47.0,-60.53846153846154],[-47.58333333333333,-59.99999999999999],[-48.0,-59.82142857142857],[-48.19491525423729,-59.19491525423729],[-48.14942528735632,-54.85057471264368],[-48.086956521739125,-53.913043478260875],[-47.84210526315789,-53.0],[-48.0,-52.0],[-48.68421052631578,-51.68421052631579],[-48.99999999999999,-51.73913043478261],[-49.45751633986928,-52.54248366013072],[-49.87434554973822,-54.12565445026178],[-50.23809523809524,-54.76190476190476],[-50.65625,-56.0],[-50.87096774193548,-57.12903225806451],[-50.77884615384615,-59.0],[-51.0,-59.958333333333336],[-52.0,-59.42857142857143],[-52.53488372093023,-58.53488372093023],[-52.64912280701755,-58.0],[-52.57142857142857,-57.0],[-52.0,-54.22222222222222],[-51.50561797752809,-53.49438202247191],[-51.0,-52.37931034482759],[-50.79047619047619,-52.20952380952381],[-50.522388059701484,-51.0],[-49.956043956043956,-50.043956043956044],[-49.67213114754099,-49.0],[-48.748148148148154,-47.25185185185185],[-47.84466019417476,-44.15533980582524],[-47.75,-43.0],[-47.01980198019802,-40.98019801980198],[-46.885245901639344,-40.0],[-46.20930232558139,-37.7906976744186],[-45.642276422764226,-34.357723577235774],[-45.08571428571428,-33.0],[-44.93495934959349,-27.934959349593495],[-45.0,-27.5],[-45.65217391304348,-26.652173913043477],[-46.0,-25.625],[-46.37735849056604,-25.37735849056604],[-47.25,-24.0],[-47.7,-23.700000000000003],[-48.11904761904762,-23.11904761904762],[-49.0,-22.95],[-49.18627450980392,-22.186274509803923],[-50.009302325581395,-22.009302325581395],[-50.12068965517241,-21.120689655172413],[-50.464646464646464,-20.464646464646467],[-51.0,-20.0],[-51.25675675675676,-19.256756756756758],[-51.67857142857143,-19.0],[-52.091428571428565,-18.091428571428573],[-52.36363636363637,-18.0],[-52.582089552238806,-17.582089552238806],[-53.0,-17.263157894736842],[-53.99999999999999,-15.909090909090908],[-54.322580645161295,-14.677419354838712],[-54.421052631578945,-13.578947368421051],[-54.08333333333333,-12.916666666666668],[-53.55555555555555,-12.444444444444445],[-52.99999999999999,-12.299999999999999],[-51.303030303030305,-12.303030303030303],[-50.578947368421055,-12.578947368421051],[-50.333333333333336,-13.0],[-49.5609756097561,-13.560975609756097],[-49.30769230769231,-14.0],[-48.44444444444444,-14.444444444444443],[-48.22222222222222,-15.0],[-48.0,-15.222222222222221],[-47.44444444444444,-15.444444444444443],[-47.0,-16.285714285714285],[-46.51219512195122,-16.51219512195122],[-46.0,-17.444444444444443],[-45.6,-17.6],[-45.5,-18.0],[-45.22222222222222,-18.22222222222222],[-45.0,-19.0],[-44.230769230769226,-19.23076923076923],[-44.0,-19.6],[-43.68421052631579,-19.315789473684212],[-43.760000000000005,-18.759999999999998],[-44.400000000000006,-18.400000000000002],[-44.44444444444444,-18.0],[-44.92592592592593,-16.925925925925924],[-45.52941176470588,-16.529411764705884],[-45.785714285714285,-15.785714285714285],[-46.41379310344827,-15.413793103448276],[-46.652173913043484,-14.652173913043478],[-47.4,-13.4],[-47.5,-13.0],[-47.68421052631579,-10.684210526315788],[-47.63636363636364,-9.636363636363637],[-48.0,-8.0],[-47.857142857142854,-7.142857142857142],[-47.800000000000004,-4.0],[-47.63636363636364,-3.0],[-47.22222222222222,-1.7777777777777777],[-46.22222222222222,-0.7777777777777778],[-45.52380952380952,-0.47619047619047616],[-45.0,0.25],[-43.625,0.625],[-43.23529411764706,1.2352941176470589],[-42.0,1.4],[-41.68421052631579,1.6842105263157894],[-41.32,2.3200000000000003],[-40.63636363636364,2.3636363636363638],[-39.0,2.0],[-38.13953488372093,2.1395348837209305],[-36.0,2.0],[-35.400000000000006,1.6],[-35.0,1.5],[-34.8,1.2000000000000002],[-34.0,1.0],[-32.916666666666664,0.08333333333333331]],[[-39.5,-55.0],[-39.80952380952381,-54.80952380952381],[-40.0,-54.5],[-40.22222222222222,-54.77777777777778],[-40.22222222222222,-55.0],[-40.0,-55.333333333333336],[-39.5,-55.5],[-39.5,-55.0]]],[[[-11.341463414634145,-26.65853658536585],[-11.0,-26.363636363636367],[-10.671875,-27.0],[-11.0,-27.328125],[-11.233333333333334,-27.233333333333334],[-11.341463414634145,-26.65853658536585]]],[[[-50.15384615384615,-7.846153846153847],[-50.29629629629629,-8.703703703703702],[-50.69230769230769,-9.307692307692308],[-51.0,-9.444444444444445],[-51.565217391304344,-10.434782608695652],[-53.0,-10.818181818181818],[-53.52380952380952,-10.523809523809524],[-53.94736842105263,-9.947368421052632],[-54.18181818181818,-9.181818181818182],[-54.18181818181818,-7.818181818181818],[-54.0,-7.5],[-53.75609756097561,-6.2439024390243905],[-53.0,-5.375],[-52.625,-4.375],[-52.0,-4.185185185185185],[-50.32,-4.32],[-49.629629629629626,-4.62962962962963],[-49.347826086956516,-5.3478260869565215],[-49.36363636363636,-7.0],[-49.58823529411765,-7.411764705882352],[-50.15384615384615,-7.846153846153847]]],[[[-24.714285714285715,-3.2857142857142856],[-24.875,-3.0],[-23.0,-2.708333333333333],[-22.704225352112676,-3.0],[-22.666666666666668,-3.3333333333333335],[-23.0,-3.84],[-23.866666666666667,-3.8666666666666667],[-24.363636363636367,-3.6363636363636362],[-24.714285714285715,-3.7142857142857144],[-24.714285714285715,-3.2857142857142856]]],[[[-30.0,0.8787878787878788],[-29.53968253968254,0.46031746031746035],[-29.236842105263158,0.0],[-29.333333333333336,-0.33333333333333337],[-29.090909090909093,-0.9090909090909092],[-30.0,-0.9666666666666667],[-30.833333333333332,-0.8333333333333333],[-30.96666666666667,0.0],[-30.866666666666667,0.8666666666666667],[-30.210526315789473,0.7894736842105263],[-30.0,0.8787878787878788]]],[[[-28.52727272727273,1.0],[-28.0,1.2929292929292928],[-27.79861111111111,1.2013888888888888],[-27.711442786069654,0.7114427860696517],[-28.0,0.30952380952380953],[-28.42962962962963,0.5703703703703704],[-28.52727272727273,1.0]]],[[[-57.0,4.0],[-56.98412698412698,3.015873015873016],[-56.85714285714286,2.8571428571428568],[-57.0,2.666666666666667],[-57.28571428571428,2.714285714285714],[-57.77777777777777,3.2222222222222223],[-58.0,3.1666666666666665],[-58.3125,4.0],[-57.0,4.0]]],[[[-62.14285714285714,5.0],[-58.98540145985402,4.985401459854015],[-59.15384615384616,4.846153846153847],[-59.846153846153854,4.846153846153847],[-60.0,4.0],[-61.0,4.0],[-61.06451612903226,4.935483870967742],[-62.14285714285714,5.0]]],[[[-21.0,6.0],[-21.06896551724138,7.0],[-20.902439024390244,7.097560975609756],[-20.333333333333336,7.0],[-21.0,6.0]]],[[[-17.1,14.100000000000001],[-17.0,14.5],[-16.77777777777778,14.222222222222221],[-16.75,13.75],[-17.333333333333332,14.0],[-17.1,14.100000000000001]]],[[[-165.0,87.6875],[-157.0,87.91666666666666],[-152.0,87.57142857142857],[-150.875,87.875],[-149.9047619047619,87.9047619047619],[-149.0,88.25],[-148.5,88.0],[-146.51999999999998,87.48],[-146.0689655172414,86.93103448275862],[-144.78947368421052,86.21052631578948],[-144.0,85.19999999999999],[-142.75,84.0],[-142.0,83.57142857142857],[-140.0,82.80000000000001],[-139.0,82.88888888888889],[-135.4,82.6],[-133.0,81.80000000000001],[-131.0,81.5],[-130.0,81.57142857142857],[-128.0,80.8],[-126.23529411764706,80.76470588235294],[-125.0,80.57142857142857],[-124.0,80.19999999999999],[-123.0,80.33333333333333],[-122.0,80.0],[-121.0,80.28571428571429],[-120.33333333333334,80.0],[-120.00000000000001,79.66666666666667],[-119.0,80.16666666666667],[-118.2,79.8],[-117.75,79.75],[-117.0,80.25],[-116.0,80.16666666666667],[-115.0,80.25],[-114.19999999999999,79.8],[-112.7142857142857,79.28571428571428],[-112.4,78.60000000000001],[-111.75,78.25],[-111.0,78.2],[-110.0,78.42857142857143],[-109.0,78.25],[-108.0,78.4],[-106.0,78.33333333333334],[-104.0,78.5],[-101.63636363636364,78.36363636363636],[-100.0,78.0],[-99.0,78.4],[-98.0,78.6],[-96.0,78.25],[-95.5,78.5],[-94.0,78.75],[-93.0,78.0],[-92.0,78.0],[-91.33333333333334,77.66666666666667],[-90.69999999999999,77.7],[-90.03846153846153,78.03846153846153],[-84.0,78.0],[-83.9,77.1],[-82.0,77.0],[-81.22222222222223,76.77777777777777],[-80.60000000000001,76.4],[-78.28571428571428,75.71428571428571],[-77.33333333333334,75.0],[-76.13793103448276,74.86206896551724],[-76.0,74.66666666666667],[-75.52941176470588,74.52941176470587],[-75.4,74.6],[-75.44444444444444,74.44444444444443],[-75.08888888888889,73.91111111111111],[-73.28,73.72],[-72.55555555555556,73.44444444444444],[-72.2,73.0],[-72.21052631578948,72.78947368421052],[-72.0,72.5],[-71.0,72.0],[-71.0,71.0],[-66.0,71.0],[-64.55555555555554,71.55555555555554],[-64.5,72.5],[-64.0,72.4],[-63.76470588235294,72.23529411764706],[-63.63636363636363,71.63636363636363],[-64.0,71.0],[-63.2,70.80000000000001],[-62.66666666666667,70.0],[-62.333333333333336,69.0],[-62.0,68.5],[-61.66666666666667,68.33333333333334],[-61.0,68.33333333333333],[-60.6,68.0],[-61.63636363636363,65.63636363636364],[-63.15384615384615,63.15384615384615],[-63.2,62.0],[-62.647058823529406,61.35294117647058],[-62.57142857142857,61.0],[-62.0,60.0],[-62.0,59.0],[-62.38095238095237,56.38095238095238],[-62.333333333333336,54.66666666666667],[-62.0,54.0],[-61.54545454545455,53.45454545454545],[-61.3,52.7],[-60.77777777777778,52.22222222222222],[-60.0,51.0],[-59.519999999999996,50.48],[-59.26086956521739,49.73913043478261],[-58.75,49.25],[-58.10526315789474,47.89473684210526],[-57.57894736842105,47.421052631578945],[-57.35294117647059,46.647058823529406],[-57.0,44.0],[-56.0,43.5],[-55.800000000000004,43.8],[-55.22222222222222,44.22222222222222],[-54.0,44.8],[-53.35294117647058,45.35294117647059],[-51.66666666666667,46.0],[-50.60000000000001,46.6],[-49.22222222222223,48.22222222222222],[-48.565217391304344,48.565217391304344],[-48.0,49.2],[-47.0,49.33333333333333],[-45.76470588235294,49.23529411764706],[-43.65217391304348,48.34782608695652],[-41.57142857142858,46.42857142857143],[-41.230769230769226,45.76923076923077],[-40.56521739130435,45.43478260869565],[-40.07142857142857,44.92857142857143],[-39.28571428571428,44.71428571428571],[-39.0,44.25],[-38.0,44.4],[-37.69230769230769,44.30769230769231],[-37.0,43.5],[-36.5,43.5],[-36.0,43.0],[-36.0,44.0],[-35.75,45.0],[-36.42857142857143,45.57142857142857],[-37.333333333333336,46.66666666666667],[-37.64705882352941,47.35294117647058],[-38.0,47.599999999999994],[-39.0,47.599999999999994],[-39.733333333333334,48.266666666666666],[-40.4,48.60000000000001],[-41.44444444444444,49.55555555555556],[-43.22222222222222,51.77777777777778],[-43.53846153846154,52.46153846153847],[-44.0,53.0],[-44.4,54.0],[-45.0,55.0],[-46.13333333333334,55.86666666666667],[-46.55555555555555,56.44444444444444],[-47.13333333333333,56.86666666666667],[-47.5,57.5],[-48.166666666666664,58.0],[-48.4,60.0],[-47.75,61.0],[-47.4,62.4],[-46.81818181818182,62.81818181818182],[-46.66666666666667,64.0],[-47.0,65.0],[-47.0,66.0],[-47.6,66.4],[-48.0,67.0],[-49.0,68.0],[-49.285714285714285,69.0],[-48.55555555555556,70.0],[-48.0,70.35714285714286],[-47.0,70.88888888888889],[-46.05882352941176,71.05882352941177],[-45.0,71.57142857142857],[-44.0,71.66666666666667],[-43.5,71.5],[-43.0,71.0],[-42.0,71.0],[-42.0,72.0],[-37.0,72.0],[-36.5,72.5],[-36.0,72.6923076923077],[-35.421052631578945,72.57894736842104],[-34.14285714285714,71.85714285714286],[-33.0,71.8],[-32.0,71.55555555555556],[-31.0,71.8],[-28.62962962962963,71.62962962962962],[-27.0,72.0],[-26.0,72.0],[-25.0,71.63636363636364],[-23.0,71.61538461538461],[-16.5,71.0],[-15.0,70.42857142857143],[-14.764705882352942,70.23529411764707],[-12.833333333333334,70.0],[-12.0,69.61538461538461],[-11.68,69.32000000000001],[-10.944444444444445,69.05555555555556],[-10.119047619047619,69.11904761904762],[-8.833333333333332,69.0],[-8.454545454545453,68.54545454545455],[-7.733333333333333,68.26666666666667],[-3.5,68.0],[-2.4615384615384617,67.53846153846155],[-1.65625,67.34375],[1.0,67.08474576271186],[3.875,67.125],[4.0,67.4],[8.235294117647058,67.76470588235294],[9.0,68.25],[10.0,68.57142857142857],[11.0,68.375],[12.0,68.44444444444444],[13.0,68.3],[16.01851851851852,69.01851851851852],[21.97058823529412,69.02941176470588],[23.0,68.88888888888889],[24.0,69.0],[25.0,68.71428571428571],[25.400000000000002,68.4],[25.555555555555557,68.0],[25.333333333333332,67.0],[24.741935483870968,66.25806451612902],[24.4375,65.5625],[23.81818181818182,65.18181818181819],[23.461538461538463,64.53846153846155],[22.75,64.25],[22.272727272727273,63.72727272727272],[21.619047619047617,63.38095238095238],[19.0,63.1],[16.76923076923077,63.230769230769226],[16.0,63.0],[15.0,63.0],[14.0,62.71428571428571],[12.8,62.199999999999996],[12.4,61.6],[11.692307692307693,61.30769230769231],[11.133333333333333,60.86666666666666],[10.418604651162791,60.581395348837205],[9.551724137931036,60.44827586206896],[9.0,59.66666666666667],[7.75,59.25],[7.0,58.5],[6.071428571428571,57.92857142857142],[5.875,57.0],[5.341463414634147,56.65853658536585],[5.044444444444444,55.955555555555556],[4.5,55.5],[4.260869565217391,54.73913043478261],[3.8666666666666667,54.13333333333333],[3.230769230769231,52.0],[1.8571428571428572,51.0],[-0.43478260869565216,50.43478260869565],[-1.4285714285714284,50.0],[-4.51111111111111,49.51111111111111],[-5.28,49.28],[-5.583333333333333,49.0],[-7.0,48.77142857142857],[-7.551020408163265,48.55102040816327],[-7.9655172413793105,47.96551724137931],[-8.857142857142858,47.857142857142854],[-9.53623188405797,47.536231884057976],[-10.2,47.0],[-11.458333333333332,46.458333333333336],[-12.0,45.8125],[-12.977011494252872,44.97701149425288],[-13.210526315789474,44.21052631578947],[-14.0,43.66666666666667],[-14.583333333333334,42.583333333333336],[-16.11764705882353,42.11764705882353],[-16.200000000000003,41.00000000000001],[-16.0,40.800000000000004],[-15.789473684210527,40.0],[-15.85,39.0],[-15.75,38.25],[-15.333333333333336,37.0],[-15.515151515151516,36.51515151515152],[-16.166666666666668,36.16666666666667],[-16.400000000000002,35.400000000000006],[-17.25,35.0],[-17.5,34.5],[-18.0,34.25],[-18.352941176470587,34.64705882352941],[-18.42857142857143,35.0],[-18.789473684210527,35.21052631578947],[-20.77777777777778,35.22222222222222],[-21.285714285714285,35.71428571428571],[-21.4,36.0],[-22.0,36.214285714285715],[-23.384615384615387,36.38461538461538],[-23.857142857142854,35.85714285714286],[-24.52,35.519999999999996],[-27.0,35.5],[-28.571428571428573,34.57142857142857],[-29.0,34.5],[-29.400000000000002,34.6],[-29.75,35.0],[-29.400000000000002,35.400000000000006],[-28.636363636363633,35.63636363636364],[-28.5,36.0],[-29.0,36.4],[-30.000000000000004,36.333333333333336],[-30.25,36.25],[-30.666666666666668,35.66666666666667],[-33.0,35.25],[-33.5,35.0],[-34.0,34.0],[-33.77777777777778,32.77777777777778],[-34.0,32.66666666666667],[-34.8,33.2],[-36.0,33.0],[-36.5,32.5],[-38.0,32.0],[-39.0,31.0],[-40.0,31.0],[-40.0,28.0],[-41.0,28.0],[-41.81818181818182,27.818181818181817],[-42.0,27.0],[-43.0,27.0],[-43.81818181818182,26.818181818181817],[-44.0,26.5],[-44.400000000000006,26.400000000000002],[-45.0,26.0],[-45.77777777777778,25.77777777777778],[-46.0,25.0],[-46.77777777777777,24.77777777777778],[-48.111111111111114,24.88888888888889],[-49.81818181818181,24.81818181818182],[-50.0,24.0],[-50.33333333333333,25.0],[-50.63636363636363,25.363636363636363],[-51.333333333333336,25.66666666666667],[-52.0,26.333333333333336],[-52.44444444444444,26.555555555555554],[-54.0,27.0],[-57.0,27.0],[-57.86666666666667,27.133333333333333],[-60.0,27.105263157894736],[-60.769230769230774,27.230769230769234],[-61.66666666666667,28.333333333333336],[-62.0,29.0],[-61.6,29.6],[-60.48275862068966,30.48275862068966],[-60.0,30.636363636363637],[-58.73913043478261,30.73913043478261],[-58.25,31.0],[-57.6,31.6],[-56.785714285714285,31.785714285714285],[-56.400000000000006,32.0],[-56.0,33.0],[-56.2,34.0],[-55.89473684210526,34.89473684210526],[-56.2,36.0],[-56.0,37.0],[-56.16666666666667,38.0],[-56.5,38.5],[-57.6,39.400000000000006],[-59.0,39.2],[-59.733333333333334,38.733333333333334],[-61.16666666666667,38.166666666666664],[-61.61904761904761,37.61904761904762],[-63.0,37.0],[-63.42857142857143,36.0],[-63.60000000000001,34.6],[-64.45454545454545,32.45454545454545],[-64.80952380952381,31.80952380952381],[-65.3225806451613,31.32258064516129],[-65.57142857142857,30.571428571428573],[-66.06896551724138,30.068965517241377],[-66.60000000000001,28.6],[-67.0,28.0],[-66.85714285714286,26.857142857142854],[-66.7,26.0],[-66.25,25.0],[-66.10526315789474,22.894736842105264],[-65.66666666666667,22.333333333333336],[-65.0,20.166666666666668],[-64.51515151515152,19.484848484848484],[-64.38461538461539,19.0],[-64.0,18.375],[-63.72727272727272,18.272727272727273],[-63.266666666666666,17.733333333333334],[-62.97826086956522,17.02173913043478],[-62.20689655172414,15.793103448275861],[-59.512195121951216,13.48780487804878],[-59.0,12.428571428571429],[-58.73913043478261,12.26086956521739],[-58.625,12.0],[-58.57142857142857,11.0],[-58.903225806451616,10.903225806451614],[-59.31111111111112,10.31111111111111],[-59.875,10.0],[-61.801980198019805,9.801980198019802],[-62.66101694915254,9.661016949152541],[-63.0,9.473684210526315],[-64.0,9.357142857142856],[-65.33333333333334,9.666666666666668],[-65.66666666666667,10.0],[-67.7037037037037,11.296296296296296],[-68.4,12.0],[-69.0,12.375],[-69.17777777777778,15.0],[-69.4,15.600000000000001],[-70.57831325301206,17.42168674698795],[-71.06763285024155,17.932367149758456],[-71.40243902439025,18.597560975609756],[-71.825,19.0],[-72.48322147651007,20.516778523489933],[-73.02777777777777,21.0],[-73.2051282051282,21.794871794871796],[-74.0,22.684210526315788],[-74.4047619047619,23.595238095238095],[-75.0,24.166666666666664],[-75.23357664233576,25.766423357664234],[-76.0,26.961538461538463],[-76.08530805687204,27.914691943127963],[-76.36363636363637,28.636363636363633],[-76.9090909090909,29.0],[-77.09677419354838,29.903225806451612],[-77.23684210526315,30.0],[-77.39285714285714,30.607142857142858],[-77.78571428571428,31.0],[-78.0,31.428571428571423],[-78.24719101123596,33.752808988764045],[-78.57746478873239,34.4225352112676],[-79.0,34.78947368421053],[-79.21621621621622,35.78378378378378],[-79.53333333333333,36.0],[-79.64285714285714,37.0],[-79.52380952380952,37.523809523809526],[-79.22222222222223,38.22222222222222],[-79.0,38.400000000000006],[-78.88,38.88],[-78.61904761904762,41.61904761904762],[-78.0,42.166666666666664],[-77.7560975609756,42.756097560975604],[-77.16666666666667,43.0],[-77.0,43.199999999999996],[-76.6,44.0],[-75.91666666666666,46.0],[-76.46666666666667,46.53333333333333],[-77.0,48.0],[-77.57894736842104,48.421052631578945],[-77.82608695652173,49.17391304347826],[-78.47826086956523,49.52173913043478],[-78.77272727272728,50.22727272727273],[-79.36363636363636,50.63636363636363],[-80.0,51.55555555555556],[-80.3076923076923,51.69230769230769],[-81.0,53.0],[-81.66666666666667,53.333333333333336],[-81.94999999999999,54.05],[-83.0,55.15384615384616],[-83.4074074074074,56.592592592592595],[-84.83333333333334,59.0],[-84.93333333333332,60.0],[-85.55555555555556,60.444444444444436],[-85.70588235294117,61.0],[-86.0,61.19230769230769],[-86.73684210526316,61.26315789473684],[-87.0,61.416666666666664],[-88.0,61.35714285714285],[-89.0,61.07692307692308],[-89.40677966101694,61.59322033898305],[-90.17687074829932,61.82312925170068],[-92.28571428571429,62.0],[-93.0,62.3125],[-94.0,62.25],[-95.0,62.36363636363636],[-96.0,63.0],[-97.0,63.15],[-99.75757575757575,63.24242424242424],[-100.4,63.60000000000001],[-100.66666666666667,64.0],[-102.8,64.2],[-103.52941176470588,64.47058823529412],[-103.91666666666666,65.0],[-105.72222222222223,65.27777777777777],[-106.0,65.5],[-108.0,65.5],[-109.0,65.25],[-113.0,65.8],[-114.0,65.4],[-115.0,65.57142857142857],[-115.99999999999999,65.42857142857142],[-119.0,65.5],[-120.0,65.66666666666667],[-123.0,65.5],[-125.0,66.0],[-127.0,66.16666666666667],[-128.0,66.6],[-129.0,66.8],[-130.0,66.75],[-132.0,67.22222222222223],[-133.625,67.375],[-135.0,68.09090909090908],[-137.625,68.375],[-139.0,68.8],[-140.0,68.8],[-141.0,69.18181818181819],[-143.0,69.375],[-144.0,69.25],[-145.0,69.375],[-146.125,69.125],[-148.12030075187968,69.8796992481203],[-149.75,70.0],[-151.0,70.46153846153847],[-151.27450980392157,70.72549019607844],[-153.0,71.0],[-154.43478260869566,71.56521739130434],[-155.73333333333335,72.26666666666667],[-157.38095238095238,72.61904761904762],[-157.93333333333334,73.06666666666666],[-161.0,73.3],[-162.23529411764707,73.76470588235294],[-162.4,74.0],[-162.8125,74.1875],[-164.4,74.6],[-165.33333333333334,75.0],[-168.0,75.53846153846155],[-168.26666666666665,75.73333333333333],[-171.0,76.21428571428572],[-177.0,76.5],[-178.0,76.4],[-178.42857142857142,76.57142857142857],[-178.93548387096774,77.06451612903226],[-179.74358974358972,77.25641025641025],[-180.0,77.55555555555556],[-180.0,88.44444444444444],[-179.71428571428572,88.71428571428571],[-177.86206896551724,88.86206896551724],[-177.0,89.2],[-170.42105263157893,88.57894736842105],[-169.63636363636363,88.36363636363636],[-169.0625,87.9375],[-167.74193548387098,87.74193548387096],[-166.0,87.80000000000001],[-165.0,87.6875]],[[-71.0,67.33333333333334],[-73.0,67.66666666666666],[-74.0,67.4],[-74.66666666666667,67.0],[-72.69230769230771,66.6923076923077],[-72.27272727272727,66.72727272727272],[-72.0,66.57142857142857],[-71.0,66.5],[-70.6923076923077,66.6923076923077],[-70.5,67.0],[-71.0,67.33333333333334]],[[-41.25,62.25],[-41.5,62.0],[-41.0,61.875],[-40.5,62.0],[-40.66666666666667,62.333333333333336],[-41.25,62.25]],[[-33.2,57.8],[-32.9,57.900000000000006],[-32.833333333333336,58.16666666666667],[-33.0,58.25],[-34.0,58.0],[-33.2,57.8]],[[-30.25,56.0],[-30.0,55.5],[-29.666666666666668,55.66666666666667],[-29.75,56.0],[-30.0,56.2],[-30.25,56.0]],[[-29.333333333333336,55.33333333333334],[-29.5,55.0],[-29.000000000000004,54.8],[-28.888888888888886,55.0],[-29.0,55.25],[-29.333333333333336,55.33333333333334]],[[-24.0,36.333333333333336],[-23.71428571428571,36.714285714285715],[-24.0,37.4],[-24.400000000000002,37.4],[-25.285714285714285,37.285714285714285],[-26.0,37.0],[-24.333333333333336,36.66666666666667],[-24.0,36.333333333333336]],[[-19.366666666666667,43.0],[-19.62,43.38],[-20.0,43.542857142857144],[-20.376237623762375,43.37623762376238],[-20.612903225806452,43.0],[-20.426966292134832,42.573033707865164],[-20.0,42.3448275862069],[-19.558139534883722,42.55813953488372],[-19.366666666666667,43.0]],[[-35.71428571428571,56.285714285714285],[-36.0,56.25],[-38.285714285714285,56.71428571428571],[-38.166666666666664,57.0],[-38.333333333333336,57.333333333333336],[-38.333333333333336,57.66666666666667],[-40.0,58.0],[-40.421052631578945,57.421052631578945],[-40.44444444444444,57.0],[-40.29629629629629,56.7037037037037],[-39.0,56.375],[-38.6,56.400000000000006],[-38.25,55.75],[-37.57142857142858,55.42857142857143],[-37.0,54.8],[-36.0,55.0],[-35.5,56.0],[-35.71428571428571,56.285714285714285]],[[-30.909090909090907,59.0],[-31.0,59.16666666666667],[-32.0,59.0],[-31.0,58.800000000000004],[-30.909090909090907,59.0]],[[-32.5,56.0],[-32.4,55.60000000000001],[-32.0,55.0],[-31.75,56.0],[-32.0,56.16666666666667],[-32.5,56.0]]],[[[-114.0,62.0],[-113.0,62.33333333333333],[-111.0,62.285714285714285],[-110.33333333333334,62.0],[-114.0,62.0]]],[[[-66.0,73.0],[-65.0,73.1875],[-64.5,73.0],[-64.5,72.5],[-65.0,72.4],[-65.46153846153847,72.53846153846153],[-66.0,73.0]]],[[[-70.625,73.375],[-71.0,73.3],[-71.48275862068967,73.51724137931035],[-71.72727272727272,74.27272727272727],[-72.0,74.6],[-73.0,75.0],[-70.33333333333334,75.0],[-69.85714285714286,74.14285714285714],[-69.0,74.0],[-69.5,73.5],[-70.0,73.5],[-70.25,73.25],[-70.625,73.375]]],[[[-74.55555555555554,75.55555555555556],[-75.0,75.33333333333334],[-75.66666666666667,76.0],[-74.5,76.0],[-74.55555555555554,75.55555555555556]]],[[[-180.0,89.01923076923077],[-180.0,90.0],[-179.03041825095056,90.0],[-179.04615384615386,89.04615384615384],[-180.0,89.01923076923077]]],[[[8.52,-75.48],[9.0,-75.6],[9.666666666666668,-76.0],[7.532467532467533,-76.53246753246754],[7.0,-76.78571428571428],[6.083333333333333,-75.99999999999999],[6.199999999999999,-75.80000000000001],[5.7333333333333325,-75.26666666666667],[5.37037037037037,-75.37037037037037],[4.0,-75.10714285714286],[3.1739130434782608,-75.17391304347825],[2.6190476190476186,-75.38095238095238],[2.307692307692308,-75.30769230769232],[2.0769230769230766,-76.0],[2.25,-76.75],[2.8333333333333335,-76.83333333333333],[3.0,-77.04545454545455],[1.5,-77.0],[1.25,-76.75],[1.0,-76.77777777777779],[0.5,-76.5],[0.125,-76.0],[0.3333333333333333,-75.0],[1.0,-74.5],[1.4285714285714286,-74.42857142857143],[1.84,-73.84],[2.5263157894736845,-73.52631578947368],[4.0,-73.2],[5.25,-74.0],[5.555555555555555,-74.44444444444443],[6.0,-74.75],[6.307692307692308,-74.6923076923077],[6.25,-75.0],[6.6000000000000005,-75.4],[8.52,-75.48]]],[[[11.0,-74.6],[11.46153846153846,-75.0],[11.0,-75.35294117647058],[10.707317073170731,-75.29268292682927],[10.7,-74.69999999999999],[11.0,-74.6]]],[[[14.416666666666666,-74.0],[14.999999999999998,-73.41666666666666],[15.875,-74.0],[15.358974358974358,-74.35897435897436],[15.0,-74.41176470588235],[14.416666666666666,-74.0]]],[[[137.25,-36.0],[137.52380952380952,-36.476190476190474],[138.0,-36.68181818181819],[138.08805031446542,-36.911949685534594],[139.29411764705884,-37.0],[139.55555555555554,-37.44444444444444],[140.0,-37.666666666666664],[140.12244897959184,-37.87755102040816],[140.66666666666669,-38.0],[140.08275862068967,-38.08275862068966],[140.0,-39.57142857142857],[138.66666666666669,-39.333333333333336],[138.0,-39.0],[137.0,-38.875],[136.0,-39.375],[135.16666666666666,-40.0],[135.22222222222223,-40.22222222222222],[135.0,-41.0],[135.0,-43.0],[134.75,-44.0],[135.33333333333334,-44.333333333333336],[136.0,-44.0],[135.8,-44.8],[136.275,-45.725],[137.33333333333334,-46.333333333333336],[137.75,-46.25],[137.66666666666669,-46.66666666666667],[137.89743589743588,-47.1025641025641],[138.25,-47.25],[138.75,-47.25],[139.0,-48.0],[140.0,-48.42857142857143],[140.1142857142857,-48.885714285714286],[141.0,-49.0],[141.35087719298244,-50.64912280701754],[142.75,-51.0],[144.0,-52.30769230769231],[144.47058823529412,-52.470588235294116],[145.0,-52.0],[144.52941176470588,-52.529411764705884],[144.82608695652175,-53.173913043478265],[145.0,-53.333333333333336],[145.42105263157893,-53.421052631578945],[146.0,-53.0],[145.71428571428572,-53.71428571428571],[146.31578947368422,-54.68421052631579],[147.0,-55.15384615384616],[147.34920634920633,-55.650793650793645],[148.0,-55.9375],[148.2135922330097,-56.78640776699029],[149.00833333333333,-56.99166666666667],[149.19354838709677,-57.806451612903224],[149.85714285714286,-58.0],[150.0,-58.28571428571429],[150.4,-58.60000000000001],[150.55555555555554,-59.0],[150.16666666666669,-59.166666666666664],[150.0,-60.5],[149.8,-61.00000000000001],[150.0,-62.0],[149.51999999999998,-62.52],[149.45454545454544,-63.0],[150.0,-63.5625],[151.15384615384616,-64.0],[151.6206896551724,-64.37931034482759],[153.0,-64.71875],[153.64285714285714,-65.0],[154.38596491228068,-65.61403508771929],[155.84615384615384,-66.0],[156.33802816901408,-66.66197183098592],[157.1437125748503,-66.8562874251497],[158.8181818181818,-67.0],[159.0,-67.15384615384616],[160.0,-67.29411764705881],[160.4,-67.6],[161.91666666666666,-68.0],[162.42857142857144,-68.57142857142857],[165.0,-69.0],[165.38461538461536,-69.61538461538461],[166.0,-69.78947368421052],[168.0,-69.9375],[168.4255319148936,-70.57446808510639],[169.0,-70.73170731707317],[172.0,-70.88235294117648],[172.5,-71.5],[173.0,-71.71428571428572],[173.48,-71.48],[174.0,-70.78947368421052],[174.5275590551181,-71.4724409448819],[175.0,-71.68181818181819],[175.48387096774195,-71.48387096774195],[176.0,-70.78947368421052],[177.0,-70.88235294117648],[177.5,-71.5],[178.0,-71.71428571428572],[178.48,-71.48],[179.0,-70.78947368421052],[179.41250000000002,-73.0],[179.34177215189874,-75.0],[179.56666666666666,-77.0],[179.51190476190476,-78.0],[179.1578947368421,-79.0],[179.14666666666665,-81.0],[179.42307692307693,-82.57692307692308],[180.0,-83.4375],[180.0,-90.0],[76.0,-90.0],[76.0,-89.0],[76.30769230769232,-88.30769230769232],[77.0,-88.0],[78.0,-88.0],[79.0,-88.33333333333334],[80.0,-88.0],[81.0,-88.0],[82.0,-88.22222222222221],[83.0,-88.0],[84.0,-88.0],[84.0,-87.0],[83.0,-87.0],[83.0,-86.0],[82.0,-86.0],[82.0,-85.0],[82.47272727272727,-84.47272727272727],[83.2016806722689,-84.2016806722689],[83.32432432432432,-84.0],[83.24000000000001,-83.75999999999999],[83.0,-83.6470588235294],[78.96363636363637,-83.96363636363637],[78.78947368421052,-84.21052631578948],[79.0,-85.0],[75.1,-84.89999999999999],[73.5,-85.0],[73.5,-85.5],[73.0,-86.0],[73.0,-88.0],[71.0,-88.0],[70.47368421052633,-87.5263157894737],[70.0,-87.4],[69.53846153846155,-87.53846153846155],[69.0,-88.0],[66.0,-88.0],[65.4375,-87.5625],[65.0,-87.46153846153847],[64.0,-87.6],[63.0,-88.0],[61.0,-88.0],[61.0,-89.0],[53.0,-89.0],[53.0,-88.0],[52.0,-88.0],[52.0,-89.0],[50.0,-89.0],[49.0,-88.0],[49.285714285714285,-87.28571428571428],[50.5,-87.0],[50.66666666666667,-86.66666666666667],[50.75,-86.0],[48.0,-85.73076923076924],[47.0,-85.82142857142857],[46.0,-85.6875],[44.97402597402598,-85.97402597402598],[45.0,-86.5],[45.2,-86.8],[45.63636363636364,-86.63636363636364],[46.0,-86.71428571428572],[47.0,-86.5],[47.37037037037037,-86.62962962962963],[48.0,-87.0],[48.0,-88.0],[44.0,-88.0],[44.0,-90.0],[-180.0,-90.0],[-180.0,-83.4375],[-172.0,-83.52380952380952],[-171.0,-83.66666666666667],[-167.0,-83.6],[-165.0,-83.45454545454544],[-162.15,-82.85],[-161.0,-82.8235294117647],[-160.0,-82.65],[-155.0,-82.9090909090909],[-151.0,-82.7],[-149.60000000000002,-82.4],[-146.0,-82.38461538461539],[-144.0,-83.0],[-143.0,-83.0],[-140.0,-83.33333333333334],[-138.0909090909091,-83.09090909090908],[-132.0,-83.41176470588235],[-125.74358974358974,-83.25641025641025],[-122.0,-83.4],[-117.0,-83.34782608695652],[-115.0,-83.13333333333334],[-114.0,-83.29411764705883],[-112.25806451612902,-82.74193548387098],[-106.0,-82.375],[-105.07407407407408,-81.92592592592592],[-104.14814814814815,-81.85185185185185],[-102.85714285714286,-82.14285714285714],[-100.0,-81.6875],[-97.6190476190476,-81.61904761904762],[-93.0,-81.92857142857142],[-91.28571428571428,-81.71428571428571],[-89.75,-81.25],[-89.5,-81.0],[-88.0,-80.86666666666667],[-87.58730158730158,-80.4126984126984],[-87.61764705882354,-80.0],[-87.0,-79.671875],[-86.3,-80.0],[-86.35294117647058,-80.35294117647058],[-86.0,-80.81818181818183],[-83.83333333333334,-80.83333333333334],[-83.16666666666666,-81.16666666666667],[-82.0,-81.5],[-81.0,-81.42857142857142],[-79.0,-80.76923076923077],[-74.0,-80.53333333333333],[-72.75,-80.25],[-72.0,-79.83333333333334],[-70.45714285714286,-79.54285714285714],[-68.61111111111111,-79.38888888888889],[-66.37037037037037,-78.62962962962962],[-64.0,-78.36363636363636],[-62.5,-77.5],[-62.0,-76.8],[-61.315789473684205,-77.3157894736842],[-60.0,-77.4090909090909],[-59.470588235294116,-77.0],[-59.372093023255815,-76.62790697674419],[-59.0,-76.11111111111111],[-58.0,-77.75],[-57.8,-77.8],[-57.66666666666667,-78.0],[-56.82222222222222,-78.17777777777778],[-56.5,-78.0],[-56.714285714285715,-77.0],[-56.2,-76.0],[-55.95652173913044,-74.95652173913044],[-57.0,-74.5],[-58.0,-74.64285714285714],[-58.52631578947369,-74.52631578947368],[-59.75,-74.0],[-59.46153846153847,-73.53846153846155],[-59.36363636363637,-73.0],[-59.0,-72.55555555555556],[-58.58333333333333,-72.41666666666667],[-57.733333333333334,-71.26666666666667],[-57.833333333333336,-71.0],[-57.40816326530612,-70.59183673469389],[-57.0,-70.41176470588235],[-56.0,-70.33333333333334],[-55.888888888888886,-70.11111111111111],[-54.9344262295082,-70.06557377049181],[-54.464285714285715,-69.53571428571429],[-52.72727272727272,-69.27272727272727],[-52.526315789473685,-69.0],[-52.48780487804878,-68.51219512195122],[-52.0,-68.09090909090908],[-51.35294117647059,-68.35294117647058],[-51.090909090909086,-69.0],[-51.38461538461539,-70.0],[-52.117647058823536,-70.88235294117646],[-53.5,-71.0],[-53.28571428571428,-71.28571428571428],[-53.421052631578945,-71.57894736842105],[-53.36363636363636,-72.0],[-53.62162162162163,-72.37837837837839],[-54.5,-73.0],[-54.71428571428571,-74.0],[-54.19230769230769,-74.1923076923077],[-53.28571428571428,-74.28571428571428],[-52.0,-74.21428571428571],[-50.36065573770492,-74.36065573770492],[-49.57894736842105,-74.57894736842105],[-49.02222222222222,-75.02222222222223],[-48.0,-75.09375],[-47.32835820895522,-75.32835820895522],[-47.0,-75.57894736842105],[-45.673469387755105,-75.6734693877551],[-45.111111111111114,-76.0],[-44.18867924528302,-76.18867924528301],[-44.0,-76.35714285714286],[-43.0,-76.52941176470588],[-42.526315789473685,-76.47368421052632],[-42.25,-76.0],[-42.2,-75.0],[-42.0,-74.66666666666667],[-41.44444444444444,-74.55555555555554],[-40.61290322580645,-74.61290322580645],[-38.75,-75.75],[-38.41666666666667,-76.41666666666667],[-37.0,-77.0],[-35.77777777777778,-77.77777777777777],[-35.0,-78.57142857142857],[-34.7,-78.7],[-34.57142857142857,-79.0],[-33.6,-80.0],[-33.0,-81.0],[-34.0,-81.19999999999999],[-35.0,-81.15384615384615],[-35.46808510638298,-81.53191489361701],[-36.0,-81.65789473684211],[-37.0,-81.61290322580645],[-38.79591836734694,-81.79591836734694],[-39.27777777777778,-81.72222222222223],[-40.0,-82.05263157894737],[-40.92307692307693,-81.92307692307692],[-42.0,-82.0],[-42.63106796116505,-81.63106796116504],[-43.0,-81.55813953488371],[-45.0,-81.43478260869566],[-46.0,-81.70967741935485],[-47.0,-81.7878787878788],[-49.0,-81.74193548387096],[-50.0,-81.52380952380952],[-51.0,-81.58823529411765],[-52.77142857142857,-82.22857142857143],[-54.0,-82.0],[-55.03030303030303,-81.96969696969697],[-57.3,-82.7],[-57.66666666666667,-83.0],[-57.625,-83.375],[-58.0,-84.0],[-57.77777777777777,-84.77777777777777],[-57.84615384615384,-85.0],[-57.37931034482759,-85.37931034482759],[-57.0,-85.47826086956522],[-56.650793650793645,-85.34920634920634],[-56.38888888888889,-85.0],[-56.42424242424242,-84.57575757575758],[-56.0,-84.0],[-55.0,-84.0],[-54.58620689655173,-84.58620689655173],[-54.64705882352942,-85.0],[-54.34920634920635,-85.34920634920634],[-53.0,-85.6842105263158],[-49.0,-85.33333333333334],[-48.0,-85.56],[-46.0,-85.57142857142857],[-44.0,-85.24590163934427],[-39.903225806451616,-85.09677419354838],[-36.14876033057851,-85.14876033057851],[-35.22222222222222,-85.22222222222223],[-35.0,-85.36363636363637],[-33.25396825396825,-85.25396825396825],[-32.0,-85.41176470588235],[-26.0,-85.625],[-25.518072289156628,-85.48192771084338],[-25.0,-85.0],[-24.4375,-85.4375],[-24.0,-85.56],[-22.64,-85.36],[-22.0,-85.0],[-19.0,-85.0],[-19.0,-84.0],[-18.0,-84.0],[-17.609756097560975,-84.60975609756098],[-17.0,-84.71794871794873],[-16.0,-84.6829268292683],[-15.470588235294118,-84.52941176470588],[-15.0,-84.0],[-13.0,-84.0],[-11.0,-83.71428571428571],[-10.0,-84.0],[-9.0,-83.8],[-8.117647058823529,-84.11764705882354],[-7.0,-84.17647058823529],[-5.0,-84.0],[-4.4,-83.6],[-4.0,-83.5],[-1.76,-83.24000000000001],[2.0,-83.0],[4.0,-83.0],[4.75,-82.75],[5.333333333333334,-82.0],[5.9,-81.9],[6.0,-81.0],[6.108108108108108,-81.8918918918919],[7.0,-81.8974358974359],[9.492753623188406,-81.49275362318842],[10.244897959183673,-81.24489795918367],[10.849056603773585,-80.84905660377359],[12.0,-80.75],[12.391304347826086,-80.3913043478261],[12.5,-80.0],[12.36,-79.64],[10.1,-78.0],[10.263157894736842,-77.0],[10.533333333333333,-76.53333333333333],[12.446601941747574,-76.44660194174757],[14.666666666666668,-76.0],[16.0,-75.36842105263158],[18.166666666666668,-75.83333333333333],[19.0,-76.5],[20.0,-76.66666666666666],[21.0,-77.0],[20.0,-78.0],[21.0,-78.25],[22.0,-79.0],[25.75,-78.75],[27.4,-78.4],[29.0,-77.33333333333334],[29.565217391304348,-76.56521739130434],[30.0,-76.375],[30.555555555555554,-76.44444444444444],[31.0,-76.66666666666666],[32.0,-76.5],[33.0,-76.5],[33.4,-76.4],[34.0,-76.0],[39.0,-76.0],[39.28571428571428,-76.71428571428572],[39.2,-77.0],[39.68,-77.32],[41.0,-77.73684210526316],[41.696969696969695,-77.69696969696969],[42.473684210526315,-77.47368421052632],[42.77777777777778,-76.77777777777777],[44.2,-76.2],[44.333333333333336,-76.0],[44.16666666666667,-75.83333333333333],[44.0,-75.0],[40.20689655172414,-74.79310344827587],[39.7,-74.0],[39.0,-73.58823529411765],[36.66666666666667,-74.0],[36.0,-75.0],[35.333333333333336,-74.0],[33.0,-73.5625],[31.18181818181818,-73.81818181818181],[31.0,-73.75],[30.0,-74.0],[26.75,-74.25],[25.0,-73.66666666666667],[24.636363636363637,-73.36363636363636],[24.6,-73.0],[24.375,-72.625],[24.0,-72.4],[23.75,-72.0],[23.333333333333336,-71.66666666666667],[21.0,-71.29411764705883],[20.0,-71.48148148148148],[19.0,-71.25],[17.0,-71.27272727272728],[16.17391304347826,-70.82608695652175],[15.322580645161292,-70.67741935483872],[13.0,-70.6923076923077],[12.3125,-71.3125],[11.166666666666668,-72.0],[13.0,-72.5],[13.307692307692308,-72.69230769230771],[13.444444444444443,-73.0],[13.285714285714285,-73.28571428571428],[10.272727272727272,-73.72727272727272],[10.0,-73.66666666666667],[9.0,-74.33333333333333],[8.0,-74.25],[7.0,-74.45454545454545],[6.6000000000000005,-74.4],[6.545454545454545,-74.0],[7.2105263157894735,-73.21052631578948],[7.177777777777777,-72.82222222222222],[6.782608695652174,-72.21739130434783],[6.2564102564102555,-71.74358974358974],[6.148148148148148,-71.0],[6.434782608695652,-70.43478260869566],[7.375,-70.0],[6.476190476190475,-69.52380952380952],[6.0,-69.0],[6.568627450980393,-67.5686274509804],[7.25,-67.0],[10.0,-66.25],[11.0,-66.6],[12.0,-66.45454545454545],[12.217391304347826,-66.21739130434783],[12.74074074074074,-66.25925925925927],[13.538461538461538,-66.0],[13.482758620689657,-65.51724137931035],[12.8,-65.0],[14.047619047619047,-64.95238095238095],[14.724137931034484,-65.27586206896552],[16.0,-65.23076923076923],[17.357142857142854,-65.0],[17.64,-64.64],[18.0,-64.55],[19.0,-64.85714285714286],[19.5,-64.5],[21.32142857142857,-64.32142857142857],[22.9,-64.0],[24.0,-63.33333333333334],[25.4390243902439,-63.5609756097561],[25.956043956043956,-64.04395604395604],[27.0,-64.07142857142857],[28.347826086956523,-63.347826086956516],[30.0,-63.15555555555556],[31.37974683544304,-63.37974683544304],[31.85185185185185,-63.14814814814815],[32.45454545454545,-63.54545454545455],[32.833333333333336,-64.0],[33.02702702702703,-64.02702702702703],[33.21052631578947,-63.21052631578947],[33.800000000000004,-63.0],[33.714285714285715,-62.0],[33.83333333333333,-61.83333333333333],[34.266666666666666,-61.733333333333334],[34.81818181818182,-61.81818181818181],[35.0,-61.666666666666664],[35.285714285714285,-61.0],[35.787234042553195,-60.787234042553195],[38.0,-61.125],[38.5,-61.0],[38.5,-60.0],[39.0,-59.7],[40.0,-59.77777777777777],[40.349999999999994,-59.349999999999994],[40.411764705882355,-59.0],[40.7752808988764,-58.7752808988764],[41.0,-58.0],[41.51724137931035,-58.48275862068966],[42.0,-58.7],[42.583333333333336,-58.58333333333333],[43.0,-58.16666666666667],[43.25,-58.25],[43.77777777777778,-57.77777777777777],[44.0,-57.833333333333336],[45.0,-57.166666666666664],[45.07692307692308,-57.00000000000001],[45.72727272727273,-56.72727272727272],[48.0,-56.51851851851852],[49.625,-57.0],[50.0,-57.599999999999994],[50.266666666666666,-57.733333333333334],[51.70833333333333,-57.70833333333333],[53.0,-57.476190476190474],[54.0,-57.44444444444444],[54.42253521126761,-57.57746478873239],[54.71428571428571,-58.28571428571428],[55.0,-58.4],[56.00000000000001,-58.2],[56.696969696969695,-58.3030303030303],[57.41379310344827,-58.58620689655173],[57.66666666666667,-59.0],[57.27906976744186,-59.27906976744187],[56.88461538461538,-60.0],[58.28260869565217,-60.71739130434783],[58.48148148148148,-61.0],[58.27368421052631,-61.27368421052631],[57.570093457943926,-61.57009345794392],[57.041666666666664,-62.0],[57.1123595505618,-63.1123595505618],[56.6875,-63.3125],[56.16666666666667,-63.0],[56.18181818181818,-62.81818181818182],[55.60000000000001,-62.4],[55.714285714285715,-62.0],[55.0,-61.76190476190476],[54.5,-62.0],[54.827586206896555,-62.172413793103445],[55.0,-62.71428571428571],[55.400000000000006,-62.6],[55.66666666666667,-63.00000000000001],[55.92,-63.08],[56.285714285714285,-63.71428571428571],[56.16666666666667,-64.0],[56.82142857142857,-65.0],[56.5625,-65.5625],[55.758620689655174,-65.75862068965517],[55.66666666666667,-66.33333333333334],[56.0,-66.58333333333333],[56.31111111111112,-66.31111111111112],[58.25,-66.0],[57.45161290322581,-65.54838709677419],[57.21739130434783,-65.0],[57.61290322580645,-64.61290322580645],[58.0,-64.4375],[59.29268292682927,-64.70731707317073],[59.40909090909091,-66.0],[59.7319587628866,-66.26804123711341],[60.31325301204819,-66.3132530120482],[61.891891891891895,-66.1081081081081],[62.23529411764706,-66.23529411764706],[62.5,-66.0],[61.0,-65.45454545454545],[60.0,-64.05882352941177],[59.9047619047619,-64.0952380952381],[59.355555555555554,-63.644444444444446],[59.0,-63.75],[58.64179104477613,-63.35820895522389],[58.688311688311686,-62.688311688311686],[59.0,-62.44186046511628],[59.48,-62.52],[59.85714285714286,-63.00000000000001],[59.72413793103448,-63.27586206896552],[60.0,-63.8],[60.24242424242424,-63.24242424242424],[60.8,-63.0],[61.05405405405405,-62.054054054054056],[61.333333333333336,-62.0],[61.0,-61.5],[60.96296296296296,-60.96296296296296],[61.2,-60.800000000000004],[61.71428571428571,-60.71428571428571],[61.94871794871795,-59.94871794871795],[63.0,-59.68],[64.0,-59.80769230769231],[64.71428571428571,-59.71428571428571],[65.0,-59.44444444444444],[66.0,-59.25],[67.4,-59.6],[69.0,-59.42857142857143],[69.28571428571428,-59.71428571428571],[70.0,-59.8421052631579],[70.55555555555556,-59.55555555555555],[70.67741935483872,-58.67741935483871],[71.0,-58.28571428571429],[71.83333333333333,-59.0],[71.80952380952381,-59.19047619047619],[72.0,-59.4],[73.4,-58.60000000000001],[73.60000000000001,-58.60000000000001],[73.75,-57.75],[74.0,-57.5],[75.0,-57.5],[75.23529411764706,-57.23529411764706],[76.0,-57.0],[77.0,-57.36363636363636],[80.0,-57.18181818181818],[80.33962264150944,-57.66037735849057],[81.0,-57.94444444444444],[81.77215189873417,-57.77215189873418],[82.0,-57.30769230769231],[82.38095238095238,-57.38095238095238],[82.66666666666666,-57.0],[83.0,-56.935483870967744],[83.15384615384615,-57.0],[83.25,-57.25],[82.6923076923077,-57.69230769230769],[82.81818181818181,-58.0],[82.6923076923077,-58.30769230769231],[82.77777777777777,-58.77777777777778],[82.22222222222223,-58.77777777777778],[82.0,-58.900000000000006],[81.55000000000001,-58.45],[81.0,-58.166666666666664],[79.75,-58.75],[79.6,-59.0],[79.60975609756099,-59.390243902439025],[80.125,-60.0],[80.4,-60.60000000000001],[81.0,-60.77777777777777],[81.55555555555556,-60.55555555555555],[82.0,-59.333333333333336],[83.0,-59.25],[83.33333333333334,-59.66666666666667],[83.21428571428571,-60.0],[83.4,-60.400000000000006],[83.36363636363636,-60.63636363636364],[83.6,-60.60000000000001],[84.13333333333333,-60.86666666666666],[87.0,-60.81818181818182],[87.4,-61.0],[87.6,-61.400000000000006],[88.0,-61.599999999999994],[88.4,-62.0],[88.16,-62.16],[86.05714285714285,-62.05714285714286],[85.27272727272727,-62.272727272727266],[85.0,-62.75],[84.53846153846153,-62.46153846153846],[83.72413793103448,-62.27586206896551],[82.0,-62.125],[81.19354838709677,-62.19354838709677],[80.57446808510639,-62.57446808510638],[80.375,-63.0],[80.57446808510639,-63.42553191489362],[81.0,-63.714285714285715],[81.80000000000001,-64.0],[82.1875,-64.8125],[83.1,-65.0],[83.22222222222223,-65.22222222222223],[83.22222222222223,-65.77777777777779],[83.6923076923077,-65.6923076923077],[84.09302325581396,-65.90697674418604],[84.0,-66.25],[83.6,-66.4],[83.33333333333334,-66.33333333333334],[83.33333333333334,-66.66666666666667],[83.14285714285714,-67.0],[84.83333333333334,-68.0],[85.18181818181819,-68.81818181818181],[85.28571428571428,-69.71428571428572],[85.71428571428571,-70.28571428571428],[87.22222222222223,-70.77777777777777],[88.16,-70.84],[92.0,-70.52631578947368],[92.36363636363637,-70.36363636363636],[92.58823529411765,-70.0],[92.51724137931035,-68.51724137931035],[93.0,-68.46153846153845],[93.94444444444446,-67.94444444444444],[95.56164383561644,-67.56164383561644],[97.29629629629629,-67.7037037037037],[97.80000000000001,-68.0],[97.71428571428571,-68.71428571428571],[97.5,-69.0],[97.75,-69.25],[97.9,-70.0],[97.71428571428571,-70.71428571428571],[97.0,-71.0],[95.0,-70.71428571428572],[94.80000000000001,-70.80000000000001],[94.36363636363637,-71.36363636363636],[93.0,-71.89999999999999],[91.82608695652173,-71.82608695652175],[91.5,-72.0],[91.69230769230771,-72.30769230769232],[92.28571428571428,-72.71428571428571],[92.28571428571429,-73.0],[91.76470588235293,-73.76470588235294],[91.63636363636364,-74.36363636363636],[91.71428571428571,-74.71428571428571],[91.0,-75.0],[92.85365853658537,-75.14634146341464],[94.0,-75.10526315789474],[95.0,-75.29166666666666],[96.82857142857142,-75.17142857142858],[97.0,-75.25],[98.0,-75.0],[99.0,-75.0],[98.75,-74.25],[98.93103448275862,-73.93103448275862],[100.0,-73.63636363636364],[102.38095238095238,-73.38095238095238],[103.0,-73.33333333333334],[104.0,-73.52941176470588],[104.42857142857144,-73.42857142857143],[104.89999999999999,-72.9],[106.0,-72.58823529411765],[106.29166666666666,-72.70833333333333],[106.53846153846155,-73.0],[106.625,-73.375],[107.0,-73.85714285714286],[107.53846153846155,-73.53846153846155],[107.85714285714286,-73.0],[108.95121951219512,-71.95121951219512],[110.0,-71.46153846153845],[111.71428571428571,-71.0],[112.0,-70.71428571428572],[112.25,-71.0],[113.0,-71.27272727272728],[114.0,-71.08333333333333],[114.73584905660377,-71.26415094339623],[115.43636363636365,-71.56363636363636],[115.92592592592592,-72.07407407407408],[116.17391304347827,-72.17391304347827],[116.33333333333334,-72.0],[116.66101694915253,-70.66101694915254],[118.77777777777777,-70.0],[119.74683544303798,-68.74683544303798],[121.0,-68.6],[121.30508474576271,-68.30508474576271],[121.26315789473685,-66.73684210526316],[120.84615384615385,-66.15384615384616],[118.82758620689654,-65.17241379310344],[118.3448275862069,-64.65517241379311],[118.0,-64.54545454545455],[116.0,-64.32352941176471],[113.0,-64.54166666666667],[111.71428571428571,-65.0],[110.0,-65.34782608695652],[106.93333333333334,-65.06666666666666],[107.05128205128204,-64.94871794871796],[107.90697674418605,-64.90697674418604],[109.0,-64.64705882352942],[109.46808510638299,-64.46808510638299],[110.0,-64.0],[109.37288135593221,-63.6271186440678],[106.84269662921348,-63.15730337078652],[106.58823529411765,-63.0],[106.5,-62.5],[106.0,-62.230769230769226],[104.74193548387098,-62.74193548387097],[104.2,-63.2],[104.36363636363636,-63.63636363636363],[104.36363636363636,-64.36363636363637],[104.2,-64.8],[105.0,-65.5],[105.80000000000001,-66.0],[105.0,-66.23529411764706],[104.5438596491228,-66.54385964912281],[104.23529411764707,-67.0],[104.27586206896552,-67.27586206896552],[103.2,-68.0],[103.2,-68.2],[103.0,-68.33333333333333],[102.77777777777777,-68.77777777777777],[101.92307692307692,-68.92307692307692],[101.66666666666667,-69.33333333333334],[102.00000000000001,-69.33333333333334],[102.19999999999999,-69.8],[102.09756097560977,-70.09756097560975],[101.71428571428572,-70.0],[101.45454545454545,-69.54545454545455],[100.56521739130434,-69.56521739130434],[100.54545454545453,-70.0],[100.3,-70.3],[100.0,-70.5],[99.65714285714286,-70.34285714285714],[99.5,-70.0],[100.0,-69.4],[100.42105263157893,-69.42105263157895],[100.4,-69.0],[100.6875,-68.0],[101.43076923076923,-67.43076923076924],[101.69999999999999,-67.0],[101.0,-66.53333333333333],[100.0,-66.33333333333334],[98.99999999999999,-66.85],[98.0,-66.47058823529412],[97.67999999999999,-66.0],[97.74193548387098,-65.74193548387098],[98.86666666666666,-65.0],[98.49056603773586,-64.50943396226415],[97.72727272727272,-64.27272727272727],[97.45454545454545,-64.0],[97.61290322580645,-63.61290322580645],[98.0,-63.4],[99.0,-63.5],[100.0,-63.125],[101.0,-63.125],[101.60000000000001,-63.400000000000006],[102.45161290322581,-63.4516129032258],[103.0,-63.0],[102.78947368421052,-61.78947368421053],[103.0,-61.599999999999994],[103.4,-61.400000000000006],[104.0,-61.35714285714285],[106.33333333333334,-61.66666666666667],[107.0,-62.0],[107.36363636363637,-61.36363636363636],[107.28571428571428,-61.0],[105.14285714285714,-59.85714285714286],[104.0,-59.69230769230769],[101.9090909090909,-59.90909090909091],[99.4,-59.6],[98.0,-59.578947368421055],[96.86206896551724,-59.86206896551724],[96.0,-60.42857142857143],[95.47619047619047,-59.52380952380952],[95.0,-59.28571428571429],[94.0,-59.2],[91.0,-59.45454545454545],[89.0,-59.42857142857143],[88.0,-59.09090909090909],[87.0,-59.57142857142857],[85.76470588235294,-59.23529411764706],[84.14634146341464,-59.14634146341463],[83.66666666666667,-59.333333333333336],[83.25,-59.0],[83.4,-58.0],[83.7,-57.7],[84.16666666666667,-57.83333333333333],[85.3265306122449,-57.673469387755105],[85.9047619047619,-57.90476190476191],[86.30769230769232,-57.30769230769231],[85.71428571428571,-56.285714285714285],[85.22222222222223,-56.0],[85.51724137931035,-55.51724137931035],[86.77777777777777,-54.77777777777778],[88.0,-54.5],[88.26086956521739,-54.26086956521739],[88.21428571428572,-53.785714285714285],[87.64285714285714,-53.35714285714286],[87.5,-53.0],[87.58333333333334,-52.58333333333333],[88.0,-52.0],[88.21052631578948,-51.21052631578947],[88.16666666666667,-50.166666666666664],[88.4,-49.0],[89.4,-47.4],[89.5,-47.0],[90.0,-46.75],[90.6,-46.0],[91.60000000000001,-45.6],[91.85714285714285,-45.0],[92.0952380952381,-44.904761904761905],[94.0,-45.0],[95.0,-44.714285714285715],[96.0,-44.714285714285715],[97.0,-45.0],[97.75,-44.75],[98.0,-44.5],[98.4,-44.6],[99.0,-45.0],[102.0,-45.0],[104.66666666666667,-43.66666666666667],[105.78947368421052,-44.21052631578947],[106.23529411764706,-44.23529411764706],[106.68421052631578,-43.68421052631579],[108.15,-43.15],[108.38095238095237,-42.38095238095238],[109.0,-42.0],[110.0,-41.75],[112.0,-41.77777777777777],[112.68,-42.32],[113.4,-42.6],[114.0,-43.0],[115.0,-43.0],[115.0,-42.0],[115.85714285714286,-40.857142857142854],[116.0,-40.75],[118.0,-40.5],[119.0,-40.0],[120.44444444444443,-40.44444444444444],[120.60000000000001,-40.4],[121.0,-41.0],[125.0,-41.0],[125.0,-43.0],[124.0,-43.0],[124.0,-45.0],[125.0,-45.0],[126.0,-46.0],[127.0,-46.0],[127.0,-47.0],[129.0,-47.0],[129.60000000000002,-46.6],[130.0,-46.66666666666667],[130.4,-46.400000000000006],[130.66666666666666,-46.0],[130.5,-45.0],[130.66666666666666,-44.0],[130.6,-43.0],[130.11764705882354,-41.88235294117647],[130.11764705882354,-41.11764705882353],[129.83333333333331,-40.833333333333336],[129.16666666666669,-40.833333333333336],[129.16666666666669,-40.166666666666664],[129.05555555555554,-39.94444444444445],[128.8181818181818,-39.81818181818181],[128.1818181818182,-39.81818181818181],[128.26666666666665,-39.266666666666666],[128.1025641025641,-38.8974358974359],[127.76470588235294,-38.76470588235294],[127.15384615384616,-38.84615384615385],[127.0,-38.5],[126.60000000000001,-38.4],[126.0,-38.0],[126.0,-36.0],[126.4,-35.0],[126.63636363636363,-34.63636363636363],[127.0,-34.4],[128.0,-34.25],[129.48275862068965,-34.48275862068965],[132.0,-34.611111111111114],[135.0909090909091,-35.0],[135.54545454545453,-35.45454545454545],[136.0,-35.625],[136.12,-35.879999999999995],[137.25,-36.0]],[[-58.7,-83.7],[-59.0,-83.72727272727272],[-59.3,-84.0],[-58.72727272727272,-84.27272727272727],[-58.0,-84.0],[-58.7,-83.7]],[[90.30769230769232,-74.6923076923077],[89.0,-74.77777777777777],[88.82608695652173,-74.82608695652173],[88.80000000000001,-75.0],[89.0,-75.15384615384616],[89.77777777777777,-75.22222222222223],[91.0,-75.0],[90.30769230769232,-74.6923076923077]],[[64.0,-86.0],[62.5,-86.0],[63.173913043478265,-86.17391304347827],[64.0,-86.0]],[[138.89705882352942,-81.10294117647058],[136.0909090909091,-81.0909090909091],[136.0909090909091,-82.9090909090909],[138.90977443609023,-82.90977443609023],[138.89705882352942,-81.10294117647058]],[[-57.599999999999994,-72.0],[-57.22222222222222,-72.22222222222223],[-57.0,-72.1875],[-56.86046511627907,-71.86046511627907],[-57.315789473684205,-71.68421052631578],[-57.599999999999994,-72.0]],[[-54.0,-76.875],[-54.0,-77.1],[-53.66666666666667,-77.0],[-54.0,-76.875]],[[-47.57142857142857,-78.0],[-49.0,-77.61538461538461],[-51.0,-77.78571428571428],[-51.13953488372093,-77.86046511627907],[-51.41176470588235,-78.58823529411764],[-52.666666666666664,-79.0],[-52.22222222222222,-79.22222222222223],[-47.0,-79.38461538461539],[-45.705882352941174,-79.29411764705883],[-45.09090909090909,-79.0],[-46.0,-78.47368421052632],[-47.23529411764706,-78.23529411764706],[-47.57142857142857,-78.0]],[[16.8,-77.0],[17.0,-77.11764705882352],[17.4,-77.0],[17.285714285714285,-76.71428571428572],[17.0,-76.66666666666667],[16.8,-77.0]],[[25.0,-68.94736842105264],[24.916666666666668,-69.08333333333333],[25.142857142857146,-69.0],[25.0,-68.94736842105264]],[[44.2,-59.0],[44.0,-58.5],[43.75,-58.75],[43.833333333333336,-59.0],[44.2,-59.0]],[[45.400000000000006,-60.0],[45.0,-59.66666666666667],[44.87878787878788,-59.878787878787875],[45.00000000000001,-60.142857142857146],[45.400000000000006,-60.0]],[[47.1,-61.1],[47.0952380952381,-60.904761904761905],[46.86666666666666,-60.86666666666666],[46.77777777777778,-61.0],[47.1,-61.1]],[[51.6,-68.4],[51.72727272727273,-68.0],[51.470588235294116,-67.52941176470588],[51.0,-67.11111111111111],[50.55555555555555,-67.55555555555556],[50.0,-67.70370370370371],[48.5625,-67.5625],[48.0,-68.0],[47.16666666666667,-69.0],[47.583333333333336,-69.41666666666667],[47.833333333333336,-70.0],[48.0,-70.13333333333334],[48.53333333333333,-69.53333333333335],[49.0,-69.22222222222221],[50.26086956521739,-69.26086956521739],[51.285714285714285,-68.71428571428571],[51.71428571428571,-68.71428571428571],[51.6,-68.4]],[[52.71428571428571,-68.71428571428571],[52.25,-69.0],[52.5,-70.0],[52.78947368421053,-70.21052631578948],[53.612903225806456,-70.38709677419355],[54.27906976744186,-70.27906976744185],[54.4,-70.0],[54.3,-69.69999999999999],[53.58620689655172,-69.41379310344827],[53.0,-68.72727272727272],[52.71428571428571,-68.71428571428571]],[[62.68,-66.68],[62.764705882352935,-67.0],[62.91836734693877,-67.08163265306122],[63.8,-67.0],[63.44444444444444,-66.55555555555556],[63.0,-66.33333333333334],[62.68,-66.68]],[[58.0,-77.625],[57.75,-77.75],[57.625,-78.0],[57.71428571428571,-78.28571428571428],[59.0,-78.375],[59.42553191489361,-78.57446808510639],[59.83333333333333,-79.00000000000001],[59.75,-79.25],[60.0,-80.0],[61.0,-80.0],[61.28571428571428,-79.28571428571428],[63.0,-78.66666666666667],[63.60000000000001,-78.60000000000001],[63.88235294117647,-77.88235294117646],[65.0,-77.25],[66.0,-77.75],[67.77777777777777,-78.22222222222223],[70.0,-78.6],[72.0,-78.66666666666667],[72.44444444444444,-78.44444444444444],[73.0,-77.8],[74.0,-77.4],[75.0,-77.5],[75.36363636363637,-77.36363636363637],[75.66666666666667,-77.0],[75.0,-76.5],[74.0,-76.5],[73.0,-76.0],[72.0,-76.2],[69.3,-75.7],[68.0,-75.69999999999999],[67.0,-76.2],[66.0,-76.4],[65.0,-76.83333333333334],[64.0,-76.42857142857142],[63.578947368421055,-76.57894736842105],[60.93103448275862,-76.93103448275863],[60.20689655172414,-77.20689655172413],[58.0,-77.625]],[[59.0,-80.0],[59.0,-81.0],[60.33333333333334,-81.0],[60.400000000000006,-80.60000000000001],[60.0,-80.0],[59.0,-80.0]],[[58.0,-80.0],[57.199999999999996,-79.8],[57.15384615384615,-78.84615384615385],[56.333333333333336,-78.66666666666667],[55.724137931034484,-78.72413793103448],[55.199999999999996,-79.0],[55.28571428571428,-79.28571428571428],[55.0,-80.0],[56.0,-80.0],[57.00000000000001,-80.33333333333334],[58.0,-80.0]],[[54.6,-79.4],[54.0,-79.33333333333334],[53.529411764705884,-79.52941176470588],[53.0,-80.0],[54.0,-80.57142857142858],[55.0,-80.0],[54.6,-79.4]],[[46.0,-81.0],[47.29787234042553,-81.29787234042553],[49.0,-81.18181818181817],[50.0,-81.0],[49.0,-80.0],[47.0,-80.0],[46.30769230769231,-80.3076923076923],[46.0,-81.0]],[[45.8,-80.2],[45.0,-80.0],[43.10526315789473,-80.10526315789474],[40.0,-80.0],[40.0,-81.0],[42.0,-81.0],[42.589743589743584,-81.41025641025641],[43.0,-81.5],[43.395061728395056,-81.39506172839506],[44.0,-81.0],[44.64102564102564,-81.35897435897436],[45.0,-81.42424242424242],[46.0,-81.0],[45.8,-80.2]],[[31.0,-81.0],[30.0,-81.0],[29.333333333333336,-80.66666666666667],[29.0,-80.0],[28.0,-80.0],[28.0,-81.0],[28.32258064516129,-81.6774193548387],[28.25,-82.0],[29.0,-82.46875],[29.38961038961039,-82.3896103896104],[30.0,-82.0],[33.0,-82.0],[33.68181818181818,-82.31818181818181],[34.333333333333336,-82.33333333333334],[35.0,-82.0],[36.0,-82.0],[37.0,-81.0],[38.0,-81.0],[38.0,-80.0],[36.11764705882353,-80.11764705882354],[34.0,-80.0],[34.0,-81.0],[32.0,-81.0],[32.0,-80.0],[31.0,-80.0],[31.0,-81.0]],[[74.28571428571429,-64.0],[74.11428571428571,-63.885714285714286],[73.9,-63.9],[74.0,-64.11764705882352],[74.28571428571429,-64.0]],[[75.0,-74.0],[76.0,-73.25],[76.0,-72.75],[75.77777777777777,-72.77777777777777],[75.4,-72.6],[75.0,-72.61538461538461],[74.5,-73.0],[75.0,-74.0]],[[77.0,-60.516129032258064],[76.60526315789474,-60.60526315789474],[76.25,-61.0],[76.30769230769232,-61.69230769230769],[76.5,-62.0],[77.0,-62.5],[77.57142857142857,-62.0],[78.19047619047619,-61.19047619047619],[79.33333333333334,-61.0],[79.2,-60.800000000000004],[78.0,-60.81818181818181],[77.44117647058823,-60.55882352941177],[77.0,-60.516129032258064]],[[88.0,-71.22222222222223],[87.3076923076923,-71.3076923076923],[86.6923076923077,-71.6923076923077],[86.6,-72.0],[87.66666666666667,-73.0],[87.66666666666667,-73.33333333333334],[88.0,-73.5],[88.28571428571428,-73.28571428571428],[89.25,-73.0],[89.625,-72.625],[89.875,-72.0],[89.41176470588235,-71.58823529411765],[89.0,-71.41666666666667],[88.0,-71.22222222222223]],[[89.0,-82.25],[89.36363636363636,-82.0],[89.0,-81.71428571428571],[88.42857142857143,-82.0],[89.0,-82.25]],[[101.94736842105263,-77.0],[103.0,-77.24000000000001],[103.75,-77.0],[103.16901408450704,-76.83098591549296],[101.94736842105263,-77.0]],[[105.83333333333333,-76.16666666666667],[107.0,-76.15384615384616],[108.29268292682929,-76.29268292682927],[109.5,-76.0],[108.0,-75.72727272727272],[107.00000000000001,-75.95348837209303],[105.66666666666667,-76.0],[105.83333333333333,-76.16666666666667]],[[88.4,-58.0],[86.6190476190476,-57.61904761904762],[86.19999999999999,-58.0],[87.34782608695653,-58.347826086956516],[87.73333333333333,-58.266666666666666],[88.0,-58.666666666666664],[88.4,-58.0]],[[126.00000000000001,-67.92307692307693],[125.96825396825396,-68.03174603174604],[126.08333333333333,-68.0],[126.00000000000001,-67.92307692307693]],[[37.0,-86.88235294117646],[36.0,-87.0],[36.0,-88.0],[40.0,-88.0],[40.0,-87.0],[37.0,-86.88235294117646]],[[43.0,-82.69565217391305],[41.82352941176471,-82.82352941176471],[41.25,-83.0],[41.16666666666667,-83.16666666666666],[40.89473684210527,-83.10526315789474],[40.30769230769231,-83.3076923076923],[40.0,-83.28571428571428],[39.64285714285714,-83.64285714285714],[39.57142857142857,-84.0],[40.0,-84.46875],[41.875,-84.0],[41.833333333333336,-83.83333333333334],[42.5,-83.5],[44.333333333333336,-83.0],[43.0,-82.69565217391305]],[[50.83333333333333,-83.0],[50.25641025641025,-82.74358974358975],[49.0,-82.52941176470588],[47.33333333333333,-83.0],[49.0,-83.25806451612902],[50.83333333333333,-83.0]],[[53.63636363636364,-85.36363636363637],[54.0,-85.5],[54.33333333333334,-85.0],[53.6,-85.0],[53.63636363636364,-85.36363636363637]],[[61.0,-85.73684210526316],[59.5,-86.0],[59.79310344827586,-86.20689655172413],[61.0,-86.3125],[61.71428571428571,-86.0],[61.0,-85.73684210526316]],[[76.71428571428572,-73.71428571428571],[76.33333333333333,-74.0],[76.60000000000001,-74.4],[77.0,-74.6],[77.44444444444444,-74.44444444444443],[77.75,-74.0],[76.71428571428572,-73.71428571428571]],[[79.0,-64.72727272727272],[78.5,-65.0],[78.7391304347826,-65.26086956521739],[79.0,-65.33333333333334],[79.17647058823529,-65.1764705882353],[79.16216216216216,-64.83783783783784],[79.0,-64.72727272727272]],[[119.0,-72.37037037037037],[117.0,-72.44444444444444],[116.71428571428571,-72.71428571428571],[116.78260869565219,-73.0],[116.42352941176472,-73.4235294117647],[115.0,-73.78260869565219],[114.77272727272727,-74.0],[114.75,-74.25],[115.10526315789474,-74.89473684210526],[117.86666666666667,-75.13333333333333],[119.00000000000001,-75.0769230769231],[120.0,-75.36842105263158],[120.78181818181818,-74.78181818181818],[123.35,-74.35],[124.0,-73.6923076923077],[125.14285714285714,-73.14285714285714],[125.52941176470587,-72.52941176470588],[126.12,-72.12],[126.5,-71.0],[126.0,-70.64],[125.48936170212767,-71.48936170212767],[124.99999999999999,-71.63888888888889],[124.45833333333333,-72.0],[124.37288135593221,-72.37288135593221],[124.0,-72.55000000000001],[122.83783783783784,-72.16216216216216],[122.72727272727272,-72.0],[122.15094339622642,-71.84905660377359],[121.0,-72.07142857142857],[119.96153846153845,-71.96153846153847],[119.0,-72.37037037037037]],[[81.0,-67.0],[79.94117647058825,-67.05882352941177],[79.35714285714286,-66.64285714285714],[79.0,-66.54545454545453],[78.72222222222223,-66.72222222222221],[78.2,-68.0],[79.64285714285714,-69.0],[79.6875,-69.3125],[80.0,-69.625],[81.0,-69.25],[81.2,-69.0],[81.3448275862069,-67.65517241379311],[81.0,-67.0]],[[85.73333333333333,-76.73333333333333],[85.3157894736842,-76.68421052631578],[84.76470588235294,-76.23529411764706],[84.36363636363636,-75.63636363636364],[84.0,-75.33333333333334],[83.0,-75.54545454545453],[81.64102564102564,-75.35897435897436],[80.9047619047619,-75.0952380952381],[80.34782608695653,-74.65217391304347],[78.81818181818181,-74.81818181818181],[78.33333333333334,-76.0],[78.60000000000001,-76.4],[79.2,-76.8],[81.0,-77.28571428571428],[82.125,-77.125],[83.75757575757575,-77.24242424242425],[86.0,-77.2],[86.18181818181817,-77.0],[85.73333333333333,-76.73333333333333]],[[81.6,-71.0],[81.0,-70.66666666666667],[80.0,-70.6],[79.5,-71.0],[80.0,-71.4],[81.0,-71.6],[81.6,-71.0]]],[[[-10.4,-24.400000000000002],[-10.74,-24.0],[-10.339449541284404,-23.660550458715594],[-9.743055555555554,-23.743055555555554],[-9.579545454545455,-24.0],[-9.727941176470589,-24.272058823529413],[-10.4,-24.400000000000002]]],[[[34.5,9.5],[33.8,9.2],[33.66666666666667,9.0],[34.0,8.0],[35.0,7.714285714285714],[35.38461538461539,7.384615384615383],[35.66666666666667,6.666666666666667],[36.13793103448276,6.137931034482759],[36.35714285714286,5.0],[36.590909090909086,4.590909090909091],[37.20408163265306,4.204081632653061],[37.294117647058826,4.0],[37.5,0.0],[37.63636363636364,-0.36363636363636365],[38.25,-0.75],[38.5,-2.0],[38.42857142857143,-4.0],[38.625,-7.0],[38.4,-7.4],[37.72727272727273,-7.727272727272727],[37.5,-8.0],[37.625,-9.0],[37.434782608695656,-9.434782608695652],[36.904761904761905,-9.904761904761905],[36.53846153846154,-11.53846153846154],[36.0,-12.0],[35.285714285714285,-13.285714285714285],[32.5,-15.0],[32.55555555555555,-15.444444444444443],[33.0,-16.0],[33.25,-16.75],[33.0,-17.5],[32.0,-17.5],[31.6,-17.4],[31.0,-17.0],[30.666666666666668,-17.666666666666668],[30.666666666666668,-18.0],[31.0,-18.5],[31.363636363636363,-18.636363636363637],[31.81818181818182,-19.18181818181818],[32.0,-20.0],[32.4,-20.6],[32.42857142857143,-21.0],[31.027027027027025,-23.027027027027028],[30.919999999999998,-24.0],[30.429906542056074,-24.429906542056074],[30.223300970873787,-25.223300970873787],[30.0,-25.54761904761905],[29.72463768115942,-25.72463768115942],[29.34437086092715,-26.34437086092715],[27.948051948051948,-26.948051948051948],[27.851851851851848,-27.148148148148145],[27.913043478260867,-27.913043478260867],[27.75,-28.0],[27.714285714285715,-28.285714285714285],[28.0,-29.0],[28.0,-30.0],[27.625,-30.625],[27.625,-31.0],[28.0,-31.6],[28.176470588235293,-32.82352941176471],[29.0,-33.0],[28.92857142857143,-34.0],[28.440677966101696,-34.440677966101696],[28.228571428571428,-35.0],[28.315789473684212,-36.315789473684205],[28.23809523809524,-37.23809523809524],[28.0,-38.0],[27.25,-38.25],[27.0,-38.6],[26.0,-39.0],[24.181818181818183,-39.18181818181818],[24.0,-39.66666666666667],[23.5,-40.0],[23.08695652173913,-40.086956521739125],[23.0,-41.0],[21.0,-41.0],[20.6,-41.6],[20.5,-42.0],[21.0,-43.5],[21.05,-44.0],[20.833333333333332,-45.0],[20.5,-45.5],[19.764705882352942,-45.76470588235294],[19.400000000000002,-46.400000000000006],[19.0,-46.6],[18.53846153846154,-46.46153846153847],[18.0,-46.0],[17.714285714285715,-47.71428571428571],[17.285714285714285,-47.71428571428571],[16.900000000000002,-47.900000000000006],[16.692307692307693,-48.30769230769231],[16.692307692307693,-48.69230769230769],[16.30769230769231,-48.69230769230769],[15.885714285714286,-48.885714285714286],[15.0,-49.6],[14.2,-50.0],[12.461538461538462,-50.46153846153847],[12.099378881987578,-51.099378881987576],[11.0,-51.270833333333336],[10.51388888888889,-51.513888888888886],[10.123595505617978,-52.12359550561798],[7.0,-52.37931034482759],[4.767441860465116,-52.76744186046512],[4.0,-53.078947368421055],[2.0,-53.265625],[1.5078534031413613,-53.50785340314136],[1.156862745098039,-54.15686274509804],[-1.0,-54.41463414634147],[-3.6875,-54.0],[-4.333333333333334,-53.0],[-4.157894736842105,-52.0],[-4.3,-51.0],[-4.296296296296296,-49.7037037037037],[-4.133333333333333,-49.13333333333333],[-4.428571428571429,-48.42857142857143],[-5.415094339622642,-47.41509433962264],[-5.6521739130434785,-46.652173913043484],[-5.745454545454545,-45.74545454545454],[-5.785714285714286,-45.0],[-5.470588235294118,-43.0],[-5.333333333333334,-42.66666666666667],[-5.0,-42.5],[-4.381818181818182,-41.61818181818182],[-4.076923076923077,-40.92307692307693],[-3.952380952380952,-40.0],[-3.9047619047619047,-39.0],[-4.121951219512195,-38.1219512195122],[-4.277777777777778,-38.0],[-4.384615384615384,-37.38461538461538],[-4.785714285714286,-36.785714285714285],[-4.8604651162790695,-35.860465116279066],[-4.823529411764706,-34.17647058823529],[-4.7272727272727275,-34.0],[-4.928571428571429,-33.0],[-4.268041237113402,-32.7319587628866],[-4.0,-32.40909090909091],[-3.0,-32.0],[-3.0,-31.0],[-2.5,-30.5],[-1.9428571428571428,-29.057142857142857],[-1.1612903225806452,-28.838709677419356],[-0.6666666666666667,-27.000000000000004],[-0.047619047619047616,-25.952380952380953],[-0.10344827586206895,-24.10344827586207],[-0.33333333333333337,-23.333333333333336],[-0.7142857142857143,-23.0],[-0.8181818181818181,-21.18181818181818],[-1.1714285714285713,-19.17142857142857],[-1.75,-19.0],[-2.0,-18.5],[-2.036363636363636,-16.963636363636365],[-2.0,-16.5],[-1.75,-16.25],[-1.75,-16.0],[-1.125,-15.875],[-1.0476190476190477,-15.0],[-1.1739130434782608,-14.0],[-1.0,-13.0],[-0.2608695652173913,-12.73913043478261],[0.3508771929824561,-10.350877192982455],[0.3548387096774194,-9.0],[0.5789473684210527,-8.578947368421051],[1.0,-8.25925925925926],[2.666666666666667,-8.0],[3.0,-7.75],[3.5,-8.0],[4.8999999999999995,-8.1],[5.617021276595745,-8.382978723404255],[7.378378378378379,-9.621621621621621],[7.878787878787879,-10.121212121212121],[9.0,-10.666666666666668],[10.0,-11.0],[10.999999999999998,-11.11111111111111],[11.333333333333334,-11.0],[10.714285714285715,-10.285714285714285],[10.75,-10.0],[9.88888888888889,-9.11111111111111],[9.600000000000001,-8.4],[9.2,-8.0],[8.5,-6.0],[8.8,-5.0],[9.428571428571427,-4.0],[9.625,-2.625],[10.1,-2.1],[10.428571428571427,-1.0],[10.91304347826087,0.08695652173913043],[11.370370370370368,0.6296296296296295],[11.88888888888889,2.0],[11.923076923076923,3.0769230769230766],[12.294117647058824,3.7058823529411766],[12.444444444444445,4.555555555555555],[12.714285714285715,8.0],[13.0,8.5],[13.857142857142858,9.142857142857142],[15.000000000000002,9.666666666666668],[16.0,9.636363636363637],[17.285714285714285,9.285714285714285],[17.652173913043477,8.652173913043478],[18.0,8.5],[20.0,8.5],[20.285714285714285,8.285714285714285],[20.642857142857142,7.642857142857143],[21.0,7.444444444444445],[22.0,7.571428571428571],[23.0,7.416666666666667],[25.0,7.357142857142857],[26.0,7.45],[26.423076923076923,7.576923076923077],[26.86046511627907,8.13953488372093],[28.0,8.30952380952381],[28.43939393939394,8.56060606060606],[29.0,9.761904761904761],[29.703703703703702,10.296296296296294],[30.0,11.0],[30.57894736842105,11.421052631578947],[30.75925925925926,12.0],[31.320987654320987,12.320987654320987],[31.698630136986303,12.301369863013697],[31.698630136986303,12.698630136986301],[32.0,13.379310344827585],[32.40740740740741,13.407407407407408],[33.0,12.900000000000002],[33.333333333333336,13.0],[33.16666666666667,13.166666666666668],[33.18181818181818,13.999999999999998],[33.88957055214724,14.11042944785276],[34.0,14.600000000000001],[35.0,14.454545454545453],[35.064935064935064,14.064935064935066],[35.5,14.0],[35.7,12.7],[36.095238095238095,12.095238095238097],[36.0,11.5],[35.0,11.0],[35.0,10.0],[34.5,9.5]],[[14.925925925925927,-26.925925925925924],[14.75,-28.0],[15.777777777777779,-28.22222222222222],[16.0,-28.428571428571427],[16.26086956521739,-28.26086956521739],[16.75,-27.0],[16.0,-26.785714285714285],[14.925925925925927,-26.925925925925924]],[[15.882352941176471,-24.88235294117647],[15.9375,-25.0625],[16.5,-25.0],[16.25,-24.75],[16.0,-24.75],[15.882352941176471,-24.88235294117647]],[[17.5,-25.0],[18.333333333333336,-25.0],[18.0,-24.75],[17.75,-24.75],[17.5,-25.0]],[[25.0,-21.166666666666668],[25.25,-21.0],[25.0,-20.8],[24.857142857142858,-21.0],[25.0,-21.166666666666668]],[[26.56756756756757,-13.567567567567568],[26.333333333333336,-14.0],[26.56756756756757,-14.432432432432432],[27.0,-14.666666666666668],[27.32,-14.68],[27.57142857142857,-15.0],[27.6,-15.4],[29.2,-15.2],[29.333333333333336,-15.000000000000002],[28.523809523809522,-14.476190476190474],[28.166666666666664,-13.833333333333332],[27.0,-13.428571428571427],[26.56756756756757,-13.567567567567568]],[[17.5,-27.0],[17.90909090909091,-27.090909090909093],[18.060606060606062,-27.06060606060606],[17.9375,-26.9375],[17.5,-27.0]],[[26.818181818181817,-16.0],[27.000000000000004,-16.333333333333336],[27.333333333333336,-16.0],[27.363636363636363,-15.636363636363637],[27.000000000000004,-15.666666666666668],[26.818181818181817,-16.0]],[[27.75,-20.0],[28.02777777777778,-20.02777777777778],[28.0,-19.75],[27.866666666666667,-19.866666666666667],[27.75,-20.0]],[[17.666666666666668,-44.0],[17.666666666666668,-44.333333333333336],[18.0,-44.5],[18.25,-44.0],[18.0,-43.5],[17.666666666666668,-44.0]],[[25.027027027027028,-29.972972972972975],[24.999999999999996,-30.083333333333332],[25.2,-30.0],[25.027027027027028,-29.972972972972975]],[[27.0,-21.5],[27.10810810810811,-20.89189189189189],[27.0,-20.6],[26.6,-21.0],[27.0,-21.5]]],[[[-4.0,-14.59375],[-3.675,-15.0],[-3.767857142857143,-15.232142857142858],[-4.0,-15.325],[-4.135416666666667,-15.0],[-4.0,-14.59375]]],[[[5.375,19.375],[5.6,19.0],[5.636363636363637,18.636363636363637],[6.166666666666666,18.0],[5.8,17.2],[5.7894736842105265,16.789473684210527],[6.31578947368421,16.31578947368421],[6.428571428571429,16.0],[6.7142857142857135,15.714285714285712],[8.0,15.583333333333332],[8.358974358974358,15.358974358974358],[8.777777777777779,14.777777777777779],[9.454545454545455,14.454545454545455],[9.681818181818182,14.0],[9.892857142857142,12.892857142857142],[10.529411764705882,12.52941176470588],[10.842105263157896,12.0],[10.615384615384617,8.0],[10.4,7.0],[10.6,6.0],[10.5,5.0],[10.0,4.5],[9.68421052631579,3.31578947368421],[9.0,3.0],[8.727272727272727,2.2727272727272725],[8.0,2.0],[7.6,1.4000000000000001],[6.945945945945946,1.054054054054054],[6.642857142857142,-1.0],[6.6000000000000005,-4.0],[6.461538461538462,-4.461538461538462],[5.916666666666666,-4.916666666666667],[5.545454545454545,-5.545454545454545],[4.5,-6.5],[3.0,-6.785714285714286],[2.0,-6.699999999999999],[1.7391304347826086,-7.0],[1.5384615384615383,-7.461538461538462],[1.6,-7.6],[1.4666666666666666,-7.533333333333333],[1.0,-7.708333333333333],[0.0,-7.392857142857143],[-2.0,-7.285714285714286],[-3.0,-7.541666666666667],[-4.7142857142857135,-7.285714285714286],[-5.0,-7.5],[-6.0,-7.5],[-7.0,-8.0],[-7.578947368421053,-7.578947368421053],[-8.0,-7.5],[-8.285714285714285,-7.285714285714286],[-8.666666666666668,-7.333333333333334],[-10.0,-7.105263157894737],[-11.0,-7.75],[-11.404494382022472,-7.404494382022472],[-12.0,-7.276923076923077],[-14.08860759493671,-7.088607594936709],[-14.27450980392157,-6.7254901960784315],[-14.129032258064516,-6.129032258064516],[-17.142857142857142,-6.0],[-17.52,-5.52],[-18.0,-5.25],[-18.4375,-4.4375],[-19.0,-4.066666666666666],[-19.315789473684212,-2.6842105263157894],[-19.216216216216218,-2.2162162162162162],[-19.684210526315788,-2.3157894736842106],[-20.0,-2.1730769230769234],[-20.285714285714285,-1.7142857142857142],[-20.285714285714285,-1.2857142857142856],[-20.764705882352942,-1.2352941176470589],[-21.06417112299465,-1.0641711229946524],[-21.135593220338983,0.0],[-21.253968253968253,0.25396825396825395],[-21.13953488372093,0.8604651162790697],[-21.73134328358209,0.7313432835820896],[-22.098360655737707,0.9016393442622951],[-22.295081967213115,1.2950819672131146],[-22.195121951219512,1.8048780487804879],[-22.719298245614034,1.719298245614035],[-23.085106382978722,1.9148936170212765],[-23.03265306122449,3.0326530612244897],[-22.876923076923077,3.123076923076923],[-22.0,3.0],[-21.0,3.25],[-20.6,3.6000000000000005],[-20.0,5.0],[-19.5,5.5],[-19.333333333333336,6.0],[-19.636363636363637,6.363636363636363],[-20.0,7.5],[-20.0,8.166666666666666],[-19.285714285714285,9.0],[-19.05970149253731,9.059701492537313],[-19.0,9.333333333333334],[-18.652173913043477,9.652173913043478],[-17.42857142857143,12.0],[-16.5,13.0],[-16.400000000000002,13.4],[-16.0,13.444444444444443],[-15.655172413793103,13.655172413793105],[-15.285714285714286,14.0],[-15.266666666666666,14.266666666666666],[-15.0,14.333333333333332],[-14.692307692307693,14.692307692307693],[-14.600000000000001,16.0],[-13.333333333333336,16.333333333333336],[-13.05,17.0],[-12.204081632653061,17.20408163265306],[-12.0,17.714285714285715],[-10.0,17.727272727272727],[-9.7,18.0],[-9.152173913043477,18.152173913043477],[-8.048780487804878,20.0],[-7.175824175824175,20.175824175824175],[-7.000000000000001,20.8],[-6.0,21.0],[-1.75,21.25],[-1.0,20.733333333333334],[1.3636363636363635,20.363636363636363],[1.9402985074626866,19.940298507462686],[4.661016949152542,19.661016949152543],[5.375,19.375]]],[[[20.714285714285715,19.714285714285715],[20.545454545454547,20.0],[20.565217391304348,20.434782608695652],[21.0,20.714285714285715],[21.18867924528302,20.18867924528302],[21.625,20.0],[21.27777777777778,19.72222222222222],[20.714285714285715,19.714285714285715]]],[[[14.0,25.0],[14.866666666666667,23.866666666666667],[15.0,23.909090909090907],[15.434782608695652,23.434782608695652],[15.357142857142858,22.642857142857146],[15.0,22.09090909090909],[14.18181818181818,22.18181818181818],[14.133333333333333,23.133333333333333],[13.25,24.0],[13.4,24.6],[14.0,25.0]]],[[[18.0,25.826086956521742],[17.0,26.0],[18.1,26.9],[19.0,27.25],[19.010752688172044,23.989247311827956],[18.923076923076923,23.923076923076923],[18.75,24.0],[18.90909090909091,24.09090909090909],[18.863636363636363,25.0],[18.5,25.5],[18.0,25.826086956521742]]],[[[12.0,27.285714285714285],[13.0,27.0],[12.444444444444445,26.555555555555554],[11.68,26.68],[11.5,27.0],[12.0,27.285714285714285]]],[[[37.0,27.800000000000004],[37.29268292682927,27.292682926829272],[37.23529411764706,27.0],[37.0,26.91428571428571],[35.214285714285715,27.0],[35.400000000000006,27.6],[37.0,27.800000000000004]]],[[[1.7058823529411764,30.294117647058822],[2.0,29.58333333333333],[2.4,29.400000000000002],[2.8431372549019605,28.84313725490196],[2.872340425531915,27.127659574468083],[2.6666666666666665,27.000000000000004],[2.6666666666666665,26.0],[1.1777777777777776,25.822222222222223],[0.9574468085106382,25.04255319148936],[-2.0,24.88421052631579],[-2.72463768115942,24.72463768115942],[-3.0,24.296296296296298],[-3.3636363636363633,24.363636363636367],[-4.0,24.0],[-4.043478260869565,25.0],[-4.866666666666667,26.0],[-4.363636363636363,28.0],[-4.548387096774193,30.0],[-4.197530864197531,31.80246913580247],[-4.074766355140187,32.074766355140184],[-3.8940397350993377,32.10596026490066],[-2.129032258064516,31.870967741935484],[-1.4888888888888887,31.511111111111113],[-1.0,31.397260273972602],[0.37349397590361444,31.373493975903614],[1.1111111111111112,30.88888888888889],[1.7333333333333334,30.733333333333334],[1.7058823529411764,30.294117647058822]]],[[[27.9375,28.0],[27.866666666666667,27.866666666666667],[28.000000000000004,27.800000000000004],[28.153846153846153,27.846153846153847],[28.142857142857142,28.0],[28.53846153846154,28.461538461538463],[29.0,28.6],[30.18181818181818,28.818181818181817],[31.400000000000002,28.6],[32.0,29.0],[31.6,28.400000000000002],[31.75,28.0],[31.5,27.5],[31.0,27.0],[30.115942028985508,26.884057971014492],[29.0,27.0],[28.0,26.885714285714286],[27.636363636363633,27.0],[27.358974358974358,27.358974358974358],[27.0,27.31818181818182],[26.0625,28.0],[25.830508474576273,28.83050847457627],[24.9375,29.0],[25.0,30.0],[25.555555555555554,31.444444444444443],[26.0,31.333333333333332],[26.400000000000002,31.6],[26.5,32.0],[27.070796460176993,32.07079646017699],[27.666666666666668,32.0],[27.692307692307693,31.692307692307693],[28.0,31.333333333333332],[28.333333333333336,31.333333333333336],[29.0,31.0],[29.166666666666664,29.833333333333336],[28.0,29.6],[27.0,29.0],[27.73913043478261,28.73913043478261],[27.9375,28.0]]],[[[15.0,30.73913043478261],[14.714285714285715,31.0],[16.047619047619047,30.952380952380953],[16.0,30.842105263157897],[15.0,30.73913043478261]]],[[[22.6,30.0],[22.5,30.5],[22.0,30.75],[21.985401459854014,30.985401459854018],[21.75,31.0],[21.333333333333336,31.333333333333336],[21.0,31.333333333333336],[21.0,32.06185567010309],[25.333333333333332,32.0],[25.444444444444443,31.555555555555557],[24.75,31.25],[24.6,30.6],[25.0,30.0],[22.6,30.0]]],[[[7.703703703703704,33.7037037037037],[7.923076923076923,33.0],[7.578947368421053,32.421052631578945],[6.804878048780488,32.19512195121951],[6.450000000000001,31.55],[6.0,31.307692307692307],[4.0,31.357142857142854],[3.55,31.55],[3.166666666666667,32.166666666666664],[2.641025641025641,32.64102564102564],[2.3333333333333335,33.333333333333336],[2.0,33.5],[1.349206349206349,34.34920634920635],[0.0,35.0],[-0.28,35.72],[-0.5384615384615384,36.0],[-0.16091954022988508,36.160919540229884],[0.7352941176470589,36.26470588235294],[1.0,37.5],[2.5428571428571427,36.542857142857144],[3.242424242424242,36.24242424242425],[5.0,35.0],[5.741935483870968,34.74193548387097],[6.62962962962963,34.629629629629626],[7.307692307692308,34.307692307692314],[7.703703703703704,33.7037037037037]]],[[[32.63636363636364,37.36363636363636],[32.0,35.88],[30.0,35.266666666666666],[28.571428571428573,35.42857142857143],[28.0,35.25],[27.700000000000003,35.7],[27.25,36.0],[26.333333333333336,36.333333333333336],[25.266666666666666,37.266666666666666],[24.513513513513516,37.513513513513516],[24.18181818181818,38.0],[24.1,39.0],[24.5,39.5],[25.0,39.75],[30.285714285714285,39.71428571428571],[32.0,39.66666666666667],[32.54545454545455,39.54545454545455],[33.272727272727266,39.272727272727266],[33.5,39.0],[33.42857142857143,38.0],[32.63636363636364,37.36363636363636]]],[[[9.0,36.0],[8.0,35.714285714285715],[5.7142857142857135,37.0],[5.0,38.0],[4.75,39.0],[5.0,39.2],[6.0,39.166666666666664],[6.818181818181818,38.81818181818181],[8.0,38.63636363636363],[9.076923076923077,38.92307692307692],[9.515151515151516,39.484848484848484],[10.0,39.66666666666667],[13.0,39.75],[14.0,40.375],[15.0,40.0],[15.434782608695652,39.434782608695656],[15.5,38.0],[14.696969696969699,37.3030303030303],[14.615384615384617,37.0],[14.29090909090909,36.709090909090904],[10.363636363636363,36.63636363636364],[9.565217391304348,36.434782608695656],[9.0,36.0]]],[[[1.52,41.48],[1.0,41.0],[0.9230769230769231,40.00000000000001],[0.43478260869565216,38.56521739130435],[0.0,38.375],[-1.0,38.400000000000006],[-1.280701754385965,38.28070175438596],[-1.709090909090909,37.709090909090904],[-4.5,37.0],[-5.0,36.5],[-5.068965517241379,36.93103448275862],[-6.0,37.0],[-6.833333333333334,39.0],[-6.230769230769231,41.0],[-6.148148148148148,42.0],[-5.789473684210526,43.0],[-5.829787234042553,43.170212765957444],[-6.0,43.23529411764706],[-6.152941176470588,43.84705882352941],[-6.099236641221374,44.099236641221374],[-5.801526717557252,44.19847328244275],[-5.130841121495327,44.13084112149532],[-4.505154639175258,44.50515463917526],[-4.0,45.121212121212125],[-3.2162162162162162,45.21621621621622],[-3.0,46.0],[-2.2162162162162162,46.21621621621621],[-1.2307692307692308,47.230769230769226],[-0.5,47.5],[1.411764705882353,48.588235294117645],[1.8688524590163935,49.131147540983605],[2.186046511627907,49.18604651162791],[2.8000000000000003,49.0],[2.6,45.4],[2.3157894736842106,44.68421052631579],[2.0,44.4],[1.8888888888888888,44.11111111111111],[2.0,43.0],[1.52,41.48]]],[[[34.7,67.0],[34.93103448275862,65.93103448275862],[35.5625,64.5625],[37.285714285714285,64.28571428571428],[38.0,64.0],[37.375,63.625],[36.0,63.4],[33.78947368421053,63.78947368421053],[33.26086956521739,64.26086956521739],[33.0,65.0],[32.470588235294116,65.47058823529412],[32.27272727272727,66.0],[32.333333333333336,67.66666666666667],[32.6,68.4],[33.0,68.66666666666667],[33.272727272727266,69.72727272727272],[34.15,69.85],[34.6,70.0],[34.78947368421053,70.21052631578948],[36.0,70.63636363636364],[36.5,70.5],[37.33333333333333,70.0],[37.5,69.5],[37.0,69.66666666666667],[35.65853658536585,69.34146341463415],[35.5,68.5],[35.0,68.0],[34.7,67.0]]],[[[36.666666666666664,68.0],[37.0,68.5],[37.4,68.4],[37.22222222222222,67.77777777777777],[37.0,67.6],[36.666666666666664,68.0]]],[[[37.4,69.0],[37.5,69.5],[38.0,69.6],[38.375,69.0],[38.26086956521739,68.73913043478261],[37.57142857142858,68.57142857142857],[37.4,69.0]]],[[[91.2,-68.0],[92.0,-67.55555555555556],[92.4,-68.0],[92.47058823529412,-68.47058823529412],[91.65217391304347,-68.34782608695653],[91.2,-68.0]]],[[[106.76923076923077,-66.76923076923077],[107.0,-66.75],[107.375,-67.0],[107.0,-67.35294117647058],[106.75999999999999,-67.24000000000001],[106.76923076923077,-66.76923076923077]]],[[[91.78571428571428,-64.78571428571428],[92.75,-65.0],[91.87755102040816,-65.12244897959184],[91.25,-65.0],[91.78571428571428,-64.78571428571428]]],[[[88.66666666666666,-64.0],[89.0,-62.75],[89.30769230769232,-63.69230769230769],[89.34782608695653,-64.34782608695653],[89.0,-64.57142857142857],[88.66666666666666,-64.0]]],[[[98.85714285714286,-60.857142857142854],[99.54285714285714,-60.54285714285714],[101.0,-60.28571428571429],[101.60000000000001,-60.400000000000006],[101.83333333333333,-61.0],[100.0,-61.727272727272734],[99.42105263157895,-61.57894736842105],[98.8095238095238,-61.19047619047619],[98.75,-61.0],[98.85714285714286,-60.857142857142854]]],[[[70.0,-57.0],[72.0,-56.98275862068965],[72.25,-57.0],[71.0,-57.2],[70.0,-57.0]]],[[[65.07142857142857,-53.0],[63.57142857142857,-53.0],[63.470588235294116,-52.529411764705884],[62.81818181818182,-52.18181818181819],[62.36,-52.36],[60.0,-52.15686274509804],[59.0,-52.230769230769226],[58.0,-52.705882352941174],[56.913043478260875,-52.91304347826087],[56.0,-52.73170731707317],[54.86363636363636,-52.0],[55.0,-51.0],[55.71428571428571,-50.71428571428571],[56.1,-50.0],[57.0,-49.75],[58.09375,-49.90625],[60.19354838709677,-50.806451612903224],[62.19047619047619,-51.0],[62.47368421052632,-51.526315789473685],[63.04819277108434,-51.95180722891566],[64.0,-52.0],[65.07142857142857,-53.0]]],[[[49.44444444444444,-31.555555555555557],[49.84615384615385,-32.15384615384615],[50.36363636363636,-32.63636363636364],[50.703703703703695,-33.29629629629629],[51.285714285714285,-33.714285714285715],[51.66666666666667,-35.0],[52.357142857142854,-35.64285714285714],[52.888888888888886,-37.0],[53.583333333333336,-37.416666666666664],[55.0,-39.0],[56.36363636363637,-39.63636363636363],[56.851851851851855,-40.14814814814815],[58.416666666666664,-40.583333333333336],[59.0,-41.0],[60.0,-41.0],[60.578947368421055,-41.421052631578945],[62.0,-41.6],[62.222222222222214,-41.77777777777778],[62.6,-42.4],[63.2,-44.0],[62.6,-45.6],[62.0,-46.0],[60.42857142857143,-45.57142857142857],[60.0,-45.0],[59.0,-45.166666666666664],[58.0,-45.599999999999994],[57.0,-45.36363636363636],[56.0,-45.411764705882355],[55.0,-46.0],[53.048780487804876,-46.048780487804876],[53.0,-46.25],[52.0,-46.5],[51.0,-46.53846153846154],[50.0,-46.18181818181819],[48.945945945945944,-46.05405405405405],[47.0,-46.11764705882353],[46.476190476190474,-46.476190476190474],[46.18918918918919,-47.18918918918919],[46.05952380952381,-48.05952380952381],[45.18421052631579,-48.184210526315795],[45.0,-48.875],[44.8,-49.0],[43.272727272727266,-49.272727272727266],[43.0,-50.625],[42.66666666666667,-50.66666666666667],[42.25,-51.0],[42.0327868852459,-51.0327868852459],[42.0,-51.2],[40.0,-51.2],[39.14814814814815,-50.851851851851855],[38.0,-50.83333333333333],[37.31818181818182,-50.0],[37.1,-48.0],[36.5045871559633,-47.4954128440367],[33.38461538461539,-47.0],[32.787234042553195,-46.212765957446805],[32.0,-46.13513513513514],[31.615384615384613,-45.0],[31.633027522935784,-44.633027522935784],[31.951219512195124,-43.951219512195124],[32.647058823529406,-43.647058823529406],[33.0,-42.2],[33.55555555555556,-41.0],[33.3125,-40.0],[33.4,-39.400000000000006],[33.666666666666664,-39.0],[34.826086956521735,-38.826086956521735],[35.57142857142857,-38.57142857142857],[35.90909090909091,-38.0],[36.89090909090909,-37.89090909090909],[37.24242424242424,-37.24242424242424],[38.0,-37.125],[38.5,-36.5],[39.0,-36.111111111111114],[39.82142857142857,-35.82142857142857],[40.0,-35.61538461538461],[41.0,-36.0],[41.66666666666667,-35.66666666666667],[41.916666666666664,-34.916666666666664],[42.0,-31.333333333333336],[42.5,-30.0],[42.785714285714285,-29.785714285714285],[43.0,-29.4],[44.0,-29.153846153846153],[45.0,-29.1],[46.0,-29.22222222222222],[47.333333333333336,-29.666666666666668],[47.724137931034484,-30.275862068965516],[48.400000000000006,-30.6],[48.84615384615384,-31.153846153846153],[49.44444444444444,-31.555555555555557]]],[[[123.125,-35.875],[124.0,-36.0],[123.4,-36.400000000000006],[123.0,-36.5],[122.9,-36.0],[123.125,-35.875]]],[[[139.31645569620252,11.0],[139.0,10.857142857142858],[136.73684210526318,10.736842105263158],[136.11702127659575,10.882978723404255],[135.75824175824175,10.758241758241759],[135.26666666666668,11.0],[135.56,11.44],[136.26470588235293,11.735294117647058],[136.72222222222223,11.722222222222221],[138.71739130434784,12.282608695652176],[141.0,12.714285714285715],[141.43478260869566,12.434782608695652],[141.55555555555554,12.0],[140.09259259259258,11.907407407407407],[139.44827586206895,11.551724137931034],[139.31645569620252,11.0]]],[[[124.1654135338346,20.165413533834588],[126.0,19.909090909090907],[126.60000000000001,19.6],[126.93939393939394,18.939393939393938],[127.57894736842104,18.57894736842105],[127.9,18.0],[127.95,16.95],[128.16666666666666,16.833333333333332],[128.83333333333334,16.833333333333332],[128.91666666666666,16.0],[128.76470588235293,14.999999999999998],[129.0,14.733333333333334],[129.44444444444443,14.555555555555554],[129.66666666666669,14.666666666666668],[129.55555555555554,14.444444444444443],[129.73333333333335,14.0],[129.83333333333331,12.833333333333332],[131.0,12.5],[131.32727272727274,12.672727272727272],[131.5,13.0],[131.5263157894737,13.473684210526317],[132.0,13.9],[133.0,13.909090909090908],[133.61904761904762,13.619047619047617],[134.0,13.0],[133.66666666666669,11.0],[132.81395348837208,10.186046511627907],[132.76470588235293,10.0],[132.25742574257424,9.742574257425742],[131.8235294117647,9.0],[131.19858156028369,8.801418439716311],[130.52,8.0],[129.55963302752295,7.440366972477065],[129.0,6.777777777777778],[128.0,6.071428571428571],[127.14285714285714,5.857142857142857],[125.93846153846154,5.061538461538462],[124.36781609195403,4.6321839080459775],[123.8409090909091,4.159090909090909],[120.15384615384616,3.8461538461538463],[119.0,3.3181818181818183],[117.0,3.411764705882353],[115.0,3.193548387096774],[114.72222222222223,3.7222222222222223],[114.29591836734693,3.704081632653061],[113.87685774946921,3.8768577494692145],[113.64848484848486,4.351515151515152],[113.64848484848486,4.648484848484848],[112.90604026845637,4.906040268456375],[112.80733944954129,5.192660550458715],[113.0,5.65625],[113.91666666666667,6.0],[114.53623188405797,6.463768115942029],[115.26470588235294,6.735294117647059],[115.75,7.25],[116.52380952380952,7.476190476190475],[117.0,7.833333333333334],[119.0,7.800000000000001],[119.1142857142857,7.885714285714286],[119.36363636363636,10.0],[119.21052631578947,11.210526315789473],[119.34782608695652,12.652173913043478],[119.58333333333334,13.416666666666666],[120.14285714285714,14.0],[120.30769230769232,14.692307692307693],[120.16666666666666,17.0],[119.34782608695652,19.347826086956523],[119.30769230769232,21.0],[119.5,21.5],[120.08333333333333,21.999999999999996],[120.15384615384616,23.846153846153843],[121.0,24.0],[122.0,24.0],[122.16867469879517,23.16867469879518],[122.51515151515153,22.515151515151516],[123.0,22.058823529411764],[123.14598540145985,21.145985401459853],[123.47619047619048,21.0],[123.67164179104478,20.671641791044777],[124.0,20.5],[124.1654135338346,20.165413533834588]]],[[[71.6969696969697,15.696969696969697],[73.66666666666667,15.000000000000002],[74.86111111111111,14.86111111111111],[76.0,14.454545454545453],[77.0,14.294117647058822],[77.5,14.0],[78.74193548387098,13.741935483870968],[81.0,13.518518518518519],[83.0,13.11111111111111],[84.0,13.2],[87.0,14.2],[92.0,12.666666666666668],[93.2,12.0],[94.67741935483872,11.677419354838708],[95.66666666666666,11.0],[97.11764705882354,10.88235294117647],[97.89473684210526,11.105263157894736],[99.1875,11.1875],[100.71428571428571,10.0],[94.0,9.775757575757575],[91.0,10.0],[87.0,10.561643835616438],[81.0,10.441176470588236],[76.41666666666667,11.416666666666668],[74.87878787878788,11.878787878787879],[72.27480916030535,12.274809160305344],[70.8989898989899,12.8989898989899],[69.81818181818181,13.0],[68.59139784946237,13.591397849462364],[65.0,14.746268656716417],[63.08823529411765,15.088235294117647],[61.23529411764705,16.0],[60.64285714285714,17.0],[60.77272727272728,17.227272727272727],[61.38297872340425,17.617021276595743],[62.211764705882345,17.788235294117648],[62.5625,18.0],[62.65853658536585,18.341463414634145],[63.0,18.53846153846154],[63.400000000000006,18.400000000000002],[63.875,18.0],[66.48275862068967,17.482758620689655],[67.5,17.0],[69.0,16.846153846153847],[69.61904761904762,16.61904761904762],[70.0,16.0],[71.6969696969697,15.696969696969697]]],[[[149.0,14.71264367816092],[148.07407407407408,15.0],[149.0,15.255102040816327],[149.35211267605632,15.0],[149.0,14.71264367816092]]],[[[49.86046511627907,25.86046511627907],[50.63636363636363,25.636363636363637],[51.272727272727266,25.272727272727273],[51.375,25.0],[52.888888888888886,23.88888888888889],[53.565217391304344,23.565217391304348],[53.869565217391305,22.869565217391305],[55.400000000000006,22.4],[55.76470588235294,21.764705882352942],[56.38709677419355,21.387096774193548],[56.599999999999994,21.0],[56.75,19.0],[56.0,18.454545454545453],[55.58620689655172,18.586206896551722],[55.0,19.299999999999997],[53.0,19.75],[52.98601398601399,19.986013986013987],[52.5,20.5],[52.0,20.692307692307693],[51.0,20.81818181818182],[50.97202797202797,20.972027972027973],[50.0,21.0],[49.97278911564626,21.97278911564626],[49.45614035087719,22.45614035087719],[49.0,22.565217391304348],[48.88095238095238,22.88095238095238],[47.93617021276596,23.0],[47.69230769230769,23.692307692307693],[47.244897959183675,23.755102040816325],[46.806451612903224,24.0],[46.523809523809526,24.523809523809522],[45.917647058823526,24.91764705882353],[44.976539589442815,24.976539589442815],[44.72222222222223,25.72222222222222],[43.89285714285714,26.0],[43.57894736842105,26.57894736842105],[42.1578947368421,27.0],[42.0,27.375],[41.44444444444444,28.0],[41.629629629629626,28.37037037037037],[42.275862068965516,28.724137931034484],[43.0,28.800000000000004],[43.68,28.68],[44.03030303030303,28.0],[44.53623188405797,27.53623188405797],[46.0,27.16470588235294],[48.0,27.0],[48.80487804878049,26.804878048780488],[49.4375,26.4375],[49.86046511627907,25.86046511627907]]],[[[63.0,26.0],[63.86666666666667,26.133333333333333],[64.0,26.25],[64.2,26.0],[64.13333333333333,25.866666666666667],[63.71428571428571,25.714285714285715],[63.0,26.0]]],[[[45.87845303867404,32.87845303867403],[45.35294117647059,33.0],[45.66153846153846,33.338461538461544],[46.0,33.458333333333336],[46.3859649122807,33.3859649122807],[47.0,33.0],[45.87845303867404,32.87845303867403]]],[[[177.7142857142857,74.28571428571428],[177.0,74.25],[176.55555555555554,74.44444444444443],[176.40000000000003,74.4],[176.44444444444443,74.55555555555554],[176.17777777777778,75.17777777777778],[176.0,75.26666666666668],[174.88571428571427,75.11428571428571],[173.0,75.14814814814815],[172.2,75.0],[172.0,74.0],[171.16666666666669,74.16666666666666],[170.25,74.0],[170.83333333333334,73.83333333333333],[171.0,73.5],[171.40000000000003,73.4],[171.5,73.0],[171.33333333333334,72.66666666666667],[171.0,72.5],[170.46666666666667,71.53333333333333],[170.0,71.3],[169.4848484848485,70.51515151515152],[169.0,70.33333333333334],[168.33333333333334,69.66666666666667],[168.0,69.64285714285714],[167.6,69.4],[167.4,69.0],[167.0754716981132,68.9245283018868],[167.0,68.4],[166.0,68.75],[165.31578947368422,69.3157894736842],[165.0952380952381,70.09523809523809],[164.28571428571428,70.28571428571428],[164.0,71.0],[163.51724137931035,71.51724137931035],[162.75,72.0],[162.6,72.6],[162.0,73.0],[162.0,75.0],[161.0,75.0],[161.0,73.0],[158.1875,73.1875],[157.25,73.0],[156.66666666666669,72.33333333333334],[154.9183673469388,72.08163265306122],[154.66666666666669,71.33333333333334],[154.33333333333334,71.33333333333334],[153.5,71.0],[153.3,70.7],[153.0,70.57142857142857],[152.82222222222222,70.17777777777778],[150.91304347826087,70.08695652173913],[150.63636363636363,69.63636363636364],[150.63636363636363,69.36363636363636],[149.8695652173913,69.1304347826087],[148.0,69.0],[148.0,68.0],[145.0,68.11764705882354],[144.39473684210526,67.60526315789474],[142.0,67.21052631578948],[141.68,67.32],[141.23529411764707,67.23529411764706],[141.0,68.0],[140.0,69.0909090909091],[139.0,69.1],[138.0,69.36363636363636],[137.0,69.2],[135.25,69.25],[134.0,69.06666666666668],[133.0,69.16666666666667],[132.6,69.0],[131.75,68.0],[131.5,67.5],[130.48,66.52],[128.9375,66.0625],[128.57894736842104,65.42105263157895],[128.0,65.2],[127.7142857142857,64.71428571428571],[128.0,64.0],[128.64705882352942,63.647058823529406],[129.0,63.785714285714285],[129.66666666666669,63.66666666666667],[130.0,63.25],[130.53846153846155,63.46153846153847],[131.0,63.473684210526315],[132.0,63.0],[132.51162790697674,62.51162790697674],[133.3783783783784,62.37837837837838],[133.60869565217394,62.0],[133.84615384615384,61.0],[133.55,60.0],[134.125,58.875],[134.25,58.25],[134.66666666666669,58.0],[133.76923076923077,57.769230769230774],[133.36363636363637,58.36363636363636],[133.0,58.4],[132.72881355932202,58.271186440677965],[132.57894736842104,58.0],[132.73333333333335,57.0],[132.7948717948718,56.794871794871796],[133.37037037037038,56.37037037037037],[134.0,56.08333333333333],[135.21875,56.21875],[135.48571428571427,55.0],[135.1904761904762,54.0],[135.45,53.45],[136.0,53.0],[135.60000000000002,52.4],[135.025,51.975],[134.96153846153848,51.0],[133.5,50.5],[133.0,50.10714285714286],[131.1951219512195,49.80487804878049],[131.39669421487605,49.396694214876035],[131.31168831168833,49.0],[131.0,48.747368421052634],[130.70731707317074,48.707317073170735],[130.0,49.0],[129.19354838709677,48.806451612903224],[128.83333333333334,48.0],[128.0,47.88372093023256],[127.62962962962962,47.629629629629626],[127.18181818181819,47.81818181818182],[127.46728971962617,47.467289719626166],[127.0,45.83823529411765],[126.74712643678161,45.74712643678161],[126.10909090909091,45.89090909090909],[126.0,45.0],[125.06593406593407,44.934065934065934],[125.0,44.0],[124.24000000000001,44.24],[123.85714285714286,44.142857142857146],[123.5,43.5],[122.0,43.0],[119.83333333333333,41.00000000000001],[119.33333333333334,40.0],[119.36363636363636,39.63636363636363],[118.83333333333334,39.16666666666667],[118.57894736842104,38.421052631578945],[118.6190476190476,37.61904761904762],[119.0,37.0],[118.92592592592592,34.074074074074076],[118.0,33.0],[117.91999999999999,32.08],[117.47999999999999,30.519999999999996],[116.26086956521739,28.73913043478261],[115.72413793103448,28.275862068965516],[114.8,28.000000000000004],[114.16666666666666,27.0],[114.0,26.0],[113.0,26.0],[113.4,25.400000000000002],[112.66666666666667,23.0],[112.75,22.75],[113.4,22.4],[113.69230769230771,21.692307692307693],[114.25,21.25],[114.44444444444444,20.444444444444443],[114.6190476190476,18.61904761904762],[115.0,17.0],[114.33333333333334,16.0],[114.15384615384616,14.846153846153847],[113.55555555555556,14.444444444444443],[113.2,13.8],[113.0,13.0],[110.0,13.0],[108.2,13.2],[108.00000000000001,13.333333333333334],[107.88888888888889,13.11111111111111],[106.0,13.0],[105.75,11.75],[106.33333333333334,11.333333333333334],[106.5,11.0],[106.0,10.8],[105.5,11.0],[105.25,11.25],[105.0,11.166666666666668],[103.56521739130434,11.565217391304348],[103.0,12.0],[102.0,12.09090909090909],[101.29411764705883,12.294117647058824],[100.80000000000001,13.0],[99.27777777777777,13.277777777777779],[99.0,13.833333333333334],[97.52380952380952,14.523809523809522],[97.10526315789474,15.105263157894738],[95.66666666666667,15.666666666666668],[94.0,17.0],[93.34782608695652,17.347826086956523],[92.56521739130434,17.565217391304348],[91.36363636363636,18.363636363636363],[90.66666666666667,19.0],[90.2,20.0],[89.63636363636364,20.636363636363637],[89.5,21.0],[89.0,21.25],[88.0,21.214285714285715],[87.0,21.555555555555557],[85.73333333333333,21.733333333333334],[85.0,22.071428571428573],[83.0,22.1],[82.66666666666667,22.0],[82.0,21.333333333333336],[81.0,21.25],[78.83333333333333,21.833333333333336],[77.55555555555556,22.555555555555557],[76.78947368421052,22.789473684210527],[76.66666666666666,24.0],[76.42105263157895,24.42105263157895],[75.78947368421052,24.789473684210527],[75.66666666666667,25.0],[75.8,27.0],[76.0,27.333333333333336],[77.0,28.0],[77.6923076923077,29.307692307692307],[78.33333333333334,30.000000000000004],[79.0,31.0],[80.0,32.0],[80.36363636363636,32.63636363636364],[80.57142857142857,33.42857142857143],[81.0,34.0],[79.22222222222223,35.22222222222222],[78.0,37.0],[76.0,37.375],[75.0,37.8],[74.0,38.0],[72.52941176470588,37.47058823529412],[71.0,37.142857142857146],[70.38461538461539,36.61538461538461],[69.6923076923077,36.30769230769231],[69.0,36.26315789473684],[68.375,36.0],[68.26086956521739,35.73913043478261],[67.58333333333333,35.41666666666667],[65.2,34.8],[64.0,34.0],[63.0,34.0],[61.0,35.0],[60.60000000000001,35.6],[60.0,36.0],[59.0,37.666666666666664],[57.75,37.75],[57.5,38.0],[57.66666666666667,39.0],[57.0,40.0],[56.5,40.5],[56.15384615384615,41.15384615384615],[55.5,41.5],[55.0,42.0],[54.00000000000001,41.333333333333336],[52.6,41.400000000000006],[52.0,41.0],[52.0,42.0],[51.400000000000006,42.4],[51.0,42.5],[50.75,42.75],[50.81818181818181,43.18181818181818],[51.400000000000006,43.60000000000001],[51.5,44.0],[50.529411764705884,44.529411764705884],[50.0,45.0],[48.29629629629629,45.29629629629629],[48.0,45.5],[46.0,45.333333333333336],[43.625,45.625],[43.0,45.800000000000004],[42.35294117647059,46.35294117647059],[42.0,46.42857142857143],[41.68421052631579,46.315789473684205],[41.32,45.68],[41.0,45.55555555555556],[37.0,45.0],[36.0,44.375],[34.0,44.55555555555556],[33.642857142857146,44.357142857142854],[33.272727272727266,43.72727272727273],[33.0,43.57142857142857],[32.0,43.400000000000006],[31.0,43.400000000000006],[30.703703703703702,43.29629629629629],[30.210526315789473,42.78947368421053],[29.0,42.5],[27.0,42.5],[26.0,42.8],[25.0,42.666666666666664],[24.0,43.16666666666667],[23.0,42.666666666666664],[22.0,42.5],[19.0,42.57142857142857],[18.0,42.45454545454545],[17.0,42.666666666666664],[16.0,42.5],[15.0,42.5],[13.857142857142858,42.85714285714286],[13.600000000000001,44.0],[13.352941176470589,44.35294117647059],[12.7,44.7],[12.272727272727272,45.272727272727266],[12.0,45.375],[11.647058823529411,45.35294117647059],[11.0,44.75],[10.4,44.6],[9.0,44.66666666666667],[8.0,44.57142857142857],[7.625,45.0],[7.476190476190475,45.476190476190474],[6.857142857142858,46.0],[6.800000000000001,47.0],[6.421052631578947,47.421052631578945],[6.285714285714286,48.0],[5.5094339622641515,48.509433962264154],[5.177777777777777,49.17777777777778],[5.142857142857143,50.0],[5.32258064516129,50.677419354838705],[5.703703703703703,50.703703703703695],[6.089887640449438,50.91011235955057],[6.258064516129032,51.25806451612903],[6.285714285714285,51.71428571428571],[7.0,51.875],[8.10126582278481,51.89873417721519],[8.470588235294118,52.529411764705884],[9.131147540983607,52.868852459016395],[9.523809523809524,53.476190476190474],[10.140350877192983,53.85964912280702],[10.357142857142858,54.642857142857146],[11.09375,54.90625],[11.25,55.75],[11.555555555555555,56.44444444444444],[12.066666666666666,56.93333333333333],[12.3125,58.6875],[12.833333333333334,59.0],[13.23076923076923,59.769230769230774],[15.0,60.0],[15.421052631578947,60.578947368421055],[16.0,60.705882352941174],[17.636363636363637,60.63636363636364],[18.0,60.6],[18.375,60.375],[18.714285714285715,59.71428571428571],[19.0,59.5],[20.0,59.53846153846154],[22.0,59.33333333333333],[23.0,59.61538461538462],[25.0,59.58333333333333],[25.4375,59.4375],[26.000000000000004,58.85714285714286],[26.7,58.7],[28.0,58.58333333333333],[29.0,58.69230769230769],[30.461538461538463,58.46153846153846],[31.0,58.2],[32.0,58.33333333333333],[32.5,58.5],[33.0,59.0],[34.0,59.25],[34.6,60.0],[35.0,61.0],[34.54545454545455,61.54545454545455],[34.44444444444444,62.0],[34.629629629629626,62.37037037037037],[35.0,62.625],[35.434782608695656,62.434782608695656],[35.833333333333336,62.0],[35.8,61.8],[36.0,61.66666666666667],[36.333333333333336,61.66666666666667],[37.0,62.0],[38.0,62.0],[39.0,61.800000000000004],[39.25,62.0],[39.333333333333336,62.66666666666667],[39.5,63.0],[39.84615384615385,63.15384615384615],[41.0,63.125],[43.0,64.33333333333333],[44.0,64.0],[45.0,64.0],[46.0,64.2],[47.5,63.5],[47.888888888888886,63.0],[48.63636363636364,60.63636363636364],[49.400000000000006,59.400000000000006],[50.0,59.25],[51.0,59.33333333333333],[51.22222222222223,59.22222222222222],[51.64705882352941,58.647058823529406],[52.23529411764706,58.23529411764706],[52.6,57.6],[53.23529411764706,57.23529411764706],[53.5,56.0],[53.4,55.0],[53.5,54.0],[53.69230769230769,53.69230769230769],[54.0,53.5],[55.71428571428571,52.71428571428571],[56.0,52.0],[58.0,51.5],[61.36363636363636,51.36363636363636],[62.0,51.0],[62.8,51.2],[66.0,51.333333333333336],[66.28571428571428,51.71428571428571],[66.8,53.0],[67.0,54.0],[67.28571428571428,54.71428571428571],[67.66666666666666,57.0],[67.36363636363636,57.36363636363637],[66.66666666666667,57.66666666666667],[66.36363636363637,58.36363636363636],[65.72727272727272,58.72727272727272],[65.38095238095238,59.38095238095238],[65.0,59.57142857142857],[64.0,59.57142857142857],[63.7,59.699999999999996],[63.300000000000004,60.3],[63.0,60.375],[61.0,60.66666666666667],[59.0,60.71428571428571],[58.789473684210535,60.78947368421053],[58.470588235294116,61.470588235294116],[57.33333333333334,62.0],[57.25,62.25],[57.00000000000001,62.333333333333336],[56.69230769230769,62.6923076923077],[56.36363636363637,63.36363636363636],[55.84615384615384,63.84615384615385],[55.5,64.5],[55.0,64.75],[54.5,65.5],[53.75,66.0],[53.75,67.0],[53.46153846153847,67.46153846153847],[52.875,67.875],[52.714285714285715,69.0],[52.400000000000006,70.0],[52.866666666666674,71.13333333333333],[53.333333333333336,71.66666666666667],[53.38461538461539,73.0],[53.56756756756757,73.43243243243244],[54.266666666666666,73.73333333333333],[54.61538461538461,74.38461538461537],[55.75,75.0],[55.86666666666667,76.13333333333333],[57.55555555555555,76.44444444444444],[58.5,77.0],[60.400000000000006,77.6],[62.0,77.78571428571428],[62.48888888888889,77.48888888888888],[63.0,76.2],[63.529411764705884,75.52941176470588],[64.0,75.42857142857143],[65.0,75.58333333333333],[66.0,75.42857142857143],[68.4,75.4],[70.0,75.0],[70.83333333333333,75.16666666666667],[72.77777777777777,75.22222222222223],[74.25,75.75],[75.0,76.25],[78.0,76.33333333333333],[78.5,76.5],[79.0,77.0],[81.0,77.0],[82.0,77.33333333333333],[83.0,77.33333333333333],[85.0,78.2],[87.0,78.2],[88.0,78.33333333333334],[89.0,78.25],[90.0,78.5],[91.0,78.33333333333334],[91.5,78.5],[92.0,79.0],[92.6,78.60000000000001],[93.4,78.4],[93.5,78.0],[95.0,77.88888888888889],[96.0,78.0],[97.16,77.84],[99.0,78.0],[99.0,79.0],[101.0,79.0],[101.0,78.0],[102.0,78.0],[102.0,79.0],[103.60000000000001,79.4],[103.8,80.0],[104.0,80.19999999999999],[105.0,80.0],[105.66666666666667,79.66666666666667],[108.00000000000001,79.66666666666667],[109.0,80.0],[109.0,81.0],[108.0,81.0],[107.71428571428571,81.71428571428571],[107.86666666666666,82.13333333333333],[108.0,82.2],[109.18181818181819,82.18181818181819],[110.0,82.0],[118.0,82.0],[118.0,83.0],[120.0,83.0],[120.0,82.0],[121.0,82.0],[121.0,83.0],[125.0,83.0],[125.4,82.4],[126.0,82.25],[130.0,82.0],[130.66666666666669,81.66666666666667],[131.0,81.66666666666667],[132.25,81.25],[132.66666666666669,81.33333333333334],[133.75,81.25],[135.0,81.66666666666667],[136.0,81.33333333333334],[138.0,81.42857142857143],[138.47058823529412,81.52941176470588],[139.0,82.0],[139.66666666666669,82.33333333333334],[141.2962962962963,82.7037037037037],[146.0,82.875],[146.5,83.0],[147.0,83.33333333333333],[148.0,83.16666666666667],[149.22222222222223,83.22222222222223],[151.0,83.64285714285714],[154.0,83.8125],[157.0,84.33333333333334],[158.0,84.63636363636364],[165.21052631578948,84.78947368421052],[166.0,85.0],[167.375,85.625],[169.0,86.0],[170.0,87.0],[171.0,87.66666666666667],[174.0,87.42857142857142],[176.0,87.69999999999999],[178.0,87.54545454545455],[178.41379310344826,87.41379310344827],[178.8857142857143,86.88571428571429],[179.140350877193,86.85964912280701],[179.77142857142857,88.22857142857143],[180.0,88.44444444444444],[180.0,77.55555555555556],[179.72727272727272,76.0],[179.2926829268293,75.70731707317074],[179.0,75.0769230769231],[178.4,74.6],[177.7142857142857,74.28571428571428]],[[127.32000000000001,64.32],[126.60000000000001,64.0],[126.76470588235294,63.76470588235294],[126.94594594594595,62.945945945945944],[128.0,62.69999999999999],[128.35294117647058,63.35294117647059],[128.0,64.0],[127.32000000000001,64.32]],[[129.0,49.75],[129.2,49.8],[129.2,50.0],[128.5,50.0],[129.0,49.75]],[[131.0,52.5],[130.7037037037037,52.29629629629629],[130.5744680851064,52.0],[130.67741935483872,51.67741935483871],[131.35087719298244,51.64912280701754],[131.66666666666669,52.0],[131.45454545454547,52.45454545454545],[131.0,52.5]],[[131.75,52.75],[132.0,52.833333333333336],[132.94117647058823,54.0],[132.0,54.59259259259259],[131.7217391304348,54.278260869565216],[131.6595744680851,54.0],[131.90243902439025,53.09756097560976],[131.75,52.75]],[[134.49180327868854,54.49180327868852],[134.0,54.73170731707317],[133.51219512195124,54.487804878048784],[133.03225806451613,54.0],[133.53846153846155,53.53846153846154],[134.0,53.375],[134.49586776859505,53.50413223140496],[134.88235294117646,54.0],[134.49180327868854,54.49180327868852]],[[25.0,57.0],[26.0,56.0],[27.0,55.5],[27.4,55.60000000000001],[27.5,56.0],[28.0,56.5],[28.400000000000002,56.400000000000006],[28.6,55.60000000000001],[29.0,55.5],[29.5,56.0],[29.0,57.0],[27.0,57.25],[25.0,57.0]],[[110.60000000000001,23.400000000000002],[110.71428571428571,23.71428571428571],[110.60000000000001,24.400000000000002],[111.0,25.0],[110.0,25.0],[109.8,24.000000000000004],[109.16666666666667,23.0],[109.0,22.0],[109.33333333333333,21.0],[110.11111111111111,20.888888888888886],[110.4,21.6],[111.5,22.0],[111.0,22.25],[110.64705882352939,22.64705882352941],[110.60000000000001,23.400000000000002]],[[113.0,43.0],[113.11764705882354,43.882352941176464],[113.25,44.0],[112.84615384615384,44.15384615384615],[112.0,44.0],[113.0,43.0]],[[123.5,46.0],[123.57894736842105,46.421052631578945],[124.0,47.0],[122.90625,47.09375],[122.6,46.0],[122.99999999999999,45.764705882352935],[123.5,46.0]],[[125.5,47.0],[126.0,46.6],[126.11111111111111,47.111111111111114],[126.00000000000001,47.333333333333336],[125.71428571428571,47.285714285714285],[125.5,47.0]],[[168.82608695652175,73.82608695652173],[169.0,73.5],[169.125,73.875],[169.66666666666669,74.0],[168.9506172839506,74.04938271604938],[168.82608695652175,73.82608695652173]]],[[[136.1904761904762,56.80952380952381],[135.84615384615384,56.84615384615385],[135.5438596491228,57.54385964912281],[135.1875,58.0],[135.61764705882354,58.38235294117647],[135.93333333333334,59.06666666666666],[135.8780487804878,60.1219512195122],[136.0,60.3125],[136.41666666666666,59.583333333333336],[136.375,59.375],[136.58333333333334,59.41666666666667],[137.33333333333334,59.0],[137.28571428571428,58.71428571428571],[136.69230769230768,58.30769230769231],[136.6153846153846,57.38461538461538],[136.44444444444446,57.0],[136.1904761904762,56.80952380952381]]],[[[133.0909090909091,64.0],[134.0,64.71428571428572],[134.4,64.4],[134.45454545454544,63.54545454545455],[134.0,63.166666666666664],[133.62962962962962,63.62962962962962],[133.0909090909091,64.0]]],[[[99.0,80.3076923076923],[98.0,80.45454545454545],[97.6,80.4],[97.0,80.0],[97.0,79.0],[93.0,79.10000000000001],[92.0,79.0],[90.5,79.5],[89.83333333333334,79.83333333333333],[89.75,80.0],[90.60000000000001,80.4],[92.0,80.66666666666667],[95.35294117647058,80.6470588235294],[95.77777777777777,80.77777777777777],[96.0,80.66666666666667],[96.22222222222223,80.77777777777777],[96.20000000000002,81.0],[96.63636363636364,81.36363636363636],[99.32,81.68],[100.4,81.60000000000001],[100.71428571428571,81.71428571428571],[101.0,81.0],[100.46666666666667,80.53333333333335],[100.0,80.41666666666666],[99.0,80.3076923076923]]],[[[95.22222222222223,82.22222222222223],[94.80000000000001,82.19999999999999],[94.28571428571428,81.71428571428571],[93.45454545454545,81.54545454545455],[91.0,81.28571428571429],[90.0,81.35714285714286],[87.0,81.21428571428571],[86.25,81.0],[85.5,80.5],[85.0,80.36363636363636],[84.0,80.23076923076923],[82.0,80.33333333333334],[80.79310344827587,80.20689655172414],[80.0,80.0],[79.33333333333334,79.66666666666667],[77.65217391304347,79.34782608695652],[76.0,79.33333333333334],[75.47619047619047,79.47619047619047],[74.8,80.0],[74.83333333333334,80.16666666666666],[75.375,80.625],[77.3448275862069,80.65517241379311],[80.0,81.58823529411765],[81.0,81.76923076923077],[82.22222222222223,81.77777777777777],[83.91666666666666,82.08333333333334],[84.61702127659575,82.38297872340425],[85.0,82.6923076923077],[86.66666666666667,83.0],[93.16216216216216,83.16216216216216],[94.0,83.0],[95.0,83.55555555555556],[96.45454545454544,83.45454545454545],[98.0,83.0],[95.22222222222223,82.22222222222223]]],[[[103.0,82.5],[104.0,82.33333333333334],[104.4,82.0],[104.23529411764706,81.76470588235294],[103.0,81.44444444444444],[101.53846153846155,81.53846153846155],[101.25,82.0],[102.0,82.42857142857143],[103.0,82.5]]],[[[180.0,90.0],[179.99999999999997,89.01923076923076],[179.07407407407408,89.07407407407406],[179.0377358490566,90.0],[180.0,90.0]]]]}}]}