{"type":"FeatureCollection","features":[{"type":"Feature","properties":{"ageMa":160},"geometry":{"type":"MultiPolygon","coordinates":[[[[-178.0,-88.25438596491229],[-177.5029239766082,-88.50292397660819],[-177.25438596491227,-89.0],[-177.25438596491227,-90.0],[-180.0,-90.0],[-180.0,-88.25438596491229],[-178.0,-88.25438596491229]]],[[[-179.25438596491227,-86.0],[-179.5029239766082,-86.49707602339181],[-180.0,-86.74561403508771],[-180.0,-85.25438596491227],[-179.5029239766082,-85.50292397660819],[-179.25438596491227,-86.0]]],[[[-179.25438596491227,-76.0],[-179.5029239766082,-76.49707602339181],[-180.0,-76.74561403508773],[-180.0,-75.25438596491227],[-179.5029239766082,-75.50292397660819],[-179.25438596491227,-76.0]]],[[[-2.391304347826087,-71.3913043478261],[-2.5625,-71.0],[-2.216867469879518,-70.78313253012048],[-1.7534246575342465,-70.75342465753425],[-1.3571428571428572,-71.0],[-1.5384615384615383,-71.46153846153847],[-2.0,-71.64285714285714],[-2.391304347826087,-71.3913043478261]]],[[[0.6666666666666667,-71.0],[0.0,-71.4],[-0.25,-71.25],[-0.2857142857142857,-71.0],[0.0,-70.89999999999999],[0.6666666666666667,-71.0]]],[[[-14.799999999999999,-70.0],[-15.0,-70.33333333333333],[-16.0,-70.0],[-15.0,-69.83333333333333],[-14.799999999999999,-70.0]]],[[[-10.0,-69.875],[-11.0,-69.33333333333334],[-12.166666666666668,-69.16666666666667],[-12.25,-69.0],[-13.0,-68.86956521739131],[-13.586206896551724,-68.58620689655173],[-13.769230769230768,-68.0],[-13.545454545454545,-67.45454545454545],[-13.0,-67.25925925925925],[-12.0,-67.35294117647058],[-11.0,-67.84615384615385],[-9.796610169491526,-67.79661016949152],[-9.0,-68.28571428571428],[-8.23076923076923,-69.0],[-8.523809523809524,-69.47619047619048],[-10.0,-69.875]]],[[[4.0,-64.0909090909091],[5.0,-64.8],[5.444444444444444,-64.55555555555554],[5.5,-65.0],[4.0,-65.35714285714286],[3.0,-65.36956521739131],[2.0,-65.55813953488372],[1.0,-65.44897959183675],[-1.0,-65.48780487804879],[-3.2926829268292686,-65.70731707317073],[-5.0,-65.63076923076923],[-5.4767441860465125,-65.47674418604652],[-6.076923076923077,-65.07692307692308],[-6.103896103896104,-64.8961038961039],[-5.0,-64.12765957446808],[-4.0,-64.47435897435898],[-3.0,-64.51851851851852],[-2.6455696202531644,-64.35443037974684],[-2.393162393162393,-63.60683760683761],[-2.0,-63.30303030303031],[-0.7543859649122807,-63.24561403508772],[0.0,-63.0],[1.0,-63.0],[0.8571428571428572,-63.85714285714286],[0.9672131147540983,-64.0327868852459],[1.5,-63.5],[2.430769230769231,-63.56923076923077],[3.0,-64.22727272727272],[4.0,-64.0909090909091]]],[[[-8.769230769230768,-64.0],[-8.0,-63.64285714285714],[-7.0,-63.875],[-6.917808219178082,-64.08219178082192],[-8.0,-64.27777777777777],[-8.769230769230768,-64.0]]],[[[-28.0,-57.14999999999999],[-27.5,-57.5],[-27.089552238805968,-58.089552238805965],[-25.0,-58.322580645161295],[-22.973333333333333,-58.026666666666664],[-21.0,-58.20454545454545],[-19.0,-58.20930232558139],[-18.323529411764703,-58.32352941176471],[-18.0,-58.52380952380952],[-17.0,-58.29729729729729],[-15.440677966101694,-58.440677966101696],[-14.745454545454544,-58.74545454545454],[-14.172043010752688,-59.17204301075269],[-13.0,-59.29032258064517],[-12.521739130434783,-59.52173913043479],[-12.0,-60.11538461538461],[-11.0,-60.27586206896552],[-10.571428571428571,-60.57142857142858],[-10.322580645161292,-61.0],[-10.363636363636363,-61.36363636363636],[-10.105263157894736,-61.89473684210526],[-12.0,-62.63636363636364],[-13.0,-62.425],[-13.433962264150944,-62.56603773584905],[-13.793103448275861,-63.0],[-13.813953488372093,-64.18604651162791],[-14.32,-64.32],[-14.666666666666668,-64.0],[-14.5,-63.0],[-14.666666666666668,-62.0],[-15.0,-61.588235294117645],[-15.384615384615383,-61.38461538461539],[-15.555555555555555,-61.0],[-16.0,-60.69230769230769],[-17.0,-60.75757575757576],[-17.65,-60.64999999999999],[-18.0,-60.22222222222222],[-18.424242424242426,-60.57575757575758],[-18.6,-61.400000000000006],[-19.75,-61.75],[-20.0,-61.800000000000004],[-21.4,-61.400000000000006],[-21.918367346938773,-60.91836734693878],[-22.065573770491802,-60.9344262295082],[-22.27777777777778,-61.72222222222223],[-23.0,-61.87096774193549],[-25.0,-61.76923076923077],[-25.476190476190474,-61.476190476190474],[-25.681818181818183,-61.0],[-25.483870967741936,-60.516129032258064],[-25.0,-60.21052631578948],[-24.0,-60.42857142857143],[-23.200000000000003,-60.0],[-24.289156626506024,-59.71084337349398],[-26.0,-59.71428571428572],[-27.0,-59.94285714285714],[-27.727272727272727,-59.72727272727273],[-28.0,-59.470588235294116],[-29.0,-59.33333333333333],[-29.195121951219512,-59.19512195121951],[-29.565217391304348,-58.565217391304344],[-30.18181818181818,-58.18181818181818],[-31.129032258064516,-57.12903225806451],[-31.129032258064516,-56.87096774193548],[-30.746031746031743,-56.25396825396825],[-30.741935483870968,-55.74193548387097],[-31.0,-55.529411764705884],[-31.439024390243905,-55.4390243902439],[-32.0,-55.0],[-31.875,-54.125],[-31.363636363636363,-53.63636363636364],[-30.71428571428571,-53.71428571428571],[-30.368421052631582,-54.36842105263158],[-29.783783783783782,-54.78378378378378],[-29.76470588235294,-55.0],[-29.393939393939394,-55.39393939393939],[-29.074074074074073,-56.0],[-29.0,-56.5],[-28.799999999999997,-56.8],[-28.6,-57.0],[-28.0,-57.14999999999999]]],[[[1.0,-52.391304347826086],[0.6086956521739131,-52.0],[0.6538461538461539,-51.65384615384615],[1.0,-51.57142857142857],[1.473684210526316,-52.0],[1.36,-52.36],[1.0,-52.391304347826086]]],[[[-2.3255813953488373,-52.325581395348834],[-2.4117647058823533,-52.0],[-2.2439024390243905,-50.756097560975604],[-1.7142857142857142,-50.28571428571428],[-1.7142857142857144,-50.0],[-1.4411764705882353,-49.55882352941176],[-1.0,-49.375],[-0.5454545454545454,-49.54545454545455],[-0.25,-50.0],[-0.2857142857142857,-50.28571428571428],[0.125,-50.875],[0.09999999999999998,-51.1],[-1.0,-51.23529411764706],[-1.4727272727272727,-51.527272727272724],[-1.6744186046511629,-52.325581395348834],[-2.0,-52.77777777777778],[-2.3255813953488373,-52.325581395348834]]],[[[-176.0,-43.40650406504065],[-176.27173913043475,-43.27173913043478],[-176.43859649122805,-43.0],[-176.29673590504453,-42.70326409495549],[-176.0,-42.557522123893804],[-175.6323529411765,-42.63235294117648],[-175.41860465116278,-43.0],[-175.66996699669966,-43.33003300330033],[-176.0,-43.40650406504065]]],[[[-167.3861386138614,-42.38613861386139],[-166.69811320754718,-42.698113207547166],[-166.5,-43.0],[-167.0,-43.449438202247194],[-168.0,-43.42857142857143],[-168.31914893617022,-43.319148936170215],[-168.47619047619048,-43.0],[-168.1851851851852,-42.0],[-168.0,-41.85294117647059],[-167.3861386138614,-42.38613861386139]]],[[[-164.0,-40.38541666666667],[-164.3490566037736,-40.0],[-164.21828908554573,-39.78171091445428],[-164.0,-39.686440677966104],[-163.79271708683473,-39.792717086834735],[-163.68103448275863,-40.0],[-163.7701863354037,-40.22981366459628],[-164.0,-40.38541666666667]]],[[[1.68,25.68],[3.0,25.2],[4.0,24.555555555555557],[6.222222222222222,24.22222222222222],[6.333333333333334,24.0],[6.2,23.0],[7.724137931034483,21.724137931034484],[9.0,21.333333333333336],[9.714285714285714,20.714285714285715],[10.416666666666666,20.416666666666668],[11.421052631578947,19.421052631578945],[11.826086956521738,18.826086956521742],[12.4,18.400000000000002],[12.741935483870968,17.741935483870968],[13.4,17.4],[14.0,16.0],[14.619047619047619,15.619047619047617],[16.0,15.333333333333334],[17.0,14.5],[19.0,14.333333333333332],[20.0,14.0],[20.833333333333336,12.833333333333332],[22.266666666666666,12.266666666666666],[22.666666666666668,12.0],[23.0,11.5],[23.18181818181818,11.818181818181818],[23.933333333333334,12.066666666666666],[25.0,11.444444444444445],[26.0,11.4],[26.266666666666666,11.266666666666666],[26.6,10.600000000000001],[28.000000000000004,9.8],[29.0,9.0],[29.73913043478261,7.739130434782609],[30.315789473684212,7.315789473684211],[31.2,6.0],[31.428571428571427,5.0],[31.333333333333332,4.0],[31.5,3.0],[31.333333333333332,0.0],[31.6,-0.4],[32.22222222222222,-0.7777777777777778],[32.333333333333336,-1.0],[32.2,-2.0],[31.333333333333332,-3.0],[31.333333333333332,-4.0],[31.0,-5.0],[31.0,-6.0],[30.0,-7.0],[29.25,-8.25],[28.266666666666666,-9.266666666666666],[26.333333333333336,-10.333333333333334],[26.0,-10.4],[25.0,-10.2],[24.0,-10.333333333333332],[22.0,-10.2],[21.0,-10.333333333333332],[20.0,-9.8],[18.0,-9.399999999999999],[17.0,-9.399999999999999],[16.0,-8.5],[14.0,-8.2],[11.764705882352942,-8.764705882352942],[11.153846153846153,-9.153846153846153],[10.4,-9.4],[9.266666666666666,-10.266666666666666],[7.555555555555555,-10.555555555555554],[7.0,-11.0],[6.0,-11.0],[5.6000000000000005,-11.600000000000001],[5.5,-12.0],[5.6000000000000005,-12.4],[6.0,-13.0],[6.0,-14.0],[6.6000000000000005,-13.600000000000001],[7.0,-13.666666666666666],[7.2,-13.8],[7.25,-14.25],[6.4,-16.400000000000002],[6.0,-17.0],[6.0,-19.0],[6.444444444444445,-19.555555555555554],[6.6000000000000005,-21.0],[6.461538461538462,-21.461538461538463],[5.5,-22.0],[7.764705882352941,-22.235294117647058],[9.0,-22.0],[9.82608695652174,-22.17391304347826],[10.0,-22.4],[10.285714285714285,-22.285714285714285],[10.5,-22.0],[10.5,-21.5],[11.400000000000002,-20.400000000000002],[12.0,-20.0],[13.0,-18.0],[13.0,-17.0],[13.714285714285714,-16.714285714285715],[16.0,-16.57142857142857],[16.333333333333336,-16.666666666666668],[16.857142857142858,-17.142857142857142],[18.31578947368421,-17.684210526315788],[18.77777777777778,-18.22222222222222],[19.416666666666668,-18.583333333333336],[19.625,-19.0],[19.285714285714285,-20.285714285714285],[18.8,-21.0],[19.5,-21.5],[19.692307692307693,-22.0],[19.57894736842105,-22.57894736842105],[19.22222222222222,-23.22222222222222],[19.0,-23.333333333333332],[18.733333333333334,-23.733333333333334],[18.45714285714286,-24.457142857142856],[17.833333333333336,-24.833333333333332],[17.25,-25.0],[16.866666666666667,-26.133333333333333],[16.866666666666667,-26.866666666666667],[16.5,-27.0],[16.400000000000002,-28.400000000000002],[16.0,-28.400000000000002],[15.0,-28.800000000000004],[14.5,-30.0],[14.428571428571429,-31.0],[14.3,-31.299999999999997],[13.806451612903224,-31.806451612903224],[13.25,-32.0],[13.0,-32.25],[12.705882352941178,-33.705882352941174],[12.058823529411764,-34.05882352941177],[11.727272727272727,-35.0],[11.0,-35.347826086956516],[10.0,-35.130434782608695],[9.25,-35.25],[9.2,-35.8],[9.0,-36.02702702702703],[6.0,-36.0],[6.0,-37.0],[5.5,-37.5],[5.333333333333333,-38.0],[5.0754716981132075,-38.07547169811321],[5.0,-38.333333333333336],[4.619047619047619,-38.61904761904762],[4.5,-39.0],[2.0,-39.0],[1.3333333333333333,-38.66666666666667],[1.0,-38.66666666666667],[0.8461538461538461,-38.84615384615385],[0.125,-39.125],[-0.17391304347826086,-39.82608695652174],[-0.4,-40.0],[-0.9032258064516129,-40.09677419354839],[-1.1111111111111112,-41.0],[-1.8160919540229885,-41.18390804597701],[-3.0,-41.82608695652174],[-4.828947368421053,-42.171052631578945],[-6.762237762237762,-42.23776223776224],[-8.0,-42.73529411764706],[-8.952380952380953,-42.95238095238095],[-10.866666666666667,-42.86666666666667],[-11.609756097560977,-42.609756097560975],[-13.0,-42.42857142857143],[-14.0,-41.88],[-15.0,-41.904761904761905],[-15.76,-41.76],[-15.882352941176471,-41.11764705882353],[-16.08,-40.92],[-17.0,-40.85714285714286],[-18.0,-41.0],[-19.0,-40.833333333333336],[-20.0,-40.833333333333336],[-20.142857142857146,-41.0],[-20.18181818181818,-42.0],[-20.5,-42.5],[-21.127659574468087,-42.87234042553192],[-21.10909090909091,-43.10909090909091],[-20.296296296296294,-43.29629629629629],[-19.75,-43.75],[-19.75,-44.0],[-19.42857142857143,-44.42857142857143],[-19.0,-44.75],[-18.73913043478261,-44.73913043478261],[-17.0,-45.333333333333336],[-16.8,-46.0],[-16.9375,-47.0],[-17.755102040816325,-47.244897959183675],[-17.921052631578945,-48.0],[-18.820224719101127,-48.17977528089888],[-19.0,-49.064516129032256],[-19.730769230769234,-49.269230769230774],[-20.444444444444443,-50.0],[-23.65714285714286,-50.34285714285714],[-23.73913043478261,-50.73913043478261],[-23.962962962962962,-51.03703703703704],[-26.0,-51.61538461538461],[-27.0,-51.0],[-28.0,-51.21666666666667],[-29.333333333333336,-51.0],[-29.63636363636364,-50.63636363636363],[-30.0,-50.73333333333334],[-30.28205128205128,-50.282051282051285],[-30.916666666666664,-49.99999999999999],[-30.904761904761905,-49.904761904761905],[-31.833333333333336,-49.83333333333333],[-32.0,-49.5],[-32.44444444444444,-49.44444444444444],[-32.66666666666667,-49.0],[-33.30769230769231,-48.30769230769231],[-33.285714285714285,-48.0],[-33.61538461538461,-47.61538461538461],[-33.78378378378379,-46.78378378378378],[-34.63636363636364,-46.0],[-34.46666666666667,-45.53333333333333],[-33.9375,-45.0625],[-34.35443037974683,-44.35443037974684],[-34.36842105263158,-43.631578947368425],[-34.1875,-43.1875],[-34.375,-43.0],[-35.0,-41.0],[-34.58333333333333,-39.0],[-34.785714285714285,-37.0],[-35.258823529411764,-36.25882352941176],[-35.26829268292683,-36.0],[-35.10958904109589,-32.89041095890411],[-34.833333333333336,-31.0],[-35.0,-30.5],[-35.42857142857143,-30.42857142857143],[-36.0,-30.0],[-35.903225806451616,-28.0],[-36.0,-27.0],[-35.90909090909091,-20.0],[-36.0,-18.6],[-36.44444444444444,-18.555555555555554],[-37.0,-19.0],[-37.0,-17.0],[-38.0,-17.0],[-37.774647887323944,-16.225352112676056],[-37.92307692307692,-15.923076923076923],[-39.0,-15.916666666666666],[-40.0,-15.11111111111111],[-41.0,-14.657894736842106],[-41.96153846153847,-14.0],[-42.403433476394845,-13.40343347639485],[-42.94,-12.999999999999998],[-43.310880829015545,-12.310880829015545],[-43.81424148606811,-11.814241486068111],[-44.06106870229007,-11.061068702290076],[-44.712121212121204,-10.712121212121211],[-45.01503759398496,-10.015037593984962],[-45.59322033898305,-9.593220338983052],[-46.36363636363637,-8.363636363636363],[-46.898305084745765,-7.898305084745763],[-47.08695652173913,-7.086956521739131],[-47.784615384615385,-6.784615384615385],[-48.0,-6.222222222222222],[-48.115107913669064,-5.115107913669065],[-48.35820895522389,-4.358208955223881],[-48.63157894736842,-4.0],[-48.111111111111114,-3.0],[-48.23076923076923,-2.230769230769231],[-48.5,-2.0],[-48.25,-1.75],[-48.28571428571428,-1.2857142857142856],[-48.11764705882353,-0.8823529411764706],[-48.06666666666666,-0.06666666666666665],[-47.08695652173913,2.0869565217391304],[-47.026315789473685,5.0],[-47.372093023255815,6.372093023255814],[-47.13333333333333,6.866666666666666],[-47.5,7.0],[-47.0,7.333333333333333],[-46.84615384615385,7.846153846153847],[-46.22222222222222,8.222222222222221],[-46.0,9.0],[-45.57142857142857,9.571428571428573],[-45.5,10.0],[-45.20689655172414,10.206896551724139],[-45.0,10.166666666666668],[-44.0,11.428571428571429],[-43.5,11.5],[-43.0,11.8],[-42.75,11.75],[-42.15384615384615,12.153846153846153],[-41.5,12.0],[-41.28571428571428,11.714285714285714],[-40.857142857142854,11.857142857142858],[-40.272727272727266,11.727272727272727],[-40.0,11.785714285714286],[-39.0,11.428571428571429],[-38.0,11.4],[-37.61290322580645,11.61290322580645],[-37.53846153846153,12.0],[-35.774436090225564,12.225563909774436],[-35.176991150442475,12.176991150442479],[-35.0,12.833333333333334],[-34.0,12.625],[-33.77777777777778,12.777777777777779],[-32.9375,12.9375],[-32.3943661971831,13.394366197183098],[-31.50877192982456,13.491228070175437],[-31.400000000000002,13.4],[-31.0,14.0],[-30.925925925925927,13.074074074074074],[-30.75,13.0],[-30.666666666666668,12.333333333333334],[-30.333333333333336,11.666666666666668],[-29.0,11.0],[-28.6,10.4],[-28.0,10.333333333333332],[-27.956989247311828,10.043010752688172],[-27.0,10.0],[-26.666666666666668,9.333333333333334],[-25.0,9.0],[-24.25,9.25],[-23.333333333333336,9.333333333333334],[-23.0,9.5],[-22.5,9.0],[-22.0,8.75],[-21.88888888888889,8.88888888888889],[-21.0,9.0],[-20.875,9.875],[-20.5,10.0],[-20.75,10.25],[-20.875,11.125],[-21.0,11.333333333333334],[-21.444444444444443,11.555555555555555],[-21.666666666666668,12.0],[-21.5,13.0],[-21.666666666666668,14.0],[-21.2,15.0],[-21.2,16.0],[-21.5,17.0],[-21.285714285714285,17.285714285714285],[-21.430769230769233,17.56923076923077],[-21.354430379746834,18.354430379746837],[-20.78125,18.78125],[-20.438356164383563,19.43835616438356],[-19.753846153846155,19.753846153846155],[-19.0,20.785714285714285],[-18.53191489361702,20.46808510638298],[-18.153846153846153,20.0],[-18.0,19.333333333333336],[-17.6,19.6],[-17.153846153846153,20.153846153846153],[-17.1,21.1],[-16.625,21.625],[-16.57142857142857,22.0],[-17.19047619047619,22.80952380952381],[-17.266666666666666,23.266666666666666],[-17.0,24.0],[-17.193548387096776,24.806451612903224],[-17.1,25.099999999999998],[-16.517241379310345,25.51724137931035],[-16.22222222222222,26.0],[-16.096,27.096],[-15.865168539325843,27.134831460674157],[-15.454545454545453,26.545454545454543],[-15.0,26.423076923076923],[-14.552238805970148,26.552238805970152],[-14.160919540229886,27.160919540229884],[-12.633333333333335,27.366666666666667],[-12.214285714285715,27.214285714285715],[-12.0,27.428571428571427],[-11.555555555555555,27.555555555555554],[-11.619047619047617,28.38095238095238],[-12.0,29.0],[-10.976470588235294,29.023529411764706],[-10.384615384615385,28.000000000000004],[-10.515151515151516,27.515151515151516],[-11.0,27.384615384615387],[-11.454545454545455,27.454545454545453],[-11.625,27.0],[-11.370370370370368,26.62962962962963],[-11.0,26.5],[-10.166666666666668,27.0],[-10.4,27.4],[-9.866666666666667,27.133333333333333],[-9.296296296296296,27.296296296296294],[-8.0,27.22222222222222],[-6.62962962962963,27.62962962962963],[-6.114285714285715,28.114285714285714],[-5.692307692307693,28.30769230769231],[-5.307692307692308,28.30769230769231],[-5.4,28.6],[-5.1265822784810124,29.126582278481013],[-4.253968253968254,29.253968253968253],[-4.020833333333333,30.020833333333332],[-2.0,30.0],[-1.4931506849315068,29.50684931506849],[-0.6818181818181818,29.0],[-0.4411764705882353,28.55882352941176],[0.625,28.0],[0.25,27.0],[1.2352941176470589,26.235294117647058],[1.68,25.68]],[[-26.8,-49.8],[-27.0,-49.0],[-27.4,-49.6],[-29.0,-49.76923076923077],[-29.3,-49.7],[-29.21428571428571,-50.0],[-29.333333333333336,-50.333333333333336],[-29.0,-50.599999999999994],[-28.71428571428571,-50.28571428571428],[-28.0,-50.1875],[-27.714285714285715,-50.28571428571428],[-27.153846153846153,-50.15384615384615],[-27.0,-51.0],[-26.8,-49.8]],[[-29.692307692307693,-48.69230769230769],[-30.0,-48.6],[-30.37037037037037,-49.0],[-30.350877192982452,-49.35087719298245],[-30.0,-49.476190476190474],[-29.583333333333336,-49.416666666666664],[-29.5,-49.0],[-29.692307692307693,-48.69230769230769]]],[[[-40.800000000000004,14.0],[-42.0,13.875],[-42.49411764705882,13.494117647058824],[-42.63636363636364,13.0],[-42.578947368421055,12.578947368421051],[-43.0,12.076923076923077],[-44.16,12.84],[-44.18518518518518,14.0],[-44.32258064516129,14.322580645161292],[-44.13333333333333,14.866666666666667],[-44.677419354838705,14.677419354838712],[-45.22727272727273,15.0],[-45.04081632653062,16.040816326530614],[-44.11111111111111,16.11111111111111],[-44.0,16.333333333333332],[-43.5,16.5],[-43.0,17.0],[-42.0,17.0],[-41.400000000000006,17.4],[-41.0,18.0],[-40.4,17.6],[-39.6,17.4],[-39.0,17.0],[-38.6,16.400000000000002],[-38.5,16.0],[-39.84615384615385,15.846153846153847],[-39.92307692307693,15.0],[-40.285714285714285,14.714285714285712],[-40.63636363636364,14.636363636363637],[-40.800000000000004,14.0]]],[[[-73.51724137931035,23.517241379310345],[-73.625,23.375],[-73.0,23.0],[-74.075,23.0],[-74.77777777777777,24.0],[-74.68,24.32],[-76.02489626556017,23.975103734439834],[-76.36764705882354,24.63235294117647],[-76.83333333333334,25.0],[-77.03174603174604,25.96825396825397],[-77.14285714285714,26.0],[-77.0,27.0],[-76.95652173913044,26.043478260869563],[-76.37647058823529,26.376470588235293],[-76.0,26.299065420560748],[-75.47540983606558,26.0],[-75.33333333333334,25.66666666666667],[-75.0,25.508474576271187],[-74.51612903225806,25.0],[-74.43835616438355,24.56164383561644],[-74.0,24.46666666666667],[-73.55555555555556,24.0],[-73.51724137931035,23.517241379310345]]],[[[-8.0,29.333333333333336],[-7.454545454545454,29.0],[-7.74468085106383,28.744680851063833],[-9.0,28.647058823529413],[-9.272727272727273,28.727272727272727],[-9.375,29.0],[-9.129032258064516,29.129032258064516],[-8.164383561643834,29.164383561643838],[-8.0,29.333333333333336]]],[[[-81.80555555555556,34.0],[-81.81308411214954,33.0],[-81.48305084745762,31.516949152542374],[-80.8913043478261,31.10869565217391],[-80.74358974358974,30.74358974358974],[-80.87012987012987,30.12987012987013],[-80.20618556701031,30.20618556701031],[-79.93127147766324,30.06872852233677],[-79.85401459854015,29.854014598540147],[-80.0,29.0],[-81.0,29.5],[-81.2127659574468,29.78723404255319],[-81.71428571428571,29.714285714285715],[-82.0,29.799999999999997],[-82.144,30.144],[-82.09174311926606,30.908256880733948],[-82.67619047619047,31.323809523809523],[-83.05755395683452,31.942446043165468],[-83.5929203539823,32.4070796460177],[-84.0,32.35384615384615],[-85.61643835616438,33.38356164383561],[-86.0,34.0],[-88.0,33.55555555555556],[-88.42105263157895,33.578947368421055],[-88.86666666666667,34.13333333333333],[-90.5,34.0],[-90.22222222222223,33.77777777777778],[-90.30769230769232,33.30769230769231],[-90.22222222222223,33.0],[-90.89705882352942,32.89705882352941],[-91.77777777777777,33.0],[-91.76470588235293,33.23529411764706],[-92.0,33.400000000000006],[-92.14814814814815,33.148148148148145],[-93.0,33.15384615384615],[-94.0,33.473684210526315],[-95.0,33.56],[-96.0,34.0],[-94.68794326241135,34.31205673758865],[-94.21505376344086,34.215053763440864],[-94.0,34.45454545454545],[-93.0,35.0],[-91.04938271604938,35.04938271604938],[-90.33333333333334,36.0],[-89.22085889570553,36.22085889570552],[-88.0704845814978,37.0704845814978],[-87.0,37.19444444444444],[-84.97701149425288,37.02298850574712],[-84.57142857142857,36.42857142857143],[-83.81927710843374,36.18072289156626],[-83.56410256410257,35.43589743589744],[-82.59183673469389,35.0],[-82.0,34.42],[-81.80555555555556,34.0]],[[-87.66666666666667,35.0],[-88.0,35.02564102564102],[-88.13333333333334,34.86666666666667],[-88.0,34.8],[-87.66666666666667,35.0]],[[-82.9090909090909,33.0],[-83.0,33.04651162790698],[-83.13793103448276,32.86206896551724],[-83.0,32.66666666666667],[-82.9090909090909,33.0]]],[[[-97.94285714285714,35.0],[-98.0,34.6],[-98.4,34.6],[-99.0,35.0],[-97.94285714285714,35.0]]],[[[-23.0,69.0],[-22.666666666666668,69.66666666666667],[-22.0,69.8],[-21.307692307692307,70.3076923076923],[-20.0,70.57142857142857],[-19.0,70.6],[-18.0,70.14285714285714],[-17.799999999999997,70.2],[-17.0,70.0],[-16.461538461538463,70.46153846153847],[-15.0,70.4],[-12.0,70.63636363636364],[-11.5625,70.4375],[-11.299999999999999,70.0],[-11.315789473684209,69.68421052631578],[-11.0,69.4],[-10.0,69.27272727272727],[-8.833333333333334,70.0],[-8.416666666666668,70.41666666666667],[-7.6521739130434785,70.65217391304347],[-6.0,70.71428571428572],[-5.523809523809524,70.47619047619047],[-5.285714285714286,70.0],[-5.0,69.76470588235293],[-1.1132075471698113,69.88679245283019],[0.7037037037037037,69.7037037037037],[1.25,69.0],[1.1818181818181817,68.81818181818181],[1.0,68.85714285714286],[0.5862068965517242,68.41379310344828],[-1.0,68.0],[-1.0,66.75],[-0.26666666666666666,67.26666666666667],[1.0,67.25],[1.8571428571428572,68.0],[1.8181818181818181,68.18181818181819],[2.4615384615384617,68.53846153846155],[5.285714285714286,68.71428571428571],[6.333333333333333,69.0],[6.7142857142857135,69.28571428571428],[7.0,69.33333333333334],[7.777777777777778,68.77777777777777],[8.576923076923077,67.57692307692308],[9.0,67.3125],[9.3125,67.3125],[10.0,66.83333333333334],[10.684210526315788,66.68421052631578],[12.387096774193548,66.61290322580645],[13.0,67.0],[13.363636363636363,66.36363636363637],[13.25,65.75],[12.714285714285714,65.28571428571428],[11.942857142857143,65.05714285714286],[11.703703703703702,64.29629629629629],[11.2,64.0],[11.0,63.0],[11.529411764705882,62.52941176470588],[11.777777777777779,62.0],[11.764705882352942,61.76470588235294],[12.285714285714285,61.28571428571428],[12.375,61.0],[12.25,60.75],[11.583333333333334,60.41666666666667],[11.5,60.0],[11.32258064516129,59.677419354838705],[11.0,59.5],[10.533333333333333,58.46666666666667],[9.863636363636363,58.0],[10.0,56.599999999999994],[10.5,56.0],[10.625,55.625],[11.2,55.0],[11.08695652173913,54.913043478260875],[10.90909090909091,53.99999999999999],[10.425531914893618,53.57446808510638],[9.758620689655173,53.241379310344826],[8.25,53.0],[8.2,52.8],[8.0,52.75],[7.777777777777778,52.22222222222222],[7.363636363636364,52.36363636363636],[6.285714285714286,52.0],[6.307692307692308,51.69230769230769],[5.84,51.16],[5.0,51.0],[4.252873563218391,51.252873563218394],[4.0,51.22],[3.45,51.0],[3.391304347826087,50.608695652173914],[3.0,50.4375],[2.0,50.45],[0.9130434782608696,50.086956521739125],[0.5,49.5],[-0.28,49.0],[-1.0674157303370786,48.067415730337075],[-2.1315789473684212,46.0],[-2.5510204081632653,45.55102040816326],[-3.0,45.21428571428571],[-4.051282051282051,45.05128205128205],[-4.51219512195122,44.51219512195122],[-4.786666666666667,43.78666666666666],[-4.883720930232558,43.0],[-4.7142857142857135,41.71428571428571],[-5.25,41.0],[-5.333333333333334,40.333333333333336],[-5.5,40.0],[-3.7142857142857144,39.0],[-4.0,37.5],[-6.0,37.27272727272727],[-7.0,37.421052631578945],[-8.0,37.30769230769231],[-8.450000000000001,37.55],[-8.642857142857142,38.0],[-8.5,38.5],[-7.5,40.0],[-7.565217391304348,40.434782608695656],[-8.0,40.833333333333336],[-9.166666666666668,40.166666666666664],[-9.727272727272727,38.72727272727273],[-10.333333333333334,38.333333333333336],[-10.53846153846154,37.53846153846155],[-11.0,37.0],[-10.5,36.5],[-10.333333333333334,36.0],[-11.363636363636363,35.36363636363637],[-11.833333333333334,34.833333333333336],[-13.384615384615383,34.38461538461539],[-14.0,34.0],[-14.5,34.5],[-14.615384615384615,35.38461538461539],[-15.0,35.625],[-15.416666666666668,35.41666666666667],[-15.857142857142858,34.857142857142854],[-17.0,34.2],[-18.0,34.285714285714285],[-18.857142857142858,33.0],[-18.77777777777778,32.77777777777778],[-19.0,32.0],[-20.0,31.333333333333336],[-21.0,31.25],[-21.133333333333333,31.133333333333333],[-22.0,31.0],[-22.0,30.0],[-23.0,30.0],[-23.0,29.0],[-24.0,29.0],[-24.0,28.0],[-24.666666666666668,27.666666666666668],[-24.666666666666668,27.333333333333336],[-24.799999999999997,27.0],[-24.944444444444443,26.944444444444446],[-25.0,26.0],[-25.9,25.9],[-26.0,25.0],[-27.0,25.0],[-27.0,24.0],[-28.0,24.0],[-28.6,23.6],[-29.0,23.0],[-29.0,22.0],[-29.400000000000002,21.4],[-29.5,21.0],[-29.5,19.5],[-31.0,18.0],[-32.0,19.0],[-32.0,21.0],[-33.0,21.0],[-33.285714285714285,21.714285714285715],[-34.6,22.4],[-35.44444444444444,22.444444444444443],[-36.0,22.0],[-36.714285714285715,22.285714285714285],[-37.285714285714285,22.285714285714285],[-37.5,22.0],[-38.875,21.875],[-39.0,21.75],[-39.07142857142857,21.92857142857143],[-41.0,22.0],[-40.4,22.4],[-40.0,22.5],[-39.0,22.333333333333336],[-38.5,22.5],[-38.0,23.0],[-38.55555555555556,23.444444444444443],[-38.84615384615385,24.153846153846153],[-39.0,24.25],[-40.0,24.0],[-40.75,24.25],[-42.0,24.0],[-43.0,24.0],[-43.0,23.0],[-44.0,23.0],[-44.285714285714285,22.285714285714285],[-45.0,22.0],[-46.0,21.0],[-46.75,21.25],[-48.0,21.0],[-50.0,21.0],[-50.0,20.0],[-51.0,20.0],[-51.11111111111111,19.0],[-51.0,17.75],[-50.60000000000001,17.6],[-50.0,18.0],[-50.400000000000006,17.4],[-50.166666666666664,16.833333333333332],[-50.14285714285714,14.142857142857142],[-50.0,13.666666666666668],[-49.57894736842105,13.421052631578947],[-49.5,13.0],[-49.0,12.636363636363637],[-48.0,12.75],[-46.6,12.0],[-46.27272727272727,11.727272727272727],[-46.13333333333333,11.0],[-46.1875,10.0],[-46.5,9.5],[-47.0,9.434782608695652],[-47.256410256410255,9.0],[-47.377358490566046,8.622641509433963],[-47.19047619047619,8.19047619047619],[-47.724137931034484,8.275862068965516],[-48.5,8.0],[-48.33333333333333,7.0],[-48.857142857142854,6.857142857142857],[-49.0,6.5],[-49.66666666666667,5.666666666666667],[-50.0,5.5],[-52.470588235294116,6.529411764705882],[-52.93333333333334,7.066666666666666],[-53.0,7.5],[-53.333333333333336,7.666666666666668],[-53.75,8.25],[-53.66666666666667,8.666666666666668],[-53.75,9.0],[-55.0,10.222222222222221],[-55.32835820895522,12.328358208955224],[-55.074074074074076,12.925925925925926],[-55.199999999999996,13.0],[-55.0,13.285714285714286],[-54.85714285714286,14.0],[-55.26315789473685,14.263157894736842],[-55.71428571428571,14.285714285714285],[-55.736842105263165,14.736842105263158],[-56.0,15.5],[-56.5,15.5],[-57.0,16.0],[-56.0,16.714285714285715],[-55.857142857142854,17.0],[-55.728813559322035,17.728813559322035],[-56.0,18.57142857142857],[-56.66666666666667,18.0],[-56.724137931034484,17.724137931034484],[-57.421052631578945,17.57894736842105],[-58.0,18.0],[-57.92,19.08],[-58.83333333333333,19.166666666666668],[-59.0,19.5],[-59.06896551724138,21.93103448275862],[-60.0,22.0],[-60.14492753623188,23.855072463768117],[-60.857142857142854,26.142857142857146],[-61.48837209302325,26.51162790697674],[-61.841269841269835,27.158730158730158],[-62.270270270270274,27.27027027027027],[-62.71428571428571,27.0],[-63.01526717557252,26.984732824427482],[-63.0,28.0],[-63.934065934065934,27.934065934065934],[-64.15,28.0],[-64.56962025316456,28.430379746835442],[-64.90322580645162,28.999999999999996],[-64.84848484848486,30.000000000000004],[-65.06349206349206,30.936507936507937],[-65.86666666666667,30.866666666666667],[-66.04065040650406,30.959349593495936],[-66.05660377358491,31.943396226415096],[-66.65116279069767,32.348837209302324],[-67.0,32.4054054054054],[-67.25287356321839,33.0],[-67.21978021978022,33.78021978021978],[-67.35714285714286,34.0],[-68.48275862068965,35.51724137931034],[-69.17088607594937,35.82911392405063],[-69.60952380952381,37.39047619047619],[-70.09561752988049,37.90438247011952],[-70.18627450980392,39.0],[-70.42,39.58],[-71.16167664670658,39.83832335329341],[-71.4090909090909,40.590909090909086],[-72.15942028985508,40.84057971014493],[-72.57446808510637,41.42553191489362],[-73.18579234972677,41.814207650273225],[-73.77272727272727,42.0],[-74.55294117647058,43.44705882352942],[-75.11475409836066,43.885245901639344],[-75.25454545454545,44.25454545454545],[-75.22448979591837,44.77551020408163],[-75.92,45.08],[-76.1842105263158,45.815789473684205],[-77.0,46.03333333333334],[-77.37908496732027,46.62091503267973],[-78.03137254901961,46.96862745098039],[-78.40490797546012,48.59509202453988],[-79.0,49.0],[-79.08045977011494,50.0],[-80.0,52.1875],[-80.19402985074628,53.19402985074626],[-80.0,54.0],[-78.0,54.0],[-77.22222222222223,53.77777777777777],[-77.0,53.84210526315789],[-76.78947368421052,53.21052631578947],[-76.46666666666667,53.0],[-76.1590909090909,51.84090909090909],[-76.0,51.69565217391304],[-75.7125,50.0],[-75.4935064935065,49.506493506493506],[-74.58620689655173,49.0],[-73.72327044025157,48.276729559748425],[-72.92114695340501,48.078853046594986],[-72.5748031496063,47.425196850393704],[-71.89208633093524,47.10791366906474],[-71.5968992248062,46.4031007751938],[-70.93548387096774,46.064516129032256],[-70.63934426229508,45.36065573770492],[-70.04347826086956,45.00000000000001],[-69.84251968503938,44.15748031496063],[-69.47368421052633,44.0],[-69.0,43.30769230769231],[-68.58620689655172,42.0],[-68.5,41.0],[-68.71910112359551,39.0],[-68.65277777777777,38.0],[-68.0,37.09615384615385],[-67.25925925925927,37.25925925925926],[-66.6546762589928,37.65467625899281],[-66.16853932584269,39.0],[-66.09677419354838,40.09677419354839],[-65.57377049180329,40.57377049180328],[-65.0,42.07142857142857],[-63.23529411764706,41.76470588235294],[-63.0,41.5],[-62.714285714285715,41.71428571428571],[-63.0,42.4],[-63.375,42.625],[-63.42857142857143,43.0],[-63.71428571428571,43.28571428571428],[-64.0,44.66666666666667],[-64.2,45.0],[-64.0,46.0],[-64.8,47.0],[-64.75,47.25],[-65.0,48.0],[-64.0,48.2],[-63.06451612903226,47.935483870967744],[-62.048780487804876,47.951219512195124],[-61.275862068965516,47.724137931034484],[-61.0,47.33333333333333],[-59.76470588235294,47.23529411764706],[-59.6,47.0],[-58.5625,46.4375],[-58.0,45.5],[-57.66666666666667,45.333333333333336],[-57.5,45.0],[-57.18181818181819,44.81818181818182],[-57.0,44.42857142857143],[-56.71428571428571,44.285714285714285],[-56.27586206896552,43.724137931034484],[-56.0625,43.0],[-56.0,42.0],[-55.71428571428571,41.28571428571428],[-55.1764705882353,38.82352941176471],[-55.25,36.0],[-55.19047619047619,34.80952380952381],[-55.0,34.2],[-52.578947368421055,35.57894736842105],[-51.57894736842105,36.578947368421055],[-51.22222222222223,37.22222222222222],[-50.0,37.5],[-47.55555555555556,38.55555555555556],[-46.0,39.0],[-45.0,40.0],[-44.0,40.0],[-43.0,41.0],[-44.16666666666667,41.833333333333336],[-44.15384615384615,42.15384615384615],[-43.60000000000001,42.6],[-43.33333333333333,43.0],[-43.53846153846154,44.46153846153847],[-44.0,45.0],[-46.0,45.599999999999994],[-47.0,45.666666666666664],[-47.23529411764706,45.76470588235294],[-47.71428571428571,46.28571428571428],[-48.0,46.375],[-49.0,46.6],[-51.0,46.8],[-51.85714285714286,47.14285714285714],[-52.83333333333333,47.16666666666667],[-53.63636363636364,47.36363636363636],[-56.833333333333336,49.16666666666667],[-58.875,51.125],[-59.33333333333333,52.0],[-61.63636363636363,53.36363636363637],[-62.0,54.285714285714285],[-62.434782608695656,54.565217391304344],[-62.88235294117647,55.11764705882353],[-63.333333333333336,56.0],[-63.733333333333334,56.266666666666666],[-64.0,57.11111111111111],[-64.57894736842104,57.421052631578945],[-65.0,58.0],[-65.76470588235294,58.23529411764706],[-66.0,58.8],[-66.2,59.0],[-66.78378378378378,59.21621621621621],[-67.0,59.66666666666667],[-67.33333333333333,60.0],[-68.26666666666667,60.266666666666666],[-68.81818181818181,60.18181818181818],[-69.0,60.5],[-69.66666666666667,60.0],[-69.71428571428572,59.71428571428571],[-69.66666666666667,59.0],[-69.4,58.60000000000001],[-69.0,57.333333333333336],[-68.3076923076923,56.69230769230769],[-67.25,55.0],[-67.08695652173913,54.913043478260875],[-66.8,54.0],[-66.44444444444444,53.55555555555555],[-66.0,52.0],[-65.64705882352942,51.35294117647059],[-65.57142857142857,51.0],[-65.68421052631578,50.68421052631578],[-66.0,50.400000000000006],[-66.34782608695653,49.347826086956516],[-67.0,49.19047619047619],[-68.0,49.333333333333336],[-68.44859813084112,50.55140186915887],[-69.0246913580247,50.97530864197531],[-69.0,52.0],[-69.39285714285714,52.607142857142854],[-70.0,53.0],[-70.05882352941177,54.94117647058824],[-71.0,55.0],[-71.0990099009901,55.9009900990099],[-72.0,56.0],[-72.35820895522389,56.64179104477612],[-73.6,57.0],[-74.25531914893617,57.74468085106383],[-74.82608695652173,58.173913043478265],[-75.69230769230771,58.30769230769231],[-76.0,58.5],[-76.18181818181819,58.81818181818182],[-77.8,59.2],[-79.0,59.22222222222223],[-79.24347826086957,59.756521739130434],[-80.75,60.0],[-80.75,60.25],[-81.0,60.66666666666667],[-81.66666666666667,61.0],[-83.0,62.0],[-83.6,61.6],[-85.0,61.0],[-85.97402597402598,60.97402597402598],[-85.81111111111112,59.0],[-85.64,58.36],[-85.29411764705883,58.294117647058826],[-84.83870967741936,58.0],[-84.66666666666667,57.66666666666667],[-84.66666666666667,57.333333333333336],[-82.55555555555556,57.0],[-82.0,56.61538461538462],[-81.73553719008265,55.735537190082646],[-81.72800000000001,55.272000000000006],[-81.19047619047619,55.0],[-81.65,54.0],[-81.93103448275863,53.93103448275862],[-82.16666666666667,54.16666666666667],[-82.27419354838709,54.7258064516129],[-83.04979253112033,54.95020746887967],[-83.4770642201835,55.522935779816514],[-84.0,55.7936507936508],[-85.00772200772201,55.99227799227799],[-85.19047619047619,56.80952380952381],[-86.05755395683454,56.94244604316547],[-86.28800000000001,57.712],[-87.03125,57.96875],[-87.36666666666667,58.63333333333334],[-88.0,58.815217391304344],[-89.15525114155251,58.84474885844749],[-89.77272727272728,58.99999999999999],[-90.0,59.19230769230769],[-90.38461538461539,59.0],[-91.0,58.913978494623656],[-91.51219512195122,59.48780487804878],[-92.21935483870968,59.78064516129032],[-94.11926605504587,59.88073394495413],[-94.5,60.0],[-94.73469387755102,60.265306122448976],[-95.4742268041237,60.52577319587628],[-98.084388185654,60.91561181434599],[-98.52727272727273,61.47272727272727],[-99.20731707317073,61.79268292682927],[-101.14285714285714,62.0],[-102.0,62.27272727272727],[-102.84210526315789,62.99999999999999],[-102.91836734693877,64.08163265306122],[-103.0,64.22222222222223],[-103.55555555555556,64.44444444444444],[-104.0,66.0],[-103.25,67.0],[-103.0235294117647,67.02352941176471],[-102.94444444444444,67.99999999999999],[-102.30909090909091,68.30909090909091],[-102.0,69.0],[-100.35294117647058,68.6470588235294],[-100.07692307692308,68.0],[-100.0,66.0],[-99.0,66.0],[-98.0,65.66666666666667],[-97.0,65.66666666666667],[-96.0,65.2],[-95.28571428571428,65.28571428571428],[-95.0,65.5],[-92.0,65.5],[-91.60000000000001,65.60000000000001],[-90.4,66.4],[-90.0,66.5],[-89.97468354430379,66.0253164556962],[-87.5,66.0],[-87.00000000000001,65.85714285714286],[-85.0,66.0],[-83.6,65.4],[-83.0,65.0],[-80.0,65.13207547169812],[-76.0,65.01149425287356],[-74.22429906542057,65.22429906542057],[-73.45454545454545,65.45454545454545],[-73.0,65.76923076923077],[-72.0,66.0],[-66.0,66.0],[-65.29213483146067,66.29213483146067],[-65.0,66.72222222222223],[-64.3,66.7],[-64.0,66.5],[-63.0,66.5],[-62.6,66.4],[-62.0,66.0],[-60.0,66.0],[-59.0,66.33333333333334],[-58.66666666666667,66.33333333333334],[-58.0,66.0],[-57.0,66.0],[-56.44444444444444,66.44444444444444],[-56.0,66.5],[-55.63636363636364,66.36363636363637],[-55.125,65.875],[-53.99999999999999,65.9090909090909],[-52.0,65.5],[-50.0,65.5],[-49.0,66.2],[-48.0,66.0],[-47.35294117647058,66.35294117647058],[-46.5,66.5],[-44.0,66.55555555555556],[-43.0,66.71428571428572],[-41.0,66.6],[-40.0,66.66666666666667],[-39.769230769230774,66.76923076923077],[-39.347826086956516,67.34782608695652],[-39.0,67.5],[-36.6,67.6],[-35.400000000000006,68.4],[-33.7037037037037,68.7037037037037],[-33.333333333333336,69.33333333333334],[-32.63636363636364,69.63636363636364],[-31.555555555555557,70.55555555555556],[-31.0,70.6923076923077],[-28.555555555555554,70.44444444444444],[-28.0,70.0],[-27.25,69.75],[-26.333333333333336,69.66666666666667],[-24.0,69.0],[-23.0,69.0]],[[-12.222222222222221,37.22222222222222],[-13.0,37.0],[-12.0,36.66666666666667],[-11.0,37.0],[-12.222222222222221,37.22222222222222]],[[-30.9,60.900000000000006],[-30.833333333333332,61.16666666666667],[-31.25,61.25],[-32.0,61.0],[-31.2,60.800000000000004],[-30.9,60.900000000000006]],[[-22.5,54.0],[-22.6,54.400000000000006],[-24.0,54.0],[-23.0,53.66666666666667],[-22.5,54.0]],[[-21.714285714285715,56.71428571428571],[-21.0,57.0],[-20.0,57.0],[-20.5,57.5],[-20.5,58.0],[-21.0,58.2],[-22.0,58.333333333333336],[-23.0,58.0],[-22.6,57.4],[-22.333333333333336,56.66666666666667],[-21.714285714285715,56.71428571428571]],[[-14.9375,63.0625],[-15.051282051282051,62.94871794871795],[-14.857142857142858,63.00000000000001],[-14.9375,63.0625]],[[-13.5,51.0],[-13.0,49.875],[-12.600000000000001,51.0],[-12.6,51.400000000000006],[-12.75,52.0],[-13.166666666666668,52.16666666666667],[-13.5,52.0],[-13.5,51.0]],[[-12.25,54.75],[-12.0,54.66666666666667],[-11.764705882352942,54.23529411764706],[-11.0,54.0],[-10.222222222222221,54.22222222222222],[-10.380952380952381,54.61904761904761],[-10.285714285714286,55.0],[-10.583333333333334,55.416666666666664],[-11.0,55.58823529411765],[-11.451612903225806,55.54838709677419],[-11.714285714285714,55.71428571428571],[-12.333333333333332,55.0],[-12.25,54.75]],[[-10.0,61.5],[-10.4,61.0],[-10.363636363636363,60.63636363636364],[-10.0,60.42857142857143],[-9.764705882352942,60.76470588235294],[-9.789473684210527,61.21052631578947],[-10.0,61.5]],[[-8.538461538461538,48.46153846153847],[-8.375,47.625],[-8.0,47.25],[-7.0,48.0],[-7.7,48.3],[-8.0,49.0],[-8.461538461538462,49.53846153846154],[-8.5,50.0],[-9.25,50.75],[-9.25,51.0],[-8.416666666666666,53.0],[-8.517241379310345,53.48275862068965],[-9.0,54.0],[-9.8,53.8],[-10.0,53.0],[-11.0,52.625],[-11.344827586206897,52.344827586206904],[-11.625,52.0],[-11.5,51.0],[-11.0,50.0],[-10.25,49.75],[-10.333333333333334,49.33333333333334],[-10.0,48.6],[-9.0,48.75],[-8.538461538461538,48.46153846153847]],[[-6.16,54.160000000000004],[-6.5,54.0],[-6.363636363636363,53.63636363636364],[-6.0,53.33333333333333],[-5.833333333333333,54.0],[-6.0,54.4],[-6.16,54.160000000000004]],[[-64.98019801980199,36.01980198019802],[-65.05555555555556,36.0],[-65.0,35.92857142857143],[-64.98019801980199,36.01980198019802]],[[-58.0,22.0],[-57.94444444444444,22.944444444444443],[-58.04651162790698,23.046511627906977],[-58.06896551724138,22.931034482758623],[-58.0,22.0]],[[-56.81818181818182,19.818181818181817],[-56.91752577319588,21.082474226804123],[-57.0,21.26666666666667],[-57.23529411764706,21.235294117647058],[-57.357142857142854,20.0],[-57.24390243902439,19.75609756097561],[-56.81818181818182,19.818181818181817]],[[-63.88235294117647,61.88235294117647],[-63.5,62.0],[-64.0,62.333333333333336],[-64.25,62.0],[-63.88235294117647,61.88235294117647]],[[-48.25,64.0],[-48.153846153846146,63.84615384615385],[-47.84615384615384,63.84615384615385],[-47.86666666666667,64.13333333333333],[-48.14285714285714,64.14285714285714],[-48.25,64.0]],[[-33.333333333333336,60.00000000000001],[-33.16666666666667,59.833333333333336],[-32.5,60.0],[-32.6,60.400000000000006],[-33.0,60.5],[-33.333333333333336,60.00000000000001]],[[-35.0,53.5],[-35.5,53.0],[-35.333333333333336,52.66666666666667],[-34.6,52.4],[-34.0,52.0],[-34.0,51.0],[-33.4,50.60000000000001],[-32.0,50.66666666666667],[-31.0,51.0],[-30.0,51.0],[-29.333333333333336,51.333333333333336],[-28.0,51.333333333333336],[-27.5,51.5],[-26.5,52.5],[-25.81818181818182,52.81818181818181],[-25.77777777777778,53.22222222222222],[-26.333333333333336,53.66666666666667],[-26.75,54.25],[-28.0,54.5],[-28.285714285714285,54.71428571428571],[-28.625,55.375],[-30.0,55.625],[-30.5,55.5],[-31.0,55.0],[-30.6,54.400000000000006],[-29.85714285714286,54.14285714285714],[-29.714285714285715,53.71428571428571],[-30.0,53.0],[-31.0,52.0],[-31.400000000000002,52.6],[-31.66666666666667,54.333333333333336],[-32.0,54.5],[-33.0,54.5],[-34.6,53.60000000000001],[-35.0,53.5]],[[-22.285714285714285,55.28571428571428],[-22.4,54.6],[-22.0,54.5],[-21.6,54.6],[-21.5,55.0],[-21.75,55.25],[-22.285714285714285,55.28571428571428]]],[[[-52.5,69.5],[-52.5,70.5],[-52.0,71.0],[-51.0,71.0],[-51.0,69.0],[-52.0,69.0],[-52.5,69.5]]],[[[-23.0,71.33333333333333],[-22.6,71.0],[-22.636363636363637,70.63636363636364],[-23.0,70.33333333333334],[-24.363636363636367,70.63636363636364],[-24.666666666666668,71.0],[-24.266666666666666,71.26666666666667],[-23.666666666666668,71.33333333333334],[-23.0,71.33333333333333]]],[[[-35.71428571428571,79.71428571428571],[-35.0,80.0],[-34.0,79.0],[-34.0,78.0],[-35.0,78.0],[-35.71428571428571,78.28571428571428],[-36.22222222222222,78.22222222222223],[-37.0,78.33333333333334],[-37.206896551724135,78.20689655172413],[-37.272727272727266,77.72727272727272],[-37.0,77.25],[-36.714285714285715,77.28571428571428],[-36.0,77.0],[-37.0,76.0],[-38.0,76.0],[-38.5,75.5],[-39.0,75.5],[-39.333333333333336,75.33333333333334],[-39.5,75.0],[-39.81818181818181,74.81818181818181],[-41.0,74.66666666666667],[-43.0,74.66666666666667],[-43.5,74.5],[-44.0,74.0],[-45.0,74.0],[-45.0,73.0],[-48.0,73.0],[-48.0,72.0],[-52.0,72.0],[-52.0,71.0],[-54.0,71.0],[-54.0,70.0],[-59.0,70.0],[-59.0,69.0],[-61.0,69.0],[-61.0,71.0],[-60.66666666666667,71.66666666666667],[-60.0,72.0],[-59.44444444444444,73.44444444444444],[-58.66666666666667,74.0],[-58.36363636363636,74.36363636363636],[-57.74193548387097,74.74193548387098],[-56.92982456140351,74.9298245614035],[-56.5,75.5],[-55.82222222222222,75.82222222222222],[-55.17777777777778,75.82222222222222],[-54.69230769230769,76.0],[-54.46153846153847,76.46153846153845],[-53.80952380952381,76.80952380952381],[-52.77777777777778,77.0],[-52.529411764705884,77.52941176470588],[-52.0,78.0],[-49.0,78.0],[-48.75,78.75],[-48.25,78.75],[-47.5,79.0],[-47.333333333333336,79.33333333333334],[-46.66666666666667,79.66666666666667],[-45.0,79.8],[-44.285714285714285,79.71428571428571],[-44.0,79.5],[-43.0,79.66666666666667],[-42.81818181818182,79.81818181818181],[-42.0,80.0],[-37.0,80.0],[-35.71428571428571,79.71428571428571]]],[[[-112.9009900990099,76.0990099009901],[-106.20000000000002,76.0],[-105.99999999999999,75.88888888888889],[-105.75757575757575,75.24242424242425],[-105.0,75.09803921568627],[-104.12987012987013,75.12987012987013],[-103.34285714285716,75.34285714285714],[-103.0,75.85714285714286],[-102.58620689655173,75.41379310344827],[-102.0,75.27272727272728],[-101.87234042553192,75.12765957446808],[-96.0,75.0],[-94.46153846153847,74.53846153846155],[-92.0,74.375],[-91.775,74.225],[-90.89781021897811,74.1021897810219],[-88.66666666666666,74.0],[-88.94736842105263,73.94736842105263],[-88.75757575757575,73.24242424242425],[-88.83673469387756,73.0],[-89.12213740458016,72.87786259541984],[-89.9304347826087,72.9304347826087],[-90.21621621621622,72.78378378378378],[-90.81818181818181,72.81818181818181],[-91.0,72.4],[-91.26666666666667,72.26666666666667],[-91.33333333333334,72.0],[-91.91304347826087,71.91304347826087],[-92.0,71.55555555555556],[-92.41666666666667,71.41666666666667],[-92.9784946236559,70.97849462365592],[-93.0,70.5],[-93.75,71.25],[-94.0,72.0],[-95.0,72.0],[-95.4,71.4],[-96.0,71.0],[-97.0,71.0],[-99.00000000000001,70.33333333333334],[-99.93939393939394,71.06060606060606],[-101.88888888888889,71.11111111111111],[-102.07894736842105,71.92105263157895],[-103.0,72.18181818181819],[-103.75,72.25],[-106.0,72.05882352941177],[-107.22222222222223,72.77777777777777],[-109.14349775784754,72.85650224215246],[-110.07142857142857,73.07142857142857],[-113.0,73.27272727272728],[-113.16666666666666,73.83333333333333],[-114.66666666666667,74.0],[-115.43478260869566,74.56521739130434],[-116.0,74.81818181818181],[-116.04761904761904,74.95238095238096],[-121.0,75.0],[-121.71428571428572,75.28571428571428],[-123.0,75.0],[-124.0,75.09090909090908],[-127.0,75.0],[-127.86440677966101,74.86440677966101],[-129.57142857142856,74.0],[-132.84313725490196,73.84313725490196],[-133.0,73.52941176470588],[-134.0,73.28571428571429],[-134.28571428571428,73.0],[-137.25925925925927,72.74074074074073],[-142.0,72.86138613861385],[-142.47524752475246,73.52475247524751],[-143.0,73.75903614457832],[-147.0,74.0],[-147.56521739130434,74.43478260869566],[-148.2926829268293,74.70731707317074],[-152.0,74.87878787878788],[-155.0,74.82857142857142],[-155.47368421052633,75.0],[-155.64912280701753,75.35087719298245],[-156.28358208955223,75.71641791044776],[-157.77358490566036,75.77358490566039],[-158.32727272727274,75.67272727272727],[-159.0,76.0],[-162.0,76.0],[-162.0,77.0],[-163.0,77.0],[-163.0,79.0],[-161.0,79.0],[-161.0,80.0],[-158.0,80.0],[-158.0,81.0],[-156.0,81.0],[-156.0,80.0],[-155.0,80.0],[-155.0,81.0],[-149.0,81.0],[-148.66666666666669,80.33333333333334],[-148.33333333333334,80.33333333333334],[-147.92857142857142,80.07142857142857],[-144.0,80.0],[-143.0,79.71428571428572],[-142.82758620689657,79.17241379310344],[-142.0,79.0340909090909],[-140.0,79.0],[-139.60000000000002,78.4],[-139.0,78.2125],[-136.0,78.03333333333333],[-135.91304347826087,77.91304347826087],[-136.0,77.5],[-136.23076923076923,77.0],[-136.0,76.75],[-135.66666666666669,77.0],[-135.14814814814815,77.14814814814815],[-131.90338164251207,77.09661835748793],[-131.23076923076923,77.0],[-131.0,76.4],[-130.63636363636363,76.36363636363637],[-130.0,76.0],[-129.47619047619048,76.47619047619047],[-128.0,76.8],[-127.4,76.60000000000001],[-127.0,76.0],[-126.7142857142857,76.71428571428572],[-126.32000000000001,76.68],[-125.0,77.0],[-122.99999999999999,76.81818181818181],[-122.33333333333334,77.0],[-115.0,77.0],[-114.22222222222223,76.77777777777777],[-114.0,76.85714285714286],[-113.57142857142858,76.42857142857143],[-113.0,76.26315789473685],[-112.9009900990099,76.0990099009901]]],[[[-179.0,80.0],[-175.0,80.0],[-175.0,78.0],[-179.0,78.0],[-179.0,79.0],[-180.0,79.0],[-180.0,81.0],[-179.0,81.0],[-179.0,80.0]]],[[[1.0,82.0],[0.0,81.80000000000001],[-0.5,82.0],[0.0,82.01136363636363],[1.0,82.0]]],[[[40.9,-82.0],[41.81395348837209,-82.18604651162791],[43.29333333333334,-82.29333333333332],[43.829787234042556,-82.17021276595744],[44.0,-82.3076923076923],[44.32,-82.32000000000001],[45.25,-82.25],[46.45161290322581,-82.45161290322581],[46.875,-82.0],[47.0,-81.5],[47.333333333333336,-81.66666666666667],[47.0,-82.33333333333334],[46.63636363636364,-82.63636363636363],[46.84615384615385,-83.0],[46.10526315789474,-83.10526315789474],[44.12162162162162,-83.12162162162161],[43.314893617021276,-83.31489361702128],[42.0,-83.16],[40.0,-83.16],[39.0,-83.3089430894309],[38.0,-83.17307692307693],[36.72222222222222,-83.27777777777777],[36.0,-83.0952380952381],[35.0,-83.23188405797102],[33.85714285714286,-83.0],[33.46153846153847,-82.0],[34.0,-81.5625],[35.0,-81.5],[35.1978021978022,-81.1978021978022],[35.69230769230769,-81.0],[35.8974358974359,-79.8974358974359],[36.1025641025641,-79.8974358974359],[36.513513513513516,-80.48648648648648],[37.0,-80.6923076923077],[38.0,-80.28571428571429],[39.0,-80.41666666666666],[40.0,-80.35714285714286],[41.23255813953489,-80.76744186046511],[41.714285714285715,-81.0],[41.45454545454545,-81.45454545454545],[40.9,-82.0]]],[[[51.0,-82.27272727272728],[50.25,-82.0],[50.15384615384615,-81.84615384615384],[49.826086956521735,-81.82608695652173],[49.66666666666667,-82.0],[48.85454545454546,-82.14545454545456],[48.6,-82.0],[48.41379310344828,-81.58620689655173],[48.0,-81.4],[47.55555555555556,-81.44444444444444],[47.2,-81.0],[47.81395348837209,-80.81395348837209],[48.0,-80.5],[48.34782608695652,-80.34782608695653],[48.5,-80.0],[48.8,-79.8],[50.0,-79.86666666666667],[51.0,-79.6923076923077],[51.30769230769231,-80.0],[51.23529411764706,-81.0],[51.5,-81.5],[52.18181818181819,-81.81818181818181],[52.25,-82.0],[52.11111111111111,-82.11111111111111],[51.0,-82.27272727272728]]],[[[42.5,-81.0],[43.23529411764706,-80.76470588235294],[43.285714285714285,-81.0],[43.15384615384615,-81.15384615384615],[42.82608695652174,-81.17391304347827],[42.5,-81.0]]],[[[44.333333333333336,-79.0],[45.08888888888889,-78.91111111111111],[45.18181818181818,-79.0],[45.142857142857146,-81.0],[45.0,-81.33333333333334],[44.476190476190474,-80.52380952380952],[43.71428571428571,-80.28571428571428],[43.647058823529406,-79.6470588235294],[44.333333333333336,-79.0]]],[[[35.0,-77.76923076923077],[36.0,-77.73076923076923],[37.33333333333333,-78.0],[37.16,-78.16],[36.0,-78.36842105263159],[35.0,-78.31578947368422],[34.684210526315795,-78.0],[35.0,-77.76923076923077]]],[[[41.0,-79.43478260869566],[40.0,-79.64285714285714],[38.71428571428571,-79.28571428571428],[38.5,-79.0],[38.5,-78.0],[39.23529411764706,-77.76470588235294],[40.0,-77.72727272727272],[40.41025641025641,-77.41025641025641],[40.58139534883721,-76.5813953488372],[41.0,-76.10000000000001],[41.38297872340426,-76.61702127659575],[41.6,-77.4],[42.0,-77.52380952380952],[42.4,-78.0],[42.54545454545454,-78.45454545454545],[43.0,-78.88235294117646],[43.66666666666667,-79.0],[43.30769230769231,-79.30769230769232],[43.0,-79.18181818181819],[42.38297872340426,-79.38297872340425],[41.0,-79.43478260869566]]],[[[31.0,-70.14285714285714],[29.07142857142857,-70.07142857142857],[28.272727272727273,-70.27272727272727],[28.0,-70.5],[27.0,-70.25],[26.0,-70.5],[25.0,-70.44444444444444],[24.545454545454547,-70.54545454545455],[24.166666666666664,-71.0],[25.444444444444443,-71.55555555555554],[25.588235294117645,-72.0],[23.0,-72.22972972972973],[22.396551724137932,-72.39655172413794],[22.0,-72.76666666666667],[21.5,-73.0],[21.06542056074766,-73.06542056074767],[17.17808219178082,-73.17808219178082],[16.31578947368421,-73.3157894736842],[16.0,-73.51724137931033],[14.999999999999998,-73.78571428571428],[14.0,-73.70370370370371],[12.0,-74.0],[10.0,-73.78571428571428],[9.0,-73.84615384615384],[8.0,-73.53333333333333],[6.666666666666667,-73.33333333333334],[6.333333333333333,-73.0],[7.0,-72.84615384615384],[7.34375,-72.34375],[7.41025641025641,-71.41025641025641],[7.743589743589743,-70.74358974358975],[10.147058823529413,-70.1470588235294],[13.741935483870968,-70.25806451612902],[15.0,-70.63333333333333],[16.0,-70.66666666666666],[18.416666666666668,-70.41666666666667],[19.0,-70.2],[19.186046511627907,-70.81395348837209],[19.4,-71.0],[19.80952380952381,-71.19047619047619],[21.0,-71.22222222222223],[21.4,-71.0],[21.660377358490567,-70.66037735849056],[23.000000000000004,-70.2],[23.235294117647058,-70.23529411764707],[23.80952380952381,-69.80952380952381],[25.0,-69.63636363636364],[27.0,-69.9090909090909],[28.0,-69.76923076923077],[29.0,-69.9090909090909],[30.214285714285715,-69.78571428571429],[31.0,-69.83333333333333],[31.133333333333333,-70.0],[31.0,-70.14285714285714]]],[[[6.491228070175438,-70.50877192982455],[6.636363636363636,-71.0],[6.405797101449275,-71.40579710144928],[5.686274509803922,-71.68627450980392],[5.199999999999999,-72.0],[5.153846153846154,-72.15384615384616],[4.0,-72.47368421052632],[3.0,-72.3529411764706],[2.0,-72.4],[1.7241379310344827,-72.27586206896552],[1.5294117647058822,-71.47058823529412],[1.2000000000000002,-71.0],[1.8666666666666667,-70.86666666666667],[2.6666666666666665,-71.0],[2.8,-71.2],[4.0,-71.64],[4.457142857142856,-71.45714285714286],[4.592592592592593,-71.0],[5.0,-70.56],[5.999999999999999,-70.3],[6.491228070175438,-70.50877192982455]]],[[[2.793103448275862,-58.20689655172414],[2.1818181818181817,-58.0],[2.71875,-57.71875],[4.0,-57.36363636363636],[4.368421052631579,-57.631578947368425],[4.157303370786517,-58.157303370786515],[2.793103448275862,-58.20689655172414]]],[[[40.833333333333336,-28.166666666666664],[41.0,-29.0],[41.0,-30.0],[40.0,-30.0],[40.0,-36.0],[41.0,-36.0],[43.0,-38.0],[43.66666666666667,-38.333333333333336],[44.5,-39.0],[46.0,-39.333333333333336],[46.44444444444444,-39.55555555555555],[47.0,-40.15384615384615],[48.0,-40.30769230769231],[49.0,-40.27272727272727],[49.457142857142856,-40.54285714285714],[49.80487804878049,-41.19512195121951],[50.46153846153847,-41.53846153846154],[50.69230769230769,-42.0],[50.69230769230769,-42.30769230769231],[51.0,-42.666666666666664],[52.0,-43.0],[51.0,-43.400000000000006],[49.53846153846154,-43.53846153846154],[49.25,-44.0],[50.0,-44.75],[50.04545454545454,-45.0],[50.76470588235294,-46.0],[50.952380952380956,-47.04761904761905],[52.0,-47.61538461538461],[53.0,-47.1875],[53.54285714285714,-47.457142857142856],[54.0,-47.888888888888886],[54.372093023255815,-47.372093023255815],[54.5,-47.0],[54.30769230769231,-46.69230769230769],[53.66101694915254,-46.33898305084745],[53.565217391304344,-45.565217391304344],[53.66666666666667,-45.333333333333336],[53.25,-45.0],[53.5,-44.5],[54.51724137931034,-43.51724137931034],[55.33333333333334,-43.333333333333336],[57.08333333333333,-42.08333333333333],[57.519999999999996,-41.519999999999996],[58.26086956521739,-41.26086956521739],[58.63636363636364,-40.63636363636364],[59.0,-40.42857142857142],[59.375,-40.375],[60.0,-40.0],[61.470588235294116,-39.47058823529412],[63.32,-39.32],[64.0,-39.0],[65.73913043478261,-39.26086956521739],[66.78947368421052,-39.21052631578948],[67.4,-39.400000000000006],[67.66666666666667,-39.333333333333336],[67.66666666666667,-39.66666666666667],[67.85714285714286,-40.00000000000001],[68.33333333333334,-40.333333333333336],[69.0,-40.0],[68.60000000000001,-40.6],[68.71428571428571,-41.0],[69.36363636363636,-41.36363636363637],[69.71428571428572,-41.28571428571428],[69.71428571428572,-41.71428571428571],[70.0,-42.125],[73.0,-42.375],[74.0,-42.0],[74.57142857142857,-41.57142857142858],[76.42857142857143,-41.57142857142858],[77.0,-42.0],[82.0,-42.0],[82.75,-42.25],[83.0,-43.0],[83.0,-44.0],[83.6,-44.400000000000006],[83.8,-45.2],[84.0,-45.5],[84.33333333333334,-44.66666666666667],[84.33333333333334,-44.333333333333336],[85.0,-44.0],[85.83333333333333,-44.16666666666667],[88.0,-44.0],[88.6,-43.60000000000001],[89.0,-43.5],[89.5,-44.0],[89.60000000000001,-44.400000000000006],[90.0,-45.0],[91.0,-45.0],[91.66666666666667,-45.333333333333336],[92.0,-46.0],[93.0,-47.0],[95.0,-47.0],[95.0,-49.0],[91.0,-49.0],[90.60000000000001,-49.6],[90.5,-50.0],[91.0,-51.0],[91.0,-52.0],[91.71428571428571,-52.285714285714285],[92.0,-53.0],[92.0,-54.0],[95.0,-54.0],[96.4,-53.400000000000006],[97.0,-53.0],[98.0,-52.666666666666664],[98.5,-52.0],[98.60000000000001,-51.6],[99.33333333333334,-51.00000000000001],[99.5,-50.5],[100.0,-50.333333333333336],[100.33333333333334,-50.0],[100.5,-49.5],[101.0,-49.0],[101.0,-47.0],[99.0,-47.0],[99.0,-45.0],[104.0,-45.0],[104.0,-46.0],[107.0,-46.0],[107.71428571428571,-46.28571428571428],[108.0,-47.0],[109.0,-47.0],[109.0,-48.0],[110.0,-48.0],[110.0,-49.0],[111.0,-49.0],[111.0,-50.0],[110.0952380952381,-50.095238095238095],[110.0,-51.0],[108.0,-51.0],[108.0,-50.0],[107.0,-50.0],[107.0,-51.0],[104.0,-51.0],[104.0,-52.0],[103.2,-51.8],[102.9,-51.9],[102.35294117647058,-52.35294117647059],[102.0,-52.3],[101.60000000000001,-52.6],[101.36363636363636,-53.0],[101.42105263157895,-53.421052631578945],[101.0,-54.0],[102.0,-54.0],[102.0,-55.0],[101.83333333333333,-56.0],[101.60000000000001,-56.6],[101.0,-56.714285714285715],[100.63636363636364,-57.63636363636364],[99.0,-59.0],[99.66666666666667,-61.0],[100.0,-61.25],[101.0,-61.400000000000006],[103.0,-61.36363636363637],[105.0,-61.0],[108.0,-61.0],[108.04166666666667,-61.95833333333333],[109.0,-62.27272727272727],[109.12903225806451,-62.87096774193549],[109.44444444444444,-63.0],[110.13793103448276,-64.0],[110.33333333333334,-65.66666666666667],[110.33333333333334,-66.33333333333334],[110.15384615384616,-67.0],[110.42857142857143,-68.0],[109.69230769230768,-69.0],[109.20930232558139,-69.20930232558139],[109.0,-69.6923076923077],[108.63636363636363,-70.0],[108.175,-70.175],[108.0,-70.63636363636364],[107.7948717948718,-70.7948717948718],[107.42857142857143,-71.0],[106.13888888888889,-71.13888888888889],[106.0,-72.0],[105.23076923076923,-71.76923076923077],[104.0,-71.88888888888889],[103.0,-71.71428571428572],[102.0,-71.78947368421052],[101.0421052631579,-72.0421052631579],[97.0,-72.18032786885246],[96.31067961165047,-72.31067961165047],[95.64044943820225,-72.64044943820224],[95.0,-73.27777777777777],[94.0,-73.51851851851852],[91.0,-73.59375],[89.0,-73.23529411764706],[88.30000000000001,-73.30000000000001],[88.0,-73.6],[87.00000000000001,-73.85714285714286],[86.0,-73.5],[85.0,-73.58333333333333],[84.61111111111111,-73.38888888888889],[84.36363636363636,-73.0],[84.0,-72.73333333333333],[83.0,-72.71428571428572],[82.0,-73.0],[81.44444444444444,-73.44444444444444],[81.0,-73.25],[79.66666666666667,-74.0],[77.0,-74.3],[76.0,-74.0],[76.57142857142857,-73.57142857142858],[76.8125,-73.0],[76.4406779661017,-72.55932203389831],[75.7741935483871,-72.2258064516129],[74.27272727272727,-71.72727272727272],[73.0,-71.54054054054055],[71.69811320754718,-71.69811320754718],[71.27272727272728,-72.0],[71.24000000000001,-72.24],[71.0,-72.21428571428571],[70.55555555555556,-71.44444444444444],[69.26666666666667,-71.26666666666667],[68.68421052631578,-71.68421052631578],[68.5,-72.0],[68.85714285714286,-73.0],[68.46153846153847,-73.46153846153847],[68.0,-73.6],[66.76470588235294,-73.23529411764706],[65.0,-73.42857142857143],[64.0,-73.33333333333333],[62.6,-73.60000000000001],[62.0,-74.0],[61.857142857142854,-73.0],[61.400000000000006,-72.6],[61.0,-72.6],[60.581395348837205,-72.4186046511628],[59.0,-72.41176470588235],[58.0,-72.14999999999999],[57.0,-72.38095238095238],[56.69230769230769,-72.30769230769232],[56.00000000000001,-71.8],[54.0,-72.3076923076923],[51.81818181818182,-72.18181818181819],[50.647058823529406,-71.35294117647058],[50.464285714285715,-71.0],[50.565217391304344,-70.56521739130434],[51.22222222222222,-70.0],[50.769230769230774,-69.0],[51.0,-68.4],[51.22222222222223,-68.22222222222223],[51.285714285714285,-68.0],[51.16,-67.84],[49.77049180327869,-67.77049180327869],[47.0,-67.375],[46.74285714285714,-67.25714285714285],[46.333333333333336,-66.66666666666667],[45.56989247311828,-66.43010752688171],[45.0,-65.95454545454545],[44.0,-66.0],[43.0,-65.79310344827586],[41.0,-65.90384615384616],[38.826086956521735,-65.82608695652173],[38.0,-66.33333333333334],[37.61904761904762,-66.0],[37.490566037735846,-65.50943396226415],[36.94444444444444,-65.0],[36.0,-64.64583333333333],[34.45454545454545,-64.54545454545455],[33.11111111111111,-64.0],[33.13333333333333,-63.86666666666667],[32.955555555555556,-63.955555555555556],[32.140350877192986,-63.859649122807014],[31.20408163265306,-64.20408163265306],[30.0,-64.43333333333334],[29.0,-64.27272727272728],[28.57142857142857,-64.0],[28.11111111111111,-63.888888888888886],[26.939393939393938,-63.93939393939394],[25.76923076923077,-63.769230769230774],[25.080000000000002,-63.92],[22.984732824427482,-63.98473282442748],[22.338983050847457,-64.33898305084746],[21.0,-64.55882352941177],[19.662337662337663,-64.33766233766234],[19.0,-63.87234042553192],[18.0,-64.25],[17.736842105263158,-64.0],[17.0,-63.70833333333333],[16.0,-63.88679245283019],[13.0,-63.84375],[12.0,-63.53061224489795],[10.787234042553191,-63.787234042553195],[10.3125,-64.3125],[9.600000000000001,-64.6],[9.583333333333332,-65.0],[9.318181818181818,-65.31818181818181],[8.571428571428573,-65.57142857142857],[7.0,-65.45161290322581],[6.125,-65.0],[6.166666666666667,-64.83333333333333],[5.517241379310345,-64.48275862068967],[5.533333333333333,-64.0],[6.0,-63.69565217391305],[6.285714285714285,-63.71428571428571],[6.699999999999999,-64.0],[6.7857142857142865,-64.21428571428572],[8.327272727272728,-64.32727272727273],[8.851851851851851,-64.14814814814815],[9.307692307692308,-64.3076923076923],[9.285714285714285,-64.0],[9.088888888888889,-63.91111111111111],[7.538461538461538,-63.53846153846155],[7.4,-63.60000000000001],[7.461538461538462,-63.46153846153847],[7.169811320754717,-62.83018867924528],[6.555555555555555,-62.444444444444436],[6.200000000000001,-62.0],[6.545454545454546,-61.54545454545455],[8.200000000000001,-61.00000000000001],[7.0,-60.30769230769231],[6.673469387755102,-60.3265306122449],[6.200000000000001,-60.0],[7.1875,-59.1875],[8.11111111111111,-59.111111111111114],[9.0,-58.69230769230769],[11.222222222222221,-58.22222222222222],[11.666666666666668,-58.0],[11.363636363636363,-57.63636363636364],[10.733333333333334,-57.266666666666666],[10.0,-57.111111111111114],[7.166666666666666,-57.16666666666667],[6.0,-57.6875],[5.0,-57.24],[4.647058823529411,-57.35294117647059],[4.228571428571429,-56.77142857142857],[2.643835616438356,-56.35616438356165],[1.9655172413793103,-56.03448275862068],[1.6875,-55.3125],[1.5476190476190477,-54.0],[1.8888888888888888,-52.888888888888886],[2.5757575757575757,-52.57575757575758],[4.0,-52.333333333333336],[4.470588235294118,-52.470588235294116],[4.6,-52.4],[4.555555555555555,-52.55555555555555],[4.809523809523809,-53.19047619047619],[5.428571428571429,-53.57142857142858],[5.6,-54.0],[5.25,-55.0],[6.0,-55.5],[7.0,-55.5],[7.352941176470589,-55.35294117647058],[7.75,-55.0],[7.8,-54.8],[8.4,-54.400000000000006],[9.5,-54.0],[10.0,-53.5],[11.400000000000002,-53.400000000000006],[12.0,-53.0],[12.5,-53.5],[13.2,-53.8],[13.25,-54.25],[13.0,-54.166666666666664],[12.62962962962963,-54.629629629629626],[12.705882352941178,-55.294117647058826],[13.0,-55.55555555555556],[13.4,-55.400000000000006],[13.625,-55.0],[13.625,-54.625],[14.315789473684209,-54.315789473684205],[14.523809523809522,-53.52380952380952],[15.25,-53.0],[14.210526315789473,-52.78947368421053],[14.392156862745098,-52.392156862745104],[14.240963855421686,-51.75903614457832],[14.0,-51.6],[12.6,-51.400000000000006],[12.0625,-51.0],[12.000000000000002,-50.800000000000004],[10.818181818181818,-50.81818181818181],[10.0,-51.2],[9.0,-51.0],[8.333333333333334,-50.0],[8.692307692307693,-49.69230769230769],[8.619047619047619,-49.38095238095238],[8.714285714285715,-49.0],[8.425531914893618,-48.57446808510639],[7.675675675675675,-48.32432432432432],[7.129032258064516,-47.87096774193548],[6.862068965517241,-47.862068965517246],[6.125,-49.0],[6.166666666666667,-49.16666666666667],[5.777777777777778,-49.77777777777778],[5.909090909090908,-50.0],[5.6000000000000005,-50.60000000000001],[4.0,-50.66666666666667],[3.6756756756756754,-50.32432432432432],[3.586206896551724,-50.0],[3.6962025316455698,-49.69620253164557],[5.0,-49.333333333333336],[5.4,-49.400000000000006],[5.833333333333333,-49.0],[5.409090909090909,-47.590909090909086],[4.75,-47.25],[4.304347826086957,-46.69565217391305],[3.674418604651163,-46.674418604651166],[3.0,-47.33333333333333],[2.764705882352941,-47.76470588235294],[2.25,-48.0],[2.56,-49.0],[2.0,-49.8235294117647],[0.7142857142857142,-50.28571428571428],[0.5555555555555556,-50.0],[0.163265306122449,-47.836734693877546],[0.3181818181818182,-46.0],[0.0,-45.53333333333333],[-0.35555555555555557,-45.355555555555554],[-0.3076923076923077,-44.69230769230769],[0.5862068965517242,-43.58620689655172],[1.5384615384615383,-43.0],[1.6923076923076925,-42.69230769230769],[3.067796610169492,-42.067796610169495],[3.9076923076923076,-41.90769230769231],[4.4375,-41.0],[5.126760563380282,-40.87323943661971],[6.0,-41.0],[7.736842105263158,-40.73684210526316],[8.0,-40.44444444444444],[9.0,-40.0],[10.0,-40.0],[11.000000000000002,-39.166666666666664],[11.444444444444443,-39.55555555555555],[11.614035087719298,-40.3859649122807],[12.0,-40.611111111111114],[13.0,-40.294117647058826],[14.318181818181817,-40.31818181818182],[14.583333333333332,-40.0],[14.565217391304348,-39.56521739130435],[15.0,-39.166666666666664],[16.0,-39.25],[16.142857142857142,-39.14285714285714],[16.166666666666668,-38.833333333333336],[14.777777777777779,-38.77777777777778],[13.0,-39.375],[12.399999999999999,-39.0],[12.922077922077923,-38.92207792207792],[13.0,-38.5],[13.4,-38.4],[13.5,-38.0],[13.934065934065933,-37.934065934065934],[14.0,-37.5],[14.400000000000002,-37.4],[15.0,-37.0],[15.4,-37.6],[16.285714285714285,-37.71428571428571],[16.666666666666668,-38.0],[16.666666666666668,-38.333333333333336],[18.431372549019606,-38.568627450980394],[18.916666666666664,-39.0],[19.0,-39.333333333333336],[19.285714285714285,-39.28571428571428],[19.25,-39.0],[19.6,-38.0],[20.0,-37.42857142857143],[22.0,-37.333333333333336],[22.666666666666664,-37.0],[22.0,-36.57142857142857],[21.0,-36.5],[20.0,-36.625],[19.315789473684212,-35.68421052631579],[19.0,-35.5],[18.53846153846154,-35.46153846153847],[18.0,-35.0],[17.871794871794872,-34.12820512820513],[18.0,-33.0],[19.0,-32.5],[19.1,-32.0],[18.85185185185185,-31.85185185185185],[17.333333333333336,-31.66666666666667],[17.0,-31.5],[16.733333333333334,-31.266666666666666],[16.142857142857142,-30.0],[16.6,-29.0],[16.6,-28.6],[17.0,-28.6],[17.22222222222222,-28.22222222222222],[17.75,-28.0],[17.799999999999997,-27.8],[18.0,-27.75],[18.25,-27.25],[18.857142857142858,-26.857142857142854],[21.0,-26.0],[21.545454545454543,-25.545454545454543],[22.23076923076923,-25.230769230769234],[23.25,-25.0],[23.666666666666668,-24.666666666666668],[26.0,-24.4],[28.0,-24.6],[28.22222222222222,-24.77777777777778],[28.699999999999996,-26.0],[28.571428571428573,-26.42857142857143],[28.66666666666667,-26.666666666666668],[28.333333333333336,-26.666666666666668],[28.0,-26.875],[27.999999999999996,-27.11111111111111],[28.833333333333336,-27.166666666666668],[29.0,-27.333333333333336],[29.153846153846153,-27.153846153846153],[30.173913043478258,-27.17391304347826],[30.5,-27.0],[30.333333333333336,-26.0],[30.692307692307693,-25.692307692307693],[31.416666666666664,-25.416666666666664],[31.77777777777778,-24.77777777777778],[32.5,-24.5],[33.5,-23.5],[34.333333333333336,-23.0],[34.400000000000006,-22.6],[34.0,-22.0],[37.0,-22.0],[38.22222222222222,-22.77777777777778],[39.0,-23.57142857142857],[40.22222222222222,-23.77777777777778],[40.63636363636364,-24.363636363636367],[41.22222222222222,-24.77777777777778],[41.333333333333336,-25.0],[41.42857142857143,-27.0],[40.833333333333336,-28.166666666666664]],[[37.0,-58.0],[35.904761904761905,-57.90476190476191],[35.85714285714286,-58.0],[36.07692307692307,-58.07692307692307],[37.0,-58.0]],[[38.58620689655172,-57.41379310344827],[39.0,-57.857142857142854],[40.0,-57.625],[40.5,-57.0],[40.66666666666667,-56.0],[40.266666666666666,-55.733333333333334],[38.885714285714286,-55.885714285714286],[38.400000000000006,-57.0],[38.58620689655172,-57.41379310344827]],[[41.84210526315789,-43.15789473684211],[42.0,-43.25],[42.13333333333333,-43.13333333333333],[42.146341463414636,-42.85365853658537],[42.0,-42.76923076923077],[41.857142857142854,-42.85714285714286],[41.84210526315789,-43.15789473684211]],[[44.61538461538461,-51.61538461538461],[44.72222222222223,-52.27777777777778],[45.0,-52.333333333333336],[46.08333333333333,-52.0],[45.0,-51.375],[44.61538461538461,-51.61538461538461]],[[45.199999999999996,-47.0],[45.627906976744185,-47.372093023255815],[46.0,-47.470588235294116],[46.28571428571428,-47.285714285714285],[46.36363636363636,-47.0],[46.0,-46.38461538461539],[45.199999999999996,-47.0]],[[47.5,-43.0],[48.153846153846146,-43.15384615384615],[49.0,-43.0],[47.5,-43.0]],[[51.25,-50.0],[51.5,-50.5],[52.0,-50.85714285714286],[52.75,-50.0],[52.0,-49.4],[51.57142857142858,-49.57142857142857],[51.25,-50.0]],[[56.0,-53.83333333333333],[55.64705882352941,-55.0],[55.90909090909091,-56.0],[56.10526315789473,-56.10526315789473],[56.89473684210526,-56.10526315789473],[56.77777777777778,-56.77777777777778],[56.8695652173913,-57.0],[56.43478260869565,-57.434782608695656],[56.0,-57.625],[54.6271186440678,-57.6271186440678],[54.15384615384615,-58.0],[54.21052631578947,-58.21052631578948],[53.60000000000001,-58.400000000000006],[53.333333333333336,-58.33333333333334],[53.42857142857143,-58.57142857142858],[53.13953488372093,-59.139534883720934],[52.81818181818181,-59.18181818181819],[52.38461538461538,-58.61538461538461],[52.0,-58.58333333333333],[51.76190476190476,-59.0],[51.72727272727273,-60.0],[51.00000000000001,-60.800000000000004],[50.599999999999994,-61.0],[50.375,-61.375],[50.0,-61.42857142857143],[49.66666666666667,-61.66666666666667],[49.5,-62.0],[49.61904761904762,-62.38095238095237],[50.0,-62.66666666666667],[50.66666666666667,-62.66666666666667],[51.0,-62.5],[52.0,-63.0],[52.71428571428571,-62.714285714285715],[54.0,-62.66666666666667],[54.84615384615384,-61.84615384615384],[56.0,-61.16666666666667],[56.36363636363637,-61.36363636363636],[57.0,-61.0],[56.0,-60.9],[55.42857142857143,-60.57142857142858],[54.67567567567568,-59.32432432432432],[54.57142857142857,-59.0],[54.65714285714286,-58.65714285714286],[56.0,-58.46153846153847],[56.349999999999994,-58.64999999999999],[56.60869565217392,-59.00000000000001],[57.0,-59.81818181818182],[58.666666666666664,-59.0],[59.0,-57.0],[59.5,-58.0],[59.833333333333336,-58.16666666666667],[60.11764705882352,-58.11764705882353],[60.5,-57.0],[60.400000000000006,-56.6],[60.0,-56.625],[59.54545454545454,-56.45454545454545],[59.44444444444444,-56.0],[59.583333333333336,-55.58333333333333],[60.0,-55.285714285714285],[60.45454545454545,-55.54545454545455],[60.71428571428571,-56.0],[60.63636363636364,-56.36363636363637],[61.0,-56.400000000000006],[61.33333333333334,-56.66666666666667],[61.6,-57.4],[63.0,-59.5],[64.0,-59.5],[64.28571428571428,-59.285714285714285],[64.375,-59.0],[64.26086956521739,-56.73913043478261],[63.42424242424243,-55.57575757575758],[62.78571428571429,-55.214285714285715],[62.38888888888889,-53.611111111111114],[62.0,-53.36363636363636],[61.54838709677419,-53.54838709677419],[61.32432432432433,-54.32432432432433],[61.0,-54.66666666666667],[60.53846153846154,-54.46153846153847],[60.27272727272727,-53.72727272727272],[60.0,-53.699999999999996],[59.68181818181818,-53.31818181818182],[59.44444444444444,-52.55555555555555],[58.64999999999999,-52.35],[58.36842105263158,-51.631578947368425],[58.0,-51.41666666666667],[57.61538461538461,-51.38461538461539],[57.22222222222222,-50.77777777777778],[56.52941176470588,-50.470588235294116],[56.22222222222223,-49.77777777777778],[55.60000000000001,-49.6],[55.33333333333334,-49.66666666666667],[55.0,-49.5],[54.826086956521735,-49.826086956521735],[54.878787878787875,-50.12121212121212],[55.529411764705884,-50.470588235294116],[55.86046511627907,-51.13953488372093],[56.5,-51.5],[56.916666666666664,-52.083333333333336],[57.51724137931035,-52.48275862068966],[58.0,-53.0],[57.4390243902439,-53.4390243902439],[56.5,-53.5],[56.0,-53.83333333333333]],[[56.565217391304344,-61.56521739130435],[56.66666666666667,-62.0],[56.625,-63.0],[56.42553191489361,-63.42553191489362],[55.68888888888888,-63.68888888888889],[55.388888888888886,-64.38888888888889],[54.72549019607844,-64.72549019607843],[54.68888888888889,-65.3111111111111],[55.0,-65.77777777777777],[56.04545454545455,-65.04545454545455],[56.48275862068966,-64.48275862068967],[57.44444444444444,-64.0],[58.0,-62.333333333333336],[58.30769230769231,-62.6923076923077],[58.28571428571429,-63.0],[58.629629629629626,-63.37037037037037],[60.66666666666667,-63.66666666666667],[61.0,-63.5],[61.083333333333336,-64.0],[60.421052631578945,-64.42105263157895],[60.26865671641791,-65.26865671641791],[59.09756097560976,-66.09756097560975],[58.0,-66.42105263157895],[57.083333333333336,-67.0],[57.0,-68.0],[57.4,-68.60000000000001],[58.0,-68.77777777777777],[58.63636363636364,-68.63636363636364],[59.0,-68.0],[60.39393939393939,-67.39393939393939],[60.75438596491228,-66.75438596491227],[61.47272727272727,-66.47272727272727],[61.84313725490196,-65.84313725490196],[62.46153846153846,-65.46153846153847],[62.75,-65.0],[62.94117647058823,-63.94117647058823],[63.5,-63.5],[63.7,-63.0],[63.66666666666667,-61.0],[63.5,-60.5],[63.0,-60.11111111111111],[62.4,-60.400000000000006],[62.171428571428564,-61.17142857142858],[61.51219512195122,-61.51219512195122],[61.00000000000001,-62.85714285714286],[59.6,-62.4],[59.111111111111114,-61.888888888888886],[58.400000000000006,-61.6],[58.28571428571429,-61.0],[58.0,-60.77777777777777],[57.733333333333334,-60.733333333333334],[57.0,-61.0],[56.565217391304344,-61.56521739130435]],[[66.0,-72.63636363636364],[66.33333333333334,-72.33333333333334],[66.24561403508773,-71.75438596491227],[66.0,-71.66666666666667],[64.81818181818181,-71.81818181818181],[64.4,-72.0],[64.58620689655173,-72.41379310344828],[65.0,-72.66666666666667],[66.0,-72.63636363636364]],[[87.07142857142857,-65.92857142857143],[86.91304347826087,-65.91304347826087],[86.9090909090909,-66.0909090909091],[87.08333333333333,-66.08333333333333],[87.07142857142857,-65.92857142857143]],[[94.0,-67.61111111111111],[93.61111111111111,-68.0],[93.75,-68.25],[94.0,-68.33333333333334],[94.30434782608697,-68.30434782608697],[94.63636363636363,-68.0],[94.34146341463415,-67.65853658536585],[94.0,-67.61111111111111]],[[97.0,-65.22222222222223],[97.66666666666666,-65.0],[97.3076923076923,-64.6923076923077],[97.0,-64.66666666666667],[96.66666666666667,-65.0],[97.0,-65.22222222222223]],[[9.8,-61.00000000000001],[10.25,-61.0],[10.055555555555557,-60.94444444444444],[9.8,-61.00000000000001]],[[16.0,-58.0],[15.315789473684209,-58.315789473684205],[14.0,-58.3],[13.42857142857143,-58.42857142857143],[12.833333333333332,-58.83333333333333],[12.913043478260871,-59.08695652173913],[13.548387096774194,-59.45161290322581],[15.0,-60.05],[15.512195121951219,-59.512195121951216],[16.333333333333336,-59.0],[16.166666666666668,-58.83333333333333],[16.0,-58.0]],[[17.857142857142858,-58.14285714285714],[18.0,-58.333333333333336],[19.0,-58.25],[19.137931034482758,-58.13793103448276],[19.375,-57.0],[18.806451612903224,-56.80645161290323],[18.25,-57.0],[18.0,-57.333333333333336],[17.857142857142858,-58.14285714285714]],[[20.0,-39.75],[19.714285714285715,-39.71428571428571],[19.666666666666668,-40.0],[20.044444444444444,-40.044444444444444],[20.0,-39.75]],[[22.38888888888889,-47.61111111111111],[22.0,-47.3],[20.909090909090907,-48.0],[22.0,-48.5],[22.37837837837838,-48.37837837837838],[22.583333333333336,-48.0],[22.38888888888889,-47.61111111111111]],[[21.953488372093023,-41.04651162790698],[22.142857142857142,-41.0],[22.285714285714285,-40.71428571428571],[21.953488372093023,-41.04651162790698]],[[22.46153846153846,-40.0],[22.52542372881356,-40.47457627118644],[23.0,-40.7],[23.608695652173914,-40.0],[23.345679012345677,-39.654320987654316],[22.728155339805824,-39.728155339805824],[22.46153846153846,-40.0]],[[29.363636363636363,-47.0],[28.80952380952381,-46.80952380952381],[28.6,-47.0],[29.18181818181818,-47.18181818181819],[29.363636363636363,-47.0]],[[31.0,-59.05555555555556],[31.125,-59.0],[31.0,-58.85714285714286],[31.0,-59.05555555555556]],[[32.27272727272727,-39.0],[31.823529411764707,-38.82352941176471],[31.769230769230766,-39.0],[32.0,-39.166666666666664],[32.27272727272727,-39.0]],[[33.78947368421053,-63.21052631578947],[34.0,-63.2],[34.095238095238095,-63.0],[34.0,-62.75],[33.75,-63.0],[33.78947368421053,-63.21052631578947]],[[36.80487804878049,-52.80487804878048],[36.63636363636364,-53.36363636363637],[36.8,-53.8],[36.66666666666667,-54.00000000000001],[37.0,-54.18181818181818],[37.529411764705884,-53.529411764705884],[38.45454545454545,-53.0],[38.322580645161295,-52.677419354838705],[38.0,-52.5],[37.64285714285714,-52.64285714285714],[37.0,-52.66666666666667],[36.80487804878049,-52.80487804878048]],[[44.0,-62.333333333333336],[45.0,-62.0],[44.285714285714285,-61.71428571428571],[43.400000000000006,-61.6],[42.77777777777778,-61.22222222222223],[42.75,-61.0],[42.0,-60.625],[40.76470588235294,-60.23529411764706],[40.599999999999994,-60.0],[40.0,-59.727272727272734],[39.0,-59.6],[38.2,-60.0],[38.0,-61.0],[40.42857142857143,-61.57142857142857],[40.86666666666667,-62.13333333333333],[41.22222222222222,-62.222222222222214],[41.857142857142854,-62.14285714285714],[42.0,-62.5],[43.0,-62.5],[44.0,-62.333333333333336]],[[42.470588235294116,-47.470588235294116],[43.29629629629629,-47.29629629629629],[43.53333333333333,-47.0],[43.0,-46.69230769230769],[42.0,-46.5],[41.65957446808511,-46.659574468085104],[41.5,-47.0],[41.63636363636364,-47.36363636363636],[42.0,-47.72727272727272],[42.470588235294116,-47.470588235294116]],[[43.5,-50.5],[43.25,-51.0],[43.72727272727273,-51.272727272727266],[44.400000000000006,-51.400000000000006],[44.66666666666667,-51.0],[44.272727272727266,-50.72727272727272],[44.0,-50.33333333333333],[43.5,-50.5]],[[49.43137254901961,-48.568627450980394],[48.513513513513516,-48.48648648648649],[48.4375,-48.0],[48.25454545454545,-47.74545454545454],[48.0,-47.588235294117645],[47.74074074074075,-47.74074074074075],[47.5625,-48.0],[48.0,-48.46666666666667],[48.484848484848484,-48.515151515151516],[48.421052631578945,-49.0],[48.63934426229508,-49.36065573770492],[49.0,-49.611111111111114],[49.36842105263158,-49.631578947368425],[49.63636363636364,-50.0],[49.69230769230769,-50.307692307692314],[50.0,-50.5],[50.38095238095238,-50.38095238095238],[50.66666666666667,-50.0],[50.333333333333336,-49.0],[49.43137254901961,-48.568627450980394]],[[54.71428571428571,-69.0],[55.0,-69.25],[55.666666666666664,-69.0],[54.71428571428571,-69.0]],[[25.1,-41.0],[24.953488372093023,-40.95348837209303],[24.95918367346939,-41.04081632653061],[25.0,-41.16666666666667],[25.1,-41.0]],[[28.0,-59.0],[27.833333333333332,-59.833333333333336],[27.666666666666668,-60.00000000000001],[28.076923076923077,-60.0],[28.0,-59.0]],[[29.642857142857146,-43.642857142857146],[29.423076923076923,-44.0],[29.63855421686747,-44.36144578313253],[30.303030303030305,-44.3030303030303],[30.599999999999998,-44.0],[30.39473684210526,-43.60526315789474],[30.0,-43.516129032258064],[29.642857142857146,-43.642857142857146]],[[51.333333333333336,-52.66666666666667],[51.333333333333336,-52.33333333333334],[51.54545454545455,-52.45454545454545],[53.0,-52.26666666666667],[53.142857142857146,-52.142857142857146],[53.18181818181819,-51.81818181818182],[52.476190476190474,-51.52380952380952],[52.0,-51.166666666666664],[51.0,-51.75],[49.8,-51.8],[49.0,-52.0],[48.470588235294116,-52.470588235294116],[47.72972972972973,-52.72972972972973],[47.375,-53.0],[48.0,-54.125],[49.0,-54.0],[50.0,-54.5],[50.42857142857143,-54.57142857142857],[51.0,-55.0],[51.22222222222223,-54.22222222222222],[51.1,-53.0],[51.333333333333336,-52.66666666666667]],[[50.46153846153847,-55.46153846153847],[47.578947368421055,-55.578947368421055],[47.0,-56.0],[47.68000000000001,-56.32000000000001],[48.173913043478265,-56.17391304347826],[50.19512195121951,-56.19512195121952],[51.0,-56.0],[51.0,-55.0],[50.46153846153847,-55.46153846153847]],[[47.0,-55.0],[44.63636363636364,-54.36363636363637],[44.214285714285715,-52.785714285714285],[42.99999999999999,-52.90909090909091],[42.5,-53.5],[41.68,-53.68],[41.2,-54.0],[41.2,-55.0],[41.61904761904762,-55.38095238095238],[44.00000000000001,-55.07142857142858],[45.0,-55.57142857142857],[46.5,-55.5],[47.0,-56.0],[47.0,-55.0]],[[46.63636363636364,-56.63636363636364],[46.0,-57.0],[46.851851851851855,-57.14814814814815],[47.0,-57.285714285714285],[47.23529411764706,-56.76470588235294],[47.0,-56.0],[46.63636363636364,-56.63636363636364]],[[42.0,-56.77777777777778],[41.78947368421053,-56.78947368421052],[41.714285714285715,-57.0],[42.05263157894737,-57.05263157894737],[42.0,-56.77777777777778]],[[47.900000000000006,-65.1],[48.75,-65.0],[48.214285714285715,-64.78571428571428],[47.86666666666667,-64.86666666666667],[47.800000000000004,-65.0],[47.900000000000006,-65.1]]],[[[40.0,-18.333333333333336],[39.8,-18.0],[39.95876288659794,-17.95876288659794],[40.0,-17.714285714285715],[40.285714285714285,-17.714285714285715],[40.33333333333333,-18.0],[40.22222222222222,-18.22222222222222],[40.0,-18.333333333333336]]],[[[61.0,24.0],[61.0,23.0],[62.0,23.0],[62.0,22.0],[63.0,22.0],[63.0,21.0],[64.0,21.0],[64.0,20.0],[63.2,19.8],[62.0,19.799999999999997],[61.44444444444444,20.444444444444443],[60.66666666666667,20.666666666666668],[60.27586206896552,21.275862068965516],[59.29629629629629,21.296296296296298],[58.470588235294116,21.470588235294116],[58.0,21.666666666666668],[57.66666666666667,22.0],[57.131147540983605,22.131147540983605],[57.0,22.4],[56.0,22.4],[55.0,22.833333333333336],[54.95348837209303,22.953488372093023],[54.12903225806451,23.12903225806452],[54.0,23.363636363636363],[53.0,23.444444444444443],[52.90384615384615,23.903846153846157],[52.06896551724138,24.06896551724138],[51.87755102040816,24.877551020408163],[50.95020746887967,24.95020746887967],[50.51724137931035,25.51724137931035],[50.0,25.89655172413793],[49.4,26.0],[50.0,27.5],[50.28571428571428,27.285714285714285],[50.25,27.0],[51.130434782608695,26.869565217391305],[53.0,27.0],[53.0,26.0],[56.0,26.0],[56.0,25.0],[59.0,25.0],[59.0,24.0],[61.0,24.0]]],[[[55.66666666666667,33.333333333333336],[56.400000000000006,33.4],[56.5,32.5],[56.0,32.0],[55.0,32.0],[55.0,33.0],[55.66666666666667,33.333333333333336]]],[[[10.0,33.3421052631579],[10.62962962962963,33.37037037037037],[11.0,34.0],[11.217391304347826,33.0],[11.5,32.5],[12.0,32.0],[11.440677966101696,31.559322033898304],[10.65625,31.34375],[10.243243243243244,30.756756756756758],[10.0,30.608695652173914],[8.68421052631579,30.315789473684212],[8.2,30.0],[8.157894736842106,29.842105263157897],[7.300000000000001,29.7],[5.841269841269841,29.841269841269842],[5.5,30.0],[5.615384615384615,30.384615384615383],[6.1875,30.8125],[6.625,32.0],[6.0,32.90909090909091],[5.523809523809524,32.476190476190474],[5.0,32.2962962962963],[4.5476190476190474,32.54761904761905],[4.269230769230769,33.0],[4.264150943396226,33.264150943396224],[4.0,33.53846153846154],[3.533333333333333,33.46666666666667],[3.0952380952380953,32.904761904761905],[3.142857142857143,31.142857142857142],[4.0,31.0],[3.0,30.666666666666664],[2.8666666666666663,30.866666666666667],[2.0,30.916666666666664],[1.8181818181818181,31.18181818181818],[1.7333333333333334,31.733333333333334],[1.0,31.857142857142858],[1.0,32.66666666666667],[1.3333333333333335,33.0],[1.9272727272727272,33.07272727272728],[2.0,33.5],[2.3636363636363638,33.63636363636363],[2.5,34.0],[2.8823529411764706,34.11764705882353],[3.0,35.0],[4.064516129032258,35.935483870967744],[4.701492537313433,36.298507462686565],[5.465116279069767,36.46511627906976],[6.0,35.875],[7.463768115942029,35.463768115942024],[7.809523809523809,34.80952380952381],[9.0,34.52173913043478],[9.307692307692308,34.307692307692314],[9.523809523809524,33.52380952380952],[10.0,33.3421052631579]]],[[[5.7894736842105265,37.21052631578947],[6.0,37.5],[6.25,37.0],[6.0,36.333333333333336],[5.578947368421053,36.578947368421055],[5.7894736842105265,37.21052631578947]]],[[[49.55555555555556,37.44444444444444],[50.0,39.0],[50.333333333333336,38.333333333333336],[50.25,38.0],[50.67567567567568,37.67567567567568],[51.30769230769231,37.69230769230769],[51.6,38.0],[51.55555555555556,38.44444444444444],[52.0,39.0],[53.0,39.0],[53.0,38.0],[54.0,38.0],[54.0,37.0],[54.913043478260875,36.91304347826087],[54.80645161290323,35.80645161290323],[55.0,35.0],[54.0,35.04166666666667],[53.22222222222222,35.22222222222222],[53.25806451612903,35.74193548387097],[53.12307692307692,36.12307692307692],[52.2,36.2],[52.0,36.666666666666664],[51.68,36.32],[51.0,36.21052631578947],[50.272727272727266,36.272727272727266],[50.0,36.6],[49.53846153846154,36.46153846153846],[49.0,36.0],[48.0,36.0],[47.5,36.5],[47.5,37.0],[45.84905660377358,37.15094339622642],[45.048780487804876,37.048780487804876],[45.0,37.333333333333336],[44.0,37.0],[43.0,37.0],[43.28571428571428,37.71428571428571],[43.2,38.0],[43.52941176470588,38.470588235294116],[44.3,38.7],[44.42857142857143,39.42857142857143],[44.0,40.0],[49.0,40.0],[48.60000000000001,39.400000000000006],[48.66666666666667,39.0],[48.9047619047619,38.904761904761905],[48.68888888888888,38.31111111111111],[48.70833333333333,37.70833333333333],[49.0,37.22222222222222],[49.55555555555556,37.44444444444444]]],[[[56.0,39.0],[54.0,39.0],[54.0,41.0],[56.0,41.0],[56.0,39.0]]],[[[8.866666666666667,45.866666666666674],[9.714285714285714,45.71428571428571],[10.0,45.0],[10.0,44.0],[11.0,44.0],[11.0,42.0],[12.0,42.0],[12.0,43.0],[13.0,43.0],[13.0,44.0],[14.0,44.0],[14.0,45.0],[17.0,45.0],[17.0,46.0],[16.5,46.5],[16.333333333333336,47.333333333333336],[16.0,47.5],[15.5,47.5],[15.0,48.0],[15.600000000000001,48.400000000000006],[16.400000000000002,48.60000000000001],[16.5,49.5],[16.0,49.5],[15.75,49.25],[14.833333333333334,49.16666666666667],[13.542857142857141,49.54285714285714],[13.121212121212121,50.12121212121212],[12.625,51.625],[12.571428571428571,53.0],[13.25,53.75],[14.200000000000001,54.0],[15.071428571428571,54.92857142857143],[15.652173913043478,55.34782608695652],[16.444444444444443,55.55555555555555],[16.8,56.0],[16.875,57.0],[17.26086956521739,57.73913043478261],[17.666666666666668,58.33333333333334],[18.0,58.42857142857143],[18.19047619047619,58.80952380952381],[18.444444444444443,59.0],[18.5,60.0],[19.0,60.22222222222222],[19.37837837837838,60.62162162162163],[19.72222222222222,61.277777777777786],[20.0,61.5],[21.0,61.71428571428571],[21.11764705882353,61.88235294117647],[22.0,62.125],[23.0,62.69230769230769],[24.8,63.2],[25.846153846153847,63.15384615384615],[27.0,63.44444444444444],[28.0,63.46153846153846],[28.363636363636363,63.36363636363636],[29.0,62.71428571428571],[31.0,62.33333333333333],[32.0,62.55555555555556],[35.0,62.5],[36.0,62.33333333333333],[36.22222222222222,62.222222222222214],[36.25,62.0],[36.72727272727272,61.72727272727272],[38.25,61.25],[38.5,61.0],[39.0,60.0],[40.333333333333336,60.66666666666667],[40.66666666666667,61.33333333333334],[40.6,61.6],[40.75,62.25],[41.0,62.5],[41.400000000000006,62.4],[41.66666666666667,62.0],[41.5,61.0],[41.66666666666667,60.66666666666667],[42.0,60.5],[43.0,61.0],[45.0,61.0],[45.0,60.0],[47.0,60.0],[47.0,59.0],[48.0,59.0],[48.0,55.0],[45.0,55.0],[45.0,54.0],[43.0,54.0],[43.0,49.0],[42.333333333333336,49.33333333333334],[41.875,49.125],[42.0,47.0],[41.0,47.0],[41.0,44.0],[40.0,44.0],[40.0,43.0],[38.0,43.0],[37.333333333333336,43.333333333333336],[36.0,43.400000000000006],[35.5,43.0],[35.400000000000006,42.6],[35.0,42.333333333333336],[34.0,42.333333333333336],[33.0,42.0],[32.4,42.4],[32.0,42.5],[30.0,42.6],[29.6,42.4],[29.4,42.0],[29.400000000000002,41.6],[29.0,41.0],[28.461538461538463,41.46153846153846],[28.0,41.6],[27.0,41.4],[26.5,41.0],[26.0,40.0],[25.0,39.8],[24.0,40.0],[22.555555555555557,39.44444444444444],[22.0,39.333333333333336],[21.0,39.375],[20.4,39.0],[20.363636363636363,38.63636363636363],[20.0,38.333333333333336],[19.0,38.66666666666667],[18.0,38.333333333333336],[17.352941176470587,37.64705882352941],[17.0,37.57142857142857],[16.0,37.8],[14.5,37.0],[14.25,36.75],[13.0,36.72727272727273],[12.0,36.0],[11.714285714285714,35.285714285714285],[11.000000000000002,35.16666666666667],[10.0,36.0],[9.818181818181818,36.81818181818182],[9.88888888888889,38.0],[9.375,39.0],[9.4,39.400000000000006],[9.0,40.0],[9.600000000000001,40.4],[10.0,40.5],[10.25,40.75],[11.0,41.0],[10.4,41.400000000000006],[9.0,41.333333333333336],[8.0,41.0],[7.0,41.333333333333336],[6.7142857142857135,41.28571428571428],[6.75,41.0],[6.0,40.400000000000006],[5.571428571428571,40.57142857142857],[5.25,41.0],[5.5,41.5],[6.0,41.75],[6.285714285714285,41.71428571428571],[6.333333333333333,42.0],[6.166666666666667,42.16666666666667],[6.266666666666667,43.266666666666666],[6.0,43.66666666666667],[5.5,44.0],[5.6000000000000005,44.400000000000006],[6.0,45.0],[5.153846153846154,45.15384615384615],[5.0,45.5],[4.7142857142857135,45.285714285714285],[4.833333333333333,43.833333333333336],[4.8,43.0],[4.666666666666667,42.66666666666667],[4.75,42.25],[4.25,42.25],[4.0,42.11111111111111],[3.2666666666666666,42.266666666666666],[3.0,42.5],[2.6923076923076925,42.30769230769231],[2.4,41.6],[2.0,41.4],[1.625,41.625],[1.4,42.0],[1.5,43.0],[1.0,44.0],[1.5714285714285716,44.42857142857143],[2.4444444444444446,45.55555555555556],[3.0000000000000004,45.800000000000004],[4.0,46.0],[3.7142857142857144,46.71428571428571],[3.75,47.0],[3.0,48.0],[4.0,48.75],[4.571428571428572,49.42857142857143],[6.666666666666667,49.66666666666667],[7.0,49.0],[7.6,48.60000000000001],[7.833333333333334,48.0],[7.6,47.0],[8.0,46.6],[8.461538461538462,46.46153846153847],[8.866666666666667,45.866666666666674]],[[17.0,49.5],[17.333333333333336,49.66666666666667],[17.5,50.0],[17.0,50.5],[16.866666666666667,50.13333333333333],[16.5,50.0],[16.5,49.5],[17.0,49.5]],[[6.5,44.0],[6.818181818181818,43.81818181818182],[7.074074074074074,43.925925925925924],[7.068965517241379,44.06896551724138],[6.866666666666666,44.13333333333333],[6.5,44.0]],[[26.333333333333336,51.00000000000001],[26.0,51.5],[25.77777777777778,51.22222222222223],[25.714285714285715,49.71428571428571],[26.285714285714285,49.71428571428571],[26.5,50.0],[26.333333333333336,51.00000000000001]],[[34.142857142857146,59.0],[34.36363636363636,58.36363636363636],[35.0,58.0],[35.8,58.2],[36.0,58.5],[37.0,58.5],[38.18181818181818,58.81818181818182],[38.18181818181818,59.18181818181819],[37.0,59.375],[36.0,59.142857142857146],[35.0,59.54545454545455],[34.57142857142857,59.42857142857144],[34.142857142857146,59.0]],[[19.833333333333332,46.833333333333336],[20.18181818181818,46.81818181818182],[20.25,47.0],[19.846153846153847,47.15384615384616],[19.75,47.0],[19.833333333333332,46.833333333333336]],[[22.5,50.0],[23.0,49.66666666666667],[23.285714285714285,49.71428571428571],[23.18181818181818,50.18181818181818],[23.0,50.333333333333336],[22.71428571428571,50.28571428571428],[22.5,50.0]],[[23.666666666666664,52.0],[23.799999999999997,51.8],[24.0,51.75],[24.333333333333332,52.0],[24.2,52.2],[23.81818181818182,52.18181818181819],[23.666666666666664,52.0]],[[25.285714285714285,49.285714285714285],[23.71428571428571,49.285714285714285],[23.666666666666664,49.0],[24.0,48.66666666666667],[25.0,48.66666666666667],[25.333333333333336,49.0],[25.285714285714285,49.285714285714285]]],[[[44.916666666666664,69.0],[45.6,66.60000000000001],[46.22222222222222,66.22222222222223],[47.5,66.0],[47.285714285714285,65.71428571428571],[46.0,65.33333333333334],[45.0,65.5],[44.55555555555555,65.44444444444444],[44.0,65.0],[43.75,66.0],[42.6,66.60000000000001],[42.125,67.125],[42.11111111111111,69.0],[41.46153846153846,70.46153846153847],[40.857142857142854,70.85714285714286],[40.833333333333336,71.16666666666666],[42.0,71.25],[43.0,71.6],[43.13793103448276,71.86206896551724],[44.66666666666667,72.0],[45.0,72.33333333333334],[45.13333333333334,72.86666666666667],[46.125,72.875],[47.0,73.46153846153845],[47.30769230769231,73.30769230769232],[47.46153846153846,73.0],[47.63636363636364,72.0],[47.411764705882355,71.58823529411765],[46.755102040816325,71.24489795918367],[45.91836734693878,71.08163265306122],[45.65714285714286,70.34285714285714],[45.333333333333336,70.0],[44.916666666666664,69.0]]],[[[18.38095238095238,71.38095238095238],[18.5,71.0],[18.421052631578945,70.57894736842104],[18.0,70.0],[19.434782608695652,69.43478260869566],[19.833333333333336,69.0],[19.434782608695652,68.56521739130434],[18.0,68.44444444444444],[17.583333333333336,68.58333333333334],[17.285714285714285,69.0],[17.266666666666666,69.26666666666667],[17.0,69.33333333333334],[16.714285714285715,69.0],[16.5,68.0],[16.3,67.7],[15.000000000000002,67.33333333333334],[14.600000000000001,67.6],[14.600000000000001,68.0],[14.193548387096772,68.19354838709677],[13.7,68.30000000000001],[13.0,68.0],[13.0,69.0],[12.214285714285715,69.21428571428571],[12.0,69.6],[11.333333333333334,70.0],[11.600000000000001,70.4],[12.0,70.66666666666667],[12.086956521739129,70.91304347826087],[13.0,71.16666666666667],[14.0,71.7],[14.428571428571429,71.57142857142858],[15.0,72.0],[14.600000000000001,71.4],[14.777777777777777,71.0],[15.095238095238095,70.9047619047619],[15.5,71.0],[15.636363636363637,71.36363636363636],[17.0,71.75],[18.0,71.57142857142857],[18.38095238095238,71.38095238095238]]],[[[50.66666666666667,69.66666666666667],[50.5,70.0],[50.69230769230769,70.3076923076923],[51.0,70.4],[51.66666666666667,70.0],[51.333333333333336,69.66666666666667],[51.0,69.6],[50.66666666666667,69.66666666666667]]],[[[32.0,74.75],[31.666666666666664,75.0],[32.4,75.60000000000001],[32.66666666666667,76.0],[33.03636363636363,76.03636363636363],[33.56756756756757,75.56756756756758],[35.0,75.54545454545453],[35.599999999999994,75.0],[35.375,74.625],[35.0,74.33333333333334],[34.0,74.33333333333334],[33.0,74.8],[32.0,74.75]]],[[[16.0,77.63636363636363],[16.4375,77.4375],[16.7,77.0],[16.4375,76.5625],[16.0,76.36363636363636],[15.0,76.3076923076923],[14.571428571428571,76.57142857142857],[14.4375,77.0],[14.608695652173912,77.3913043478261],[15.0,77.6923076923077],[16.0,77.63636363636363]]],[[[8.333333333333334,79.0],[8.0,78.0],[7.666666666666666,79.0],[8.0,79.33333333333334],[8.333333333333334,79.0]]],[[[47.75,79.0],[47.0,78.72727272727272],[46.25,79.0],[47.03468208092485,79.03468208092485],[47.75,79.0]]],[[[60.0,79.46153846153845],[60.333333333333336,79.33333333333334],[60.66666666666667,79.0],[60.48,78.52],[59.8,78.2],[56.0,78.0],[54.00000000000001,78.33333333333334],[53.81818181818181,78.18181818181819],[52.91666666666667,78.08333333333333],[51.0,78.125],[50.25,78.25],[50.0,78.5],[49.0,79.0],[50.0,79.05555555555556],[52.0,79.64],[52.69230769230769,79.6923076923077],[54.0,79.4],[56.0,79.55555555555554],[57.0,79.76470588235294],[58.00000000000001,79.73684210526316],[60.0,79.46153846153845]]],[[[7.0,80.66666666666667],[6.0,81.0],[7.0,81.02247191011236],[7.097560975609756,80.90243902439025],[7.0,80.66666666666667]]],[[[1.0,82.0],[3.0,82.0],[2.1818181818181817,81.81818181818181],[1.0,82.0]]],[[[179.5029239766082,-88.50292397660819],[180.0,-88.25438596491229],[180.0,-90.0],[179.25438596491227,-90.0],[179.25438596491227,-89.0],[179.5029239766082,-88.50292397660819]]],[[[180.0,-85.25438596491227],[180.0,-86.0],[180.0,-86.74561403508771],[179.5029239766082,-86.49707602339181],[179.25438596491227,-86.0],[179.5029239766082,-85.50292397660819],[180.0,-85.25438596491227]]],[[[73.53846153846155,-80.0],[73.7,-79.69999999999999],[74.41379310344827,-79.58620689655172],[74.5,-80.0],[73.81818181818181,-80.18181818181819],[73.53846153846155,-80.0]]],[[[62.222222222222214,-79.77777777777777],[63.0,-80.0],[62.0,-80.16666666666667],[61.666666666666664,-80.0],[62.0,-79.5],[62.222222222222214,-79.77777777777777]]],[[[67.0,-78.53571428571428],[69.22222222222221,-79.0],[68.0,-79.4],[67.0,-80.0],[66.55932203389831,-79.4406779661017],[66.43478260869566,-79.0],[66.6829268292683,-78.6829268292683],[67.0,-78.53571428571428]]],[[[75.0,-78.72727272727272],[75.5,-79.0],[75.0,-79.33333333333334],[74.6470588235294,-79.35294117647058],[74.72727272727272,-79.0],[75.0,-78.72727272727272]]],[[[180.0,-75.25438596491227],[180.0,-76.74561403508773],[179.5029239766082,-76.49707602339181],[179.25438596491227,-76.0],[179.5029239766082,-75.50292397660819],[180.0,-75.25438596491227]]],[[[83.0,-73.4],[83.375,-73.625],[83.5,-74.0],[83.0,-74.4],[82.0,-74.5],[81.76923076923077,-74.23076923076923],[81.53846153846155,-73.53846153846155],[82.0,-73.0],[82.61904761904762,-73.38095238095238],[83.0,-73.4]]],[[[72.0,-72.72727272727272],[72.75,-73.0],[72.0,-73.21428571428571],[71.83333333333334,-73.16666666666667],[71.75999999999999,-72.75999999999999],[72.0,-72.72727272727272]]],[[[58.00000000000001,-54.2],[58.57142857142857,-55.0],[58.42857142857143,-56.42857142857143],[58.0,-56.75],[57.57142857142858,-56.42857142857143],[56.71428571428571,-55.28571428571428],[56.84615384615385,-54.84615384615384],[57.66666666666667,-54.66666666666667],[58.00000000000001,-54.2]]],[[[175.84459459459458,-43.1554054054054],[175.69736842105263,-43.0],[175.78095238095239,-42.780952380952385],[176.1796875,-42.8203125],[176.28048780487805,-43.0],[176.1523178807947,-43.1523178807947],[175.84459459459458,-43.1554054054054]]],[[[167.0,-39.38461538461539],[166.83333333333334,-39.16666666666667],[164.94565217391303,-39.0],[165.88571428571427,-38.885714285714286],[166.0,-38.45454545454545],[167.3125,-38.6875],[168.61290322580643,-38.61290322580645],[169.0,-38.29411764705882],[169.18320610687022,-39.18320610687023],[169.00000000000003,-39.8],[167.0,-39.38461538461539]]],[[[105.0,-0.022471910112359605],[104.66666666666667,0.0],[104.71428571428571,0.2857142857142857],[106.28571428571428,0.2857142857142857],[106.33333333333333,0.0],[105.0,-0.022471910112359605]]],[[[128.0,3.0],[128.5,3.5],[129.0,3.5],[129.66666666666669,4.333333333333334],[130.0,4.5],[130.07692307692307,4.0],[130.38095238095235,3.3809523809523805],[131.0,3.142857142857143],[131.22222222222223,3.2222222222222223],[132.0,3.0],[132.0,4.0],[133.0,4.0],[133.1904761904762,3.1904761904761907],[133.0,2.142857142857143],[132.77777777777777,2.2222222222222223],[132.0,2.0],[132.09803921568627,1.0980392156862746],[132.0,0.9456521739130435],[131.0,1.0],[130.86206896551724,2.8620689655172415],[130.2162162162162,2.7837837837837838],[130.0,2.870967741935484],[129.73333333333332,2.7333333333333334],[129.11111111111111,2.8888888888888893],[129.3478260869565,2.3478260869565215],[129.25806451612902,1.7419354838709677],[129.0,1.5789473684210527],[128.0,1.7777777777777777],[127.6,1.6],[127.0,2.0],[127.28571428571428,2.714285714285714],[128.0,3.0]]],[[[134.05128205128204,4.051282051282051],[133.91489361702128,3.9148936170212765],[133.0,4.0],[134.0,4.333333333333334],[134.05128205128204,4.051282051282051]]],[[[84.0,11.0],[88.0,11.0],[87.6,10.4],[87.66666666666667,10.0],[88.25,9.75],[89.0,10.0],[90.0,10.0],[90.0,9.0],[90.71428571428571,8.714285714285714],[91.33333333333334,8.666666666666668],[92.0,9.0],[93.0,9.0],[93.0,8.0],[95.0,8.0],[95.0,7.0],[97.0,7.0],[97.0,6.0],[99.0,6.0],[98.75,5.25],[98.83333333333333,5.0],[99.87301587301587,4.8730158730158735],[100.34782608695653,4.6521739130434785],[101.0,5.0],[101.0,4.0],[101.85454545454546,3.8545454545454545],[102.0,3.3333333333333335],[102.28571428571428,3.2857142857142856],[102.33333333333334,3.0],[102.86206896551724,2.8620689655172415],[103.0,2.428571428571429],[103.28571428571428,2.2857142857142856],[103.57894736842104,1.5789473684210527],[104.0,1.0],[103.2,0.8],[102.9349593495935,0.9349593495934959],[102.0,1.0],[101.53932584269663,1.5393258426966292],[100.10714285714286,2.0],[99.47863247863248,2.4786324786324787],[97.94736842105263,3.0],[97.0,3.473684210526316],[96.75155279503106,3.751552795031056],[95.86363636363636,4.0],[95.71428571428571,4.7142857142857135],[95.0,5.0],[94.5,5.5],[94.0,5.75],[93.0,5.625],[92.85185185185185,5.851851851851852],[92.24778761061947,5.752212389380531],[90.0,6.145833333333334],[89.0,6.085714285714285],[87.90625,6.90625],[85.8,7.0],[85.0,7.25],[83.88990825688074,7.889908256880734],[82.20000000000002,8.0],[81.0,8.4],[79.0,8.666666666666668],[78.90243902439025,8.902439024390244],[78.10344827586206,9.10344827586207],[77.67567567567568,9.675675675675675],[76.94827586206897,9.948275862068964],[76.03030303030303,10.030303030303031],[75.71641791044776,10.716417910447761],[74.11428571428571,11.114285714285714],[73.81512605042016,11.815126050420169],[72.12307692307692,12.123076923076923],[71.88524590163935,12.885245901639344],[71.22727272727272,13.227272727272727],[71.0,13.196078431372548],[70.62385321100916,13.623853211009173],[69.81818181818181,14.0],[69.71428571428572,14.285714285714285],[70.0,15.0],[75.0,15.0],[75.0,14.0],[77.0,14.0],[77.0,13.0],[81.0,13.0],[81.0,12.0],[84.0,12.0],[84.0,11.0]]],[[[102.0,9.0],[102.0,7.0],[100.0,7.0],[100.0,9.0],[102.0,9.0]]],[[[128.60000000000002,11.600000000000001],[129.0,11.2],[129.0204081632653,11.020408163265305],[129.2,11.0],[129.07692307692307,10.923076923076923],[129.04761904761904,10.0],[129.20689655172413,9.206896551724139],[129.9,8.9],[130.0,6.0],[127.0,6.0],[126.4,5.6000000000000005],[125.0,5.0],[123.0,5.0],[123.0,6.0],[122.18181818181819,6.181818181818182],[121.5,6.5],[121.0,7.0],[121.0,9.0],[121.33333333333334,9.666666666666668],[122.0,10.0],[122.0,11.0],[122.6,11.400000000000002],[123.0,11.5],[123.15384615384615,11.846153846153845],[123.29999999999998,14.0],[123.53333333333333,14.466666666666667],[124.0,14.636363636363637],[124.4,14.400000000000002],[125.0,14.416666666666668],[127.0,13.347826086956522],[127.12403100775194,13.124031007751938],[127.875,12.875],[128.0943396226415,12.09433962264151],[128.55555555555554,12.0],[128.60000000000002,11.600000000000001]]],[[[68.0,16.0],[70.0,16.0],[70.0,15.0],[69.2,14.8],[68.97938144329896,14.97938144329897],[68.0,15.0],[68.0,16.0]]],[[[67.4,34.0],[67.3076923076923,33.69230769230769],[66.81818181818181,33.18181818181818],[66.0,33.0],[61.0,33.0],[61.0,32.0],[57.0,32.0],[57.333333333333336,32.66666666666667],[57.25,33.25],[57.0,33.5],[56.6,33.6],[56.6,34.400000000000006],[57.0,35.0],[57.6,34.6],[58.400000000000006,34.400000000000006],[59.0,34.0],[59.400000000000006,34.6],[59.0,36.0],[59.400000000000006,36.6],[60.0,37.0],[63.0,37.0],[63.5,36.5],[63.5,36.0],[64.2,35.8],[65.0,36.0],[66.0,36.0],[66.42857142857143,35.42857142857143],[66.5,35.0],[66.7,34.7],[67.4,34.0]]],[[[123.5,38.5],[123.5,39.0],[124.0,39.5],[124.5,39.5],[125.0,39.0],[124.4,38.6],[124.0,38.5],[123.5,38.5]]],[[[167.0,81.0],[167.6,80.60000000000001],[168.0,80.5],[170.0,80.5],[170.4,80.60000000000001],[171.0,81.0],[171.66666666666669,80.66666666666667],[172.55555555555554,80.55555555555556],[175.0,80.5],[175.4,80.60000000000001],[176.0,81.0],[177.0,81.0],[177.6,80.60000000000001],[178.5,80.5],[179.0,80.0],[179.0,81.0],[180.0,81.0],[180.0,78.0],[179.0,78.0],[179.0,77.0],[176.0,77.0],[176.0,76.0],[177.0,76.0],[177.0,74.0],[179.0,74.0],[179.0,73.0],[180.0,73.0],[180.0,72.0],[179.06060606060606,71.93939393939394],[178.84615384615384,71.15384615384616],[176.93103448275863,71.06896551724138],[176.24242424242425,70.75757575757575],[176.0,70.5],[175.0,70.2],[174.73333333333335,70.0],[173.35955056179776,69.64044943820225],[173.0,69.1111111111111],[169.7560975609756,68.7560975609756],[169.1818181818182,68.81818181818181],[169.0,68.5],[168.58620689655172,68.41379310344828],[168.0,68.0],[166.0,68.0],[166.0,69.0],[165.03773584905662,69.0377358490566],[164.5,69.0],[164.5,68.5],[164.0,68.0],[154.0,68.0],[153.0,68.4],[152.76470588235293,68.23529411764706],[152.28571428571428,68.28571428571428],[151.0,68.0],[149.0,68.33333333333334],[148.8421052631579,68.15789473684211],[146.93103448275863,68.06896551724138],[145.0,67.22222222222223],[144.78947368421052,66.78947368421052],[144.86666666666667,66.13333333333334],[143.95348837209303,66.04651162790698],[143.49122807017542,65.50877192982456],[141.97101449275362,65.02898550724638],[141.75,64.25],[141.33333333333334,64.33333333333334],[140.63636363636363,64.0],[140.6190476190476,63.61904761904762],[141.0,63.333333333333336],[142.0,63.333333333333336],[142.5,63.0],[142.6,62.6],[143.0,62.0],[141.0,61.98550724637681],[140.1904761904762,61.80952380952381],[140.0,61.65714285714286],[139.39252336448598,61.60747663551402],[136.1818181818182,61.81818181818181],[135.0,61.0],[131.20183486238534,60.798165137614674],[131.0,60.3125],[130.8076923076923,60.19230769230769],[130.0,60.0],[128.16766467065867,59.83233532934132],[127.66265060240963,59.662650602409634],[127.29850746268656,59.70149253731343],[126.94117647058825,59.05882352941176],[126.0,59.0],[125.0,59.18181818181817],[123.0,59.11764705882352],[122.38167938931298,58.61832061068702],[121.91304347826087,58.0],[121.64516129032258,57.0],[121.89285714285714,56.0],[122.0,55.9375],[123.14634146341464,55.85365853658537],[126.0,56.0],[142.0,56.0],[143.0,55.5],[143.46666666666667,55.53333333333334],[144.0,55.75],[145.0,55.5],[145.55555555555554,55.0],[146.0,54.0],[145.54838709677418,53.45161290322581],[145.23809523809524,52.76190476190476],[145.06896551724137,51.93103448275862],[144.44444444444446,51.0],[144.5,50.0],[144.0,49.16666666666667],[142.92857142857144,49.07142857142858],[142.8,48.00000000000001],[142.28571428571428,47.71428571428571],[142.0,47.77777777777778],[140.68421052631578,47.315789473684205],[140.28571428571428,46.71428571428571],[139.65217391304347,46.34782608695652],[139.23076923076923,45.76923076923077],[138.3265306122449,45.673469387755105],[138.3265306122449,45.326530612244895],[138.0,44.8],[136.72727272727272,44.72727272727272],[136.17391304347825,44.82608695652174],[135.0,44.36363636363636],[134.6543209876543,44.654320987654316],[134.0,44.816326530612244],[133.47222222222223,44.52777777777778],[133.2,44.0],[132.75555555555553,42.0],[132.3469387755102,41.6530612244898],[132.0,41.69090909090909],[131.51746031746032,41.48253968253968],[131.0,41.0],[131.3658536585366,39.63414634146341],[131.13333333333333,39.13333333333333],[131.6341463414634,39.36585365853659],[132.0,39.21739130434783],[132.33333333333334,39.333333333333336],[132.77777777777777,39.22222222222222],[133.0,40.300000000000004],[134.1818181818182,40.81818181818182],[134.4,41.6],[135.11111111111111,41.888888888888886],[135.0909090909091,42.0],[135.67741935483872,42.32258064516129],[136.0,42.714285714285715],[136.44444444444443,42.44444444444444],[137.74193548387098,42.25806451612903],[138.0,42.333333333333336],[138.16666666666669,42.16666666666667],[139.0,42.08823529411765],[139.484375,42.515625],[139.59235668789808,43.40764331210191],[140.0,44.36363636363636],[140.25806451612902,44.25806451612903],[140.56302521008405,44.436974789915965],[141.0,44.40625],[141.44444444444443,44.55555555555555],[142.04444444444442,44.955555555555556],[142.3728813559322,45.6271186440678],[142.91489361702128,46.08510638297872],[143.22222222222223,47.0],[143.11764705882354,48.0],[143.3,48.7],[144.0,48.88235294117647],[144.91489361702128,47.91489361702128],[145.16,47.839999999999996],[146.0,48.0],[147.0,47.9375],[147.27272727272725,47.0],[147.0,46.0],[146.0,46.0],[146.0,45.0],[145.0,45.0],[145.0,44.0],[144.125,43.0],[143.05333333333334,42.946666666666665],[142.72413793103448,42.275862068965516],[142.43809523809523,42.438095238095244],[141.67375886524823,42.326241134751776],[141.23333333333335,42.0],[141.25925925925927,41.74074074074075],[141.0,41.0],[140.0,41.0],[140.0,40.0],[137.0,40.0],[137.0,39.0],[135.0,39.0],[135.0,37.0],[134.0,37.0],[133.95,38.0],[133.7283950617284,38.72839506172839],[133.0,38.904761904761905],[132.33333333333334,38.66666666666667],[132.0,37.4],[131.55555555555554,37.44444444444444],[131.0,37.0],[131.0,38.0],[130.0,38.0],[130.0,39.0],[129.0,39.0],[128.0,38.0],[127.0,38.0],[127.0,39.0],[127.4,39.6],[127.5,40.0],[127.0,41.0],[126.0,40.0],[125.0,40.0],[124.60000000000001,40.6],[124.5,41.5],[124.0,41.75],[123.6470588235294,41.35294117647059],[122.5,41.0],[122.0,40.5],[121.0,40.5],[120.66666666666667,40.333333333333336],[120.5,40.0],[120.66666666666667,39.66666666666667],[121.0,39.5],[122.0,39.5],[123.0,38.5],[123.5,38.5],[123.5,37.5],[123.0,37.0],[123.0,36.0],[124.0,36.0],[124.0,35.0],[125.0,35.0],[125.0,33.0],[126.0,33.0],[126.0,32.0],[125.5,31.5],[125.0,31.4],[124.82608695652173,31.17391304347826],[125.0,30.0],[124.8095238095238,28.80952380952381],[124.88235294117646,28.11764705882353],[124.0909090909091,27.909090909090907],[124.0,27.0],[123.63636363636364,26.363636363636363],[123.36363636363637,26.363636363636363],[122.89189189189189,26.10810810810811],[122.71428571428571,25.714285714285715],[122.71428571428571,25.285714285714285],[122.28571428571428,25.285714285714285],[121.87878787878788,25.121212121212118],[121.71428571428572,24.714285714285715],[121.71428571428572,24.285714285714285],[120.66666666666667,24.0],[120.4,23.6],[119.75,23.25],[119.4,22.6],[118.85714285714286,22.142857142857142],[118.0,22.0],[117.71428571428571,21.285714285714285],[118.0,20.0],[117.4,18.6],[116.0,18.166666666666668],[115.52380952380952,18.523809523809522],[115.60000000000001,19.400000000000002],[116.0,20.0],[116.22222222222221,20.77777777777778],[116.25,21.25],[116.0,21.5],[115.0,21.5],[114.56521739130434,19.434782608695652],[114.0,19.0],[113.11764705882354,19.11764705882353],[113.0,19.5],[112.77777777777777,19.22222222222222],[112.0,19.0],[111.0,20.0],[110.60000000000001,19.400000000000002],[110.64285714285714,18.642857142857142],[111.0,18.0],[113.0,17.57142857142857],[114.0,18.0],[115.0,18.0],[115.0,17.0],[116.0,17.0],[115.81818181818181,16.18181818181818],[115.92592592592592,15.925925925925926],[116.19047619047619,15.80952380952381],[117.0,16.0],[117.0,15.0],[118.0,14.0],[117.4,13.600000000000001],[117.0,13.0],[116.75,11.25],[116.0,11.0],[116.0,9.0],[114.0,9.0],[114.0,10.0],[111.13333333333333,10.133333333333333],[111.21052631578948,10.789473684210526],[111.0,11.666666666666668],[110.6923076923077,11.307692307692308],[110.5,10.5],[110.0,10.0],[109.0,10.0],[108.77777777777777,9.222222222222221],[108.80952380952381,8.80952380952381],[109.0,8.333333333333334],[109.28571428571428,8.285714285714285],[109.5,8.0],[110.0,7.0],[110.75,6.75],[112.0,7.0],[112.8,6.800000000000001],[114.84615384615384,6.846153846153846],[115.60000000000001,6.6000000000000005],[116.0,6.0],[116.60000000000001,5.6000000000000005],[117.0,5.0],[117.0,4.0],[119.0,4.0],[119.0,3.0],[120.0,3.0],[120.0,4.0],[122.0,4.0],[123.0,5.0],[123.5,4.5],[123.5,3.5],[123.0,3.0],[123.0,2.0],[124.0,1.0],[125.0,2.0],[125.71428571428571,1.7142857142857142],[127.0,2.0],[127.42857142857143,1.4285714285714286],[127.3,1.0],[127.35294117647058,0.6470588235294117],[127.0,0.25],[126.0,0.6666666666666666],[125.79661016949152,0.2033898305084746],[125.77358490566037,-0.22641509433962265],[126.0,-1.0],[125.1081081081081,-0.8918918918918919],[124.0,-1.0],[117.0,-1.0],[117.25,-0.25],[117.2,0.2],[116.99999999999999,0.4166666666666667],[116.0,0.0625],[115.0,0.0],[109.0,0.0],[109.0,2.0],[110.0,2.0],[110.0,3.0],[111.95555555555555,2.9555555555555557],[112.2,2.8],[112.8,2.8],[113.0,2.6666666666666665],[114.25,2.75],[115.0,3.0],[114.22222222222223,3.2222222222222223],[113.66666666666667,3.666666666666667],[113.5,4.0],[113.05555555555556,4.055555555555555],[113.0,4.333333333333334],[112.0,5.0],[110.0,5.0],[109.0,6.0],[108.0,6.0],[108.0,7.0],[107.0,7.0],[107.0,8.0],[106.0,8.0],[106.19999999999999,8.8],[106.08695652173913,9.08695652173913],[105.0,9.0],[104.28571428571428,9.285714285714285],[104.0,10.0],[103.26666666666667,10.266666666666666],[102.0,10.0],[101.0,10.0],[101.25,10.75],[101.00000000000001,11.200000000000001],[100.71428571428571,11.285714285714285],[100.0,11.0],[100.0,12.0],[99.0,12.0],[99.0,13.0],[98.0,13.0],[98.0,14.0],[97.0,14.0],[97.0,15.0],[96.0,15.0],[96.0,16.0],[93.0,16.0],[93.0,17.0],[90.0,17.0],[90.0,18.0],[88.0,18.0],[88.0,19.0],[86.0,19.0],[86.0,20.0],[83.0,20.0],[83.0,21.0],[82.0,21.0],[82.0,20.0],[81.0,20.0],[80.0,21.0],[79.0,21.0],[79.0,22.0],[76.0,22.0],[76.0,23.0],[75.0,24.0],[74.0,24.0],[74.0,25.0],[73.0,25.0],[73.0,26.0],[71.0,26.0],[71.0,27.0],[70.0,27.0],[70.0,29.0],[71.0,29.0],[71.0,30.0],[69.0,30.0],[69.0,31.0],[69.6,31.400000000000002],[70.0,32.0],[71.0,32.0],[72.0,32.66666666666667],[73.2,32.8],[73.81818181818181,33.18181818181818],[76.0,33.66666666666667],[76.6923076923077,34.307692307692314],[77.46153846153847,34.53846153846154],[78.0,35.0],[78.0,36.0],[79.0,37.0],[78.0,37.333333333333336],[76.0,37.75],[75.88888888888889,37.111111111111114],[74.89473684210526,37.0],[74.77777777777777,36.77777777777778],[74.77777777777777,36.22222222222222],[74.27272727272727,36.272727272727266],[73.9047619047619,36.095238095238095],[73.0,36.048780487804876],[71.04166666666666,36.04166666666667],[69.75,36.25],[69.25,35.75],[69.0,35.66666666666667],[67.73333333333333,35.733333333333334],[67.5,36.0],[67.5,36.5],[68.0,37.0],[68.0,38.0],[68.2,38.8],[68.11111111111111,39.11111111111111],[65.75,39.25],[65.0,39.0],[64.0,39.0],[64.0,41.0],[61.0,41.0],[61.0,42.0],[59.0,42.0],[59.0,43.0],[59.22222222222222,43.77777777777778],[59.16666666666667,44.00000000000001],[58.71428571428571,44.285714285714285],[58.0,44.0],[58.28571428571428,44.71428571428571],[58.16666666666667,45.0],[57.75,45.25],[57.0,45.0],[57.0,46.0],[56.0,46.25],[55.0,46.0],[53.0,46.0],[53.400000000000006,46.6],[53.2,47.2],[52.6,47.4],[52.0,47.0],[52.0,49.0],[51.0,49.0],[51.0,53.0],[52.0,53.0],[52.0,54.0],[51.0,54.0],[51.400000000000006,54.6],[51.33333333333334,55.0],[51.00000000000001,55.333333333333336],[50.60000000000001,55.400000000000006],[50.0,55.0],[50.0,60.0],[47.0,60.0],[46.5,60.5],[46.400000000000006,61.400000000000006],[46.0,62.0],[45.0,62.25],[44.53846153846154,62.53846153846154],[44.53846153846154,63.46153846153847],[45.0,64.0],[48.0,64.0],[48.60000000000001,64.4],[49.0,64.5],[49.333333333333336,65.0],[49.71428571428571,65.28571428571428],[53.0,65.55555555555556],[55.0,66.0],[57.00000000000001,65.66666666666667],[57.5,65.5],[58.0,65.0],[58.826086956521735,64.82608695652173],[59.0,64.0],[59.0,63.0],[59.71428571428571,61.71428571428571],[59.77777777777778,60.77777777777778],[60.0,60.5],[61.0,60.5],[61.400000000000006,60.60000000000001],[62.0,61.0],[63.0,61.0],[63.0,60.0],[62.6,59.400000000000006],[62.599999999999994,59.0],[63.0,58.33333333333333],[63.400000000000006,58.400000000000006],[64.0,58.0],[64.0,56.0],[65.0,56.0],[65.0,51.0],[65.60000000000001,50.60000000000001],[66.0,50.66666666666667],[66.18181818181819,51.18181818181818],[66.0,52.0],[67.0,52.0],[67.0,53.0],[67.6,52.6],[69.0,52.800000000000004],[72.25,52.75],[73.0,53.0],[73.5,52.5],[73.5,52.0],[74.125,51.875],[75.0,52.0],[77.0,52.0],[77.6,51.6],[78.0,51.5],[79.0,51.625],[79.6,52.0],[79.6,53.400000000000006],[80.0,54.0],[80.0,56.0],[81.0,56.0],[81.0,57.0],[82.0,57.0],[82.0,58.0],[82.55555555555554,58.44444444444444],[83.0,58.4],[83.3157894736842,58.68421052631579],[83.42857142857142,59.0],[83.33333333333334,59.333333333333336],[83.0,59.6],[82.55555555555554,59.55555555555555],[82.0,60.0],[70.0,60.0],[70.0,61.0],[68.0,61.0],[68.0,62.0],[67.0,62.0],[67.0,63.0],[66.0,63.0],[66.0,64.0],[65.0,64.0],[65.0,66.0],[67.0,66.0],[67.0,71.0],[66.0,71.0],[65.0,71.25],[64.75,71.0],[64.66666666666667,70.66666666666667],[65.0,70.0],[64.0,70.0],[63.333333333333336,70.33333333333334],[63.0,71.0],[62.0,70.0],[61.0,70.0],[60.55555555555555,70.55555555555556],[60.66666666666667,71.33333333333334],[61.0,72.0],[61.6,72.4],[62.0,73.0],[63.0,73.0],[63.400000000000006,73.60000000000001],[63.33333333333334,74.0],[63.63636363636363,74.36363636363636],[64.0,74.4],[65.0,75.0],[65.0,76.0],[65.63636363636364,75.63636363636364],[67.33333333333334,76.0],[67.4,76.4],[67.0,77.0],[68.0,77.0],[68.66666666666667,76.66666666666667],[69.21052631578947,76.78947368421052],[69.33333333333334,77.0],[69.28571428571428,77.28571428571428],[69.0,77.5],[68.55555555555556,77.55555555555556],[68.33333333333334,78.0],[68.75,78.25],[70.0,78.33333333333334],[70.5,78.5],[71.0,79.0],[76.0,79.0],[76.60000000000001,79.4],[77.0,79.5],[77.4,79.4],[78.0,79.0],[79.0,79.0],[79.42105263157895,79.57894736842105],[79.4,80.0],[79.57142857142858,80.42857142857143],[80.0,80.66666666666667],[80.42857142857143,80.42857142857143],[80.60000000000001,79.6],[81.0,79.375],[82.0,79.2],[82.28571428571428,79.28571428571428],[82.8,79.2],[83.0,79.5],[83.4,79.6],[84.0,80.0],[85.0,80.0],[85.0,79.0],[86.0,78.5],[86.5,78.5],[87.0,78.0],[87.0,77.0],[84.0,77.0],[83.0,77.21428571428571],[82.5,77.0],[82.5,76.5],[82.0,76.0],[88.0,76.0],[88.0,77.0],[92.0,77.0],[92.0,78.0],[104.0,78.0],[105.0,77.75],[106.5,78.0],[106.5,78.5],[107.0,79.0],[117.0,79.0],[116.60000000000001,78.4],[116.66666666666669,78.0],[117.05405405405406,77.94594594594594],[117.5,78.0],[117.5,78.5],[118.0,79.0],[120.0,79.0],[120.0,80.0],[127.0,80.0],[127.7142857142857,79.71428571428571],[130.0,79.33333333333334],[131.0,80.0],[132.0,79.4],[133.63636363636363,79.36363636363636],[134.4,79.6],[134.75,80.0],[134.66666666666669,80.33333333333334],[135.0,81.0],[138.0,81.0],[138.0,80.0],[140.0,80.0],[140.0,81.0],[147.0,81.0],[147.5,80.5],[148.0,80.33333333333333],[150.0,80.19999999999999],[150.60000000000002,80.4],[150.8,81.0],[150.71428571428572,81.28571428571428],[151.0,82.0],[159.0,82.0],[159.0,81.0],[160.0,81.0],[160.0,82.0],[162.0,82.0],[162.0,81.0],[167.0,81.0]],[[109.0,11.0],[108.0,11.0],[108.0,10.0],[109.0,10.0],[109.0,11.0]],[[68.0,71.0],[68.60000000000001,70.60000000000001],[69.36363636363636,70.63636363636364],[70.0,71.0],[70.5,71.5],[72.0,71.5],[72.33333333333334,71.66666666666667],[72.55555555555556,72.44444444444444],[73.0,72.66666666666667],[74.0,72.66666666666667],[74.2,72.8],[74.33333333333334,73.33333333333334],[74.0,74.0],[73.0,74.0],[72.0,73.0],[70.0,73.0],[70.0,72.0],[67.0,72.0],[67.0,71.0],[68.0,71.0]],[[81.0,76.0],[79.47058823529412,76.47058823529412],[78.0,76.33333333333334],[77.33333333333333,76.0],[77.4,75.60000000000001],[77.0,75.0],[75.0,75.0],[75.0,74.0],[78.0,74.0],[78.0,75.0],[82.0,75.0],[82.0,76.0],[81.0,76.0]],[[63.0,43.0],[63.0,42.0],[63.5,42.5],[64.0,42.5],[64.25,42.75],[64.28571428571428,43.28571428571428],[64.0,43.5],[63.60000000000001,43.400000000000006],[63.0,43.0]],[[135.63636363636363,40.63636363636364],[136.0,40.199999999999996],[136.36363636363637,40.63636363636364],[136.3076923076923,41.0],[136.0,41.285714285714285],[135.73333333333335,41.266666666666666],[135.63636363636363,40.63636363636364]],[[65.6923076923077,48.30769230769231],[65.5,48.0],[65.60000000000001,47.6],[66.0,47.0],[66.28571428571428,47.71428571428571],[66.25,48.0],[66.0,48.4],[65.6923076923077,48.30769230769231]],[[65.0,44.5],[66.33333333333334,45.0],[66.4,45.4],[66.0,46.0],[65.0,46.0],[64.5,45.0],[64.66666666666667,44.66666666666667],[65.0,44.5]],[[96.66666666666666,45.0],[96.18181818181819,45.18181818181819],[96.0,45.5],[95.90243902439025,45.09756097560975],[96.0,44.904761904761905],[96.66666666666666,45.0]],[[98.16666666666667,38.0],[97.88888888888887,37.0],[98.33333333333334,36.333333333333336],[99.0,35.8],[100.0,35.66666666666667],[101.1860465116279,36.81395348837209],[101.33333333333334,38.0],[101.00000000000001,38.2],[99.0,38.357142857142854],[98.16666666666667,38.0]],[[101.0,45.25],[101.36363636363637,45.36363636363637],[102.0,45.0],[101.71428571428572,45.71428571428571],[101.85714285714286,46.0],[101.8,46.2],[102.28571428571428,46.71428571428571],[102.33333333333334,47.0],[102.0,47.09090909090909],[101.0,47.0],[100.72093023255815,46.27906976744186],[100.25,46.0],[101.0,45.25]],[[101.8,44.2],[101.72727272727273,43.0],[101.9090909090909,42.0],[102.91666666666667,41.916666666666664],[103.6,42.0],[102.25,44.0],[102.0,45.0],[101.8,44.2]],[[105.5,47.0],[105.0,47.416666666666664],[103.66666666666667,47.0],[103.75,46.75],[104.0,46.66666666666667],[104.07142857142857,46.92857142857143],[104.77272727272728,46.772727272727266],[105.5,47.0]],[[140.0,63.0],[138.9,63.1],[138.66666666666669,63.00000000000001],[139.14285714285714,62.85714285714286],[140.0,63.0]]],[[[147.25806451612902,49.0],[147.0,48.11111111111111],[146.66666666666669,48.66666666666667],[146.8181818181818,49.81818181818181],[146.6,52.6],[146.41176470588235,53.41176470588235],[146.0,54.0],[146.89473684210526,55.10526315789473],[147.0,55.5],[147.04255319148936,55.04255319148936],[147.625,54.0],[147.34482758620692,53.65517241379311],[147.2962962962963,53.0],[147.53658536585368,52.53658536585366],[148.0,52.173913043478265],[148.0418848167539,51.95811518324607],[148.0,51.55555555555556],[147.22222222222223,50.0],[147.25806451612902,49.0]]],[[[58.0,72.0],[59.0,72.0],[59.333333333333336,70.66666666666667],[59.0,70.0],[58.0,70.0],[58.0,72.0]]],[[[59.5,76.0],[59.5,76.5],[60.0,77.0],[61.0,76.0],[60.400000000000006,75.60000000000001],[60.0,75.5],[59.66666666666667,75.66666666666667],[59.5,76.0]]],[[[63.14814814814815,78.14814814814815],[61.56521739130435,78.56521739130434],[61.375,79.0],[62.0,79.55555555555554],[63.79310344827586,79.79310344827587],[65.38461538461539,79.61538461538461],[66.0,80.0],[66.46153846153847,79.46153846153847],[66.35294117647058,78.6470588235294],[65.75,78.25],[64.91666666666667,78.08333333333333],[63.14814814814815,78.14814814814815]]]]}}]}